id,date,demand,prediction,model
FOODS_1_001_CA_1_validation,2016-03-28,2,0.0,Seasonal Naive
FOODS_1_001_CA_1_validation,2016-03-29,1,2.0,Seasonal Naive
FOODS_1_001_CA_1_validation,2016-03-30,1,2.0,Seasonal Naive
FOODS_1_001_CA_1_validation,2016-03-31,0,0.0,Seasonal Naive
FOODS_1_001_CA_1_validation,2016-04-01,4,1.0,Seasonal Naive
FOODS_1_001_CA_1_validation,2016-04-02,0,1.0,Seasonal Naive
FOODS_1_001_CA_1_validation,2016-04-03,0,0.0,Seasonal Naive
FOODS_1_001_CA_1_validation,2016-04-04,4,0.0,Seasonal Naive
FOODS_1_001_CA_1_validation,2016-04-05,1,2.0,Seasonal Naive
FOODS_1_001_CA_1_validation,2016-04-06,3,2.0,Seasonal Naive
FOODS_1_001_CA_1_validation,2016-04-07,0,0.0,Seasonal Naive
FOODS_1_001_CA_1_validation,2016-04-08,1,1.0,Seasonal Naive
FOODS_1_001_CA_1_validation,2016-04-09,0,1.0,Seasonal Naive
FOODS_1_001_CA_1_validation,2016-04-10,2,0.0,Seasonal Naive
FOODS_1_001_CA_1_validation,2016-04-11,2,0.0,Seasonal Naive
FOODS_1_001_CA_1_validation,2016-04-12,0,2.0,Seasonal Naive
FOODS_1_001_CA_1_validation,2016-04-13,1,2.0,Seasonal Naive
FOODS_1_001_CA_1_validation,2016-04-14,1,0.0,Seasonal Naive
FOODS_1_001_CA_1_validation,2016-04-15,0,1.0,Seasonal Naive
FOODS_1_001_CA_1_validation,2016-04-16,2,1.0,Seasonal Naive
FOODS_1_001_CA_1_validation,2016-04-17,0,0.0,Seasonal Naive
FOODS_1_001_CA_1_validation,2016-04-18,4,0.0,Seasonal Naive
FOODS_1_001_CA_1_validation,2016-04-19,1,2.0,Seasonal Naive
FOODS_1_001_CA_1_validation,2016-04-20,1,2.0,Seasonal Naive
FOODS_1_001_CA_1_validation,2016-04-21,0,0.0,Seasonal Naive
FOODS_1_001_CA_1_validation,2016-04-22,1,1.0,Seasonal Naive
FOODS_1_001_CA_1_validation,2016-04-23,1,1.0,Seasonal Naive
FOODS_1_001_CA_1_validation,2016-04-24,0,0.0,Seasonal Naive
FOODS_1_001_CA_2_validation,2016-03-28,0,1.0,Seasonal Naive
FOODS_1_001_CA_2_validation,2016-03-29,0,0.0,Seasonal Naive
FOODS_1_001_CA_2_validation,2016-03-30,0,0.0,Seasonal Naive
FOODS_1_001_CA_2_validation,2016-03-31,0,0.0,Seasonal Naive
FOODS_1_001_CA_2_validation,2016-04-01,0,0.0,Seasonal Naive
FOODS_1_001_CA_2_validation,2016-04-02,0,2.0,Seasonal Naive
FOODS_1_001_CA_2_validation,2016-04-03,0,1.0,Seasonal Naive
FOODS_1_001_CA_2_validation,2016-04-04,1,1.0,Seasonal Naive
FOODS_1_001_CA_2_validation,2016-04-05,1,0.0,Seasonal Naive
FOODS_1_001_CA_2_validation,2016-04-06,2,0.0,Seasonal Naive
FOODS_1_001_CA_2_validation,2016-04-07,0,0.0,Seasonal Naive
FOODS_1_001_CA_2_validation,2016-04-08,0,0.0,Seasonal Naive
FOODS_1_001_CA_2_validation,2016-04-09,0,2.0,Seasonal Naive
FOODS_1_001_CA_2_validation,2016-04-10,0,1.0,Seasonal Naive
FOODS_1_001_CA_2_validation,2016-04-11,0,1.0,Seasonal Naive
FOODS_1_001_CA_2_validation,2016-04-12,0,0.0,Seasonal Naive
FOODS_1_001_CA_2_validation,2016-04-13,2,0.0,Seasonal Naive
FOODS_1_001_CA_2_validation,2016-04-14,0,0.0,Seasonal Naive
FOODS_1_001_CA_2_validation,2016-04-15,1,0.0,Seasonal Naive
FOODS_1_001_CA_2_validation,2016-04-16,0,2.0,Seasonal Naive
FOODS_1_001_CA_2_validation,2016-04-17,14,1.0,Seasonal Naive
FOODS_1_001_CA_2_validation,2016-04-18,0,1.0,Seasonal Naive
FOODS_1_001_CA_2_validation,2016-04-19,1,0.0,Seasonal Naive
FOODS_1_001_CA_2_validation,2016-04-20,1,0.0,Seasonal Naive
FOODS_1_001_CA_2_validation,2016-04-21,4,0.0,Seasonal Naive
FOODS_1_001_CA_2_validation,2016-04-22,0,0.0,Seasonal Naive
FOODS_1_001_CA_2_validation,2016-04-23,0,2.0,Seasonal Naive
FOODS_1_001_CA_2_validation,2016-04-24,4,1.0,Seasonal Naive
FOODS_1_001_CA_3_validation,2016-03-28,0,2.0,Seasonal Naive
FOODS_1_001_CA_3_validation,2016-03-29,0,0.0,Seasonal Naive
FOODS_1_001_CA_3_validation,2016-03-30,1,1.0,Seasonal Naive
FOODS_1_001_CA_3_validation,2016-03-31,0,1.0,Seasonal Naive
FOODS_1_001_CA_3_validation,2016-04-01,0,1.0,Seasonal Naive
FOODS_1_001_CA_3_validation,2016-04-02,1,12.0,Seasonal Naive
FOODS_1_001_CA_3_validation,2016-04-03,0,0.0,Seasonal Naive
FOODS_1_001_CA_3_validation,2016-04-04,0,2.0,Seasonal Naive
FOODS_1_001_CA_3_validation,2016-04-05,0,0.0,Seasonal Naive
FOODS_1_001_CA_3_validation,2016-04-06,1,1.0,Seasonal Naive
FOODS_1_001_CA_3_validation,2016-04-07,0,1.0,Seasonal Naive
FOODS_1_001_CA_3_validation,2016-04-08,0,1.0,Seasonal Naive
FOODS_1_001_CA_3_validation,2016-04-09,4,12.0,Seasonal Naive
FOODS_1_001_CA_3_validation,2016-04-10,2,0.0,Seasonal Naive
FOODS_1_001_CA_3_validation,2016-04-11,1,2.0,Seasonal Naive
FOODS_1_001_CA_3_validation,2016-04-12,0,0.0,Seasonal Naive
FOODS_1_001_CA_3_validation,2016-04-13,0,1.0,Seasonal Naive
FOODS_1_001_CA_3_validation,2016-04-14,0,1.0,Seasonal Naive
FOODS_1_001_CA_3_validation,2016-04-15,0,1.0,Seasonal Naive
FOODS_1_001_CA_3_validation,2016-04-16,0,12.0,Seasonal Naive
FOODS_1_001_CA_3_validation,2016-04-17,13,0.0,Seasonal Naive
FOODS_1_001_CA_3_validation,2016-04-18,0,2.0,Seasonal Naive
FOODS_1_001_CA_3_validation,2016-04-19,0,0.0,Seasonal Naive
FOODS_1_001_CA_3_validation,2016-04-20,0,1.0,Seasonal Naive
FOODS_1_001_CA_3_validation,2016-04-21,0,1.0,Seasonal Naive
FOODS_1_001_CA_3_validation,2016-04-22,0,1.0,Seasonal Naive
FOODS_1_001_CA_3_validation,2016-04-23,1,12.0,Seasonal Naive
FOODS_1_001_CA_3_validation,2016-04-24,0,0.0,Seasonal Naive
FOODS_1_001_CA_4_validation,2016-03-28,2,1.0,Seasonal Naive
FOODS_1_001_CA_4_validation,2016-03-29,0,0.0,Seasonal Naive
FOODS_1_001_CA_4_validation,2016-03-30,0,1.0,Seasonal Naive
FOODS_1_001_CA_4_validation,2016-03-31,0,0.0,Seasonal Naive
FOODS_1_001_CA_4_validation,2016-04-01,0,0.0,Seasonal Naive
FOODS_1_001_CA_4_validation,2016-04-02,0,1.0,Seasonal Naive
FOODS_1_001_CA_4_validation,2016-04-03,0,0.0,Seasonal Naive
FOODS_1_001_CA_4_validation,2016-04-04,1,1.0,Seasonal Naive
FOODS_1_001_CA_4_validation,2016-04-05,0,0.0,Seasonal Naive
FOODS_1_001_CA_4_validation,2016-04-06,1,1.0,Seasonal Naive
FOODS_1_001_CA_4_validation,2016-04-07,0,0.0,Seasonal Naive
FOODS_1_001_CA_4_validation,2016-04-08,0,0.0,Seasonal Naive
FOODS_1_001_CA_4_validation,2016-04-09,0,1.0,Seasonal Naive
FOODS_1_001_CA_4_validation,2016-04-10,0,0.0,Seasonal Naive
FOODS_1_001_CA_4_validation,2016-04-11,0,1.0,Seasonal Naive
FOODS_1_001_CA_4_validation,2016-04-12,0,0.0,Seasonal Naive
FOODS_1_001_CA_4_validation,2016-04-13,0,1.0,Seasonal Naive
FOODS_1_001_CA_4_validation,2016-04-14,0,0.0,Seasonal Naive
FOODS_1_001_CA_4_validation,2016-04-15,0,0.0,Seasonal Naive
FOODS_1_001_CA_4_validation,2016-04-16,0,1.0,Seasonal Naive
FOODS_1_001_CA_4_validation,2016-04-17,0,0.0,Seasonal Naive
FOODS_1_001_CA_4_validation,2016-04-18,2,1.0,Seasonal Naive
FOODS_1_001_CA_4_validation,2016-04-19,0,0.0,Seasonal Naive
FOODS_1_001_CA_4_validation,2016-04-20,0,1.0,Seasonal Naive
FOODS_1_001_CA_4_validation,2016-04-21,0,0.0,Seasonal Naive
FOODS_1_001_CA_4_validation,2016-04-22,1,0.0,Seasonal Naive
FOODS_1_001_CA_4_validation,2016-04-23,1,1.0,Seasonal Naive
FOODS_1_001_CA_4_validation,2016-04-24,1,0.0,Seasonal Naive
FOODS_1_001_TX_1_validation,2016-03-28,0,1.0,Seasonal Naive
FOODS_1_001_TX_1_validation,2016-03-29,0,0.0,Seasonal Naive
FOODS_1_001_TX_1_validation,2016-03-30,0,1.0,Seasonal Naive
FOODS_1_001_TX_1_validation,2016-03-31,0,0.0,Seasonal Naive
FOODS_1_001_TX_1_validation,2016-04-01,0,2.0,Seasonal Naive
FOODS_1_001_TX_1_validation,2016-04-02,0,0.0,Seasonal Naive
FOODS_1_001_TX_1_validation,2016-04-03,0,0.0,Seasonal Naive
FOODS_1_001_TX_1_validation,2016-04-04,0,1.0,Seasonal Naive
FOODS_1_001_TX_1_validation,2016-04-05,1,0.0,Seasonal Naive
FOODS_1_001_TX_1_validation,2016-04-06,0,1.0,Seasonal Naive
FOODS_1_001_TX_1_validation,2016-04-07,0,0.0,Seasonal Naive
FOODS_1_001_TX_1_validation,2016-04-08,0,2.0,Seasonal Naive
FOODS_1_001_TX_1_validation,2016-04-09,0,0.0,Seasonal Naive
FOODS_1_001_TX_1_validation,2016-04-10,0,0.0,Seasonal Naive
FOODS_1_001_TX_1_validation,2016-04-11,0,1.0,Seasonal Naive
FOODS_1_001_TX_1_validation,2016-04-12,0,0.0,Seasonal Naive
FOODS_1_001_TX_1_validation,2016-04-13,0,1.0,Seasonal Naive
FOODS_1_001_TX_1_validation,2016-04-14,0,0.0,Seasonal Naive
FOODS_1_001_TX_1_validation,2016-04-15,0,2.0,Seasonal Naive
FOODS_1_001_TX_1_validation,2016-04-16,0,0.0,Seasonal Naive
FOODS_1_001_TX_1_validation,2016-04-17,0,0.0,Seasonal Naive
FOODS_1_001_TX_1_validation,2016-04-18,0,1.0,Seasonal Naive
FOODS_1_001_TX_1_validation,2016-04-19,0,0.0,Seasonal Naive
FOODS_1_001_TX_1_validation,2016-04-20,0,1.0,Seasonal Naive
FOODS_1_001_TX_1_validation,2016-04-21,0,0.0,Seasonal Naive
FOODS_1_001_TX_1_validation,2016-04-22,0,2.0,Seasonal Naive
FOODS_1_001_TX_1_validation,2016-04-23,0,0.0,Seasonal Naive
FOODS_1_001_TX_1_validation,2016-04-24,0,0.0,Seasonal Naive
FOODS_1_001_TX_2_validation,2016-03-28,0,1.0,Seasonal Naive
FOODS_1_001_TX_2_validation,2016-03-29,0,0.0,Seasonal Naive
FOODS_1_001_TX_2_validation,2016-03-30,0,0.0,Seasonal Naive
FOODS_1_001_TX_2_validation,2016-03-31,3,1.0,Seasonal Naive
FOODS_1_001_TX_2_validation,2016-04-01,0,1.0,Seasonal Naive
FOODS_1_001_TX_2_validation,2016-04-02,0,1.0,Seasonal Naive
FOODS_1_001_TX_2_validation,2016-04-03,0,0.0,Seasonal Naive
FOODS_1_001_TX_2_validation,2016-04-04,0,1.0,Seasonal Naive
FOODS_1_001_TX_2_validation,2016-04-05,0,0.0,Seasonal Naive
FOODS_1_001_TX_2_validation,2016-04-06,0,0.0,Seasonal Naive
FOODS_1_001_TX_2_validation,2016-04-07,0,1.0,Seasonal Naive
FOODS_1_001_TX_2_validation,2016-04-08,1,1.0,Seasonal Naive
FOODS_1_001_TX_2_validation,2016-04-09,0,1.0,Seasonal Naive
FOODS_1_001_TX_2_validation,2016-04-10,1,0.0,Seasonal Naive
FOODS_1_001_TX_2_validation,2016-04-11,0,1.0,Seasonal Naive
FOODS_1_001_TX_2_validation,2016-04-12,0,0.0,Seasonal Naive
FOODS_1_001_TX_2_validation,2016-04-13,0,0.0,Seasonal Naive
FOODS_1_001_TX_2_validation,2016-04-14,1,1.0,Seasonal Naive
FOODS_1_001_TX_2_validation,2016-04-15,3,1.0,Seasonal Naive
FOODS_1_001_TX_2_validation,2016-04-16,0,1.0,Seasonal Naive
FOODS_1_001_TX_2_validation,2016-04-17,1,0.0,Seasonal Naive
FOODS_1_001_TX_2_validation,2016-04-18,0,1.0,Seasonal Naive
FOODS_1_001_TX_2_validation,2016-04-19,0,0.0,Seasonal Naive
FOODS_1_001_TX_2_validation,2016-04-20,0,0.0,Seasonal Naive
FOODS_1_001_TX_2_validation,2016-04-21,0,1.0,Seasonal Naive
FOODS_1_001_TX_2_validation,2016-04-22,0,1.0,Seasonal Naive
FOODS_1_001_TX_2_validation,2016-04-23,1,1.0,Seasonal Naive
FOODS_1_001_TX_2_validation,2016-04-24,0,0.0,Seasonal Naive
FOODS_1_001_TX_3_validation,2016-03-28,0,0.0,Seasonal Naive
FOODS_1_001_TX_3_validation,2016-03-29,0,0.0,Seasonal Naive
FOODS_1_001_TX_3_validation,2016-03-30,0,0.0,Seasonal Naive
FOODS_1_001_TX_3_validation,2016-03-31,0,1.0,Seasonal Naive
FOODS_1_001_TX_3_validation,2016-04-01,1,0.0,Seasonal Naive
FOODS_1_001_TX_3_validation,2016-04-02,1,0.0,Seasonal Naive
FOODS_1_001_TX_3_validation,2016-04-03,1,1.0,Seasonal Naive
FOODS_1_001_TX_3_validation,2016-04-04,0,0.0,Seasonal Naive
FOODS_1_001_TX_3_validation,2016-04-05,1,0.0,Seasonal Naive
FOODS_1_001_TX_3_validation,2016-04-06,0,0.0,Seasonal Naive
FOODS_1_001_TX_3_validation,2016-04-07,0,1.0,Seasonal Naive
FOODS_1_001_TX_3_validation,2016-04-08,2,0.0,Seasonal Naive
FOODS_1_001_TX_3_validation,2016-04-09,0,0.0,Seasonal Naive
FOODS_1_001_TX_3_validation,2016-04-10,1,1.0,Seasonal Naive
FOODS_1_001_TX_3_validation,2016-04-11,1,0.0,Seasonal Naive
FOODS_1_001_TX_3_validation,2016-04-12,0,0.0,Seasonal Naive
FOODS_1_001_TX_3_validation,2016-04-13,0,0.0,Seasonal Naive
FOODS_1_001_TX_3_validation,2016-04-14,1,1.0,Seasonal Naive
FOODS_1_001_TX_3_validation,2016-04-15,0,0.0,Seasonal Naive
FOODS_1_001_TX_3_validation,2016-04-16,1,0.0,Seasonal Naive
FOODS_1_001_TX_3_validation,2016-04-17,1,1.0,Seasonal Naive
FOODS_1_001_TX_3_validation,2016-04-18,1,0.0,Seasonal Naive
FOODS_1_001_TX_3_validation,2016-04-19,0,0.0,Seasonal Naive
FOODS_1_001_TX_3_validation,2016-04-20,0,0.0,Seasonal Naive
FOODS_1_001_TX_3_validation,2016-04-21,2,1.0,Seasonal Naive
FOODS_1_001_TX_3_validation,2016-04-22,0,0.0,Seasonal Naive
FOODS_1_001_TX_3_validation,2016-04-23,0,0.0,Seasonal Naive
FOODS_1_001_TX_3_validation,2016-04-24,0,1.0,Seasonal Naive
FOODS_1_001_WI_1_validation,2016-03-28,1,0.0,Seasonal Naive
FOODS_1_001_WI_1_validation,2016-03-29,1,0.0,Seasonal Naive
FOODS_1_001_WI_1_validation,2016-03-30,0,0.0,Seasonal Naive
FOODS_1_001_WI_1_validation,2016-03-31,1,0.0,Seasonal Naive
FOODS_1_001_WI_1_validation,2016-04-01,0,2.0,Seasonal Naive
FOODS_1_001_WI_1_validation,2016-04-02,0,0.0,Seasonal Naive
FOODS_1_001_WI_1_validation,2016-04-03,0,2.0,Seasonal Naive
FOODS_1_001_WI_1_validation,2016-04-04,0,0.0,Seasonal Naive
FOODS_1_001_WI_1_validation,2016-04-05,0,0.0,Seasonal Naive
FOODS_1_001_WI_1_validation,2016-04-06,0,0.0,Seasonal Naive
FOODS_1_001_WI_1_validation,2016-04-07,0,0.0,Seasonal Naive
FOODS_1_001_WI_1_validation,2016-04-08,1,2.0,Seasonal Naive
FOODS_1_001_WI_1_validation,2016-04-09,0,0.0,Seasonal Naive
FOODS_1_001_WI_1_validation,2016-04-10,0,2.0,Seasonal Naive
FOODS_1_001_WI_1_validation,2016-04-11,1,0.0,Seasonal Naive
FOODS_1_001_WI_1_validation,2016-04-12,0,0.0,Seasonal Naive
FOODS_1_001_WI_1_validation,2016-04-13,0,0.0,Seasonal Naive
FOODS_1_001_WI_1_validation,2016-04-14,0,0.0,Seasonal Naive
FOODS_1_001_WI_1_validation,2016-04-15,0,2.0,Seasonal Naive
FOODS_1_001_WI_1_validation,2016-04-16,0,0.0,Seasonal Naive
FOODS_1_001_WI_1_validation,2016-04-17,1,2.0,Seasonal Naive
FOODS_1_001_WI_1_validation,2016-04-18,0,0.0,Seasonal Naive
FOODS_1_001_WI_1_validation,2016-04-19,2,0.0,Seasonal Naive
FOODS_1_001_WI_1_validation,2016-04-20,0,0.0,Seasonal Naive
FOODS_1_001_WI_1_validation,2016-04-21,0,0.0,Seasonal Naive
FOODS_1_001_WI_1_validation,2016-04-22,0,2.0,Seasonal Naive
FOODS_1_001_WI_1_validation,2016-04-23,8,0.0,Seasonal Naive
FOODS_1_001_WI_1_validation,2016-04-24,1,2.0,Seasonal Naive
FOODS_1_001_WI_2_validation,2016-03-28,0,0.0,Seasonal Naive
FOODS_1_001_WI_2_validation,2016-03-29,0,0.0,Seasonal Naive
FOODS_1_001_WI_2_validation,2016-03-30,0,0.0,Seasonal Naive
FOODS_1_001_WI_2_validation,2016-03-31,0,0.0,Seasonal Naive
FOODS_1_001_WI_2_validation,2016-04-01,0,2.0,Seasonal Naive
FOODS_1_001_WI_2_validation,2016-04-02,0,0.0,Seasonal Naive
FOODS_1_001_WI_2_validation,2016-04-03,2,0.0,Seasonal Naive
FOODS_1_001_WI_2_validation,2016-04-04,0,0.0,Seasonal Naive
FOODS_1_001_WI_2_validation,2016-04-05,0,0.0,Seasonal Naive
FOODS_1_001_WI_2_validation,2016-04-06,2,0.0,Seasonal Naive
FOODS_1_001_WI_2_validation,2016-04-07,0,0.0,Seasonal Naive
FOODS_1_001_WI_2_validation,2016-04-08,0,2.0,Seasonal Naive
FOODS_1_001_WI_2_validation,2016-04-09,0,0.0,Seasonal Naive
FOODS_1_001_WI_2_validation,2016-04-10,0,0.0,Seasonal Naive
FOODS_1_001_WI_2_validation,2016-04-11,2,0.0,Seasonal Naive
FOODS_1_001_WI_2_validation,2016-04-12,0,0.0,Seasonal Naive
FOODS_1_001_WI_2_validation,2016-04-13,3,0.0,Seasonal Naive
FOODS_1_001_WI_2_validation,2016-04-14,0,0.0,Seasonal Naive
FOODS_1_001_WI_2_validation,2016-04-15,0,2.0,Seasonal Naive
FOODS_1_001_WI_2_validation,2016-04-16,0,0.0,Seasonal Naive
FOODS_1_001_WI_2_validation,2016-04-17,0,0.0,Seasonal Naive
FOODS_1_001_WI_2_validation,2016-04-18,0,0.0,Seasonal Naive
FOODS_1_001_WI_2_validation,2016-04-19,1,0.0,Seasonal Naive
FOODS_1_001_WI_2_validation,2016-04-20,1,0.0,Seasonal Naive
FOODS_1_001_WI_2_validation,2016-04-21,0,0.0,Seasonal Naive
FOODS_1_001_WI_2_validation,2016-04-22,0,2.0,Seasonal Naive
FOODS_1_001_WI_2_validation,2016-04-23,0,0.0,Seasonal Naive
FOODS_1_001_WI_2_validation,2016-04-24,0,0.0,Seasonal Naive
FOODS_1_001_WI_3_validation,2016-03-28,0,0.0,Seasonal Naive
FOODS_1_001_WI_3_validation,2016-03-29,0,0.0,Seasonal Naive
FOODS_1_001_WI_3_validation,2016-03-30,1,1.0,Seasonal Naive
FOODS_1_001_WI_3_validation,2016-03-31,1,0.0,Seasonal Naive
FOODS_1_001_WI_3_validation,2016-04-01,0,0.0,Seasonal Naive
FOODS_1_001_WI_3_validation,2016-04-02,0,1.0,Seasonal Naive
FOODS_1_001_WI_3_validation,2016-04-03,0,0.0,Seasonal Naive
FOODS_1_001_WI_3_validation,2016-04-04,0,0.0,Seasonal Naive
FOODS_1_001_WI_3_validation,2016-04-05,0,0.0,Seasonal Naive
FOODS_1_001_WI_3_validation,2016-04-06,1,1.0,Seasonal Naive
FOODS_1_001_WI_3_validation,2016-04-07,1,0.0,Seasonal Naive
FOODS_1_001_WI_3_validation,2016-04-08,0,0.0,Seasonal Naive
FOODS_1_001_WI_3_validation,2016-04-09,0,1.0,Seasonal Naive
FOODS_1_001_WI_3_validation,2016-04-10,0,0.0,Seasonal Naive
FOODS_1_001_WI_3_validation,2016-04-11,1,0.0,Seasonal Naive
FOODS_1_001_WI_3_validation,2016-04-12,0,0.0,Seasonal Naive
FOODS_1_001_WI_3_validation,2016-04-13,0,1.0,Seasonal Naive
FOODS_1_001_WI_3_validation,2016-04-14,0,0.0,Seasonal Naive
FOODS_1_001_WI_3_validation,2016-04-15,0,0.0,Seasonal Naive
FOODS_1_001_WI_3_validation,2016-04-16,1,1.0,Seasonal Naive
FOODS_1_001_WI_3_validation,2016-04-17,0,0.0,Seasonal Naive
FOODS_1_001_WI_3_validation,2016-04-18,0,0.0,Seasonal Naive
FOODS_1_001_WI_3_validation,2016-04-19,0,0.0,Seasonal Naive
FOODS_1_001_WI_3_validation,2016-04-20,0,1.0,Seasonal Naive
FOODS_1_001_WI_3_validation,2016-04-21,0,0.0,Seasonal Naive
FOODS_1_001_WI_3_validation,2016-04-22,0,0.0,Seasonal Naive
FOODS_1_001_WI_3_validation,2016-04-23,4,1.0,Seasonal Naive
FOODS_1_001_WI_3_validation,2016-04-24,0,0.0,Seasonal Naive
FOODS_1_002_TX_1_validation,2016-03-28,0,0.0,Seasonal Naive
FOODS_1_002_TX_1_validation,2016-03-29,0,0.0,Seasonal Naive
FOODS_1_002_TX_1_validation,2016-03-30,0,0.0,Seasonal Naive
FOODS_1_002_TX_1_validation,2016-03-31,0,0.0,Seasonal Naive
FOODS_1_002_TX_1_validation,2016-04-01,0,0.0,Seasonal Naive
FOODS_1_002_TX_1_validation,2016-04-02,0,0.0,Seasonal Naive
FOODS_1_002_TX_1_validation,2016-04-03,0,0.0,Seasonal Naive
FOODS_1_002_TX_1_validation,2016-04-04,0,0.0,Seasonal Naive
FOODS_1_002_TX_1_validation,2016-04-05,0,0.0,Seasonal Naive
FOODS_1_002_TX_1_validation,2016-04-06,0,0.0,Seasonal Naive
FOODS_1_002_TX_1_validation,2016-04-07,0,0.0,Seasonal Naive
FOODS_1_002_TX_1_validation,2016-04-08,0,0.0,Seasonal Naive
FOODS_1_002_TX_1_validation,2016-04-09,0,0.0,Seasonal Naive
FOODS_1_002_TX_1_validation,2016-04-10,0,0.0,Seasonal Naive
FOODS_1_002_TX_1_validation,2016-04-11,0,0.0,Seasonal Naive
FOODS_1_002_TX_1_validation,2016-04-12,0,0.0,Seasonal Naive
FOODS_1_002_TX_1_validation,2016-04-13,0,0.0,Seasonal Naive
FOODS_1_002_TX_1_validation,2016-04-14,0,0.0,Seasonal Naive
FOODS_1_002_TX_1_validation,2016-04-15,1,0.0,Seasonal Naive
FOODS_1_002_TX_1_validation,2016-04-16,1,0.0,Seasonal Naive
FOODS_1_002_TX_1_validation,2016-04-17,0,0.0,Seasonal Naive
FOODS_1_002_TX_1_validation,2016-04-18,0,0.0,Seasonal Naive
FOODS_1_002_TX_1_validation,2016-04-19,0,0.0,Seasonal Naive
FOODS_1_002_TX_1_validation,2016-04-20,0,0.0,Seasonal Naive
FOODS_1_002_TX_1_validation,2016-04-21,0,0.0,Seasonal Naive
FOODS_1_002_TX_1_validation,2016-04-22,0,0.0,Seasonal Naive
FOODS_1_002_TX_1_validation,2016-04-23,0,0.0,Seasonal Naive
FOODS_1_002_TX_1_validation,2016-04-24,0,0.0,Seasonal Naive
FOODS_1_002_WI_1_validation,2016-03-28,2,2.0,Seasonal Naive
FOODS_1_002_WI_1_validation,2016-03-29,1,0.0,Seasonal Naive
FOODS_1_002_WI_1_validation,2016-03-30,0,1.0,Seasonal Naive
FOODS_1_002_WI_1_validation,2016-03-31,1,1.0,Seasonal Naive
FOODS_1_002_WI_1_validation,2016-04-01,0,1.0,Seasonal Naive
FOODS_1_002_WI_1_validation,2016-04-02,0,1.0,Seasonal Naive
FOODS_1_002_WI_1_validation,2016-04-03,1,2.0,Seasonal Naive
FOODS_1_002_WI_1_validation,2016-04-04,0,2.0,Seasonal Naive
FOODS_1_002_WI_1_validation,2016-04-05,2,0.0,Seasonal Naive
FOODS_1_002_WI_1_validation,2016-04-06,2,1.0,Seasonal Naive
FOODS_1_002_WI_1_validation,2016-04-07,0,1.0,Seasonal Naive
FOODS_1_002_WI_1_validation,2016-04-08,1,1.0,Seasonal Naive
FOODS_1_002_WI_1_validation,2016-04-09,2,1.0,Seasonal Naive
FOODS_1_002_WI_1_validation,2016-04-10,0,2.0,Seasonal Naive
FOODS_1_002_WI_1_validation,2016-04-11,0,2.0,Seasonal Naive
FOODS_1_002_WI_1_validation,2016-04-12,1,0.0,Seasonal Naive
FOODS_1_002_WI_1_validation,2016-04-13,1,1.0,Seasonal Naive
FOODS_1_002_WI_1_validation,2016-04-14,1,1.0,Seasonal Naive
FOODS_1_002_WI_1_validation,2016-04-15,1,1.0,Seasonal Naive
FOODS_1_002_WI_1_validation,2016-04-16,2,1.0,Seasonal Naive
FOODS_1_002_WI_1_validation,2016-04-17,1,2.0,Seasonal Naive
FOODS_1_002_WI_1_validation,2016-04-18,1,2.0,Seasonal Naive
FOODS_1_002_WI_1_validation,2016-04-19,0,0.0,Seasonal Naive
FOODS_1_002_WI_1_validation,2016-04-20,2,1.0,Seasonal Naive
FOODS_1_002_WI_1_validation,2016-04-21,2,1.0,Seasonal Naive
FOODS_1_002_WI_1_validation,2016-04-22,2,1.0,Seasonal Naive
FOODS_1_002_WI_1_validation,2016-04-23,1,1.0,Seasonal Naive
FOODS_1_002_WI_1_validation,2016-04-24,0,2.0,Seasonal Naive
HOBBIES_1_001_CA_1_validation,2016-03-28,1,1.0,Seasonal Naive
HOBBIES_1_001_CA_1_validation,2016-03-29,0,2.0,Seasonal Naive
HOBBIES_1_001_CA_1_validation,2016-03-30,0,2.0,Seasonal Naive
HOBBIES_1_001_CA_1_validation,2016-03-31,0,0.0,Seasonal Naive
HOBBIES_1_001_CA_1_validation,2016-04-01,0,1.0,Seasonal Naive
HOBBIES_1_001_CA_1_validation,2016-04-02,0,1.0,Seasonal Naive
HOBBIES_1_001_CA_1_validation,2016-04-03,1,1.0,Seasonal Naive
HOBBIES_1_001_CA_1_validation,2016-04-04,0,1.0,Seasonal Naive
HOBBIES_1_001_CA_1_validation,2016-04-05,4,2.0,Seasonal Naive
HOBBIES_1_001_CA_1_validation,2016-04-06,2,2.0,Seasonal Naive
HOBBIES_1_001_CA_1_validation,2016-04-07,3,0.0,Seasonal Naive
HOBBIES_1_001_CA_1_validation,2016-04-08,0,1.0,Seasonal Naive
HOBBIES_1_001_CA_1_validation,2016-04-09,1,1.0,Seasonal Naive
HOBBIES_1_001_CA_1_validation,2016-04-10,2,1.0,Seasonal Naive
HOBBIES_1_001_CA_1_validation,2016-04-11,0,1.0,Seasonal Naive
HOBBIES_1_001_CA_1_validation,2016-04-12,0,2.0,Seasonal Naive
HOBBIES_1_001_CA_1_validation,2016-04-13,0,2.0,Seasonal Naive
HOBBIES_1_001_CA_1_validation,2016-04-14,1,0.0,Seasonal Naive
HOBBIES_1_001_CA_1_validation,2016-04-15,1,1.0,Seasonal Naive
HOBBIES_1_001_CA_1_validation,2016-04-16,3,1.0,Seasonal Naive
HOBBIES_1_001_CA_1_validation,2016-04-17,0,1.0,Seasonal Naive
HOBBIES_1_001_CA_1_validation,2016-04-18,1,1.0,Seasonal Naive
HOBBIES_1_001_CA_1_validation,2016-04-19,1,2.0,Seasonal Naive
HOBBIES_1_001_CA_1_validation,2016-04-20,1,2.0,Seasonal Naive
HOBBIES_1_001_CA_1_validation,2016-04-21,3,0.0,Seasonal Naive
HOBBIES_1_001_CA_1_validation,2016-04-22,0,1.0,Seasonal Naive
HOBBIES_1_001_CA_1_validation,2016-04-23,1,1.0,Seasonal Naive
HOBBIES_1_001_CA_1_validation,2016-04-24,1,1.0,Seasonal Naive
HOBBIES_1_001_CA_2_validation,2016-03-28,0,2.0,Seasonal Naive
HOBBIES_1_001_CA_2_validation,2016-03-29,3,0.0,Seasonal Naive
HOBBIES_1_001_CA_2_validation,2016-03-30,1,0.0,Seasonal Naive
HOBBIES_1_001_CA_2_validation,2016-03-31,0,1.0,Seasonal Naive
HOBBIES_1_001_CA_2_validation,2016-04-01,1,1.0,Seasonal Naive
HOBBIES_1_001_CA_2_validation,2016-04-02,1,3.0,Seasonal Naive
HOBBIES_1_001_CA_2_validation,2016-04-03,0,0.0,Seasonal Naive
HOBBIES_1_001_CA_2_validation,2016-04-04,2,2.0,Seasonal Naive
HOBBIES_1_001_CA_2_validation,2016-04-05,0,0.0,Seasonal Naive
HOBBIES_1_001_CA_2_validation,2016-04-06,0,0.0,Seasonal Naive
HOBBIES_1_001_CA_2_validation,2016-04-07,0,1.0,Seasonal Naive
HOBBIES_1_001_CA_2_validation,2016-04-08,0,1.0,Seasonal Naive
HOBBIES_1_001_CA_2_validation,2016-04-09,0,3.0,Seasonal Naive
HOBBIES_1_001_CA_2_validation,2016-04-10,1,0.0,Seasonal Naive
HOBBIES_1_001_CA_2_validation,2016-04-11,0,2.0,Seasonal Naive
HOBBIES_1_001_CA_2_validation,2016-04-12,0,0.0,Seasonal Naive
HOBBIES_1_001_CA_2_validation,2016-04-13,1,0.0,Seasonal Naive
HOBBIES_1_001_CA_2_validation,2016-04-14,0,1.0,Seasonal Naive
HOBBIES_1_001_CA_2_validation,2016-04-15,0,1.0,Seasonal Naive
HOBBIES_1_001_CA_2_validation,2016-04-16,0,3.0,Seasonal Naive
HOBBIES_1_001_CA_2_validation,2016-04-17,1,0.0,Seasonal Naive
HOBBIES_1_001_CA_2_validation,2016-04-18,2,2.0,Seasonal Naive
HOBBIES_1_001_CA_2_validation,2016-04-19,0,0.0,Seasonal Naive
HOBBIES_1_001_CA_2_validation,2016-04-20,4,0.0,Seasonal Naive
HOBBIES_1_001_CA_2_validation,2016-04-21,0,1.0,Seasonal Naive
HOBBIES_1_001_CA_2_validation,2016-04-22,0,1.0,Seasonal Naive
HOBBIES_1_001_CA_2_validation,2016-04-23,2,3.0,Seasonal Naive
HOBBIES_1_001_CA_2_validation,2016-04-24,2,0.0,Seasonal Naive
HOBBIES_1_001_CA_3_validation,2016-03-28,2,1.0,Seasonal Naive
HOBBIES_1_001_CA_3_validation,2016-03-29,1,1.0,Seasonal Naive
HOBBIES_1_001_CA_3_validation,2016-03-30,0,6.0,Seasonal Naive
HOBBIES_1_001_CA_3_validation,2016-03-31,0,2.0,Seasonal Naive
HOBBIES_1_001_CA_3_validation,2016-04-01,0,0.0,Seasonal Naive
HOBBIES_1_001_CA_3_validation,2016-04-02,4,2.0,Seasonal Naive
HOBBIES_1_001_CA_3_validation,2016-04-03,2,1.0,Seasonal Naive
HOBBIES_1_001_CA_3_validation,2016-04-04,1,1.0,Seasonal Naive
HOBBIES_1_001_CA_3_validation,2016-04-05,0,1.0,Seasonal Naive
HOBBIES_1_001_CA_3_validation,2016-04-06,2,6.0,Seasonal Naive
HOBBIES_1_001_CA_3_validation,2016-04-07,0,2.0,Seasonal Naive
HOBBIES_1_001_CA_3_validation,2016-04-08,0,0.0,Seasonal Naive
HOBBIES_1_001_CA_3_validation,2016-04-09,2,2.0,Seasonal Naive
HOBBIES_1_001_CA_3_validation,2016-04-10,1,1.0,Seasonal Naive
HOBBIES_1_001_CA_3_validation,2016-04-11,0,1.0,Seasonal Naive
HOBBIES_1_001_CA_3_validation,2016-04-12,0,1.0,Seasonal Naive
HOBBIES_1_001_CA_3_validation,2016-04-13,0,6.0,Seasonal Naive
HOBBIES_1_001_CA_3_validation,2016-04-14,0,2.0,Seasonal Naive
HOBBIES_1_001_CA_3_validation,2016-04-15,0,0.0,Seasonal Naive
HOBBIES_1_001_CA_3_validation,2016-04-16,2,2.0,Seasonal Naive
HOBBIES_1_001_CA_3_validation,2016-04-17,4,1.0,Seasonal Naive
HOBBIES_1_001_CA_3_validation,2016-04-18,0,1.0,Seasonal Naive
HOBBIES_1_001_CA_3_validation,2016-04-19,1,1.0,Seasonal Naive
HOBBIES_1_001_CA_3_validation,2016-04-20,1,6.0,Seasonal Naive
HOBBIES_1_001_CA_3_validation,2016-04-21,1,2.0,Seasonal Naive
HOBBIES_1_001_CA_3_validation,2016-04-22,0,0.0,Seasonal Naive
HOBBIES_1_001_CA_3_validation,2016-04-23,3,2.0,Seasonal Naive
HOBBIES_1_001_CA_3_validation,2016-04-24,3,1.0,Seasonal Naive
HOBBIES_1_001_CA_4_validation,2016-03-28,2,0.0,Seasonal Naive
HOBBIES_1_001_CA_4_validation,2016-03-29,1,0.0,Seasonal Naive
HOBBIES_1_001_CA_4_validation,2016-03-30,2,3.0,Seasonal Naive
HOBBIES_1_001_CA_4_validation,2016-03-31,1,0.0,Seasonal Naive
HOBBIES_1_001_CA_4_validation,2016-04-01,1,1.0,Seasonal Naive
HOBBIES_1_001_CA_4_validation,2016-04-02,1,2.0,Seasonal Naive
HOBBIES_1_001_CA_4_validation,2016-04-03,1,0.0,Seasonal Naive
HOBBIES_1_001_CA_4_validation,2016-04-04,0,0.0,Seasonal Naive
HOBBIES_1_001_CA_4_validation,2016-04-05,0,0.0,Seasonal Naive
HOBBIES_1_001_CA_4_validation,2016-04-06,0,3.0,Seasonal Naive
HOBBIES_1_001_CA_4_validation,2016-04-07,0,0.0,Seasonal Naive
HOBBIES_1_001_CA_4_validation,2016-04-08,0,1.0,Seasonal Naive
HOBBIES_1_001_CA_4_validation,2016-04-09,0,2.0,Seasonal Naive
HOBBIES_1_001_CA_4_validation,2016-04-10,0,0.0,Seasonal Naive
HOBBIES_1_001_CA_4_validation,2016-04-11,3,0.0,Seasonal Naive
HOBBIES_1_001_CA_4_validation,2016-04-12,0,0.0,Seasonal Naive
HOBBIES_1_001_CA_4_validation,2016-04-13,0,3.0,Seasonal Naive
HOBBIES_1_001_CA_4_validation,2016-04-14,0,0.0,Seasonal Naive
HOBBIES_1_001_CA_4_validation,2016-04-15,1,1.0,Seasonal Naive
HOBBIES_1_001_CA_4_validation,2016-04-16,0,2.0,Seasonal Naive
HOBBIES_1_001_CA_4_validation,2016-04-17,0,0.0,Seasonal Naive
HOBBIES_1_001_CA_4_validation,2016-04-18,1,0.0,Seasonal Naive
HOBBIES_1_001_CA_4_validation,2016-04-19,0,0.0,Seasonal Naive
HOBBIES_1_001_CA_4_validation,2016-04-20,1,3.0,Seasonal Naive
HOBBIES_1_001_CA_4_validation,2016-04-21,0,0.0,Seasonal Naive
HOBBIES_1_001_CA_4_validation,2016-04-22,1,1.0,Seasonal Naive
HOBBIES_1_001_CA_4_validation,2016-04-23,2,2.0,Seasonal Naive
HOBBIES_1_001_CA_4_validation,2016-04-24,1,0.0,Seasonal Naive
HOBBIES_1_001_TX_1_validation,2016-03-28,1,0.0,Seasonal Naive
HOBBIES_1_001_TX_1_validation,2016-03-29,0,0.0,Seasonal Naive
HOBBIES_1_001_TX_1_validation,2016-03-30,1,1.0,Seasonal Naive
HOBBIES_1_001_TX_1_validation,2016-03-31,0,1.0,Seasonal Naive
HOBBIES_1_001_TX_1_validation,2016-04-01,0,0.0,Seasonal Naive
HOBBIES_1_001_TX_1_validation,2016-04-02,0,0.0,Seasonal Naive
HOBBIES_1_001_TX_1_validation,2016-04-03,0,0.0,Seasonal Naive
HOBBIES_1_001_TX_1_validation,2016-04-04,1,0.0,Seasonal Naive
HOBBIES_1_001_TX_1_validation,2016-04-05,0,0.0,Seasonal Naive
HOBBIES_1_001_TX_1_validation,2016-04-06,1,1.0,Seasonal Naive
HOBBIES_1_001_TX_1_validation,2016-04-07,0,1.0,Seasonal Naive
HOBBIES_1_001_TX_1_validation,2016-04-08,0,0.0,Seasonal Naive
HOBBIES_1_001_TX_1_validation,2016-04-09,0,0.0,Seasonal Naive
HOBBIES_1_001_TX_1_validation,2016-04-10,0,0.0,Seasonal Naive
HOBBIES_1_001_TX_1_validation,2016-04-11,0,0.0,Seasonal Naive
HOBBIES_1_001_TX_1_validation,2016-04-12,0,0.0,Seasonal Naive
HOBBIES_1_001_TX_1_validation,2016-04-13,1,1.0,Seasonal Naive
HOBBIES_1_001_TX_1_validation,2016-04-14,1,1.0,Seasonal Naive
HOBBIES_1_001_TX_1_validation,2016-04-15,0,0.0,Seasonal Naive
HOBBIES_1_001_TX_1_validation,2016-04-16,0,0.0,Seasonal Naive
HOBBIES_1_001_TX_1_validation,2016-04-17,0,0.0,Seasonal Naive
HOBBIES_1_001_TX_1_validation,2016-04-18,0,0.0,Seasonal Naive
HOBBIES_1_001_TX_1_validation,2016-04-19,1,0.0,Seasonal Naive
HOBBIES_1_001_TX_1_validation,2016-04-20,0,1.0,Seasonal Naive
HOBBIES_1_001_TX_1_validation,2016-04-21,1,1.0,Seasonal Naive
HOBBIES_1_001_TX_1_validation,2016-04-22,0,0.0,Seasonal Naive
HOBBIES_1_001_TX_1_validation,2016-04-23,0,0.0,Seasonal Naive
HOBBIES_1_001_TX_1_validation,2016-04-24,2,0.0,Seasonal Naive
HOBBIES_1_001_TX_2_validation,2016-03-28,0,0.0,Seasonal Naive
HOBBIES_1_001_TX_2_validation,2016-03-29,0,0.0,Seasonal Naive
HOBBIES_1_001_TX_2_validation,2016-03-30,0,0.0,Seasonal Naive
HOBBIES_1_001_TX_2_validation,2016-03-31,1,3.0,Seasonal Naive
HOBBIES_1_001_TX_2_validation,2016-04-01,0,0.0,Seasonal Naive
HOBBIES_1_001_TX_2_validation,2016-04-02,2,1.0,Seasonal Naive
HOBBIES_1_001_TX_2_validation,2016-04-03,0,0.0,Seasonal Naive
HOBBIES_1_001_TX_2_validation,2016-04-04,0,0.0,Seasonal Naive
HOBBIES_1_001_TX_2_validation,2016-04-05,1,0.0,Seasonal Naive
HOBBIES_1_001_TX_2_validation,2016-04-06,0,0.0,Seasonal Naive
HOBBIES_1_001_TX_2_validation,2016-04-07,1,3.0,Seasonal Naive
HOBBIES_1_001_TX_2_validation,2016-04-08,0,0.0,Seasonal Naive
HOBBIES_1_001_TX_2_validation,2016-04-09,0,1.0,Seasonal Naive
HOBBIES_1_001_TX_2_validation,2016-04-10,1,0.0,Seasonal Naive
HOBBIES_1_001_TX_2_validation,2016-04-11,1,0.0,Seasonal Naive
HOBBIES_1_001_TX_2_validation,2016-04-12,0,0.0,Seasonal Naive
HOBBIES_1_001_TX_2_validation,2016-04-13,0,0.0,Seasonal Naive
HOBBIES_1_001_TX_2_validation,2016-04-14,0,3.0,Seasonal Naive
HOBBIES_1_001_TX_2_validation,2016-04-15,0,0.0,Seasonal Naive
HOBBIES_1_001_TX_2_validation,2016-04-16,0,1.0,Seasonal Naive
HOBBIES_1_001_TX_2_validation,2016-04-17,0,0.0,Seasonal Naive
HOBBIES_1_001_TX_2_validation,2016-04-18,0,0.0,Seasonal Naive
HOBBIES_1_001_TX_2_validation,2016-04-19,0,0.0,Seasonal Naive
HOBBIES_1_001_TX_2_validation,2016-04-20,1,0.0,Seasonal Naive
HOBBIES_1_001_TX_2_validation,2016-04-21,0,3.0,Seasonal Naive
HOBBIES_1_001_TX_2_validation,2016-04-22,0,0.0,Seasonal Naive
HOBBIES_1_001_TX_2_validation,2016-04-23,0,1.0,Seasonal Naive
HOBBIES_1_001_TX_2_validation,2016-04-24,0,0.0,Seasonal Naive
HOBBIES_1_001_TX_3_validation,2016-03-28,0,0.0,Seasonal Naive
HOBBIES_1_001_TX_3_validation,2016-03-29,1,0.0,Seasonal Naive
HOBBIES_1_001_TX_3_validation,2016-03-30,0,0.0,Seasonal Naive
HOBBIES_1_001_TX_3_validation,2016-03-31,0,3.0,Seasonal Naive
HOBBIES_1_001_TX_3_validation,2016-04-01,1,0.0,Seasonal Naive
HOBBIES_1_001_TX_3_validation,2016-04-02,0,0.0,Seasonal Naive
HOBBIES_1_001_TX_3_validation,2016-04-03,0,1.0,Seasonal Naive
HOBBIES_1_001_TX_3_validation,2016-04-04,1,0.0,Seasonal Naive
HOBBIES_1_001_TX_3_validation,2016-04-05,0,0.0,Seasonal Naive
HOBBIES_1_001_TX_3_validation,2016-04-06,0,0.0,Seasonal Naive
HOBBIES_1_001_TX_3_validation,2016-04-07,1,3.0,Seasonal Naive
HOBBIES_1_001_TX_3_validation,2016-04-08,0,0.0,Seasonal Naive
HOBBIES_1_001_TX_3_validation,2016-04-09,1,0.0,Seasonal Naive
HOBBIES_1_001_TX_3_validation,2016-04-10,0,1.0,Seasonal Naive
HOBBIES_1_001_TX_3_validation,2016-04-11,0,0.0,Seasonal Naive
HOBBIES_1_001_TX_3_validation,2016-04-12,1,0.0,Seasonal Naive
HOBBIES_1_001_TX_3_validation,2016-04-13,0,0.0,Seasonal Naive
HOBBIES_1_001_TX_3_validation,2016-04-14,0,3.0,Seasonal Naive
HOBBIES_1_001_TX_3_validation,2016-04-15,0,0.0,Seasonal Naive
HOBBIES_1_001_TX_3_validation,2016-04-16,3,0.0,Seasonal Naive
HOBBIES_1_001_TX_3_validation,2016-04-17,0,1.0,Seasonal Naive
HOBBIES_1_001_TX_3_validation,2016-04-18,0,0.0,Seasonal Naive
HOBBIES_1_001_TX_3_validation,2016-04-19,0,0.0,Seasonal Naive
HOBBIES_1_001_TX_3_validation,2016-04-20,0,0.0,Seasonal Naive
HOBBIES_1_001_TX_3_validation,2016-04-21,0,3.0,Seasonal Naive
HOBBIES_1_001_TX_3_validation,2016-04-22,0,0.0,Seasonal Naive
HOBBIES_1_001_TX_3_validation,2016-04-23,0,0.0,Seasonal Naive
HOBBIES_1_001_TX_3_validation,2016-04-24,0,1.0,Seasonal Naive
HOBBIES_1_001_WI_1_validation,2016-03-28,0,0.0,Seasonal Naive
HOBBIES_1_001_WI_1_validation,2016-03-29,1,1.0,Seasonal Naive
HOBBIES_1_001_WI_1_validation,2016-03-30,2,2.0,Seasonal Naive
HOBBIES_1_001_WI_1_validation,2016-03-31,0,1.0,Seasonal Naive
HOBBIES_1_001_WI_1_validation,2016-04-01,0,0.0,Seasonal Naive
HOBBIES_1_001_WI_1_validation,2016-04-02,0,1.0,Seasonal Naive
HOBBIES_1_001_WI_1_validation,2016-04-03,1,0.0,Seasonal Naive
HOBBIES_1_001_WI_1_validation,2016-04-04,0,0.0,Seasonal Naive
HOBBIES_1_001_WI_1_validation,2016-04-05,0,1.0,Seasonal Naive
HOBBIES_1_001_WI_1_validation,2016-04-06,1,2.0,Seasonal Naive
HOBBIES_1_001_WI_1_validation,2016-04-07,0,1.0,Seasonal Naive
HOBBIES_1_001_WI_1_validation,2016-04-08,0,0.0,Seasonal Naive
HOBBIES_1_001_WI_1_validation,2016-04-09,1,1.0,Seasonal Naive
HOBBIES_1_001_WI_1_validation,2016-04-10,0,0.0,Seasonal Naive
HOBBIES_1_001_WI_1_validation,2016-04-11,0,0.0,Seasonal Naive
HOBBIES_1_001_WI_1_validation,2016-04-12,0,1.0,Seasonal Naive
HOBBIES_1_001_WI_1_validation,2016-04-13,0,2.0,Seasonal Naive
HOBBIES_1_001_WI_1_validation,2016-04-14,0,1.0,Seasonal Naive
HOBBIES_1_001_WI_1_validation,2016-04-15,0,0.0,Seasonal Naive
HOBBIES_1_001_WI_1_validation,2016-04-16,0,1.0,Seasonal Naive
HOBBIES_1_001_WI_1_validation,2016-04-17,0,0.0,Seasonal Naive
HOBBIES_1_001_WI_1_validation,2016-04-18,0,0.0,Seasonal Naive
HOBBIES_1_001_WI_1_validation,2016-04-19,0,1.0,Seasonal Naive
HOBBIES_1_001_WI_1_validation,2016-04-20,0,2.0,Seasonal Naive
HOBBIES_1_001_WI_1_validation,2016-04-21,1,1.0,Seasonal Naive
HOBBIES_1_001_WI_1_validation,2016-04-22,2,0.0,Seasonal Naive
HOBBIES_1_001_WI_1_validation,2016-04-23,1,1.0,Seasonal Naive
HOBBIES_1_001_WI_1_validation,2016-04-24,1,0.0,Seasonal Naive
HOBBIES_1_001_WI_2_validation,2016-03-28,0,0.0,Seasonal Naive
HOBBIES_1_001_WI_2_validation,2016-03-29,1,0.0,Seasonal Naive
HOBBIES_1_001_WI_2_validation,2016-03-30,0,1.0,Seasonal Naive
HOBBIES_1_001_WI_2_validation,2016-03-31,0,0.0,Seasonal Naive
HOBBIES_1_001_WI_2_validation,2016-04-01,0,0.0,Seasonal Naive
HOBBIES_1_001_WI_2_validation,2016-04-02,0,0.0,Seasonal Naive
HOBBIES_1_001_WI_2_validation,2016-04-03,0,0.0,Seasonal Naive
HOBBIES_1_001_WI_2_validation,2016-04-04,0,0.0,Seasonal Naive
HOBBIES_1_001_WI_2_validation,2016-04-05,1,0.0,Seasonal Naive
HOBBIES_1_001_WI_2_validation,2016-04-06,1,1.0,Seasonal Naive
HOBBIES_1_001_WI_2_validation,2016-04-07,0,0.0,Seasonal Naive
HOBBIES_1_001_WI_2_validation,2016-04-08,0,0.0,Seasonal Naive
HOBBIES_1_001_WI_2_validation,2016-04-09,0,0.0,Seasonal Naive
HOBBIES_1_001_WI_2_validation,2016-04-10,0,0.0,Seasonal Naive
HOBBIES_1_001_WI_2_validation,2016-04-11,0,0.0,Seasonal Naive
HOBBIES_1_001_WI_2_validation,2016-04-12,0,0.0,Seasonal Naive
HOBBIES_1_001_WI_2_validation,2016-04-13,1,1.0,Seasonal Naive
HOBBIES_1_001_WI_2_validation,2016-04-14,0,0.0,Seasonal Naive
HOBBIES_1_001_WI_2_validation,2016-04-15,1,0.0,Seasonal Naive
HOBBIES_1_001_WI_2_validation,2016-04-16,1,0.0,Seasonal Naive
HOBBIES_1_001_WI_2_validation,2016-04-17,0,0.0,Seasonal Naive
HOBBIES_1_001_WI_2_validation,2016-04-18,0,0.0,Seasonal Naive
HOBBIES_1_001_WI_2_validation,2016-04-19,0,0.0,Seasonal Naive
HOBBIES_1_001_WI_2_validation,2016-04-20,0,1.0,Seasonal Naive
HOBBIES_1_001_WI_2_validation,2016-04-21,0,0.0,Seasonal Naive
HOBBIES_1_001_WI_2_validation,2016-04-22,0,0.0,Seasonal Naive
HOBBIES_1_001_WI_2_validation,2016-04-23,0,0.0,Seasonal Naive
HOBBIES_1_001_WI_2_validation,2016-04-24,1,0.0,Seasonal Naive
HOBBIES_1_001_WI_3_validation,2016-03-28,0,0.0,Seasonal Naive
HOBBIES_1_001_WI_3_validation,2016-03-29,1,0.0,Seasonal Naive
HOBBIES_1_001_WI_3_validation,2016-03-30,0,0.0,Seasonal Naive
HOBBIES_1_001_WI_3_validation,2016-03-31,0,0.0,Seasonal Naive
HOBBIES_1_001_WI_3_validation,2016-04-01,0,0.0,Seasonal Naive
HOBBIES_1_001_WI_3_validation,2016-04-02,0,0.0,Seasonal Naive
HOBBIES_1_001_WI_3_validation,2016-04-03,1,1.0,Seasonal Naive
HOBBIES_1_001_WI_3_validation,2016-04-04,0,0.0,Seasonal Naive
HOBBIES_1_001_WI_3_validation,2016-04-05,0,0.0,Seasonal Naive
HOBBIES_1_001_WI_3_validation,2016-04-06,0,0.0,Seasonal Naive
HOBBIES_1_001_WI_3_validation,2016-04-07,0,0.0,Seasonal Naive
HOBBIES_1_001_WI_3_validation,2016-04-08,0,0.0,Seasonal Naive
HOBBIES_1_001_WI_3_validation,2016-04-09,0,0.0,Seasonal Naive
HOBBIES_1_001_WI_3_validation,2016-04-10,0,1.0,Seasonal Naive
HOBBIES_1_001_WI_3_validation,2016-04-11,0,0.0,Seasonal Naive
HOBBIES_1_001_WI_3_validation,2016-04-12,0,0.0,Seasonal Naive
HOBBIES_1_001_WI_3_validation,2016-04-13,0,0.0,Seasonal Naive
HOBBIES_1_001_WI_3_validation,2016-04-14,0,0.0,Seasonal Naive
HOBBIES_1_001_WI_3_validation,2016-04-15,0,0.0,Seasonal Naive
HOBBIES_1_001_WI_3_validation,2016-04-16,1,0.0,Seasonal Naive
HOBBIES_1_001_WI_3_validation,2016-04-17,0,1.0,Seasonal Naive
HOBBIES_1_001_WI_3_validation,2016-04-18,0,0.0,Seasonal Naive
HOBBIES_1_001_WI_3_validation,2016-04-19,0,0.0,Seasonal Naive
HOBBIES_1_001_WI_3_validation,2016-04-20,0,0.0,Seasonal Naive
HOBBIES_1_001_WI_3_validation,2016-04-21,0,0.0,Seasonal Naive
HOBBIES_1_001_WI_3_validation,2016-04-22,0,0.0,Seasonal Naive
HOBBIES_1_001_WI_3_validation,2016-04-23,0,0.0,Seasonal Naive
HOBBIES_1_001_WI_3_validation,2016-04-24,0,1.0,Seasonal Naive
HOBBIES_1_002_TX_1_validation,2016-03-28,0,0.0,Seasonal Naive
HOBBIES_1_002_TX_1_validation,2016-03-29,0,0.0,Seasonal Naive
HOBBIES_1_002_TX_1_validation,2016-03-30,0,0.0,Seasonal Naive
HOBBIES_1_002_TX_1_validation,2016-03-31,0,0.0,Seasonal Naive
HOBBIES_1_002_TX_1_validation,2016-04-01,0,0.0,Seasonal Naive
HOBBIES_1_002_TX_1_validation,2016-04-02,0,0.0,Seasonal Naive
HOBBIES_1_002_TX_1_validation,2016-04-03,0,0.0,Seasonal Naive
HOBBIES_1_002_TX_1_validation,2016-04-04,0,0.0,Seasonal Naive
HOBBIES_1_002_TX_1_validation,2016-04-05,0,0.0,Seasonal Naive
HOBBIES_1_002_TX_1_validation,2016-04-06,0,0.0,Seasonal Naive
HOBBIES_1_002_TX_1_validation,2016-04-07,0,0.0,Seasonal Naive
HOBBIES_1_002_TX_1_validation,2016-04-08,0,0.0,Seasonal Naive
HOBBIES_1_002_TX_1_validation,2016-04-09,1,0.0,Seasonal Naive
HOBBIES_1_002_TX_1_validation,2016-04-10,0,0.0,Seasonal Naive
HOBBIES_1_002_TX_1_validation,2016-04-11,0,0.0,Seasonal Naive
HOBBIES_1_002_TX_1_validation,2016-04-12,0,0.0,Seasonal Naive
HOBBIES_1_002_TX_1_validation,2016-04-13,0,0.0,Seasonal Naive
HOBBIES_1_002_TX_1_validation,2016-04-14,0,0.0,Seasonal Naive
HOBBIES_1_002_TX_1_validation,2016-04-15,0,0.0,Seasonal Naive
HOBBIES_1_002_TX_1_validation,2016-04-16,0,0.0,Seasonal Naive
HOBBIES_1_002_TX_1_validation,2016-04-17,0,0.0,Seasonal Naive
HOBBIES_1_002_TX_1_validation,2016-04-18,0,0.0,Seasonal Naive
HOBBIES_1_002_TX_1_validation,2016-04-19,0,0.0,Seasonal Naive
HOBBIES_1_002_TX_1_validation,2016-04-20,0,0.0,Seasonal Naive
HOBBIES_1_002_TX_1_validation,2016-04-21,0,0.0,Seasonal Naive
HOBBIES_1_002_TX_1_validation,2016-04-22,0,0.0,Seasonal Naive
HOBBIES_1_002_TX_1_validation,2016-04-23,0,0.0,Seasonal Naive
HOBBIES_1_002_TX_1_validation,2016-04-24,1,0.0,Seasonal Naive
HOBBIES_1_002_WI_1_validation,2016-03-28,2,3.0,Seasonal Naive
HOBBIES_1_002_WI_1_validation,2016-03-29,0,0.0,Seasonal Naive
HOBBIES_1_002_WI_1_validation,2016-03-30,1,0.0,Seasonal Naive
HOBBIES_1_002_WI_1_validation,2016-03-31,1,0.0,Seasonal Naive
HOBBIES_1_002_WI_1_validation,2016-04-01,1,1.0,Seasonal Naive
HOBBIES_1_002_WI_1_validation,2016-04-02,2,3.0,Seasonal Naive
HOBBIES_1_002_WI_1_validation,2016-04-03,0,3.0,Seasonal Naive
HOBBIES_1_002_WI_1_validation,2016-04-04,0,3.0,Seasonal Naive
HOBBIES_1_002_WI_1_validation,2016-04-05,0,0.0,Seasonal Naive
HOBBIES_1_002_WI_1_validation,2016-04-06,1,0.0,Seasonal Naive
HOBBIES_1_002_WI_1_validation,2016-04-07,0,0.0,Seasonal Naive
HOBBIES_1_002_WI_1_validation,2016-04-08,2,1.0,Seasonal Naive
HOBBIES_1_002_WI_1_validation,2016-04-09,0,3.0,Seasonal Naive
HOBBIES_1_002_WI_1_validation,2016-04-10,1,3.0,Seasonal Naive
HOBBIES_1_002_WI_1_validation,2016-04-11,0,3.0,Seasonal Naive
HOBBIES_1_002_WI_1_validation,2016-04-12,0,0.0,Seasonal Naive
HOBBIES_1_002_WI_1_validation,2016-04-13,1,0.0,Seasonal Naive
HOBBIES_1_002_WI_1_validation,2016-04-14,0,0.0,Seasonal Naive
HOBBIES_1_002_WI_1_validation,2016-04-15,1,1.0,Seasonal Naive
HOBBIES_1_002_WI_1_validation,2016-04-16,1,3.0,Seasonal Naive
HOBBIES_1_002_WI_1_validation,2016-04-17,2,3.0,Seasonal Naive
HOBBIES_1_002_WI_1_validation,2016-04-18,0,3.0,Seasonal Naive
HOBBIES_1_002_WI_1_validation,2016-04-19,0,0.0,Seasonal Naive
HOBBIES_1_002_WI_1_validation,2016-04-20,2,0.0,Seasonal Naive
HOBBIES_1_002_WI_1_validation,2016-04-21,2,0.0,Seasonal Naive
HOBBIES_1_002_WI_1_validation,2016-04-22,0,1.0,Seasonal Naive
HOBBIES_1_002_WI_1_validation,2016-04-23,0,3.0,Seasonal Naive
HOBBIES_1_002_WI_1_validation,2016-04-24,2,3.0,Seasonal Naive
HOUSEHOLD_1_001_CA_1_validation,2016-03-28,0,0.0,Seasonal Naive
HOUSEHOLD_1_001_CA_1_validation,2016-03-29,0,1.0,Seasonal Naive
HOUSEHOLD_1_001_CA_1_validation,2016-03-30,0,0.0,Seasonal Naive
HOUSEHOLD_1_001_CA_1_validation,2016-03-31,1,0.0,Seasonal Naive
HOUSEHOLD_1_001_CA_1_validation,2016-04-01,0,0.0,Seasonal Naive
HOUSEHOLD_1_001_CA_1_validation,2016-04-02,2,2.0,Seasonal Naive
HOUSEHOLD_1_001_CA_1_validation,2016-04-03,0,1.0,Seasonal Naive
HOUSEHOLD_1_001_CA_1_validation,2016-04-04,0,0.0,Seasonal Naive
HOUSEHOLD_1_001_CA_1_validation,2016-04-05,0,1.0,Seasonal Naive
HOUSEHOLD_1_001_CA_1_validation,2016-04-06,0,0.0,Seasonal Naive
HOUSEHOLD_1_001_CA_1_validation,2016-04-07,0,0.0,Seasonal Naive
HOUSEHOLD_1_001_CA_1_validation,2016-04-08,1,0.0,Seasonal Naive
HOUSEHOLD_1_001_CA_1_validation,2016-04-09,0,2.0,Seasonal Naive
HOUSEHOLD_1_001_CA_1_validation,2016-04-10,0,1.0,Seasonal Naive
HOUSEHOLD_1_001_CA_1_validation,2016-04-11,0,0.0,Seasonal Naive
HOUSEHOLD_1_001_CA_1_validation,2016-04-12,0,1.0,Seasonal Naive
HOUSEHOLD_1_001_CA_1_validation,2016-04-13,0,0.0,Seasonal Naive
HOUSEHOLD_1_001_CA_1_validation,2016-04-14,0,0.0,Seasonal Naive
HOUSEHOLD_1_001_CA_1_validation,2016-04-15,1,0.0,Seasonal Naive
HOUSEHOLD_1_001_CA_1_validation,2016-04-16,0,2.0,Seasonal Naive
HOUSEHOLD_1_001_CA_1_validation,2016-04-17,1,1.0,Seasonal Naive
HOUSEHOLD_1_001_CA_1_validation,2016-04-18,1,0.0,Seasonal Naive
HOUSEHOLD_1_001_CA_1_validation,2016-04-19,1,1.0,Seasonal Naive
HOUSEHOLD_1_001_CA_1_validation,2016-04-20,0,0.0,Seasonal Naive
HOUSEHOLD_1_001_CA_1_validation,2016-04-21,0,0.0,Seasonal Naive
HOUSEHOLD_1_001_CA_1_validation,2016-04-22,0,0.0,Seasonal Naive
HOUSEHOLD_1_001_CA_1_validation,2016-04-23,0,2.0,Seasonal Naive
HOUSEHOLD_1_001_CA_1_validation,2016-04-24,1,1.0,Seasonal Naive
HOUSEHOLD_1_001_CA_2_validation,2016-03-28,0,1.0,Seasonal Naive
HOUSEHOLD_1_001_CA_2_validation,2016-03-29,0,1.0,Seasonal Naive
HOUSEHOLD_1_001_CA_2_validation,2016-03-30,1,0.0,Seasonal Naive
HOUSEHOLD_1_001_CA_2_validation,2016-03-31,2,1.0,Seasonal Naive
HOUSEHOLD_1_001_CA_2_validation,2016-04-01,1,0.0,Seasonal Naive
HOUSEHOLD_1_001_CA_2_validation,2016-04-02,0,0.0,Seasonal Naive
HOUSEHOLD_1_001_CA_2_validation,2016-04-03,3,0.0,Seasonal Naive
HOUSEHOLD_1_001_CA_2_validation,2016-04-04,1,1.0,Seasonal Naive
HOUSEHOLD_1_001_CA_2_validation,2016-04-05,2,1.0,Seasonal Naive
HOUSEHOLD_1_001_CA_2_validation,2016-04-06,0,0.0,Seasonal Naive
HOUSEHOLD_1_001_CA_2_validation,2016-04-07,0,1.0,Seasonal Naive
HOUSEHOLD_1_001_CA_2_validation,2016-04-08,0,0.0,Seasonal Naive
HOUSEHOLD_1_001_CA_2_validation,2016-04-09,3,0.0,Seasonal Naive
HOUSEHOLD_1_001_CA_2_validation,2016-04-10,0,0.0,Seasonal Naive
HOUSEHOLD_1_001_CA_2_validation,2016-04-11,0,1.0,Seasonal Naive
HOUSEHOLD_1_001_CA_2_validation,2016-04-12,1,1.0,Seasonal Naive
HOUSEHOLD_1_001_CA_2_validation,2016-04-13,4,0.0,Seasonal Naive
HOUSEHOLD_1_001_CA_2_validation,2016-04-14,2,1.0,Seasonal Naive
HOUSEHOLD_1_001_CA_2_validation,2016-04-15,1,0.0,Seasonal Naive
HOUSEHOLD_1_001_CA_2_validation,2016-04-16,2,0.0,Seasonal Naive
HOUSEHOLD_1_001_CA_2_validation,2016-04-17,0,0.0,Seasonal Naive
HOUSEHOLD_1_001_CA_2_validation,2016-04-18,1,1.0,Seasonal Naive
HOUSEHOLD_1_001_CA_2_validation,2016-04-19,1,1.0,Seasonal Naive
HOUSEHOLD_1_001_CA_2_validation,2016-04-20,2,0.0,Seasonal Naive
HOUSEHOLD_1_001_CA_2_validation,2016-04-21,0,1.0,Seasonal Naive
HOUSEHOLD_1_001_CA_2_validation,2016-04-22,1,0.0,Seasonal Naive
HOUSEHOLD_1_001_CA_2_validation,2016-04-23,0,0.0,Seasonal Naive
HOUSEHOLD_1_001_CA_2_validation,2016-04-24,2,0.0,Seasonal Naive
HOUSEHOLD_1_001_CA_3_validation,2016-03-28,0,1.0,Seasonal Naive
HOUSEHOLD_1_001_CA_3_validation,2016-03-29,0,0.0,Seasonal Naive
HOUSEHOLD_1_001_CA_3_validation,2016-03-30,0,0.0,Seasonal Naive
HOUSEHOLD_1_001_CA_3_validation,2016-03-31,2,1.0,Seasonal Naive
HOUSEHOLD_1_001_CA_3_validation,2016-04-01,2,0.0,Seasonal Naive
HOUSEHOLD_1_001_CA_3_validation,2016-04-02,2,1.0,Seasonal Naive
HOUSEHOLD_1_001_CA_3_validation,2016-04-03,1,1.0,Seasonal Naive
HOUSEHOLD_1_001_CA_3_validation,2016-04-04,0,1.0,Seasonal Naive
HOUSEHOLD_1_001_CA_3_validation,2016-04-05,0,0.0,Seasonal Naive
HOUSEHOLD_1_001_CA_3_validation,2016-04-06,2,0.0,Seasonal Naive
HOUSEHOLD_1_001_CA_3_validation,2016-04-07,1,1.0,Seasonal Naive
HOUSEHOLD_1_001_CA_3_validation,2016-04-08,1,0.0,Seasonal Naive
HOUSEHOLD_1_001_CA_3_validation,2016-04-09,0,1.0,Seasonal Naive
HOUSEHOLD_1_001_CA_3_validation,2016-04-10,1,1.0,Seasonal Naive
HOUSEHOLD_1_001_CA_3_validation,2016-04-11,3,1.0,Seasonal Naive
HOUSEHOLD_1_001_CA_3_validation,2016-04-12,1,0.0,Seasonal Naive
HOUSEHOLD_1_001_CA_3_validation,2016-04-13,0,0.0,Seasonal Naive
HOUSEHOLD_1_001_CA_3_validation,2016-04-14,0,1.0,Seasonal Naive
HOUSEHOLD_1_001_CA_3_validation,2016-04-15,2,0.0,Seasonal Naive
HOUSEHOLD_1_001_CA_3_validation,2016-04-16,2,1.0,Seasonal Naive
HOUSEHOLD_1_001_CA_3_validation,2016-04-17,1,1.0,Seasonal Naive
HOUSEHOLD_1_001_CA_3_validation,2016-04-18,0,1.0,Seasonal Naive
HOUSEHOLD_1_001_CA_3_validation,2016-04-19,0,0.0,Seasonal Naive
HOUSEHOLD_1_001_CA_3_validation,2016-04-20,0,0.0,Seasonal Naive
HOUSEHOLD_1_001_CA_3_validation,2016-04-21,0,1.0,Seasonal Naive
HOUSEHOLD_1_001_CA_3_validation,2016-04-22,3,0.0,Seasonal Naive
HOUSEHOLD_1_001_CA_3_validation,2016-04-23,2,1.0,Seasonal Naive
HOUSEHOLD_1_001_CA_3_validation,2016-04-24,1,1.0,Seasonal Naive
HOUSEHOLD_1_001_CA_4_validation,2016-03-28,1,0.0,Seasonal Naive
HOUSEHOLD_1_001_CA_4_validation,2016-03-29,0,1.0,Seasonal Naive
HOUSEHOLD_1_001_CA_4_validation,2016-03-30,0,0.0,Seasonal Naive
HOUSEHOLD_1_001_CA_4_validation,2016-03-31,0,0.0,Seasonal Naive
HOUSEHOLD_1_001_CA_4_validation,2016-04-01,0,0.0,Seasonal Naive
HOUSEHOLD_1_001_CA_4_validation,2016-04-02,3,1.0,Seasonal Naive
HOUSEHOLD_1_001_CA_4_validation,2016-04-03,0,0.0,Seasonal Naive
HOUSEHOLD_1_001_CA_4_validation,2016-04-04,0,0.0,Seasonal Naive
HOUSEHOLD_1_001_CA_4_validation,2016-04-05,0,1.0,Seasonal Naive
HOUSEHOLD_1_001_CA_4_validation,2016-04-06,1,0.0,Seasonal Naive
HOUSEHOLD_1_001_CA_4_validation,2016-04-07,0,0.0,Seasonal Naive
HOUSEHOLD_1_001_CA_4_validation,2016-04-08,0,0.0,Seasonal Naive
HOUSEHOLD_1_001_CA_4_validation,2016-04-09,2,1.0,Seasonal Naive
HOUSEHOLD_1_001_CA_4_validation,2016-04-10,1,0.0,Seasonal Naive
HOUSEHOLD_1_001_CA_4_validation,2016-04-11,0,0.0,Seasonal Naive
HOUSEHOLD_1_001_CA_4_validation,2016-04-12,1,1.0,Seasonal Naive
HOUSEHOLD_1_001_CA_4_validation,2016-04-13,0,0.0,Seasonal Naive
HOUSEHOLD_1_001_CA_4_validation,2016-04-14,0,0.0,Seasonal Naive
HOUSEHOLD_1_001_CA_4_validation,2016-04-15,0,0.0,Seasonal Naive
HOUSEHOLD_1_001_CA_4_validation,2016-04-16,1,1.0,Seasonal Naive
HOUSEHOLD_1_001_CA_4_validation,2016-04-17,1,0.0,Seasonal Naive
HOUSEHOLD_1_001_CA_4_validation,2016-04-18,0,0.0,Seasonal Naive
HOUSEHOLD_1_001_CA_4_validation,2016-04-19,0,1.0,Seasonal Naive
HOUSEHOLD_1_001_CA_4_validation,2016-04-20,1,0.0,Seasonal Naive
HOUSEHOLD_1_001_CA_4_validation,2016-04-21,1,0.0,Seasonal Naive
HOUSEHOLD_1_001_CA_4_validation,2016-04-22,0,0.0,Seasonal Naive
HOUSEHOLD_1_001_CA_4_validation,2016-04-23,2,1.0,Seasonal Naive
HOUSEHOLD_1_001_CA_4_validation,2016-04-24,0,0.0,Seasonal Naive
HOUSEHOLD_1_001_TX_1_validation,2016-03-28,0,1.0,Seasonal Naive
HOUSEHOLD_1_001_TX_1_validation,2016-03-29,0,0.0,Seasonal Naive
HOUSEHOLD_1_001_TX_1_validation,2016-03-30,0,0.0,Seasonal Naive
HOUSEHOLD_1_001_TX_1_validation,2016-03-31,0,0.0,Seasonal Naive
HOUSEHOLD_1_001_TX_1_validation,2016-04-01,0,0.0,Seasonal Naive
HOUSEHOLD_1_001_TX_1_validation,2016-04-02,0,0.0,Seasonal Naive
HOUSEHOLD_1_001_TX_1_validation,2016-04-03,0,0.0,Seasonal Naive
HOUSEHOLD_1_001_TX_1_validation,2016-04-04,1,1.0,Seasonal Naive
HOUSEHOLD_1_001_TX_1_validation,2016-04-05,2,0.0,Seasonal Naive
HOUSEHOLD_1_001_TX_1_validation,2016-04-06,0,0.0,Seasonal Naive
HOUSEHOLD_1_001_TX_1_validation,2016-04-07,1,0.0,Seasonal Naive
HOUSEHOLD_1_001_TX_1_validation,2016-04-08,0,0.0,Seasonal Naive
HOUSEHOLD_1_001_TX_1_validation,2016-04-09,0,0.0,Seasonal Naive
HOUSEHOLD_1_001_TX_1_validation,2016-04-10,0,0.0,Seasonal Naive
HOUSEHOLD_1_001_TX_1_validation,2016-04-11,1,1.0,Seasonal Naive
HOUSEHOLD_1_001_TX_1_validation,2016-04-12,0,0.0,Seasonal Naive
HOUSEHOLD_1_001_TX_1_validation,2016-04-13,0,0.0,Seasonal Naive
HOUSEHOLD_1_001_TX_1_validation,2016-04-14,0,0.0,Seasonal Naive
HOUSEHOLD_1_001_TX_1_validation,2016-04-15,0,0.0,Seasonal Naive
HOUSEHOLD_1_001_TX_1_validation,2016-04-16,0,0.0,Seasonal Naive
HOUSEHOLD_1_001_TX_1_validation,2016-04-17,0,0.0,Seasonal Naive
HOUSEHOLD_1_001_TX_1_validation,2016-04-18,0,1.0,Seasonal Naive
HOUSEHOLD_1_001_TX_1_validation,2016-04-19,0,0.0,Seasonal Naive
HOUSEHOLD_1_001_TX_1_validation,2016-04-20,0,0.0,Seasonal Naive
HOUSEHOLD_1_001_TX_1_validation,2016-04-21,0,0.0,Seasonal Naive
HOUSEHOLD_1_001_TX_1_validation,2016-04-22,1,0.0,Seasonal Naive
HOUSEHOLD_1_001_TX_1_validation,2016-04-23,0,0.0,Seasonal Naive
HOUSEHOLD_1_001_TX_1_validation,2016-04-24,0,0.0,Seasonal Naive
HOUSEHOLD_1_001_TX_2_validation,2016-03-28,0,0.0,Seasonal Naive
HOUSEHOLD_1_001_TX_2_validation,2016-03-29,0,0.0,Seasonal Naive
HOUSEHOLD_1_001_TX_2_validation,2016-03-30,0,0.0,Seasonal Naive
HOUSEHOLD_1_001_TX_2_validation,2016-03-31,0,1.0,Seasonal Naive
HOUSEHOLD_1_001_TX_2_validation,2016-04-01,0,1.0,Seasonal Naive
HOUSEHOLD_1_001_TX_2_validation,2016-04-02,0,0.0,Seasonal Naive
HOUSEHOLD_1_001_TX_2_validation,2016-04-03,1,0.0,Seasonal Naive
HOUSEHOLD_1_001_TX_2_validation,2016-04-04,0,0.0,Seasonal Naive
HOUSEHOLD_1_001_TX_2_validation,2016-04-05,0,0.0,Seasonal Naive
HOUSEHOLD_1_001_TX_2_validation,2016-04-06,0,0.0,Seasonal Naive
HOUSEHOLD_1_001_TX_2_validation,2016-04-07,0,1.0,Seasonal Naive
HOUSEHOLD_1_001_TX_2_validation,2016-04-08,1,1.0,Seasonal Naive
HOUSEHOLD_1_001_TX_2_validation,2016-04-09,0,0.0,Seasonal Naive
HOUSEHOLD_1_001_TX_2_validation,2016-04-10,0,0.0,Seasonal Naive
HOUSEHOLD_1_001_TX_2_validation,2016-04-11,0,0.0,Seasonal Naive
HOUSEHOLD_1_001_TX_2_validation,2016-04-12,0,0.0,Seasonal Naive
HOUSEHOLD_1_001_TX_2_validation,2016-04-13,0,0.0,Seasonal Naive
HOUSEHOLD_1_001_TX_2_validation,2016-04-14,0,1.0,Seasonal Naive
HOUSEHOLD_1_001_TX_2_validation,2016-04-15,0,1.0,Seasonal Naive
HOUSEHOLD_1_001_TX_2_validation,2016-04-16,0,0.0,Seasonal Naive
HOUSEHOLD_1_001_TX_2_validation,2016-04-17,0,0.0,Seasonal Naive
HOUSEHOLD_1_001_TX_2_validation,2016-04-18,0,0.0,Seasonal Naive
HOUSEHOLD_1_001_TX_2_validation,2016-04-19,0,0.0,Seasonal Naive
HOUSEHOLD_1_001_TX_2_validation,2016-04-20,0,0.0,Seasonal Naive
HOUSEHOLD_1_001_TX_2_validation,2016-04-21,0,1.0,Seasonal Naive
HOUSEHOLD_1_001_TX_2_validation,2016-04-22,1,1.0,Seasonal Naive
HOUSEHOLD_1_001_TX_2_validation,2016-04-23,0,0.0,Seasonal Naive
HOUSEHOLD_1_001_TX_2_validation,2016-04-24,0,0.0,Seasonal Naive
HOUSEHOLD_1_001_TX_3_validation,2016-03-28,0,0.0,Seasonal Naive
HOUSEHOLD_1_001_TX_3_validation,2016-03-29,0,0.0,Seasonal Naive
HOUSEHOLD_1_001_TX_3_validation,2016-03-30,0,0.0,Seasonal Naive
HOUSEHOLD_1_001_TX_3_validation,2016-03-31,0,0.0,Seasonal Naive
HOUSEHOLD_1_001_TX_3_validation,2016-04-01,0,0.0,Seasonal Naive
HOUSEHOLD_1_001_TX_3_validation,2016-04-02,0,0.0,Seasonal Naive
HOUSEHOLD_1_001_TX_3_validation,2016-04-03,0,0.0,Seasonal Naive
HOUSEHOLD_1_001_TX_3_validation,2016-04-04,0,0.0,Seasonal Naive
HOUSEHOLD_1_001_TX_3_validation,2016-04-05,0,0.0,Seasonal Naive
HOUSEHOLD_1_001_TX_3_validation,2016-04-06,0,0.0,Seasonal Naive
HOUSEHOLD_1_001_TX_3_validation,2016-04-07,0,0.0,Seasonal Naive
HOUSEHOLD_1_001_TX_3_validation,2016-04-08,0,0.0,Seasonal Naive
HOUSEHOLD_1_001_TX_3_validation,2016-04-09,0,0.0,Seasonal Naive
HOUSEHOLD_1_001_TX_3_validation,2016-04-10,0,0.0,Seasonal Naive
HOUSEHOLD_1_001_TX_3_validation,2016-04-11,0,0.0,Seasonal Naive
HOUSEHOLD_1_001_TX_3_validation,2016-04-12,0,0.0,Seasonal Naive
HOUSEHOLD_1_001_TX_3_validation,2016-04-13,0,0.0,Seasonal Naive
HOUSEHOLD_1_001_TX_3_validation,2016-04-14,0,0.0,Seasonal Naive
HOUSEHOLD_1_001_TX_3_validation,2016-04-15,0,0.0,Seasonal Naive
HOUSEHOLD_1_001_TX_3_validation,2016-04-16,0,0.0,Seasonal Naive
HOUSEHOLD_1_001_TX_3_validation,2016-04-17,0,0.0,Seasonal Naive
HOUSEHOLD_1_001_TX_3_validation,2016-04-18,0,0.0,Seasonal Naive
HOUSEHOLD_1_001_TX_3_validation,2016-04-19,0,0.0,Seasonal Naive
HOUSEHOLD_1_001_TX_3_validation,2016-04-20,0,0.0,Seasonal Naive
HOUSEHOLD_1_001_TX_3_validation,2016-04-21,1,0.0,Seasonal Naive
HOUSEHOLD_1_001_TX_3_validation,2016-04-22,0,0.0,Seasonal Naive
HOUSEHOLD_1_001_TX_3_validation,2016-04-23,0,0.0,Seasonal Naive
HOUSEHOLD_1_001_TX_3_validation,2016-04-24,0,0.0,Seasonal Naive
HOUSEHOLD_1_001_WI_1_validation,2016-03-28,0,1.0,Seasonal Naive
HOUSEHOLD_1_001_WI_1_validation,2016-03-29,1,0.0,Seasonal Naive
HOUSEHOLD_1_001_WI_1_validation,2016-03-30,1,1.0,Seasonal Naive
HOUSEHOLD_1_001_WI_1_validation,2016-03-31,1,0.0,Seasonal Naive
HOUSEHOLD_1_001_WI_1_validation,2016-04-01,1,1.0,Seasonal Naive
HOUSEHOLD_1_001_WI_1_validation,2016-04-02,2,2.0,Seasonal Naive
HOUSEHOLD_1_001_WI_1_validation,2016-04-03,1,1.0,Seasonal Naive
HOUSEHOLD_1_001_WI_1_validation,2016-04-04,0,1.0,Seasonal Naive
HOUSEHOLD_1_001_WI_1_validation,2016-04-05,0,0.0,Seasonal Naive
HOUSEHOLD_1_001_WI_1_validation,2016-04-06,2,1.0,Seasonal Naive
HOUSEHOLD_1_001_WI_1_validation,2016-04-07,0,0.0,Seasonal Naive
HOUSEHOLD_1_001_WI_1_validation,2016-04-08,1,1.0,Seasonal Naive
HOUSEHOLD_1_001_WI_1_validation,2016-04-09,2,2.0,Seasonal Naive
HOUSEHOLD_1_001_WI_1_validation,2016-04-10,0,1.0,Seasonal Naive
HOUSEHOLD_1_001_WI_1_validation,2016-04-11,1,1.0,Seasonal Naive
HOUSEHOLD_1_001_WI_1_validation,2016-04-12,1,0.0,Seasonal Naive
HOUSEHOLD_1_001_WI_1_validation,2016-04-13,1,1.0,Seasonal Naive
HOUSEHOLD_1_001_WI_1_validation,2016-04-14,2,0.0,Seasonal Naive
HOUSEHOLD_1_001_WI_1_validation,2016-04-15,1,1.0,Seasonal Naive
HOUSEHOLD_1_001_WI_1_validation,2016-04-16,1,2.0,Seasonal Naive
HOUSEHOLD_1_001_WI_1_validation,2016-04-17,1,1.0,Seasonal Naive
HOUSEHOLD_1_001_WI_1_validation,2016-04-18,1,1.0,Seasonal Naive
HOUSEHOLD_1_001_WI_1_validation,2016-04-19,1,0.0,Seasonal Naive
HOUSEHOLD_1_001_WI_1_validation,2016-04-20,0,1.0,Seasonal Naive
HOUSEHOLD_1_001_WI_1_validation,2016-04-21,1,0.0,Seasonal Naive
HOUSEHOLD_1_001_WI_1_validation,2016-04-22,2,1.0,Seasonal Naive
HOUSEHOLD_1_001_WI_1_validation,2016-04-23,1,2.0,Seasonal Naive
HOUSEHOLD_1_001_WI_1_validation,2016-04-24,0,1.0,Seasonal Naive
HOUSEHOLD_1_001_WI_2_validation,2016-03-28,1,0.0,Seasonal Naive
HOUSEHOLD_1_001_WI_2_validation,2016-03-29,0,0.0,Seasonal Naive
HOUSEHOLD_1_001_WI_2_validation,2016-03-30,0,1.0,Seasonal Naive
HOUSEHOLD_1_001_WI_2_validation,2016-03-31,0,0.0,Seasonal Naive
HOUSEHOLD_1_001_WI_2_validation,2016-04-01,0,1.0,Seasonal Naive
HOUSEHOLD_1_001_WI_2_validation,2016-04-02,1,0.0,Seasonal Naive
HOUSEHOLD_1_001_WI_2_validation,2016-04-03,1,0.0,Seasonal Naive
HOUSEHOLD_1_001_WI_2_validation,2016-04-04,0,0.0,Seasonal Naive
HOUSEHOLD_1_001_WI_2_validation,2016-04-05,0,0.0,Seasonal Naive
HOUSEHOLD_1_001_WI_2_validation,2016-04-06,0,1.0,Seasonal Naive
HOUSEHOLD_1_001_WI_2_validation,2016-04-07,0,0.0,Seasonal Naive
HOUSEHOLD_1_001_WI_2_validation,2016-04-08,1,1.0,Seasonal Naive
HOUSEHOLD_1_001_WI_2_validation,2016-04-09,1,0.0,Seasonal Naive
HOUSEHOLD_1_001_WI_2_validation,2016-04-10,1,0.0,Seasonal Naive
HOUSEHOLD_1_001_WI_2_validation,2016-04-11,0,0.0,Seasonal Naive
HOUSEHOLD_1_001_WI_2_validation,2016-04-12,0,0.0,Seasonal Naive
HOUSEHOLD_1_001_WI_2_validation,2016-04-13,1,1.0,Seasonal Naive
HOUSEHOLD_1_001_WI_2_validation,2016-04-14,1,0.0,Seasonal Naive
HOUSEHOLD_1_001_WI_2_validation,2016-04-15,0,1.0,Seasonal Naive
HOUSEHOLD_1_001_WI_2_validation,2016-04-16,2,0.0,Seasonal Naive
HOUSEHOLD_1_001_WI_2_validation,2016-04-17,0,0.0,Seasonal Naive
HOUSEHOLD_1_001_WI_2_validation,2016-04-18,1,0.0,Seasonal Naive
HOUSEHOLD_1_001_WI_2_validation,2016-04-19,0,0.0,Seasonal Naive
HOUSEHOLD_1_001_WI_2_validation,2016-04-20,1,1.0,Seasonal Naive
HOUSEHOLD_1_001_WI_2_validation,2016-04-21,2,0.0,Seasonal Naive
HOUSEHOLD_1_001_WI_2_validation,2016-04-22,0,1.0,Seasonal Naive
HOUSEHOLD_1_001_WI_2_validation,2016-04-23,2,0.0,Seasonal Naive
HOUSEHOLD_1_001_WI_2_validation,2016-04-24,0,0.0,Seasonal Naive
HOUSEHOLD_1_001_WI_3_validation,2016-03-28,0,0.0,Seasonal Naive
HOUSEHOLD_1_001_WI_3_validation,2016-03-29,0,1.0,Seasonal Naive
HOUSEHOLD_1_001_WI_3_validation,2016-03-30,0,1.0,Seasonal Naive
HOUSEHOLD_1_001_WI_3_validation,2016-03-31,1,0.0,Seasonal Naive
HOUSEHOLD_1_001_WI_3_validation,2016-04-01,0,0.0,Seasonal Naive
HOUSEHOLD_1_001_WI_3_validation,2016-04-02,0,0.0,Seasonal Naive
HOUSEHOLD_1_001_WI_3_validation,2016-04-03,0,1.0,Seasonal Naive
HOUSEHOLD_1_001_WI_3_validation,2016-04-04,2,0.0,Seasonal Naive
HOUSEHOLD_1_001_WI_3_validation,2016-04-05,0,1.0,Seasonal Naive
HOUSEHOLD_1_001_WI_3_validation,2016-04-06,0,1.0,Seasonal Naive
HOUSEHOLD_1_001_WI_3_validation,2016-04-07,0,0.0,Seasonal Naive
HOUSEHOLD_1_001_WI_3_validation,2016-04-08,0,0.0,Seasonal Naive
HOUSEHOLD_1_001_WI_3_validation,2016-04-09,0,0.0,Seasonal Naive
HOUSEHOLD_1_001_WI_3_validation,2016-04-10,1,1.0,Seasonal Naive
HOUSEHOLD_1_001_WI_3_validation,2016-04-11,1,0.0,Seasonal Naive
HOUSEHOLD_1_001_WI_3_validation,2016-04-12,0,1.0,Seasonal Naive
HOUSEHOLD_1_001_WI_3_validation,2016-04-13,0,1.0,Seasonal Naive
HOUSEHOLD_1_001_WI_3_validation,2016-04-14,0,0.0,Seasonal Naive
HOUSEHOLD_1_001_WI_3_validation,2016-04-15,0,0.0,Seasonal Naive
HOUSEHOLD_1_001_WI_3_validation,2016-04-16,0,0.0,Seasonal Naive
HOUSEHOLD_1_001_WI_3_validation,2016-04-17,1,1.0,Seasonal Naive
HOUSEHOLD_1_001_WI_3_validation,2016-04-18,0,0.0,Seasonal Naive
HOUSEHOLD_1_001_WI_3_validation,2016-04-19,0,1.0,Seasonal Naive
HOUSEHOLD_1_001_WI_3_validation,2016-04-20,0,1.0,Seasonal Naive
HOUSEHOLD_1_001_WI_3_validation,2016-04-21,0,0.0,Seasonal Naive
HOUSEHOLD_1_001_WI_3_validation,2016-04-22,0,0.0,Seasonal Naive
HOUSEHOLD_1_001_WI_3_validation,2016-04-23,0,0.0,Seasonal Naive
HOUSEHOLD_1_001_WI_3_validation,2016-04-24,0,1.0,Seasonal Naive
HOUSEHOLD_1_002_TX_1_validation,2016-03-28,0,0.0,Seasonal Naive
HOUSEHOLD_1_002_TX_1_validation,2016-03-29,1,0.0,Seasonal Naive
HOUSEHOLD_1_002_TX_1_validation,2016-03-30,0,0.0,Seasonal Naive
HOUSEHOLD_1_002_TX_1_validation,2016-03-31,0,0.0,Seasonal Naive
HOUSEHOLD_1_002_TX_1_validation,2016-04-01,0,0.0,Seasonal Naive
HOUSEHOLD_1_002_TX_1_validation,2016-04-02,0,0.0,Seasonal Naive
HOUSEHOLD_1_002_TX_1_validation,2016-04-03,0,0.0,Seasonal Naive
HOUSEHOLD_1_002_TX_1_validation,2016-04-04,0,0.0,Seasonal Naive
HOUSEHOLD_1_002_TX_1_validation,2016-04-05,0,0.0,Seasonal Naive
HOUSEHOLD_1_002_TX_1_validation,2016-04-06,0,0.0,Seasonal Naive
HOUSEHOLD_1_002_TX_1_validation,2016-04-07,0,0.0,Seasonal Naive
HOUSEHOLD_1_002_TX_1_validation,2016-04-08,0,0.0,Seasonal Naive
HOUSEHOLD_1_002_TX_1_validation,2016-04-09,0,0.0,Seasonal Naive
HOUSEHOLD_1_002_TX_1_validation,2016-04-10,0,0.0,Seasonal Naive
HOUSEHOLD_1_002_TX_1_validation,2016-04-11,1,0.0,Seasonal Naive
HOUSEHOLD_1_002_TX_1_validation,2016-04-12,0,0.0,Seasonal Naive
HOUSEHOLD_1_002_TX_1_validation,2016-04-13,0,0.0,Seasonal Naive
HOUSEHOLD_1_002_TX_1_validation,2016-04-14,0,0.0,Seasonal Naive
HOUSEHOLD_1_002_TX_1_validation,2016-04-15,0,0.0,Seasonal Naive
HOUSEHOLD_1_002_TX_1_validation,2016-04-16,0,0.0,Seasonal Naive
HOUSEHOLD_1_002_TX_1_validation,2016-04-17,1,0.0,Seasonal Naive
HOUSEHOLD_1_002_TX_1_validation,2016-04-18,0,0.0,Seasonal Naive
HOUSEHOLD_1_002_TX_1_validation,2016-04-19,1,0.0,Seasonal Naive
HOUSEHOLD_1_002_TX_1_validation,2016-04-20,1,0.0,Seasonal Naive
HOUSEHOLD_1_002_TX_1_validation,2016-04-21,0,0.0,Seasonal Naive
HOUSEHOLD_1_002_TX_1_validation,2016-04-22,1,0.0,Seasonal Naive
HOUSEHOLD_1_002_TX_1_validation,2016-04-23,0,0.0,Seasonal Naive
HOUSEHOLD_1_002_TX_1_validation,2016-04-24,0,0.0,Seasonal Naive
HOUSEHOLD_1_002_WI_1_validation,2016-03-28,2,0.0,Seasonal Naive
HOUSEHOLD_1_002_WI_1_validation,2016-03-29,0,0.0,Seasonal Naive
HOUSEHOLD_1_002_WI_1_validation,2016-03-30,0,0.0,Seasonal Naive
HOUSEHOLD_1_002_WI_1_validation,2016-03-31,1,0.0,Seasonal Naive
HOUSEHOLD_1_002_WI_1_validation,2016-04-01,0,1.0,Seasonal Naive
HOUSEHOLD_1_002_WI_1_validation,2016-04-02,2,2.0,Seasonal Naive
HOUSEHOLD_1_002_WI_1_validation,2016-04-03,4,1.0,Seasonal Naive
HOUSEHOLD_1_002_WI_1_validation,2016-04-04,1,0.0,Seasonal Naive
HOUSEHOLD_1_002_WI_1_validation,2016-04-05,0,0.0,Seasonal Naive
HOUSEHOLD_1_002_WI_1_validation,2016-04-06,0,0.0,Seasonal Naive
HOUSEHOLD_1_002_WI_1_validation,2016-04-07,0,0.0,Seasonal Naive
HOUSEHOLD_1_002_WI_1_validation,2016-04-08,1,1.0,Seasonal Naive
HOUSEHOLD_1_002_WI_1_validation,2016-04-09,3,2.0,Seasonal Naive
HOUSEHOLD_1_002_WI_1_validation,2016-04-10,1,1.0,Seasonal Naive
HOUSEHOLD_1_002_WI_1_validation,2016-04-11,1,0.0,Seasonal Naive
HOUSEHOLD_1_002_WI_1_validation,2016-04-12,0,0.0,Seasonal Naive
HOUSEHOLD_1_002_WI_1_validation,2016-04-13,3,0.0,Seasonal Naive
HOUSEHOLD_1_002_WI_1_validation,2016-04-14,1,0.0,Seasonal Naive
HOUSEHOLD_1_002_WI_1_validation,2016-04-15,2,1.0,Seasonal Naive
HOUSEHOLD_1_002_WI_1_validation,2016-04-16,0,2.0,Seasonal Naive
HOUSEHOLD_1_002_WI_1_validation,2016-04-17,1,1.0,Seasonal Naive
HOUSEHOLD_1_002_WI_1_validation,2016-04-18,2,0.0,Seasonal Naive
HOUSEHOLD_1_002_WI_1_validation,2016-04-19,0,0.0,Seasonal Naive
HOUSEHOLD_1_002_WI_1_validation,2016-04-20,0,0.0,Seasonal Naive
HOUSEHOLD_1_002_WI_1_validation,2016-04-21,1,0.0,Seasonal Naive
HOUSEHOLD_1_002_WI_1_validation,2016-04-22,1,1.0,Seasonal Naive
HOUSEHOLD_1_002_WI_1_validation,2016-04-23,1,2.0,Seasonal Naive
HOUSEHOLD_1_002_WI_1_validation,2016-04-24,1,1.0,Seasonal Naive
FOODS_1_001_CA_1_validation,2016-03-28,2,0.7612291417701945,Gradient Boosting
FOODS_1_001_CA_1_validation,2016-03-29,1,0.8126125134542892,Gradient Boosting
FOODS_1_001_CA_1_validation,2016-03-30,1,0.8065417877750353,Gradient Boosting
FOODS_1_001_CA_1_validation,2016-03-31,0,0.7210116048167514,Gradient Boosting
FOODS_1_001_CA_1_validation,2016-04-01,4,0.7799137865207036,Gradient Boosting
FOODS_1_001_CA_1_validation,2016-04-02,0,1.0070233850674402,Gradient Boosting
FOODS_1_001_CA_1_validation,2016-04-03,0,0.9531533566348478,Gradient Boosting
FOODS_1_001_CA_1_validation,2016-04-04,4,0.7077203515190041,Gradient Boosting
FOODS_1_001_CA_1_validation,2016-04-05,1,0.7255201792752836,Gradient Boosting
FOODS_1_001_CA_1_validation,2016-04-06,3,0.6977661038705852,Gradient Boosting
FOODS_1_001_CA_1_validation,2016-04-07,0,0.7952566545949371,Gradient Boosting
FOODS_1_001_CA_1_validation,2016-04-08,1,0.8860893153642744,Gradient Boosting
FOODS_1_001_CA_1_validation,2016-04-09,0,0.9817004605786713,Gradient Boosting
FOODS_1_001_CA_1_validation,2016-04-10,2,0.9594223120439875,Gradient Boosting
FOODS_1_001_CA_1_validation,2016-04-11,2,0.8234236465858555,Gradient Boosting
FOODS_1_001_CA_1_validation,2016-04-12,0,0.740625685710384,Gradient Boosting
FOODS_1_001_CA_1_validation,2016-04-13,1,0.740625685710384,Gradient Boosting
FOODS_1_001_CA_1_validation,2016-04-14,1,0.7259330958615037,Gradient Boosting
FOODS_1_001_CA_1_validation,2016-04-15,0,0.8239420791985778,Gradient Boosting
FOODS_1_001_CA_1_validation,2016-04-16,2,0.9988330076217615,Gradient Boosting
FOODS_1_001_CA_1_validation,2016-04-17,0,0.9514242044427347,Gradient Boosting
FOODS_1_001_CA_1_validation,2016-04-18,4,0.7539842265758789,Gradient Boosting
FOODS_1_001_CA_1_validation,2016-04-19,1,0.7384836169320508,Gradient Boosting
FOODS_1_001_CA_1_validation,2016-04-20,1,0.7539842265758789,Gradient Boosting
FOODS_1_001_CA_1_validation,2016-04-21,0,0.7079089185270633,Gradient Boosting
FOODS_1_001_CA_1_validation,2016-04-22,1,0.8045761984023866,Gradient Boosting
FOODS_1_001_CA_1_validation,2016-04-23,1,0.8817903788437562,Gradient Boosting
FOODS_1_001_CA_1_validation,2016-04-24,0,0.7917795168668795,Gradient Boosting
FOODS_1_001_CA_2_validation,2016-03-28,0,0.9436442298006421,Gradient Boosting
FOODS_1_001_CA_2_validation,2016-03-29,0,0.9402934181006701,Gradient Boosting
FOODS_1_001_CA_2_validation,2016-03-30,0,0.9402934181006701,Gradient Boosting
FOODS_1_001_CA_2_validation,2016-03-31,0,0.9402934181006701,Gradient Boosting
FOODS_1_001_CA_2_validation,2016-04-01,0,0.9504973213178591,Gradient Boosting
FOODS_1_001_CA_2_validation,2016-04-02,0,1.8483177185589574,Gradient Boosting
FOODS_1_001_CA_2_validation,2016-04-03,0,1.040213614289174,Gradient Boosting
FOODS_1_001_CA_2_validation,2016-04-04,1,0.7683982580545853,Gradient Boosting
FOODS_1_001_CA_2_validation,2016-04-05,1,0.7538349038004998,Gradient Boosting
FOODS_1_001_CA_2_validation,2016-04-06,2,0.7844853447886229,Gradient Boosting
FOODS_1_001_CA_2_validation,2016-04-07,0,0.8148486322595334,Gradient Boosting
FOODS_1_001_CA_2_validation,2016-04-08,0,0.8998423788955064,Gradient Boosting
FOODS_1_001_CA_2_validation,2016-04-09,0,1.1403671240157607,Gradient Boosting
FOODS_1_001_CA_2_validation,2016-04-10,0,1.0341428886099202,Gradient Boosting
FOODS_1_001_CA_2_validation,2016-04-11,0,0.7929881976675135,Gradient Boosting
FOODS_1_001_CA_2_validation,2016-04-12,0,0.8076807875163938,Gradient Boosting
FOODS_1_001_CA_2_validation,2016-04-13,2,0.7983076805202574,Gradient Boosting
FOODS_1_001_CA_2_validation,2016-04-14,0,0.7983076805202574,Gradient Boosting
FOODS_1_001_CA_2_validation,2016-04-15,1,0.9456826722205496,Gradient Boosting
FOODS_1_001_CA_2_validation,2016-04-16,0,1.111303743971784,Gradient Boosting
FOODS_1_001_CA_2_validation,2016-04-17,14,1.0221184720331,Gradient Boosting
FOODS_1_001_CA_2_validation,2016-04-18,0,0.8091778845224156,Gradient Boosting
FOODS_1_001_CA_2_validation,2016-04-19,1,0.8076807875163938,Gradient Boosting
FOODS_1_001_CA_2_validation,2016-04-20,1,0.8076807875163938,Gradient Boosting
FOODS_1_001_CA_2_validation,2016-04-21,4,0.8076807875163938,Gradient Boosting
FOODS_1_001_CA_2_validation,2016-04-22,0,0.9089804711678704,Gradient Boosting
FOODS_1_001_CA_2_validation,2016-04-23,0,1.1010553669296876,Gradient Boosting
FOODS_1_001_CA_2_validation,2016-04-24,4,1.020621375027078,Gradient Boosting
FOODS_1_001_CA_3_validation,2016-03-28,0,0.44861866906801184,Gradient Boosting
FOODS_1_001_CA_3_validation,2016-03-29,0,0.5733303852503341,Gradient Boosting
FOODS_1_001_CA_3_validation,2016-03-30,1,0.6746076063761355,Gradient Boosting
FOODS_1_001_CA_3_validation,2016-03-31,0,0.5782903514917399,Gradient Boosting
FOODS_1_001_CA_3_validation,2016-04-01,0,0.7183860336453995,Gradient Boosting
FOODS_1_001_CA_3_validation,2016-04-02,1,1.0745407767582575,Gradient Boosting
FOODS_1_001_CA_3_validation,2016-04-03,0,1.3455417084097179,Gradient Boosting
FOODS_1_001_CA_3_validation,2016-04-04,0,0.7628814666125172,Gradient Boosting
FOODS_1_001_CA_3_validation,2016-04-05,0,0.8145119000683535,Gradient Boosting
FOODS_1_001_CA_3_validation,2016-04-06,1,0.7984248133343159,Gradient Boosting
FOODS_1_001_CA_3_validation,2016-04-07,0,0.7962842854224521,Gradient Boosting
FOODS_1_001_CA_3_validation,2016-04-08,0,0.8223480975081153,Gradient Boosting
FOODS_1_001_CA_3_validation,2016-04-09,4,1.3461413599919114,Gradient Boosting
FOODS_1_001_CA_3_validation,2016-04-10,2,0.9844882478954161,Gradient Boosting
FOODS_1_001_CA_3_validation,2016-04-11,1,0.8480789847258867,Gradient Boosting
FOODS_1_001_CA_3_validation,2016-04-12,0,0.8647674282727337,Gradient Boosting
FOODS_1_001_CA_3_validation,2016-04-13,0,0.8647674282727337,Gradient Boosting
FOODS_1_001_CA_3_validation,2016-04-14,0,0.8160458695624861,Gradient Boosting
FOODS_1_001_CA_3_validation,2016-04-15,0,0.8860745234512794,Gradient Boosting
FOODS_1_001_CA_3_validation,2016-04-16,0,1.002595839646372,Gradient Boosting
FOODS_1_001_CA_3_validation,2016-04-17,13,0.9123251380042798,Gradient Boosting
FOODS_1_001_CA_3_validation,2016-04-18,0,0.7408423144679732,Gradient Boosting
FOODS_1_001_CA_3_validation,2016-04-19,0,0.7663169334551153,Gradient Boosting
FOODS_1_001_CA_3_validation,2016-04-20,0,0.7555610589463725,Gradient Boosting
FOODS_1_001_CA_3_validation,2016-04-21,0,0.7555610589463725,Gradient Boosting
FOODS_1_001_CA_3_validation,2016-04-22,0,0.8051681087195304,Gradient Boosting
FOODS_1_001_CA_3_validation,2016-04-23,1,1.320283961076482,Gradient Boosting
FOODS_1_001_CA_3_validation,2016-04-24,0,1.0755727724764834,Gradient Boosting
FOODS_1_001_CA_4_validation,2016-03-28,2,0.4816968474299077,Gradient Boosting
FOODS_1_001_CA_4_validation,2016-03-29,0,0.46943575670264165,Gradient Boosting
FOODS_1_001_CA_4_validation,2016-03-30,0,0.5282693212498777,Gradient Boosting
FOODS_1_001_CA_4_validation,2016-03-31,0,0.4982177537458015,Gradient Boosting
FOODS_1_001_CA_4_validation,2016-04-01,0,0.5593133879094777,Gradient Boosting
FOODS_1_001_CA_4_validation,2016-04-02,0,0.5881370570675051,Gradient Boosting
FOODS_1_001_CA_4_validation,2016-04-03,0,0.5202234148464022,Gradient Boosting
FOODS_1_001_CA_4_validation,2016-04-04,1,0.49737911605361473,Gradient Boosting
FOODS_1_001_CA_4_validation,2016-04-05,0,0.3684446538689068,Gradient Boosting
FOODS_1_001_CA_4_validation,2016-04-06,1,0.4405712460910766,Gradient Boosting
FOODS_1_001_CA_4_validation,2016-04-07,0,0.43750520078993554,Gradient Boosting
FOODS_1_001_CA_4_validation,2016-04-08,0,0.395136811561717,Gradient Boosting
FOODS_1_001_CA_4_validation,2016-04-09,0,0.4158541116259637,Gradient Boosting
FOODS_1_001_CA_4_validation,2016-04-10,0,0.38553877790861574,Gradient Boosting
FOODS_1_001_CA_4_validation,2016-04-11,0,0.34652802497954094,Gradient Boosting
FOODS_1_001_CA_4_validation,2016-04-12,0,0.34346197967839986,Gradient Boosting
FOODS_1_001_CA_4_validation,2016-04-13,0,0.34346197967839986,Gradient Boosting
FOODS_1_001_CA_4_validation,2016-04-14,0,0.34346197967839986,Gradient Boosting
FOODS_1_001_CA_4_validation,2016-04-15,0,0.36519387975178635,Gradient Boosting
FOODS_1_001_CA_4_validation,2016-04-16,0,0.4006361416029362,Gradient Boosting
FOODS_1_001_CA_4_validation,2016-04-17,0,0.3733868531867293,Gradient Boosting
FOODS_1_001_CA_4_validation,2016-04-18,2,0.3469059903148697,Gradient Boosting
FOODS_1_001_CA_4_validation,2016-04-19,0,0.3153332105863817,Gradient Boosting
FOODS_1_001_CA_4_validation,2016-04-20,0,0.3469059903148697,Gradient Boosting
FOODS_1_001_CA_4_validation,2016-04-21,0,0.3153332105863817,Gradient Boosting
FOODS_1_001_CA_4_validation,2016-04-22,1,0.3326766002230826,Gradient Boosting
FOODS_1_001_CA_4_validation,2016-04-23,1,0.4143442217471295,Gradient Boosting
FOODS_1_001_CA_4_validation,2016-04-24,1,0.34089094068220976,Gradient Boosting
FOODS_1_001_TX_1_validation,2016-03-28,0,0.5478899542227678,Gradient Boosting
FOODS_1_001_TX_1_validation,2016-03-29,0,0.5575969219684341,Gradient Boosting
FOODS_1_001_TX_1_validation,2016-03-30,0,0.5575969219684341,Gradient Boosting
FOODS_1_001_TX_1_validation,2016-03-31,0,0.630485748047694,Gradient Boosting
FOODS_1_001_TX_1_validation,2016-04-01,0,0.7159685583457747,Gradient Boosting
FOODS_1_001_TX_1_validation,2016-04-02,0,0.7335489884662744,Gradient Boosting
FOODS_1_001_TX_1_validation,2016-04-03,0,0.6694644807932973,Gradient Boosting
FOODS_1_001_TX_1_validation,2016-04-04,0,0.5447884722720419,Gradient Boosting
FOODS_1_001_TX_1_validation,2016-04-05,1,0.5447884722720419,Gradient Boosting
FOODS_1_001_TX_1_validation,2016-04-06,0,0.6295391715433812,Gradient Boosting
FOODS_1_001_TX_1_validation,2016-04-07,0,0.6295391715433812,Gradient Boosting
FOODS_1_001_TX_1_validation,2016-04-08,0,0.714066294387376,Gradient Boosting
FOODS_1_001_TX_1_validation,2016-04-09,0,0.7293004542894634,Gradient Boosting
FOODS_1_001_TX_1_validation,2016-04-10,0,0.6651372524410111,Gradient Boosting
FOODS_1_001_TX_1_validation,2016-04-11,0,0.6260678254739084,Gradient Boosting
FOODS_1_001_TX_1_validation,2016-04-12,0,0.6260678254739084,Gradient Boosting
FOODS_1_001_TX_1_validation,2016-04-13,0,0.6260678254739084,Gradient Boosting
FOODS_1_001_TX_1_validation,2016-04-14,0,0.6228415762757735,Gradient Boosting
FOODS_1_001_TX_1_validation,2016-04-15,0,0.6133003858980249,Gradient Boosting
FOODS_1_001_TX_1_validation,2016-04-16,0,0.7300776423968015,Gradient Boosting
FOODS_1_001_TX_1_validation,2016-04-17,0,0.6616659063715382,Gradient Boosting
FOODS_1_001_TX_1_validation,2016-04-18,0,0.541317126202569,Gradient Boosting
FOODS_1_001_TX_1_validation,2016-04-19,0,0.541317126202569,Gradient Boosting
FOODS_1_001_TX_1_validation,2016-04-20,0,0.541317126202569,Gradient Boosting
FOODS_1_001_TX_1_validation,2016-04-21,0,0.541317126202569,Gradient Boosting
FOODS_1_001_TX_1_validation,2016-04-22,0,0.6108449545119912,Gradient Boosting
FOODS_1_001_TX_1_validation,2016-04-23,0,0.6080328834413704,Gradient Boosting
FOODS_1_001_TX_1_validation,2016-04-24,0,0.5279395026948988,Gradient Boosting
FOODS_1_001_TX_2_validation,2016-03-28,0,0.5084031709896489,Gradient Boosting
FOODS_1_001_TX_2_validation,2016-03-29,0,0.540584721397114,Gradient Boosting
FOODS_1_001_TX_2_validation,2016-03-30,0,0.5150031354838652,Gradient Boosting
FOODS_1_001_TX_2_validation,2016-03-31,3,0.6166246007182306,Gradient Boosting
FOODS_1_001_TX_2_validation,2016-04-01,0,0.4178051330782589,Gradient Boosting
FOODS_1_001_TX_2_validation,2016-04-02,0,0.5019782911961211,Gradient Boosting
FOODS_1_001_TX_2_validation,2016-04-03,0,0.46823145878589284,Gradient Boosting
FOODS_1_001_TX_2_validation,2016-04-04,0,0.3925700684983901,Gradient Boosting
FOODS_1_001_TX_2_validation,2016-04-05,0,0.39086424967242356,Gradient Boosting
FOODS_1_001_TX_2_validation,2016-04-06,0,0.38792054983752533,Gradient Boosting
FOODS_1_001_TX_2_validation,2016-04-07,0,0.3925700684983901,Gradient Boosting
FOODS_1_001_TX_2_validation,2016-04-08,1,0.42431296878271263,Gradient Boosting
FOODS_1_001_TX_2_validation,2016-04-09,0,0.5019782911961211,Gradient Boosting
FOODS_1_001_TX_2_validation,2016-04-10,1,0.46823145878589284,Gradient Boosting
FOODS_1_001_TX_2_validation,2016-04-11,0,0.44361877912159386,Gradient Boosting
FOODS_1_001_TX_2_validation,2016-04-12,0,0.4405527338204528,Gradient Boosting
FOODS_1_001_TX_2_validation,2016-04-13,0,0.4405527338204528,Gradient Boosting
FOODS_1_001_TX_2_validation,2016-04-14,1,0.5342061806986753,Gradient Boosting
FOODS_1_001_TX_2_validation,2016-04-15,3,0.36295837336376546,Gradient Boosting
FOODS_1_001_TX_2_validation,2016-04-16,0,0.40949422836935445,Gradient Boosting
FOODS_1_001_TX_2_validation,2016-04-17,1,0.3769788401478591,Gradient Boosting
FOODS_1_001_TX_2_validation,2016-04-18,0,0.40414014608390686,Gradient Boosting
FOODS_1_001_TX_2_validation,2016-04-19,0,0.3497171861968717,Gradient Boosting
FOODS_1_001_TX_2_validation,2016-04-20,0,0.3497171861968717,Gradient Boosting
FOODS_1_001_TX_2_validation,2016-04-21,0,0.4221121716392813,Gradient Boosting
FOODS_1_001_TX_2_validation,2016-04-22,0,0.3811234537973201,Gradient Boosting
FOODS_1_001_TX_2_validation,2016-04-23,1,0.4196033558360858,Gradient Boosting
FOODS_1_001_TX_2_validation,2016-04-24,0,0.3939213357010027,Gradient Boosting
FOODS_1_001_TX_3_validation,2016-03-28,0,0.3939171793893666,Gradient Boosting
FOODS_1_001_TX_3_validation,2016-03-29,0,0.38505996189099045,Gradient Boosting
FOODS_1_001_TX_3_validation,2016-03-30,0,0.3863481789428228,Gradient Boosting
FOODS_1_001_TX_3_validation,2016-03-31,0,0.3863481789428228,Gradient Boosting
FOODS_1_001_TX_3_validation,2016-04-01,1,0.4263692330782412,Gradient Boosting
FOODS_1_001_TX_3_validation,2016-04-02,1,0.5069782553265479,Gradient Boosting
FOODS_1_001_TX_3_validation,2016-04-03,1,0.4652760946062339,Gradient Boosting
FOODS_1_001_TX_3_validation,2016-04-04,0,0.37787179559508094,Gradient Boosting
FOODS_1_001_TX_3_validation,2016-04-05,1,0.3749280957601827,Gradient Boosting
FOODS_1_001_TX_3_validation,2016-04-06,0,0.3877982043712825,Gradient Boosting
FOODS_1_001_TX_3_validation,2016-04-07,0,0.3846567489794202,Gradient Boosting
FOODS_1_001_TX_3_validation,2016-04-08,2,0.361445283016564,Gradient Boosting
FOODS_1_001_TX_3_validation,2016-04-09,0,0.4250388444446434,Gradient Boosting
FOODS_1_001_TX_3_validation,2016-04-10,1,0.40253892667440655,Gradient Boosting
FOODS_1_001_TX_3_validation,2016-04-11,1,0.357010753294476,Gradient Boosting
FOODS_1_001_TX_3_validation,2016-04-12,0,0.357010753294476,Gradient Boosting
FOODS_1_001_TX_3_validation,2016-04-13,0,0.357010753294476,Gradient Boosting
FOODS_1_001_TX_3_validation,2016-04-14,1,0.357010753294476,Gradient Boosting
FOODS_1_001_TX_3_validation,2016-04-15,0,0.38246616436609215,Gradient Boosting
FOODS_1_001_TX_3_validation,2016-04-16,1,0.42337169731681684,Gradient Boosting
FOODS_1_001_TX_3_validation,2016-04-17,1,0.34551245764557037,Gradient Boosting
FOODS_1_001_TX_3_validation,2016-04-18,1,0.30821799769218217,Gradient Boosting
FOODS_1_001_TX_3_validation,2016-04-19,0,0.30821799769218217,Gradient Boosting
FOODS_1_001_TX_3_validation,2016-04-20,0,0.30821799769218217,Gradient Boosting
FOODS_1_001_TX_3_validation,2016-04-21,2,0.30821799769218217,Gradient Boosting
FOODS_1_001_TX_3_validation,2016-04-22,0,0.3326766002230826,Gradient Boosting
FOODS_1_001_TX_3_validation,2016-04-23,0,0.36292353133162786,Gradient Boosting
FOODS_1_001_TX_3_validation,2016-04-24,0,0.34448292764333954,Gradient Boosting
FOODS_1_001_WI_1_validation,2016-03-28,1,0.43852029875750936,Gradient Boosting
FOODS_1_001_WI_1_validation,2016-03-29,1,0.41750145446875014,Gradient Boosting
FOODS_1_001_WI_1_validation,2016-03-30,0,0.4205674997698912,Gradient Boosting
FOODS_1_001_WI_1_validation,2016-03-31,1,0.4205674997698912,Gradient Boosting
FOODS_1_001_WI_1_validation,2016-04-01,0,0.4835521404468061,Gradient Boosting
FOODS_1_001_WI_1_validation,2016-04-02,0,0.5783364197888511,Gradient Boosting
FOODS_1_001_WI_1_validation,2016-04-03,0,0.5709546116329668,Gradient Boosting
FOODS_1_001_WI_1_validation,2016-04-04,0,0.40172253859006196,Gradient Boosting
FOODS_1_001_WI_1_validation,2016-04-05,0,0.3925700684983901,Gradient Boosting
FOODS_1_001_WI_1_validation,2016-04-06,0,0.4032835214460196,Gradient Boosting
FOODS_1_001_WI_1_validation,2016-04-07,0,0.3925700684983901,Gradient Boosting
FOODS_1_001_WI_1_validation,2016-04-08,1,0.43904404708530503,Gradient Boosting
FOODS_1_001_WI_1_validation,2016-04-09,0,0.4822241127354912,Gradient Boosting
FOODS_1_001_WI_1_validation,2016-04-10,0,0.47651913468586315,Gradient Boosting
FOODS_1_001_WI_1_validation,2016-04-11,1,0.38485450453638426,Gradient Boosting
FOODS_1_001_WI_1_validation,2016-04-12,0,0.3877982043712825,Gradient Boosting
FOODS_1_001_WI_1_validation,2016-04-13,0,0.3877982043712825,Gradient Boosting
FOODS_1_001_WI_1_validation,2016-04-14,0,0.3877982043712825,Gradient Boosting
FOODS_1_001_WI_1_validation,2016-04-15,0,0.5273640764050416,Gradient Boosting
FOODS_1_001_WI_1_validation,2016-04-16,0,0.6043757925565214,Gradient Boosting
FOODS_1_001_WI_1_validation,2016-04-17,1,0.545763579825919,Gradient Boosting
FOODS_1_001_WI_1_validation,2016-04-18,0,0.44719713834338326,Gradient Boosting
FOODS_1_001_WI_1_validation,2016-04-19,2,0.4291228202744138,Gradient Boosting
FOODS_1_001_WI_1_validation,2016-04-20,0,0.4291228202744138,Gradient Boosting
FOODS_1_001_WI_1_validation,2016-04-21,0,0.5326700060057731,Gradient Boosting
FOODS_1_001_WI_1_validation,2016-04-22,0,0.6306399811538594,Gradient Boosting
FOODS_1_001_WI_1_validation,2016-04-23,8,0.5530070821418122,Gradient Boosting
FOODS_1_001_WI_1_validation,2016-04-24,1,0.5302964277896345,Gradient Boosting
FOODS_1_001_WI_2_validation,2016-03-28,0,0.37699461624695324,Gradient Boosting
FOODS_1_001_WI_2_validation,2016-03-29,0,0.37699461624695324,Gradient Boosting
FOODS_1_001_WI_2_validation,2016-03-30,0,0.3712838728859253,Gradient Boosting
FOODS_1_001_WI_2_validation,2016-03-31,0,0.3712838728859253,Gradient Boosting
FOODS_1_001_WI_2_validation,2016-04-01,0,0.402105663035246,Gradient Boosting
FOODS_1_001_WI_2_validation,2016-04-02,0,0.44767989898884253,Gradient Boosting
FOODS_1_001_WI_2_validation,2016-04-03,2,0.413931651273968,Gradient Boosting
FOODS_1_001_WI_2_validation,2016-04-04,0,0.34466480068724975,Gradient Boosting
FOODS_1_001_WI_2_validation,2016-04-05,0,0.3417831656689527,Gradient Boosting
FOODS_1_001_WI_2_validation,2016-04-06,2,0.3417831656689527,Gradient Boosting
FOODS_1_001_WI_2_validation,2016-04-07,0,0.38846998636364694,Gradient Boosting
FOODS_1_001_WI_2_validation,2016-04-08,0,0.4139253974352631,Gradient Boosting
FOODS_1_001_WI_2_validation,2016-04-09,0,0.4715985629962329,Gradient Boosting
FOODS_1_001_WI_2_validation,2016-04-10,0,0.38063837691137464,Gradient Boosting
FOODS_1_001_WI_2_validation,2016-04-11,2,0.3238082438657429,Gradient Boosting
FOODS_1_001_WI_2_validation,2016-04-12,0,0.3238082438657429,Gradient Boosting
FOODS_1_001_WI_2_validation,2016-04-13,3,0.3238082438657429,Gradient Boosting
FOODS_1_001_WI_2_validation,2016-04-14,0,0.3238082438657429,Gradient Boosting
FOODS_1_001_WI_2_validation,2016-04-15,0,0.3528013437073088,Gradient Boosting
FOODS_1_001_WI_2_validation,2016-04-16,0,0.4031382946816115,Gradient Boosting
FOODS_1_001_WI_2_validation,2016-04-17,0,0.3526407421840275,Gradient Boosting
FOODS_1_001_WI_2_validation,2016-04-18,0,0.3017692695101342,Gradient Boosting
FOODS_1_001_WI_2_validation,2016-04-19,1,0.3017692695101342,Gradient Boosting
FOODS_1_001_WI_2_validation,2016-04-20,1,0.3017692695101342,Gradient Boosting
FOODS_1_001_WI_2_validation,2016-04-21,0,0.3017692695101342,Gradient Boosting
FOODS_1_001_WI_2_validation,2016-04-22,0,0.3307623693517001,Gradient Boosting
FOODS_1_001_WI_2_validation,2016-04-23,0,0.3517071654951883,Gradient Boosting
FOODS_1_001_WI_2_validation,2016-04-24,0,0.3242495250081342,Gradient Boosting
FOODS_1_001_WI_3_validation,2016-03-28,0,0.2649969387247055,Gradient Boosting
FOODS_1_001_WI_3_validation,2016-03-29,0,0.2649969387247055,Gradient Boosting
FOODS_1_001_WI_3_validation,2016-03-30,1,0.2845330703979938,Gradient Boosting
FOODS_1_001_WI_3_validation,2016-03-31,1,0.19554890233271852,Gradient Boosting
FOODS_1_001_WI_3_validation,2016-04-01,0,0.22442101781143842,Gradient Boosting
FOODS_1_001_WI_3_validation,2016-04-02,0,0.24679472606965341,Gradient Boosting
FOODS_1_001_WI_3_validation,2016-04-03,0,0.22441579266226255,Gradient Boosting
FOODS_1_001_WI_3_validation,2016-04-04,0,0.19554890233271852,Gradient Boosting
FOODS_1_001_WI_3_validation,2016-04-05,0,0.19554890233271852,Gradient Boosting
FOODS_1_001_WI_3_validation,2016-04-06,1,0.19554890233271852,Gradient Boosting
FOODS_1_001_WI_3_validation,2016-04-07,1,0.19554890233271852,Gradient Boosting
FOODS_1_001_WI_3_validation,2016-04-08,0,0.22442101781143842,Gradient Boosting
FOODS_1_001_WI_3_validation,2016-04-09,0,0.29129490721236584,Gradient Boosting
FOODS_1_001_WI_3_validation,2016-04-10,0,0.26717372856431476,Gradient Boosting
FOODS_1_001_WI_3_validation,2016-04-11,1,0.23310891661460703,Gradient Boosting
FOODS_1_001_WI_3_validation,2016-04-12,0,0.2187632433108837,Gradient Boosting
FOODS_1_001_WI_3_validation,2016-04-13,0,0.2187632433108837,Gradient Boosting
FOODS_1_001_WI_3_validation,2016-04-14,0,0.1871517429434926,Gradient Boosting
FOODS_1_001_WI_3_validation,2016-04-15,0,0.20970954346764428,Gradient Boosting
FOODS_1_001_WI_3_validation,2016-04-16,1,0.22034554702600725,Gradient Boosting
FOODS_1_001_WI_3_validation,2016-04-17,0,0.24172783606868142,Gradient Boosting
FOODS_1_001_WI_3_validation,2016-04-18,0,0.21884638204531187,Gradient Boosting
FOODS_1_001_WI_3_validation,2016-04-19,0,0.21884638204531187,Gradient Boosting
FOODS_1_001_WI_3_validation,2016-04-20,0,0.21884638204531187,Gradient Boosting
FOODS_1_001_WI_3_validation,2016-04-21,0,0.1861222129412618,Gradient Boosting
FOODS_1_001_WI_3_validation,2016-04-22,0,0.24211689780789294,Gradient Boosting
FOODS_1_001_WI_3_validation,2016-04-23,4,0.2579508229864196,Gradient Boosting
FOODS_1_001_WI_3_validation,2016-04-24,0,0.20380574534446774,Gradient Boosting
FOODS_1_002_TX_1_validation,2016-03-28,0,0.037484630973967134,Gradient Boosting
FOODS_1_002_TX_1_validation,2016-03-29,0,0.08185677311945302,Gradient Boosting
FOODS_1_002_TX_1_validation,2016-03-30,0,0.08185677311945302,Gradient Boosting
FOODS_1_002_TX_1_validation,2016-03-31,0,0.08185677311945302,Gradient Boosting
FOODS_1_002_TX_1_validation,2016-04-01,0,0.09654802855227573,Gradient Boosting
FOODS_1_002_TX_1_validation,2016-04-02,0,0.09599368177876184,Gradient Boosting
FOODS_1_002_TX_1_validation,2016-04-03,0,0.08185677311945302,Gradient Boosting
FOODS_1_002_TX_1_validation,2016-04-04,0,0.1560818376148356,Gradient Boosting
FOODS_1_002_TX_1_validation,2016-04-05,0,0.1560818376148356,Gradient Boosting
FOODS_1_002_TX_1_validation,2016-04-06,0,0.1560818376148356,Gradient Boosting
FOODS_1_002_TX_1_validation,2016-04-07,0,0.1560818376148356,Gradient Boosting
FOODS_1_002_TX_1_validation,2016-04-08,0,0.17928587455983264,Gradient Boosting
FOODS_1_002_TX_1_validation,2016-04-09,0,0.1832902302928199,Gradient Boosting
FOODS_1_002_TX_1_validation,2016-04-10,0,0.18233922819643794,Gradient Boosting
FOODS_1_002_TX_1_validation,2016-04-11,0,0.1712873436186077,Gradient Boosting
FOODS_1_002_TX_1_validation,2016-04-12,0,0.1712873436186077,Gradient Boosting
FOODS_1_002_TX_1_validation,2016-04-13,0,0.1712873436186077,Gradient Boosting
FOODS_1_002_TX_1_validation,2016-04-14,0,0.1712873436186077,Gradient Boosting
FOODS_1_002_TX_1_validation,2016-04-15,1,0.19449138056360474,Gradient Boosting
FOODS_1_002_TX_1_validation,2016-04-16,1,0.198495736296592,Gradient Boosting
FOODS_1_002_TX_1_validation,2016-04-17,0,0.18233922819643794,Gradient Boosting
FOODS_1_002_TX_1_validation,2016-04-18,0,0.1712873436186077,Gradient Boosting
FOODS_1_002_TX_1_validation,2016-04-19,0,0.1712873436186077,Gradient Boosting
FOODS_1_002_TX_1_validation,2016-04-20,0,0.1712873436186077,Gradient Boosting
FOODS_1_002_TX_1_validation,2016-04-21,0,0.1712873436186077,Gradient Boosting
FOODS_1_002_TX_1_validation,2016-04-22,0,0.19449138056360474,Gradient Boosting
FOODS_1_002_TX_1_validation,2016-04-23,0,0.20835333858104743,Gradient Boosting
FOODS_1_002_TX_1_validation,2016-04-24,0,0.19219683048089337,Gradient Boosting
FOODS_1_002_WI_1_validation,2016-03-28,2,0.7117181819502405,Gradient Boosting
FOODS_1_002_WI_1_validation,2016-03-29,1,0.7183152695483922,Gradient Boosting
FOODS_1_002_WI_1_validation,2016-03-30,0,0.6946963809905354,Gradient Boosting
FOODS_1_002_WI_1_validation,2016-03-31,1,0.688216466251389,Gradient Boosting
FOODS_1_002_WI_1_validation,2016-04-01,0,0.7893303119547284,Gradient Boosting
FOODS_1_002_WI_1_validation,2016-04-02,0,1.0240991673384594,Gradient Boosting
FOODS_1_002_WI_1_validation,2016-04-03,1,0.8976032003292507,Gradient Boosting
FOODS_1_002_WI_1_validation,2016-04-04,0,0.6749475017679515,Gradient Boosting
FOODS_1_002_WI_1_validation,2016-04-05,2,0.6818129167504413,Gradient Boosting
FOODS_1_002_WI_1_validation,2016-04-06,2,0.6781737509660863,Gradient Boosting
FOODS_1_002_WI_1_validation,2016-04-07,0,0.6749475017679515,Gradient Boosting
FOODS_1_002_WI_1_validation,2016-04-08,1,0.7390667817207461,Gradient Boosting
FOODS_1_002_WI_1_validation,2016-04-09,2,0.9337970473942281,Gradient Boosting
FOODS_1_002_WI_1_validation,2016-04-10,0,0.8694830883089038,Gradient Boosting
FOODS_1_002_WI_1_validation,2016-04-11,0,0.6680981097965768,Gradient Boosting
FOODS_1_002_WI_1_validation,2016-04-12,1,0.6649566544047145,Gradient Boosting
FOODS_1_002_WI_1_validation,2016-04-13,1,0.7079375519964114,Gradient Boosting
FOODS_1_002_WI_1_validation,2016-04-14,1,0.7115776235436442,Gradient Boosting
FOODS_1_002_WI_1_validation,2016-04-15,1,0.7724197984184541,Gradient Boosting
FOODS_1_002_WI_1_validation,2016-04-16,2,0.9137467538071847,Gradient Boosting
FOODS_1_002_WI_1_validation,2016-04-17,1,0.853626212576706,Gradient Boosting
FOODS_1_002_WI_1_validation,2016-04-18,1,0.7083513743455093,Gradient Boosting
FOODS_1_002_WI_1_validation,2016-04-19,0,0.7079375519964114,Gradient Boosting
FOODS_1_002_WI_1_validation,2016-04-20,2,0.7079375519964114,Gradient Boosting
FOODS_1_002_WI_1_validation,2016-04-21,2,0.7079375519964114,Gradient Boosting
FOODS_1_002_WI_1_validation,2016-04-22,2,0.7712351582572551,Gradient Boosting
FOODS_1_002_WI_1_validation,2016-04-23,1,0.9137467538071847,Gradient Boosting
FOODS_1_002_WI_1_validation,2016-04-24,0,0.8532123902276081,Gradient Boosting
HOBBIES_1_001_CA_1_validation,2016-03-28,1,0.9440299163695601,Gradient Boosting
HOBBIES_1_001_CA_1_validation,2016-03-29,0,1.0794390971625827,Gradient Boosting
HOBBIES_1_001_CA_1_validation,2016-03-30,0,1.0794390971625827,Gradient Boosting
HOBBIES_1_001_CA_1_validation,2016-03-31,0,1.0008521657483112,Gradient Boosting
HOBBIES_1_001_CA_1_validation,2016-04-01,0,1.064458871476125,Gradient Boosting
HOBBIES_1_001_CA_1_validation,2016-04-02,0,1.0539133637739104,Gradient Boosting
HOBBIES_1_001_CA_1_validation,2016-04-03,1,1.0993024093495458,Gradient Boosting
HOBBIES_1_001_CA_1_validation,2016-04-04,0,0.836579869889615,Gradient Boosting
HOBBIES_1_001_CA_1_validation,2016-04-05,4,0.891361142923948,Gradient Boosting
HOBBIES_1_001_CA_1_validation,2016-04-06,2,0.8770916240997356,Gradient Boosting
HOBBIES_1_001_CA_1_validation,2016-04-07,3,0.8225661212831764,Gradient Boosting
HOBBIES_1_001_CA_1_validation,2016-04-08,0,0.8996479971168866,Gradient Boosting
HOBBIES_1_001_CA_1_validation,2016-04-09,1,1.0154536336494913,Gradient Boosting
HOBBIES_1_001_CA_1_validation,2016-04-10,2,1.0003097410931658,Gradient Boosting
HOBBIES_1_001_CA_1_validation,2016-04-11,0,0.8474568093529051,Gradient Boosting
HOBBIES_1_001_CA_1_validation,2016-04-12,0,0.8042289055907237,Gradient Boosting
HOBBIES_1_001_CA_1_validation,2016-04-13,0,0.8231810088740109,Gradient Boosting
HOBBIES_1_001_CA_1_validation,2016-04-14,1,0.8231810088740109,Gradient Boosting
HOBBIES_1_001_CA_1_validation,2016-04-15,1,0.9270689435651536,Gradient Boosting
HOBBIES_1_001_CA_1_validation,2016-04-16,3,1.0390334433087882,Gradient Boosting
HOBBIES_1_001_CA_1_validation,2016-04-17,0,0.9729283827008124,Gradient Boosting
HOBBIES_1_001_CA_1_validation,2016-04-18,1,0.8271884758257676,Gradient Boosting
HOBBIES_1_001_CA_1_validation,2016-04-19,1,0.8271884758257676,Gradient Boosting
HOBBIES_1_001_CA_1_validation,2016-04-20,1,0.6808079846855846,Gradient Boosting
HOBBIES_1_001_CA_1_validation,2016-04-21,3,0.628352272952506,Gradient Boosting
HOBBIES_1_001_CA_1_validation,2016-04-22,0,0.6863783908383031,Gradient Boosting
HOBBIES_1_001_CA_1_validation,2016-04-23,1,0.9676084447371033,Gradient Boosting
HOBBIES_1_001_CA_1_validation,2016-04-24,1,0.9201996415580762,Gradient Boosting
HOBBIES_1_001_CA_2_validation,2016-03-28,0,0.6491791255812108,Gradient Boosting
HOBBIES_1_001_CA_2_validation,2016-03-29,3,0.6910165193762672,Gradient Boosting
HOBBIES_1_001_CA_2_validation,2016-03-30,1,0.6793203163769232,Gradient Boosting
HOBBIES_1_001_CA_2_validation,2016-03-31,0,0.6689992648488075,Gradient Boosting
HOBBIES_1_001_CA_2_validation,2016-04-01,1,0.727515976311368,Gradient Boosting
HOBBIES_1_001_CA_2_validation,2016-04-02,1,0.9447948267377244,Gradient Boosting
HOBBIES_1_001_CA_2_validation,2016-04-03,0,0.9483240202919173,Gradient Boosting
HOBBIES_1_001_CA_2_validation,2016-04-04,2,0.6479901097531864,Gradient Boosting
HOBBIES_1_001_CA_2_validation,2016-04-05,0,0.626213701294786,Gradient Boosting
HOBBIES_1_001_CA_2_validation,2016-04-06,0,0.633720590928974,Gradient Boosting
HOBBIES_1_001_CA_2_validation,2016-04-07,0,0.633720590928974,Gradient Boosting
HOBBIES_1_001_CA_2_validation,2016-04-08,0,0.6917467088147712,Gradient Boosting
HOBBIES_1_001_CA_2_validation,2016-04-09,0,1.1417526835453973,Gradient Boosting
HOBBIES_1_001_CA_2_validation,2016-04-10,1,0.903791551076144,Gradient Boosting
HOBBIES_1_001_CA_2_validation,2016-04-11,0,0.6229874520966512,Gradient Boosting
HOBBIES_1_001_CA_2_validation,2016-04-12,0,0.639817339031619,Gradient Boosting
HOBBIES_1_001_CA_2_validation,2016-04-13,1,0.6255478202074066,Gradient Boosting
HOBBIES_1_001_CA_2_validation,2016-04-14,0,0.6255478202074066,Gradient Boosting
HOBBIES_1_001_CA_2_validation,2016-04-15,0,0.6481541013455718,Gradient Boosting
HOBBIES_1_001_CA_2_validation,2016-04-16,0,0.9642506456843911,Gradient Boosting
HOBBIES_1_001_CA_2_validation,2016-04-17,1,0.9173951888129769,Gradient Boosting
HOBBIES_1_001_CA_2_validation,2016-04-18,2,0.639817339031619,Gradient Boosting
HOBBIES_1_001_CA_2_validation,2016-04-19,0,0.5649698396708417,Gradient Boosting
HOBBIES_1_001_CA_2_validation,2016-04-20,4,0.5760011660891183,Gradient Boosting
HOBBIES_1_001_CA_2_validation,2016-04-21,0,0.5760011660891183,Gradient Boosting
HOBBIES_1_001_CA_2_validation,2016-04-22,0,0.644682755276099,Gradient Boosting
HOBBIES_1_001_CA_2_validation,2016-04-23,2,0.8435203563752278,Gradient Boosting
HOBBIES_1_001_CA_2_validation,2016-04-24,2,0.7146513635221324,Gradient Boosting
HOBBIES_1_001_CA_3_validation,2016-03-28,2,0.7403135646841678,Gradient Boosting
HOBBIES_1_001_CA_3_validation,2016-03-29,1,0.7573291686333157,Gradient Boosting
HOBBIES_1_001_CA_3_validation,2016-03-30,0,0.7078913761754136,Gradient Boosting
HOBBIES_1_001_CA_3_validation,2016-03-31,0,0.8877037558630345,Gradient Boosting
HOBBIES_1_001_CA_3_validation,2016-04-01,0,0.9800619387163821,Gradient Boosting
HOBBIES_1_001_CA_3_validation,2016-04-02,4,1.2209897697467615,Gradient Boosting
HOBBIES_1_001_CA_3_validation,2016-04-03,2,1.1597729884816979,Gradient Boosting
HOBBIES_1_001_CA_3_validation,2016-04-04,1,0.8203246328384847,Gradient Boosting
HOBBIES_1_001_CA_3_validation,2016-04-05,0,0.8832489279552882,Gradient Boosting
HOBBIES_1_001_CA_3_validation,2016-04-06,2,0.9200872536670429,Gradient Boosting
HOBBIES_1_001_CA_3_validation,2016-04-07,0,0.772481420419853,Gradient Boosting
HOBBIES_1_001_CA_3_validation,2016-04-08,0,0.8365868334086708,Gradient Boosting
HOBBIES_1_001_CA_3_validation,2016-04-09,2,0.9977672233038731,Gradient Boosting
HOBBIES_1_001_CA_3_validation,2016-04-10,1,0.9863599612117202,Gradient Boosting
HOBBIES_1_001_CA_3_validation,2016-04-11,0,0.7642911060701872,Gradient Boosting
HOBBIES_1_001_CA_3_validation,2016-04-12,0,0.8075190098323687,Gradient Boosting
HOBBIES_1_001_CA_3_validation,2016-04-13,0,0.7872467175145262,Gradient Boosting
HOBBIES_1_001_CA_3_validation,2016-04-14,0,0.7819953060311672,Gradient Boosting
HOBBIES_1_001_CA_3_validation,2016-04-15,0,0.8832948192069959,Gradient Boosting
HOBBIES_1_001_CA_3_validation,2016-04-16,2,1.0812875496143124,Gradient Boosting
HOBBIES_1_001_CA_3_validation,2016-04-17,4,1.0414852540739141,Gradient Boosting
HOBBIES_1_001_CA_3_validation,2016-04-18,0,0.8564924933450446,Gradient Boosting
HOBBIES_1_001_CA_3_validation,2016-04-19,1,0.8564924933450446,Gradient Boosting
HOBBIES_1_001_CA_3_validation,2016-04-20,1,1.0715791576917113,Gradient Boosting
HOBBIES_1_001_CA_3_validation,2016-04-21,1,0.7007917202180066,Gradient Boosting
HOBBIES_1_001_CA_3_validation,2016-04-22,0,0.7294516700122524,Gradient Boosting
HOBBIES_1_001_CA_3_validation,2016-04-23,3,1.020461003278717,Gradient Boosting
HOBBIES_1_001_CA_3_validation,2016-04-24,3,0.9730522000996898,Gradient Boosting
HOBBIES_1_001_CA_4_validation,2016-03-28,2,0.6864743995007179,Gradient Boosting
HOBBIES_1_001_CA_4_validation,2016-03-29,1,0.6728212277545758,Gradient Boosting
HOBBIES_1_001_CA_4_validation,2016-03-30,2,0.6728212277545758,Gradient Boosting
HOBBIES_1_001_CA_4_validation,2016-03-31,1,0.7408966414299611,Gradient Boosting
HOBBIES_1_001_CA_4_validation,2016-04-01,1,0.7996152021952453,Gradient Boosting
HOBBIES_1_001_CA_4_validation,2016-04-02,1,0.9896010393895843,Gradient Boosting
HOBBIES_1_001_CA_4_validation,2016-04-03,1,0.9050833615368332,Gradient Boosting
HOBBIES_1_001_CA_4_validation,2016-04-04,0,0.6332230090417172,Gradient Boosting
HOBBIES_1_001_CA_4_validation,2016-04-05,0,0.6469378159955818,Gradient Boosting
HOBBIES_1_001_CA_4_validation,2016-04-06,0,0.6887916538692307,Gradient Boosting
HOBBIES_1_001_CA_4_validation,2016-04-07,0,0.6787160126997211,Gradient Boosting
HOBBIES_1_001_CA_4_validation,2016-04-08,0,0.8382335339124329,Gradient Boosting
HOBBIES_1_001_CA_4_validation,2016-04-09,0,0.8861140241676536,Gradient Boosting
HOBBIES_1_001_CA_4_validation,2016-04-10,0,0.8727719013125447,Gradient Boosting
HOBBIES_1_001_CA_4_validation,2016-04-11,3,0.6299967598435824,Gradient Boosting
HOBBIES_1_001_CA_4_validation,2016-04-12,0,0.6299967598435824,Gradient Boosting
HOBBIES_1_001_CA_4_validation,2016-04-13,0,0.6299967598435824,Gradient Boosting
HOBBIES_1_001_CA_4_validation,2016-04-14,0,0.6299967598435824,Gradient Boosting
HOBBIES_1_001_CA_4_validation,2016-04-15,1,0.6673163690158675,Gradient Boosting
HOBBIES_1_001_CA_4_validation,2016-04-16,0,0.8931361520116152,Gradient Boosting
HOBBIES_1_001_CA_4_validation,2016-04-17,0,0.8598071091243958,Gradient Boosting
HOBBIES_1_001_CA_4_validation,2016-04-18,1,0.5782398191386567,Gradient Boosting
HOBBIES_1_001_CA_4_validation,2016-04-19,0,0.5782398191386567,Gradient Boosting
HOBBIES_1_001_CA_4_validation,2016-04-20,1,0.6550524486958058,Gradient Boosting
HOBBIES_1_001_CA_4_validation,2016-04-21,0,0.5438598139151706,Gradient Boosting
HOBBIES_1_001_CA_4_validation,2016-04-22,1,0.6275319354732236,Gradient Boosting
HOBBIES_1_001_CA_4_validation,2016-04-23,2,0.7300776423968015,Gradient Boosting
HOBBIES_1_001_CA_4_validation,2016-04-24,1,0.6657471568556148,Gradient Boosting
HOBBIES_1_001_TX_1_validation,2016-03-28,1,0.3332726076320746,Gradient Boosting
HOBBIES_1_001_TX_1_validation,2016-03-29,0,0.32054454210849376,Gradient Boosting
HOBBIES_1_001_TX_1_validation,2016-03-30,1,0.3218327591603261,Gradient Boosting
HOBBIES_1_001_TX_1_validation,2016-03-31,0,0.2973710049551537,Gradient Boosting
HOBBIES_1_001_TX_1_validation,2016-04-01,0,0.31039173187652513,Gradient Boosting
HOBBIES_1_001_TX_1_validation,2016-04-02,0,0.3661406673311032,Gradient Boosting
HOBBIES_1_001_TX_1_validation,2016-04-03,0,0.345829110879095,Gradient Boosting
HOBBIES_1_001_TX_1_validation,2016-04-04,1,0.29137188476687936,Gradient Boosting
HOBBIES_1_001_TX_1_validation,2016-04-05,0,0.2973710049551537,Gradient Boosting
HOBBIES_1_001_TX_1_validation,2016-04-06,1,0.2926601018187117,Gradient Boosting
HOBBIES_1_001_TX_1_validation,2016-04-07,0,0.26933291041127067,Gradient Boosting
HOBBIES_1_001_TX_1_validation,2016-04-08,0,0.2518812532243801,Gradient Boosting
HOBBIES_1_001_TX_1_validation,2016-04-09,0,0.32005288733946646,Gradient Boosting
HOBBIES_1_001_TX_1_validation,2016-04-10,0,0.26400485243564775,Gradient Boosting
HOBBIES_1_001_TX_1_validation,2016-04-11,0,0.23286140611473444,Gradient Boosting
HOBBIES_1_001_TX_1_validation,2016-04-12,0,0.26933291041127067,Gradient Boosting
HOBBIES_1_001_TX_1_validation,2016-04-13,1,0.26933291041127067,Gradient Boosting
HOBBIES_1_001_TX_1_validation,2016-04-14,1,0.24217282697415055,Gradient Boosting
HOBBIES_1_001_TX_1_validation,2016-04-15,0,0.23205313680129658,Gradient Boosting
HOBBIES_1_001_TX_1_validation,2016-04-16,0,0.2858698270749501,Gradient Boosting
HOBBIES_1_001_TX_1_validation,2016-04-17,0,0.2733431620366334,Gradient Boosting
HOBBIES_1_001_TX_1_validation,2016-04-18,0,0.20717623697499488,Gradient Boosting
HOBBIES_1_001_TX_1_validation,2016-04-19,1,0.20717623697499488,Gradient Boosting
HOBBIES_1_001_TX_1_validation,2016-04-20,0,0.2363157742574945,Gradient Boosting
HOBBIES_1_001_TX_1_validation,2016-04-21,1,0.20614670697276408,Gradient Boosting
HOBBIES_1_001_TX_1_validation,2016-04-22,0,0.21283390293497667,Gradient Boosting
HOBBIES_1_001_TX_1_validation,2016-04-23,0,0.22596195519989704,Gradient Boosting
HOBBIES_1_001_TX_1_validation,2016-04-24,2,0.2174946042435289,Gradient Boosting
HOBBIES_1_001_TX_2_validation,2016-03-28,0,0.2987571693150348,Gradient Boosting
HOBBIES_1_001_TX_2_validation,2016-03-29,0,0.2987571693150348,Gradient Boosting
HOBBIES_1_001_TX_2_validation,2016-03-30,0,0.3438639001187346,Gradient Boosting
HOBBIES_1_001_TX_2_validation,2016-03-31,1,0.34472219636895096,Gradient Boosting
HOBBIES_1_001_TX_2_validation,2016-04-01,0,0.35253964593256765,Gradient Boosting
HOBBIES_1_001_TX_2_validation,2016-04-02,2,0.4129643745837169,Gradient Boosting
HOBBIES_1_001_TX_2_validation,2016-04-03,0,0.40553869730671677,Gradient Boosting
HOBBIES_1_001_TX_2_validation,2016-04-04,0,0.3297501195845121,Gradient Boosting
HOBBIES_1_001_TX_2_validation,2016-04-05,1,0.33446102272095407,Gradient Boosting
HOBBIES_1_001_TX_2_validation,2016-04-06,0,0.32520322251807304,Gradient Boosting
HOBBIES_1_001_TX_2_validation,2016-04-07,1,0.32520322251807304,Gradient Boosting
HOBBIES_1_001_TX_2_validation,2016-04-08,0,0.3429964758744769,Gradient Boosting
HOBBIES_1_001_TX_2_validation,2016-04-09,0,0.41239316849824187,Gradient Boosting
HOBBIES_1_001_TX_2_validation,2016-04-10,1,0.39932465311245113,Gradient Boosting
HOBBIES_1_001_TX_2_validation,2016-04-11,1,0.3234347784173571,Gradient Boosting
HOBBIES_1_001_TX_2_validation,2016-04-12,0,0.3234347784173571,Gradient Boosting
HOBBIES_1_001_TX_2_validation,2016-04-13,0,0.3567551486178993,Gradient Boosting
HOBBIES_1_001_TX_2_validation,2016-04-14,0,0.3234347784173571,Gradient Boosting
HOBBIES_1_001_TX_2_validation,2016-04-15,0,0.3429964758744769,Gradient Boosting
HOBBIES_1_001_TX_2_validation,2016-04-16,0,0.41239316849824187,Gradient Boosting
HOBBIES_1_001_TX_2_validation,2016-04-17,0,0.39932465311245113,Gradient Boosting
HOBBIES_1_001_TX_2_validation,2016-04-18,0,0.35731355531755277,Gradient Boosting
HOBBIES_1_001_TX_2_validation,2016-04-19,0,0.39063392551809495,Gradient Boosting
HOBBIES_1_001_TX_2_validation,2016-04-20,1,0.33310046808407845,Gradient Boosting
HOBBIES_1_001_TX_2_validation,2016-04-21,0,0.32995901269221617,Gradient Boosting
HOBBIES_1_001_TX_2_validation,2016-04-22,0,0.25919684074709176,Gradient Boosting
HOBBIES_1_001_TX_2_validation,2016-04-23,0,0.2899981186291509,Gradient Boosting
HOBBIES_1_001_TX_2_validation,2016-04-24,0,0.2737458762590913,Gradient Boosting
HOBBIES_1_001_TX_3_validation,2016-03-28,0,0.4518988654218965,Gradient Boosting
HOBBIES_1_001_TX_3_validation,2016-03-29,1,0.3791452504504836,Gradient Boosting
HOBBIES_1_001_TX_3_validation,2016-03-30,0,0.38208895028538176,Gradient Boosting
HOBBIES_1_001_TX_3_validation,2016-03-31,0,0.39504803705022107,Gradient Boosting
HOBBIES_1_001_TX_3_validation,2016-04-01,1,0.39826152184736624,Gradient Boosting
HOBBIES_1_001_TX_3_validation,2016-04-02,0,0.4793739057998185,Gradient Boosting
HOBBIES_1_001_TX_3_validation,2016-04-03,0,0.44822391053120136,Gradient Boosting
HOBBIES_1_001_TX_3_validation,2016-04-04,1,0.421066254160934,Gradient Boosting
HOBBIES_1_001_TX_3_validation,2016-04-05,0,0.3661781956899554,Gradient Boosting
HOBBIES_1_001_TX_3_validation,2016-04-06,0,0.3705240324695576,Gradient Boosting
HOBBIES_1_001_TX_3_validation,2016-04-07,1,0.3705240324695576,Gradient Boosting
HOBBIES_1_001_TX_3_validation,2016-04-08,0,0.3923761635452599,Gradient Boosting
HOBBIES_1_001_TX_3_validation,2016-04-09,1,0.4793739057998185,Gradient Boosting
HOBBIES_1_001_TX_3_validation,2016-04-10,0,0.4009918002402777,Gradient Boosting
HOBBIES_1_001_TX_3_validation,2016-04-11,0,0.329914125654515,Gradient Boosting
HOBBIES_1_001_TX_3_validation,2016-04-12,1,0.329914125654515,Gradient Boosting
HOBBIES_1_001_TX_3_validation,2016-04-13,0,0.329914125654515,Gradient Boosting
HOBBIES_1_001_TX_3_validation,2016-04-14,0,0.329914125654515,Gradient Boosting
HOBBIES_1_001_TX_3_validation,2016-04-15,0,0.3429964758744769,Gradient Boosting
HOBBIES_1_001_TX_3_validation,2016-04-16,3,0.41239316849824187,Gradient Boosting
HOBBIES_1_001_TX_3_validation,2016-04-17,0,0.4465567634033748,Gradient Boosting
HOBBIES_1_001_TX_3_validation,2016-04-18,0,0.39063392551809495,Gradient Boosting
HOBBIES_1_001_TX_3_validation,2016-04-19,0,0.3935776253529932,Gradient Boosting
HOBBIES_1_001_TX_3_validation,2016-04-20,0,0.3360441679189767,Gradient Boosting
HOBBIES_1_001_TX_3_validation,2016-04-21,0,0.3329027125271144,Gradient Boosting
HOBBIES_1_001_TX_3_validation,2016-04-22,0,0.25919684074709176,Gradient Boosting
HOBBIES_1_001_TX_3_validation,2016-04-23,0,0.2899981186291509,Gradient Boosting
HOBBIES_1_001_TX_3_validation,2016-04-24,0,0.28098891732530873,Gradient Boosting
HOBBIES_1_001_WI_1_validation,2016-03-28,0,0.47169686234583524,Gradient Boosting
HOBBIES_1_001_WI_1_validation,2016-03-29,1,0.46521751510867737,Gradient Boosting
HOBBIES_1_001_WI_1_validation,2016-03-30,2,0.5226795321599099,Gradient Boosting
HOBBIES_1_001_WI_1_validation,2016-03-31,0,0.5343140532652191,Gradient Boosting
HOBBIES_1_001_WI_1_validation,2016-04-01,0,0.5708898282233942,Gradient Boosting
HOBBIES_1_001_WI_1_validation,2016-04-02,0,0.6431811474988678,Gradient Boosting
HOBBIES_1_001_WI_1_validation,2016-04-03,1,0.49033043722449116,Gradient Boosting
HOBBIES_1_001_WI_1_validation,2016-04-04,0,0.37725161039063226,Gradient Boosting
HOBBIES_1_001_WI_1_validation,2016-04-05,0,0.37725161039063226,Gradient Boosting
HOBBIES_1_001_WI_1_validation,2016-04-06,1,0.37725161039063226,Gradient Boosting
HOBBIES_1_001_WI_1_validation,2016-04-07,0,0.42779383208200866,Gradient Boosting
HOBBIES_1_001_WI_1_validation,2016-04-08,0,0.41103790002199136,Gradient Boosting
HOBBIES_1_001_WI_1_validation,2016-04-09,1,0.6083971968313979,Gradient Boosting
HOBBIES_1_001_WI_1_validation,2016-04-10,0,0.5497999908170589,Gradient Boosting
HOBBIES_1_001_WI_1_validation,2016-04-11,0,0.3790118823507297,Gradient Boosting
HOBBIES_1_001_WI_1_validation,2016-04-12,0,0.34630739324231097,Gradient Boosting
HOBBIES_1_001_WI_1_validation,2016-04-13,0,0.3492510930772092,Gradient Boosting
HOBBIES_1_001_WI_1_validation,2016-04-14,0,0.3492510930772092,Gradient Boosting
HOBBIES_1_001_WI_1_validation,2016-04-15,0,0.3873832194881705,Gradient Boosting
HOBBIES_1_001_WI_1_validation,2016-04-16,0,0.5560862908764279,Gradient Boosting
HOBBIES_1_001_WI_1_validation,2016-04-17,0,0.501567175028267,Gradient Boosting
HOBBIES_1_001_WI_1_validation,2016-04-18,0,0.48185125562271014,Gradient Boosting
HOBBIES_1_001_WI_1_validation,2016-04-19,0,0.45422399537099795,Gradient Boosting
HOBBIES_1_001_WI_1_validation,2016-04-20,0,0.45422399537099795,Gradient Boosting
HOBBIES_1_001_WI_1_validation,2016-04-21,1,0.31312929283034363,Gradient Boosting
HOBBIES_1_001_WI_1_validation,2016-04-22,2,0.34866462095795037,Gradient Boosting
HOBBIES_1_001_WI_1_validation,2016-04-23,1,0.42124569942045526,Gradient Boosting
HOBBIES_1_001_WI_1_validation,2016-04-24,1,0.3746483055855987,Gradient Boosting
HOBBIES_1_001_WI_2_validation,2016-03-28,0,0.16027249353427883,Gradient Boosting
HOBBIES_1_001_WI_2_validation,2016-03-29,1,0.14757191850750087,Gradient Boosting
HOBBIES_1_001_WI_2_validation,2016-03-30,0,0.14757191850750087,Gradient Boosting
HOBBIES_1_001_WI_2_validation,2016-03-31,0,0.13989451525301944,Gradient Boosting
HOBBIES_1_001_WI_2_validation,2016-04-01,0,0.17599571229831,Gradient Boosting
HOBBIES_1_001_WI_2_validation,2016-04-02,0,0.18414640176594094,Gradient Boosting
HOBBIES_1_001_WI_2_validation,2016-04-03,0,0.17742129605023302,Gradient Boosting
HOBBIES_1_001_WI_2_validation,2016-04-04,0,0.16277742451127297,Gradient Boosting
HOBBIES_1_001_WI_2_validation,2016-04-05,1,0.16277742451127297,Gradient Boosting
HOBBIES_1_001_WI_2_validation,2016-04-06,1,0.16277742451127297,Gradient Boosting
HOBBIES_1_001_WI_2_validation,2016-04-07,0,0.16277742451127297,Gradient Boosting
HOBBIES_1_001_WI_2_validation,2016-04-08,0,0.17599571229831,Gradient Boosting
HOBBIES_1_001_WI_2_validation,2016-04-09,0,0.18414640176594094,Gradient Boosting
HOBBIES_1_001_WI_2_validation,2016-04-10,0,0.17742129605023302,Gradient Boosting
HOBBIES_1_001_WI_2_validation,2016-04-11,0,0.16277742451127297,Gradient Boosting
HOBBIES_1_001_WI_2_validation,2016-04-12,0,0.16277742451127297,Gradient Boosting
HOBBIES_1_001_WI_2_validation,2016-04-13,1,0.16277742451127297,Gradient Boosting
HOBBIES_1_001_WI_2_validation,2016-04-14,0,0.16174789450904217,Gradient Boosting
HOBBIES_1_001_WI_2_validation,2016-04-15,1,0.1749661822960792,Gradient Boosting
HOBBIES_1_001_WI_2_validation,2016-04-16,1,0.18311687176371014,Gradient Boosting
HOBBIES_1_001_WI_2_validation,2016-04-17,0,0.17639176604800222,Gradient Boosting
HOBBIES_1_001_WI_2_validation,2016-04-18,0,0.16174789450904217,Gradient Boosting
HOBBIES_1_001_WI_2_validation,2016-04-19,0,0.16174789450904217,Gradient Boosting
HOBBIES_1_001_WI_2_validation,2016-04-20,0,0.16174789450904217,Gradient Boosting
HOBBIES_1_001_WI_2_validation,2016-04-21,0,0.16174789450904217,Gradient Boosting
HOBBIES_1_001_WI_2_validation,2016-04-22,0,0.1749661822960792,Gradient Boosting
HOBBIES_1_001_WI_2_validation,2016-04-23,0,0.18311687176371014,Gradient Boosting
HOBBIES_1_001_WI_2_validation,2016-04-24,1,0.17639176604800222,Gradient Boosting
HOBBIES_1_001_WI_3_validation,2016-03-28,0,0.2843542921019684,Gradient Boosting
HOBBIES_1_001_WI_3_validation,2016-03-29,1,0.23520124338675474,Gradient Boosting
HOBBIES_1_001_WI_3_validation,2016-03-30,0,0.23520124338675474,Gradient Boosting
HOBBIES_1_001_WI_3_validation,2016-03-31,0,0.17621236403381527,Gradient Boosting
HOBBIES_1_001_WI_3_validation,2016-04-01,0,0.1962993135489344,Gradient Boosting
HOBBIES_1_001_WI_3_validation,2016-04-02,0,0.2245796250282607,Gradient Boosting
HOBBIES_1_001_WI_3_validation,2016-04-03,1,0.21098585758447072,Gradient Boosting
HOBBIES_1_001_WI_3_validation,2016-04-04,0,0.21408024052111127,Gradient Boosting
HOBBIES_1_001_WI_3_validation,2016-04-05,0,0.21408024052111127,Gradient Boosting
HOBBIES_1_001_WI_3_validation,2016-04-06,0,0.21408024052111127,Gradient Boosting
HOBBIES_1_001_WI_3_validation,2016-04-07,0,0.21408024052111127,Gradient Boosting
HOBBIES_1_001_WI_3_validation,2016-04-08,0,0.2359094352768906,Gradient Boosting
HOBBIES_1_001_WI_3_validation,2016-04-09,0,0.28348230261955126,Gradient Boosting
HOBBIES_1_001_WI_3_validation,2016-04-10,0,0.2540516556919303,Gradient Boosting
HOBBIES_1_001_WI_3_validation,2016-04-11,0,0.21408024052111127,Gradient Boosting
HOBBIES_1_001_WI_3_validation,2016-04-12,0,0.21408024052111127,Gradient Boosting
HOBBIES_1_001_WI_3_validation,2016-04-13,0,0.1997345672173879,Gradient Boosting
HOBBIES_1_001_WI_3_validation,2016-04-14,0,0.1997345672173879,Gradient Boosting
HOBBIES_1_001_WI_3_validation,2016-04-15,0,0.1779026486266758,Gradient Boosting
HOBBIES_1_001_WI_3_validation,2016-04-16,1,0.194999602179664,Gradient Boosting
HOBBIES_1_001_WI_3_validation,2016-04-17,0,0.18827449646395608,Gradient Boosting
HOBBIES_1_001_WI_3_validation,2016-04-18,0,0.16365483083740798,Gradient Boosting
HOBBIES_1_001_WI_3_validation,2016-04-19,0,0.16365483083740798,Gradient Boosting
HOBBIES_1_001_WI_3_validation,2016-04-20,0,0.16365483083740798,Gradient Boosting
HOBBIES_1_001_WI_3_validation,2016-04-21,0,0.16365483083740798,Gradient Boosting
HOBBIES_1_001_WI_3_validation,2016-04-22,0,0.176873118624445,Gradient Boosting
HOBBIES_1_001_WI_3_validation,2016-04-23,0,0.1939700721774332,Gradient Boosting
HOBBIES_1_001_WI_3_validation,2016-04-24,0,0.22444538938911562,Gradient Boosting
HOBBIES_1_002_TX_1_validation,2016-03-28,0,0.07533904425112972,Gradient Boosting
HOBBIES_1_002_TX_1_validation,2016-03-29,0,0.07533904425112972,Gradient Boosting
HOBBIES_1_002_TX_1_validation,2016-03-30,0,0.07533904425112972,Gradient Boosting
HOBBIES_1_002_TX_1_validation,2016-03-31,0,0.06995412395469824,Gradient Boosting
HOBBIES_1_002_TX_1_validation,2016-04-01,0,0.07465963022956092,Gradient Boosting
HOBBIES_1_002_TX_1_validation,2016-04-02,0,0.07465963022956092,Gradient Boosting
HOBBIES_1_002_TX_1_validation,2016-04-03,0,0.06995412395469824,Gradient Boosting
HOBBIES_1_002_TX_1_validation,2016-04-04,0,0.14417918845008082,Gradient Boosting
HOBBIES_1_002_TX_1_validation,2016-04-05,0,0.14417918845008082,Gradient Boosting
HOBBIES_1_002_TX_1_validation,2016-04-06,0,0.14417918845008082,Gradient Boosting
HOBBIES_1_002_TX_1_validation,2016-04-07,0,0.14520871845231162,Gradient Boosting
HOBBIES_1_002_TX_1_validation,2016-04-08,0,0.15842700623934863,Gradient Boosting
HOBBIES_1_002_TX_1_validation,2016-04-09,1,0.16298570874584978,Gradient Boosting
HOBBIES_1_002_TX_1_validation,2016-04-10,0,0.15523107302791106,Gradient Boosting
HOBBIES_1_002_TX_1_validation,2016-04-11,0,0.15938469445385292,Gradient Boosting
HOBBIES_1_002_TX_1_validation,2016-04-12,0,0.15938469445385292,Gradient Boosting
HOBBIES_1_002_TX_1_validation,2016-04-13,0,0.15938469445385292,Gradient Boosting
HOBBIES_1_002_TX_1_validation,2016-04-14,0,0.15938469445385292,Gradient Boosting
HOBBIES_1_002_TX_1_validation,2016-04-15,0,0.17260298224088994,Gradient Boosting
HOBBIES_1_002_TX_1_validation,2016-04-16,0,0.17716168474739108,Gradient Boosting
HOBBIES_1_002_TX_1_validation,2016-04-17,0,0.17043657903168316,Gradient Boosting
HOBBIES_1_002_TX_1_validation,2016-04-18,0,0.15938469445385292,Gradient Boosting
HOBBIES_1_002_TX_1_validation,2016-04-19,0,0.15938469445385292,Gradient Boosting
HOBBIES_1_002_TX_1_validation,2016-04-20,0,0.15938469445385292,Gradient Boosting
HOBBIES_1_002_TX_1_validation,2016-04-21,0,0.15938469445385292,Gradient Boosting
HOBBIES_1_002_TX_1_validation,2016-04-22,0,0.17260298224088994,Gradient Boosting
HOBBIES_1_002_TX_1_validation,2016-04-23,0,0.17716168474739108,Gradient Boosting
HOBBIES_1_002_TX_1_validation,2016-04-24,1,0.17043657903168316,Gradient Boosting
HOBBIES_1_002_WI_1_validation,2016-03-28,2,0.6695659848643396,Gradient Boosting
HOBBIES_1_002_WI_1_validation,2016-03-29,0,0.6841505484104902,Gradient Boosting
HOBBIES_1_002_WI_1_validation,2016-03-30,1,0.6841505484104902,Gradient Boosting
HOBBIES_1_002_WI_1_validation,2016-03-31,1,0.6835308094116345,Gradient Boosting
HOBBIES_1_002_WI_1_validation,2016-04-01,1,0.8334750467701869,Gradient Boosting
HOBBIES_1_002_WI_1_validation,2016-04-02,2,1.0175175989503242,Gradient Boosting
HOBBIES_1_002_WI_1_validation,2016-04-03,0,0.9849802203484178,Gradient Boosting
HOBBIES_1_002_WI_1_validation,2016-04-04,0,0.6543984234315314,Gradient Boosting
HOBBIES_1_002_WI_1_validation,2016-04-05,0,0.6576246726296663,Gradient Boosting
HOBBIES_1_002_WI_1_validation,2016-04-06,1,0.6576246726296663,Gradient Boosting
HOBBIES_1_002_WI_1_validation,2016-04-07,0,0.6543984234315314,Gradient Boosting
HOBBIES_1_002_WI_1_validation,2016-04-08,2,0.7159805073559361,Gradient Boosting
HOBBIES_1_002_WI_1_validation,2016-04-09,0,0.9904030682412599,Gradient Boosting
HOBBIES_1_002_WI_1_validation,2016-04-10,1,0.9066581528639667,Gradient Boosting
HOBBIES_1_002_WI_1_validation,2016-04-11,0,0.6315721344193398,Gradient Boosting
HOBBIES_1_002_WI_1_validation,2016-04-12,0,0.6315721344193398,Gradient Boosting
HOBBIES_1_002_WI_1_validation,2016-04-13,1,0.6274304302791632,Gradient Boosting
HOBBIES_1_002_WI_1_validation,2016-04-14,0,0.6372537670754498,Gradient Boosting
HOBBIES_1_002_WI_1_validation,2016-04-15,1,0.6939542857381418,Gradient Boosting
HOBBIES_1_002_WI_1_validation,2016-04-16,1,0.9243885515442086,Gradient Boosting
HOBBIES_1_002_WI_1_validation,2016-04-17,2,0.8704512755627837,Gradient Boosting
HOBBIES_1_002_WI_1_validation,2016-04-18,0,0.6308860624854526,Gradient Boosting
HOBBIES_1_002_WI_1_validation,2016-04-19,0,0.6283458852212049,Gradient Boosting
HOBBIES_1_002_WI_1_validation,2016-04-20,2,0.6274304302791632,Gradient Boosting
HOBBIES_1_002_WI_1_validation,2016-04-21,2,0.6340275178773149,Gradient Boosting
HOBBIES_1_002_WI_1_validation,2016-04-22,0,0.6907280365400069,Gradient Boosting
HOBBIES_1_002_WI_1_validation,2016-04-23,0,0.9212470961523463,Gradient Boosting
HOBBIES_1_002_WI_1_validation,2016-04-24,2,0.8581568414453385,Gradient Boosting
HOUSEHOLD_1_001_CA_1_validation,2016-03-28,0,0.4612938795543956,Gradient Boosting
HOUSEHOLD_1_001_CA_1_validation,2016-03-29,0,0.432177150562942,Gradient Boosting
HOUSEHOLD_1_001_CA_1_validation,2016-03-30,0,0.420499108205219,Gradient Boosting
HOUSEHOLD_1_001_CA_1_validation,2016-03-31,1,0.420499108205219,Gradient Boosting
HOUSEHOLD_1_001_CA_1_validation,2016-04-01,0,0.5307764013649455,Gradient Boosting
HOUSEHOLD_1_001_CA_1_validation,2016-04-02,2,0.6410105987713027,Gradient Boosting
HOUSEHOLD_1_001_CA_1_validation,2016-04-03,0,0.5424442249116406,Gradient Boosting
HOUSEHOLD_1_001_CA_1_validation,2016-04-04,0,0.49154383279023217,Gradient Boosting
HOUSEHOLD_1_001_CA_1_validation,2016-04-05,0,0.4107033691817243,Gradient Boosting
HOUSEHOLD_1_001_CA_1_validation,2016-04-06,0,0.39488827550049066,Gradient Boosting
HOUSEHOLD_1_001_CA_1_validation,2016-04-07,0,0.40228151343208274,Gradient Boosting
HOUSEHOLD_1_001_CA_1_validation,2016-04-08,1,0.43690401994904954,Gradient Boosting
HOUSEHOLD_1_001_CA_1_validation,2016-04-09,0,0.4793306503109578,Gradient Boosting
HOUSEHOLD_1_001_CA_1_validation,2016-04-10,0,0.38130777569993207,Gradient Boosting
HOUSEHOLD_1_001_CA_1_validation,2016-04-11,0,0.3189597270650967,Gradient Boosting
HOUSEHOLD_1_001_CA_1_validation,2016-04-12,0,0.3754009110273077,Gradient Boosting
HOUSEHOLD_1_001_CA_1_validation,2016-04-13,0,0.36697905527766617,Gradient Boosting
HOUSEHOLD_1_001_CA_1_validation,2016-04-14,0,0.3699227551125644,Gradient Boosting
HOUSEHOLD_1_001_CA_1_validation,2016-04-15,1,0.3981382439842481,Gradient Boosting
HOUSEHOLD_1_001_CA_1_validation,2016-04-16,0,0.4694104269252871,Gradient Boosting
HOUSEHOLD_1_001_CA_1_validation,2016-04-17,1,0.44685537319470126,Gradient Boosting
HOUSEHOLD_1_001_CA_1_validation,2016-04-18,1,0.353361936671699,Gradient Boosting
HOUSEHOLD_1_001_CA_1_validation,2016-04-19,1,0.42455601261453607,Gradient Boosting
HOUSEHOLD_1_001_CA_1_validation,2016-04-20,0,0.34494008092205747,Gradient Boosting
HOUSEHOLD_1_001_CA_1_validation,2016-04-21,0,0.34494008092205747,Gradient Boosting
HOUSEHOLD_1_001_CA_1_validation,2016-04-22,0,0.4742501092363941,Gradient Boosting
HOUSEHOLD_1_001_CA_1_validation,2016-04-23,0,0.512564431864684,Gradient Boosting
HOUSEHOLD_1_001_CA_1_validation,2016-04-24,1,0.4268159920271123,Gradient Boosting
HOUSEHOLD_1_001_CA_2_validation,2016-03-28,0,0.5588593653928564,Gradient Boosting
HOUSEHOLD_1_001_CA_2_validation,2016-03-29,0,0.5924033843403149,Gradient Boosting
HOUSEHOLD_1_001_CA_2_validation,2016-03-30,1,0.5781338655161026,Gradient Boosting
HOUSEHOLD_1_001_CA_2_validation,2016-03-31,2,0.5528330202736136,Gradient Boosting
HOUSEHOLD_1_001_CA_2_validation,2016-04-01,1,0.6000443338632,Gradient Boosting
HOUSEHOLD_1_001_CA_2_validation,2016-04-02,0,0.8084502533285537,Gradient Boosting
HOUSEHOLD_1_001_CA_2_validation,2016-04-03,3,0.8176090807441618,Gradient Boosting
HOUSEHOLD_1_001_CA_2_validation,2016-04-04,1,0.5545414835351703,Gradient Boosting
HOUSEHOLD_1_001_CA_2_validation,2016-04-05,2,0.5117991761613412,Gradient Boosting
HOUSEHOLD_1_001_CA_2_validation,2016-04-06,0,0.497529657337129,Gradient Boosting
HOUSEHOLD_1_001_CA_2_validation,2016-04-07,0,0.47120896458698236,Gradient Boosting
HOUSEHOLD_1_001_CA_2_validation,2016-04-08,0,0.525148265861197,Gradient Boosting
HOUSEHOLD_1_001_CA_2_validation,2016-04-09,3,0.6414683160988457,Gradient Boosting
HOUSEHOLD_1_001_CA_2_validation,2016-04-10,0,0.5729605510671189,Gradient Boosting
HOUSEHOLD_1_001_CA_2_validation,2016-04-11,0,0.5089100729997981,Gradient Boosting
HOUSEHOLD_1_001_CA_2_validation,2016-04-12,1,0.5089100729997981,Gradient Boosting
HOUSEHOLD_1_001_CA_2_validation,2016-04-13,4,0.49464055417558583,Gradient Boosting
HOUSEHOLD_1_001_CA_2_validation,2016-04-14,2,0.4671135774101475,Gradient Boosting
HOUSEHOLD_1_001_CA_2_validation,2016-04-15,1,0.5377799223601335,Gradient Boosting
HOUSEHOLD_1_001_CA_2_validation,2016-04-16,2,0.6519144928707338,Gradient Boosting
HOUSEHOLD_1_001_CA_2_validation,2016-04-17,0,0.4967684301383189,Gradient Boosting
HOUSEHOLD_1_001_CA_2_validation,2016-04-18,1,0.47191927312196574,Gradient Boosting
HOUSEHOLD_1_001_CA_2_validation,2016-04-19,1,0.41869904654182655,Gradient Boosting
HOUSEHOLD_1_001_CA_2_validation,2016-04-20,2,0.410277190792185,Gradient Boosting
HOUSEHOLD_1_001_CA_2_validation,2016-04-21,0,0.410277190792185,Gradient Boosting
HOUSEHOLD_1_001_CA_2_validation,2016-04-22,1,0.46682587488256083,Gradient Boosting
HOUSEHOLD_1_001_CA_2_validation,2016-04-23,0,0.5041106675086199,Gradient Boosting
HOUSEHOLD_1_001_CA_2_validation,2016-04-24,2,0.5663471002186558,Gradient Boosting
HOUSEHOLD_1_001_CA_3_validation,2016-03-28,0,0.63367990283525,Gradient Boosting
HOUSEHOLD_1_001_CA_3_validation,2016-03-29,0,0.6581903984080701,Gradient Boosting
HOUSEHOLD_1_001_CA_3_validation,2016-03-30,0,0.6054766064841254,Gradient Boosting
HOUSEHOLD_1_001_CA_3_validation,2016-03-31,2,0.564392114039114,Gradient Boosting
HOUSEHOLD_1_001_CA_3_validation,2016-04-01,2,0.6359423213738232,Gradient Boosting
HOUSEHOLD_1_001_CA_3_validation,2016-04-02,2,0.7271981847256506,Gradient Boosting
HOUSEHOLD_1_001_CA_3_validation,2016-04-03,1,0.6482442429220355,Gradient Boosting
HOUSEHOLD_1_001_CA_3_validation,2016-04-04,0,0.5846644063569565,Gradient Boosting
HOUSEHOLD_1_001_CA_3_validation,2016-04-05,0,0.5846644063569565,Gradient Boosting
HOUSEHOLD_1_001_CA_3_validation,2016-04-06,2,0.564392114039114,Gradient Boosting
HOUSEHOLD_1_001_CA_3_validation,2016-04-07,1,0.564392114039114,Gradient Boosting
HOUSEHOLD_1_001_CA_3_validation,2016-04-08,1,0.6359423213738232,Gradient Boosting
HOUSEHOLD_1_001_CA_3_validation,2016-04-09,0,0.7271981847256506,Gradient Boosting
HOUSEHOLD_1_001_CA_3_validation,2016-04-10,1,0.6451027875301732,Gradient Boosting
HOUSEHOLD_1_001_CA_3_validation,2016-04-11,3,0.5811930602874836,Gradient Boosting
HOUSEHOLD_1_001_CA_3_validation,2016-04-12,1,0.5811930602874836,Gradient Boosting
HOUSEHOLD_1_001_CA_3_validation,2016-04-13,0,0.5609207679696412,Gradient Boosting
HOUSEHOLD_1_001_CA_3_validation,2016-04-14,0,0.5609207679696412,Gradient Boosting
HOUSEHOLD_1_001_CA_3_validation,2016-04-15,2,0.6324709753043504,Gradient Boosting
HOUSEHOLD_1_001_CA_3_validation,2016-04-16,2,0.7237268386561777,Gradient Boosting
HOUSEHOLD_1_001_CA_3_validation,2016-04-17,1,0.6447728968525627,Gradient Boosting
HOUSEHOLD_1_001_CA_3_validation,2016-04-18,0,0.5798448529888547,Gradient Boosting
HOUSEHOLD_1_001_CA_3_validation,2016-04-19,0,0.5798448529888547,Gradient Boosting
HOUSEHOLD_1_001_CA_3_validation,2016-04-20,0,0.5595725606710122,Gradient Boosting
HOUSEHOLD_1_001_CA_3_validation,2016-04-21,0,0.5595725606710122,Gradient Boosting
HOUSEHOLD_1_001_CA_3_validation,2016-04-22,3,0.6295554997245977,Gradient Boosting
HOUSEHOLD_1_001_CA_3_validation,2016-04-23,2,0.720811363076425,Gradient Boosting
HOUSEHOLD_1_001_CA_3_validation,2016-04-24,1,0.6434246895539337,Gradient Boosting
HOUSEHOLD_1_001_CA_4_validation,2016-03-28,1,0.3831548684320921,Gradient Boosting
HOUSEHOLD_1_001_CA_4_validation,2016-03-29,0,0.37820138700585626,Gradient Boosting
HOUSEHOLD_1_001_CA_4_validation,2016-03-30,0,0.3574218603508704,Gradient Boosting
HOUSEHOLD_1_001_CA_4_validation,2016-03-31,0,0.3574218603508704,Gradient Boosting
HOUSEHOLD_1_001_CA_4_validation,2016-04-01,0,0.3758592280996963,Gradient Boosting
HOUSEHOLD_1_001_CA_4_validation,2016-04-02,3,0.518364060497175,Gradient Boosting
HOUSEHOLD_1_001_CA_4_validation,2016-04-03,0,0.4807450372089167,Gradient Boosting
HOUSEHOLD_1_001_CA_4_validation,2016-04-04,0,0.3350553968688819,Gradient Boosting
HOUSEHOLD_1_001_CA_4_validation,2016-04-05,0,0.3350553968688819,Gradient Boosting
HOUSEHOLD_1_001_CA_4_validation,2016-04-06,1,0.3350553968688819,Gradient Boosting
HOUSEHOLD_1_001_CA_4_validation,2016-04-07,0,0.3321116970339837,Gradient Boosting
HOUSEHOLD_1_001_CA_4_validation,2016-04-08,0,0.3517371515511289,Gradient Boosting
HOUSEHOLD_1_001_CA_4_validation,2016-04-09,2,0.4222453186965097,Gradient Boosting
HOUSEHOLD_1_001_CA_4_validation,2016-04-10,1,0.4027602855369224,Gradient Boosting
HOUSEHOLD_1_001_CA_4_validation,2016-04-11,0,0.2987913268334415,Gradient Boosting
HOUSEHOLD_1_001_CA_4_validation,2016-04-12,1,0.2767523524778328,Gradient Boosting
HOUSEHOLD_1_001_CA_4_validation,2016-04-13,0,0.2485805185000281,Gradient Boosting
HOUSEHOLD_1_001_CA_4_validation,2016-04-14,0,0.2485805185000281,Gradient Boosting
HOUSEHOLD_1_001_CA_4_validation,2016-04-15,0,0.26612500120463417,Gradient Boosting
HOUSEHOLD_1_001_CA_4_validation,2016-04-16,1,0.2973989588411602,Gradient Boosting
HOUSEHOLD_1_001_CA_4_validation,2016-04-17,1,0.27123034967249604,Gradient Boosting
HOUSEHOLD_1_001_CA_4_validation,2016-04-18,0,0.24143524873153985,Gradient Boosting
HOUSEHOLD_1_001_CA_4_validation,2016-04-19,0,0.2424469992722244,Gradient Boosting
HOUSEHOLD_1_001_CA_4_validation,2016-04-20,1,0.24143524873153985,Gradient Boosting
HOUSEHOLD_1_001_CA_4_validation,2016-04-21,1,0.240405718729309,Gradient Boosting
HOUSEHOLD_1_001_CA_4_validation,2016-04-22,0,0.25270280058364714,Gradient Boosting
HOUSEHOLD_1_001_CA_4_validation,2016-04-23,2,0.27737995357480105,Gradient Boosting
HOUSEHOLD_1_001_CA_4_validation,2016-04-24,0,0.26891260261843286,Gradient Boosting
HOUSEHOLD_1_001_TX_1_validation,2016-03-28,0,0.23830795924202774,Gradient Boosting
HOUSEHOLD_1_001_TX_1_validation,2016-03-29,0,0.18535838808823818,Gradient Boosting
HOUSEHOLD_1_001_TX_1_validation,2016-03-30,0,0.18535838808823818,Gradient Boosting
HOUSEHOLD_1_001_TX_1_validation,2016-03-31,0,0.23743573484940858,Gradient Boosting
HOUSEHOLD_1_001_TX_1_validation,2016-04-01,0,0.25645558195905427,Gradient Boosting
HOUSEHOLD_1_001_TX_1_validation,2016-04-02,0,0.28134247462819817,Gradient Boosting
HOUSEHOLD_1_001_TX_1_validation,2016-04-03,0,0.26881580958988144,Gradient Boosting
HOUSEHOLD_1_001_TX_1_validation,2016-04-04,1,0.24570907191489327,Gradient Boosting
HOUSEHOLD_1_001_TX_1_validation,2016-04-05,2,0.23922289776869343,Gradient Boosting
HOUSEHOLD_1_001_TX_1_validation,2016-04-06,0,0.23922289776869343,Gradient Boosting
HOUSEHOLD_1_001_TX_1_validation,2016-04-07,1,0.23094956070320882,Gradient Boosting
HOUSEHOLD_1_001_TX_1_validation,2016-04-08,0,0.25645558195905427,Gradient Boosting
HOUSEHOLD_1_001_TX_1_validation,2016-04-09,0,0.28134247462819817,Gradient Boosting
HOUSEHOLD_1_001_TX_1_validation,2016-04-10,0,0.26881580958988144,Gradient Boosting
HOUSEHOLD_1_001_TX_1_validation,2016-04-11,1,0.16690039860228353,Gradient Boosting
HOUSEHOLD_1_001_TX_1_validation,2016-04-12,0,0.16690039860228353,Gradient Boosting
HOUSEHOLD_1_001_TX_1_validation,2016-04-13,0,0.16690039860228353,Gradient Boosting
HOUSEHOLD_1_001_TX_1_validation,2016-04-14,0,0.16690039860228353,Gradient Boosting
HOUSEHOLD_1_001_TX_1_validation,2016-04-15,0,0.18011868638932055,Gradient Boosting
HOUSEHOLD_1_001_TX_1_validation,2016-04-16,0,0.1880488170340773,Gradient Boosting
HOUSEHOLD_1_001_TX_1_validation,2016-04-17,0,0.18132371131836938,Gradient Boosting
HOUSEHOLD_1_001_TX_1_validation,2016-04-18,0,0.16587086860005273,Gradient Boosting
HOUSEHOLD_1_001_TX_1_validation,2016-04-19,0,0.16587086860005273,Gradient Boosting
HOUSEHOLD_1_001_TX_1_validation,2016-04-20,0,0.16587086860005273,Gradient Boosting
HOUSEHOLD_1_001_TX_1_validation,2016-04-21,0,0.16587086860005273,Gradient Boosting
HOUSEHOLD_1_001_TX_1_validation,2016-04-22,1,0.17908915638708975,Gradient Boosting
HOUSEHOLD_1_001_TX_1_validation,2016-04-23,0,0.1870192870318465,Gradient Boosting
HOUSEHOLD_1_001_TX_1_validation,2016-04-24,0,0.18029418131613859,Gradient Boosting
HOUSEHOLD_1_001_TX_2_validation,2016-03-28,0,0.2062369582111581,Gradient Boosting
HOUSEHOLD_1_001_TX_2_validation,2016-03-29,0,0.17603876863994117,Gradient Boosting
HOUSEHOLD_1_001_TX_2_validation,2016-03-30,0,0.17603876863994117,Gradient Boosting
HOUSEHOLD_1_001_TX_2_validation,2016-03-31,0,0.18252494278614098,Gradient Boosting
HOUSEHOLD_1_001_TX_2_validation,2016-04-01,0,0.1924441461163076,Gradient Boosting
HOUSEHOLD_1_001_TX_2_validation,2016-04-02,0,0.20396626372219417,Gradient Boosting
HOUSEHOLD_1_001_TX_2_validation,2016-04-03,1,0.19318184392453772,Gradient Boosting
HOUSEHOLD_1_001_TX_2_validation,2016-04-04,0,0.17516654424732206,Gradient Boosting
HOUSEHOLD_1_001_TX_2_validation,2016-04-05,0,0.16930949153066607,Gradient Boosting
HOUSEHOLD_1_001_TX_2_validation,2016-04-06,0,0.16930949153066607,Gradient Boosting
HOUSEHOLD_1_001_TX_2_validation,2016-04-07,0,0.16930949153066607,Gradient Boosting
HOUSEHOLD_1_001_TX_2_validation,2016-04-08,1,0.1825277793177031,Gradient Boosting
HOUSEHOLD_1_001_TX_2_validation,2016-04-09,0,0.18419229463913422,Gradient Boosting
HOUSEHOLD_1_001_TX_2_validation,2016-04-10,0,0.1774671889234263,Gradient Boosting
HOUSEHOLD_1_001_TX_2_validation,2016-04-11,0,0.16930949153066607,Gradient Boosting
HOUSEHOLD_1_001_TX_2_validation,2016-04-12,0,0.16930949153066607,Gradient Boosting
HOUSEHOLD_1_001_TX_2_validation,2016-04-13,0,0.16930949153066607,Gradient Boosting
HOUSEHOLD_1_001_TX_2_validation,2016-04-14,0,0.16930949153066607,Gradient Boosting
HOUSEHOLD_1_001_TX_2_validation,2016-04-15,0,0.17604160517150327,Gradient Boosting
HOUSEHOLD_1_001_TX_2_validation,2016-04-16,0,0.18419229463913422,Gradient Boosting
HOUSEHOLD_1_001_TX_2_validation,2016-04-17,0,0.1774671889234263,Gradient Boosting
HOUSEHOLD_1_001_TX_2_validation,2016-04-18,0,0.16282331738446626,Gradient Boosting
HOUSEHOLD_1_001_TX_2_validation,2016-04-19,0,0.16282331738446626,Gradient Boosting
HOUSEHOLD_1_001_TX_2_validation,2016-04-20,0,0.16282331738446626,Gradient Boosting
HOUSEHOLD_1_001_TX_2_validation,2016-04-21,0,0.16282331738446626,Gradient Boosting
HOUSEHOLD_1_001_TX_2_validation,2016-04-22,1,0.17501207516927247,Gradient Boosting
HOUSEHOLD_1_001_TX_2_validation,2016-04-23,0,0.18316276463690342,Gradient Boosting
HOUSEHOLD_1_001_TX_2_validation,2016-04-24,0,0.1764376589211955,Gradient Boosting
HOUSEHOLD_1_001_TX_3_validation,2016-03-28,0,0.17256197501284856,Gradient Boosting
HOUSEHOLD_1_001_TX_3_validation,2016-03-29,0,0.14575156796967542,Gradient Boosting
HOUSEHOLD_1_001_TX_3_validation,2016-03-30,0,0.14575156796967542,Gradient Boosting
HOUSEHOLD_1_001_TX_3_validation,2016-03-31,0,0.13989451525301944,Gradient Boosting
HOUSEHOLD_1_001_TX_3_validation,2016-04-01,0,0.17604160517150327,Gradient Boosting
HOUSEHOLD_1_001_TX_3_validation,2016-04-02,0,0.16898678863536212,Gradient Boosting
HOUSEHOLD_1_001_TX_3_validation,2016-04-03,0,0.1622616829196542,Gradient Boosting
HOUSEHOLD_1_001_TX_3_validation,2016-04-04,0,0.14761781138069416,Gradient Boosting
HOUSEHOLD_1_001_TX_3_validation,2016-04-05,0,0.14761781138069416,Gradient Boosting
HOUSEHOLD_1_001_TX_3_validation,2016-04-06,0,0.14761781138069416,Gradient Boosting
HOUSEHOLD_1_001_TX_3_validation,2016-04-07,0,0.16282331738446626,Gradient Boosting
HOUSEHOLD_1_001_TX_3_validation,2016-04-08,0,0.17604160517150327,Gradient Boosting
HOUSEHOLD_1_001_TX_3_validation,2016-04-09,0,0.18419229463913422,Gradient Boosting
HOUSEHOLD_1_001_TX_3_validation,2016-04-10,0,0.1774671889234263,Gradient Boosting
HOUSEHOLD_1_001_TX_3_validation,2016-04-11,0,0.16282331738446626,Gradient Boosting
HOUSEHOLD_1_001_TX_3_validation,2016-04-12,0,0.16282331738446626,Gradient Boosting
HOUSEHOLD_1_001_TX_3_validation,2016-04-13,0,0.16179378738223546,Gradient Boosting
HOUSEHOLD_1_001_TX_3_validation,2016-04-14,0,0.16179378738223546,Gradient Boosting
HOUSEHOLD_1_001_TX_3_validation,2016-04-15,0,0.17501207516927247,Gradient Boosting
HOUSEHOLD_1_001_TX_3_validation,2016-04-16,0,0.18316276463690342,Gradient Boosting
HOUSEHOLD_1_001_TX_3_validation,2016-04-17,0,0.1764376589211955,Gradient Boosting
HOUSEHOLD_1_001_TX_3_validation,2016-04-18,0,0.16179378738223546,Gradient Boosting
HOUSEHOLD_1_001_TX_3_validation,2016-04-19,0,0.16179378738223546,Gradient Boosting
HOUSEHOLD_1_001_TX_3_validation,2016-04-20,0,0.16179378738223546,Gradient Boosting
HOUSEHOLD_1_001_TX_3_validation,2016-04-21,1,0.16179378738223546,Gradient Boosting
HOUSEHOLD_1_001_TX_3_validation,2016-04-22,0,0.17501207516927247,Gradient Boosting
HOUSEHOLD_1_001_TX_3_validation,2016-04-23,0,0.18316276463690342,Gradient Boosting
HOUSEHOLD_1_001_TX_3_validation,2016-04-24,0,0.1764376589211955,Gradient Boosting
HOUSEHOLD_1_001_WI_1_validation,2016-03-28,0,0.7434011790631879,Gradient Boosting
HOUSEHOLD_1_001_WI_1_validation,2016-03-29,1,0.825176928988433,Gradient Boosting
HOUSEHOLD_1_001_WI_1_validation,2016-03-30,1,0.8171838590014321,Gradient Boosting
HOUSEHOLD_1_001_WI_1_validation,2016-03-31,1,0.816519104362327,Gradient Boosting
HOUSEHOLD_1_001_WI_1_validation,2016-04-01,1,0.9232608491993551,Gradient Boosting
HOUSEHOLD_1_001_WI_1_validation,2016-04-02,2,1.0113890553839786,Gradient Boosting
HOUSEHOLD_1_001_WI_1_validation,2016-04-03,1,0.9229519974109865,Gradient Boosting
HOUSEHOLD_1_001_WI_1_validation,2016-04-04,0,0.7566033605329101,Gradient Boosting
HOUSEHOLD_1_001_WI_1_validation,2016-04-05,0,0.8046705900726114,Gradient Boosting
HOUSEHOLD_1_001_WI_1_validation,2016-04-06,2,0.8360140381579729,Gradient Boosting
HOUSEHOLD_1_001_WI_1_validation,2016-04-07,0,0.8014443408744766,Gradient Boosting
HOUSEHOLD_1_001_WI_1_validation,2016-04-08,1,0.916154467348075,Gradient Boosting
HOUSEHOLD_1_001_WI_1_validation,2016-04-09,2,1.0043508624861044,Gradient Boosting
HOUSEHOLD_1_001_WI_1_validation,2016-04-10,0,0.9229088318409269,Gradient Boosting
HOUSEHOLD_1_001_WI_1_validation,2016-04-11,1,0.6472694214335568,Gradient Boosting
HOUSEHOLD_1_001_WI_1_validation,2016-04-12,1,0.6472694214335568,Gradient Boosting
HOUSEHOLD_1_001_WI_1_validation,2016-04-13,1,0.638361539579312,Gradient Boosting
HOUSEHOLD_1_001_WI_1_validation,2016-04-14,2,0.6406723338354051,Gradient Boosting
HOUSEHOLD_1_001_WI_1_validation,2016-04-15,1,0.6902551331423843,Gradient Boosting
HOUSEHOLD_1_001_WI_1_validation,2016-04-16,1,0.9337861832218162,Gradient Boosting
HOUSEHOLD_1_001_WI_1_validation,2016-04-17,1,0.8767074518485289,Gradient Boosting
HOUSEHOLD_1_001_WI_1_validation,2016-04-18,1,0.6211753865559746,Gradient Boosting
HOUSEHOLD_1_001_WI_1_validation,2016-04-19,1,0.6211753865559746,Gradient Boosting
HOUSEHOLD_1_001_WI_1_validation,2016-04-20,0,0.6211753865559746,Gradient Boosting
HOUSEHOLD_1_001_WI_1_validation,2016-04-21,1,0.6211753865559746,Gradient Boosting
HOUSEHOLD_1_001_WI_1_validation,2016-04-22,2,0.6848868151659162,Gradient Boosting
HOUSEHOLD_1_001_WI_1_validation,2016-04-23,1,0.9333723608727182,Gradient Boosting
HOUSEHOLD_1_001_WI_1_validation,2016-04-24,0,0.768052877844965,Gradient Boosting
HOUSEHOLD_1_001_WI_2_validation,2016-03-28,1,0.23681147351630302,Gradient Boosting
HOUSEHOLD_1_001_WI_2_validation,2016-03-29,0,0.21446351052555182,Gradient Boosting
HOUSEHOLD_1_001_WI_2_validation,2016-03-30,0,0.21446351052555182,Gradient Boosting
HOUSEHOLD_1_001_WI_2_validation,2016-03-31,0,0.20321927546913435,Gradient Boosting
HOUSEHOLD_1_001_WI_2_validation,2016-04-01,0,0.22168496410643915,Gradient Boosting
HOUSEHOLD_1_001_WI_2_validation,2016-04-02,1,0.2505407580636507,Gradient Boosting
HOUSEHOLD_1_001_WI_2_validation,2016-04-03,1,0.23856825149767505,Gradient Boosting
HOUSEHOLD_1_001_WI_2_validation,2016-04-04,0,0.23979893490459786,Gradient Boosting
HOUSEHOLD_1_001_WI_2_validation,2016-04-05,0,0.23979893490459786,Gradient Boosting
HOUSEHOLD_1_001_WI_2_validation,2016-04-06,0,0.23979893490459786,Gradient Boosting
HOUSEHOLD_1_001_WI_2_validation,2016-04-07,0,0.23979893490459786,Gradient Boosting
HOUSEHOLD_1_001_WI_2_validation,2016-04-08,1,0.26709211907972824,Gradient Boosting
HOUSEHOLD_1_001_WI_2_validation,2016-04-09,1,0.30696713183478963,Gradient Boosting
HOUSEHOLD_1_001_WI_2_validation,2016-04-10,1,0.2944404667964729,Gradient Boosting
HOUSEHOLD_1_001_WI_2_validation,2016-04-11,0,0.2480722719700825,Gradient Boosting
HOUSEHOLD_1_001_WI_2_validation,2016-04-12,0,0.2480722719700825,Gradient Boosting
HOUSEHOLD_1_001_WI_2_validation,2016-04-13,1,0.2480722719700825,Gradient Boosting
HOUSEHOLD_1_001_WI_2_validation,2016-04-14,1,0.2480722719700825,Gradient Boosting
HOUSEHOLD_1_001_WI_2_validation,2016-04-15,0,0.26709211907972824,Gradient Boosting
HOUSEHOLD_1_001_WI_2_validation,2016-04-16,2,0.36859758182900015,Gradient Boosting
HOUSEHOLD_1_001_WI_2_validation,2016-04-17,0,0.3560709167906834,Gradient Boosting
HOUSEHOLD_1_001_WI_2_validation,2016-04-18,1,0.2012660999646995,Gradient Boosting
HOUSEHOLD_1_001_WI_2_validation,2016-04-19,0,0.20953943703018418,Gradient Boosting
HOUSEHOLD_1_001_WI_2_validation,2016-04-20,1,0.20953943703018418,Gradient Boosting
HOUSEHOLD_1_001_WI_2_validation,2016-04-21,2,0.2002365699624687,Gradient Boosting
HOUSEHOLD_1_001_WI_2_validation,2016-04-22,0,0.21519710299016592,Gradient Boosting
HOUSEHOLD_1_001_WI_2_validation,2016-04-23,2,0.1985493099952672,Gradient Boosting
HOUSEHOLD_1_001_WI_2_validation,2016-04-24,0,0.22902462720694963,Gradient Boosting
HOUSEHOLD_1_001_WI_3_validation,2016-03-28,0,0.23524680195190897,Gradient Boosting
HOUSEHOLD_1_001_WI_3_validation,2016-03-29,0,0.20727462638712738,Gradient Boosting
HOUSEHOLD_1_001_WI_3_validation,2016-03-30,0,0.18026451801841106,Gradient Boosting
HOUSEHOLD_1_001_WI_3_validation,2016-03-31,1,0.16773206591016118,Gradient Boosting
HOUSEHOLD_1_001_WI_3_validation,2016-04-01,0,0.18781901542528032,Gradient Boosting
HOUSEHOLD_1_001_WI_3_validation,2016-04-02,0,0.20491596897826853,Gradient Boosting
HOUSEHOLD_1_001_WI_3_validation,2016-04-03,0,0.1913222015344785,Gradient Boosting
HOUSEHOLD_1_001_WI_3_validation,2016-04-04,2,0.16773206591016118,Gradient Boosting
HOUSEHOLD_1_001_WI_3_validation,2016-04-05,0,0.16902028296199356,Gradient Boosting
HOUSEHOLD_1_001_WI_3_validation,2016-04-06,0,0.16773206591016118,Gradient Boosting
HOUSEHOLD_1_001_WI_3_validation,2016-04-07,0,0.16773206591016118,Gradient Boosting
HOUSEHOLD_1_001_WI_3_validation,2016-04-08,0,0.18781901542528032,Gradient Boosting
HOUSEHOLD_1_001_WI_3_validation,2016-04-09,0,0.20491596897826853,Gradient Boosting
HOUSEHOLD_1_001_WI_3_validation,2016-04-10,1,0.1913222015344785,Gradient Boosting
HOUSEHOLD_1_001_WI_3_validation,2016-04-11,1,0.16773206591016118,Gradient Boosting
HOUSEHOLD_1_001_WI_3_validation,2016-04-12,0,0.16773206591016118,Gradient Boosting
HOUSEHOLD_1_001_WI_3_validation,2016-04-13,0,0.16773206591016118,Gradient Boosting
HOUSEHOLD_1_001_WI_3_validation,2016-04-14,0,0.16773206591016118,Gradient Boosting
HOUSEHOLD_1_001_WI_3_validation,2016-04-15,0,0.18781901542528032,Gradient Boosting
HOUSEHOLD_1_001_WI_3_validation,2016-04-16,0,0.20491596897826853,Gradient Boosting
HOUSEHOLD_1_001_WI_3_validation,2016-04-17,1,0.22852262446186886,Gradient Boosting
HOUSEHOLD_1_001_WI_3_validation,2016-04-18,0,0.1997345672173879,Gradient Boosting
HOUSEHOLD_1_001_WI_3_validation,2016-04-19,0,0.1997345672173879,Gradient Boosting
HOUSEHOLD_1_001_WI_3_validation,2016-04-20,0,0.16468436083963878,Gradient Boosting
HOUSEHOLD_1_001_WI_3_validation,2016-04-21,0,0.16365483083740798,Gradient Boosting
HOUSEHOLD_1_001_WI_3_validation,2016-04-22,0,0.176873118624445,Gradient Boosting
HOUSEHOLD_1_001_WI_3_validation,2016-04-23,0,0.1939700721774332,Gradient Boosting
HOUSEHOLD_1_001_WI_3_validation,2016-04-24,0,0.18724496646172528,Gradient Boosting
HOUSEHOLD_1_002_TX_1_validation,2016-03-28,0,0.1374854223246369,Gradient Boosting
HOUSEHOLD_1_002_TX_1_validation,2016-03-29,1,0.1374854223246369,Gradient Boosting
HOUSEHOLD_1_002_TX_1_validation,2016-03-30,0,0.1374854223246369,Gradient Boosting
HOUSEHOLD_1_002_TX_1_validation,2016-03-31,0,0.1374854223246369,Gradient Boosting
HOUSEHOLD_1_002_TX_1_validation,2016-04-01,0,0.17363251224312073,Gradient Boosting
HOUSEHOLD_1_002_TX_1_validation,2016-04-02,0,0.17819121474962188,Gradient Boosting
HOUSEHOLD_1_002_TX_1_validation,2016-04-03,0,0.17146610903391396,Gradient Boosting
HOUSEHOLD_1_002_TX_1_validation,2016-04-04,0,0.14520871845231162,Gradient Boosting
HOUSEHOLD_1_002_TX_1_validation,2016-04-05,0,0.14520871845231162,Gradient Boosting
HOUSEHOLD_1_002_TX_1_validation,2016-04-06,0,0.14520871845231162,Gradient Boosting
HOUSEHOLD_1_002_TX_1_validation,2016-04-07,0,0.16041422445608372,Gradient Boosting
HOUSEHOLD_1_002_TX_1_validation,2016-04-08,0,0.17363251224312073,Gradient Boosting
HOUSEHOLD_1_002_TX_1_validation,2016-04-09,0,0.17819121474962188,Gradient Boosting
HOUSEHOLD_1_002_TX_1_validation,2016-04-10,0,0.17146610903391396,Gradient Boosting
HOUSEHOLD_1_002_TX_1_validation,2016-04-11,1,0.16041422445608372,Gradient Boosting
HOUSEHOLD_1_002_TX_1_validation,2016-04-12,0,0.16041422445608372,Gradient Boosting
HOUSEHOLD_1_002_TX_1_validation,2016-04-13,0,0.15938469445385292,Gradient Boosting
HOUSEHOLD_1_002_TX_1_validation,2016-04-14,0,0.15938469445385292,Gradient Boosting
HOUSEHOLD_1_002_TX_1_validation,2016-04-15,0,0.17260298224088994,Gradient Boosting
HOUSEHOLD_1_002_TX_1_validation,2016-04-16,0,0.17716168474739108,Gradient Boosting
HOUSEHOLD_1_002_TX_1_validation,2016-04-17,1,0.17043657903168316,Gradient Boosting
HOUSEHOLD_1_002_TX_1_validation,2016-04-18,0,0.15938469445385292,Gradient Boosting
HOUSEHOLD_1_002_TX_1_validation,2016-04-19,1,0.15938469445385292,Gradient Boosting
HOUSEHOLD_1_002_TX_1_validation,2016-04-20,1,0.15938469445385292,Gradient Boosting
HOUSEHOLD_1_002_TX_1_validation,2016-04-21,0,0.15938469445385292,Gradient Boosting
HOUSEHOLD_1_002_TX_1_validation,2016-04-22,1,0.17260298224088994,Gradient Boosting
HOUSEHOLD_1_002_TX_1_validation,2016-04-23,0,0.17716168474739108,Gradient Boosting
HOUSEHOLD_1_002_TX_1_validation,2016-04-24,0,0.17043657903168316,Gradient Boosting
HOUSEHOLD_1_002_WI_1_validation,2016-03-28,2,0.9506450419736054,Gradient Boosting
HOUSEHOLD_1_002_WI_1_validation,2016-03-29,0,0.7555749437593838,Gradient Boosting
HOUSEHOLD_1_002_WI_1_validation,2016-03-30,0,0.9042972314225368,Gradient Boosting
HOUSEHOLD_1_002_WI_1_validation,2016-03-31,1,0.8682658420711615,Gradient Boosting
HOUSEHOLD_1_002_WI_1_validation,2016-04-01,0,0.7709509500109045,Gradient Boosting
HOUSEHOLD_1_002_WI_1_validation,2016-04-02,2,0.9779256609388914,Gradient Boosting
HOUSEHOLD_1_002_WI_1_validation,2016-04-03,4,0.8756488087812319,Gradient Boosting
HOUSEHOLD_1_002_WI_1_validation,2016-04-04,1,0.6540499852728866,Gradient Boosting
HOUSEHOLD_1_002_WI_1_validation,2016-04-05,0,0.6572762344710215,Gradient Boosting
HOUSEHOLD_1_002_WI_1_validation,2016-04-06,0,0.6506791468728698,Gradient Boosting
HOUSEHOLD_1_002_WI_1_validation,2016-04-07,0,0.6756410371518341,Gradient Boosting
HOUSEHOLD_1_002_WI_1_validation,2016-04-08,1,0.785754548258947,Gradient Boosting
HOUSEHOLD_1_002_WI_1_validation,2016-04-09,3,0.9977286603526585,Gradient Boosting
HOUSEHOLD_1_002_WI_1_validation,2016-04-10,1,0.8929859486110208,Gradient Boosting
HOUSEHOLD_1_002_WI_1_validation,2016-04-11,1,0.6475376914810075,Gradient Boosting
HOUSEHOLD_1_002_WI_1_validation,2016-04-12,0,0.5725090035439231,Gradient Boosting
HOUSEHOLD_1_002_WI_1_validation,2016-04-13,3,0.6822471295169723,Gradient Boosting
HOUSEHOLD_1_002_WI_1_validation,2016-04-14,1,0.5479839596082371,Gradient Boosting
HOUSEHOLD_1_002_WI_1_validation,2016-04-15,2,0.6452632798529734,Gradient Boosting
HOUSEHOLD_1_002_WI_1_validation,2016-04-16,0,0.8489552331863066,Gradient Boosting
HOUSEHOLD_1_002_WI_1_validation,2016-04-17,1,0.7070055566595719,Gradient Boosting
HOUSEHOLD_1_002_WI_1_validation,2016-04-18,2,0.534902749122302,Gradient Boosting
HOUSEHOLD_1_002_WI_1_validation,2016-04-19,0,0.5447577104101022,Gradient Boosting
HOUSEHOLD_1_002_WI_1_validation,2016-04-20,0,0.5447577104101022,Gradient Boosting
HOUSEHOLD_1_002_WI_1_validation,2016-04-21,1,0.5739422770329661,Gradient Boosting
HOUSEHOLD_1_002_WI_1_validation,2016-04-22,1,0.6525299513866827,Gradient Boosting
HOUSEHOLD_1_002_WI_1_validation,2016-04-23,1,0.8570861019429573,Gradient Boosting
HOUSEHOLD_1_002_WI_1_validation,2016-04-24,1,0.7193788599622363,Gradient Boosting
