id,date,demand,prediction,model,prediction_lower,prediction_upper,interval_width,interval_covered
FOODS_1_001_CA_1_validation,2016-03-28,2,0.0,Seasonal Naive,0.0,1.9008143618184383,1.9008143618184383,False
FOODS_1_001_CA_1_validation,2016-03-29,1,2.0,Seasonal Naive,0.09918563818156167,3.9008143618184383,1.9008143618184383,True
FOODS_1_001_CA_1_validation,2016-03-30,1,2.0,Seasonal Naive,0.09918563818156167,3.9008143618184383,1.9008143618184383,True
FOODS_1_001_CA_1_validation,2016-03-31,0,0.0,Seasonal Naive,0.0,1.9008143618184383,1.9008143618184383,True
FOODS_1_001_CA_1_validation,2016-04-01,4,1.0,Seasonal Naive,0.0,2.9008143618184383,1.9008143618184383,False
FOODS_1_001_CA_1_validation,2016-04-02,0,1.0,Seasonal Naive,0.0,2.9008143618184383,1.9008143618184383,True
FOODS_1_001_CA_1_validation,2016-04-03,0,0.0,Seasonal Naive,0.0,1.9008143618184383,1.9008143618184383,True
FOODS_1_001_CA_1_validation,2016-04-04,4,0.0,Seasonal Naive,0.0,1.9008143618184383,1.9008143618184383,False
FOODS_1_001_CA_1_validation,2016-04-05,1,2.0,Seasonal Naive,0.09918563818156167,3.9008143618184383,1.9008143618184383,True
FOODS_1_001_CA_1_validation,2016-04-06,3,2.0,Seasonal Naive,0.09918563818156167,3.9008143618184383,1.9008143618184383,True
FOODS_1_001_CA_1_validation,2016-04-07,0,0.0,Seasonal Naive,0.0,1.9008143618184383,1.9008143618184383,True
FOODS_1_001_CA_1_validation,2016-04-08,1,1.0,Seasonal Naive,0.0,2.9008143618184383,1.9008143618184383,True
FOODS_1_001_CA_1_validation,2016-04-09,0,1.0,Seasonal Naive,0.0,2.9008143618184383,1.9008143618184383,True
FOODS_1_001_CA_1_validation,2016-04-10,2,0.0,Seasonal Naive,0.0,1.9008143618184383,1.9008143618184383,False
FOODS_1_001_CA_1_validation,2016-04-11,2,0.0,Seasonal Naive,0.0,1.9008143618184383,1.9008143618184383,False
FOODS_1_001_CA_1_validation,2016-04-12,0,2.0,Seasonal Naive,0.09918563818156167,3.9008143618184383,1.9008143618184383,False
FOODS_1_001_CA_1_validation,2016-04-13,1,2.0,Seasonal Naive,0.09918563818156167,3.9008143618184383,1.9008143618184383,True
FOODS_1_001_CA_1_validation,2016-04-14,1,0.0,Seasonal Naive,0.0,1.9008143618184383,1.9008143618184383,True
FOODS_1_001_CA_1_validation,2016-04-15,0,1.0,Seasonal Naive,0.0,2.9008143618184383,1.9008143618184383,True
FOODS_1_001_CA_1_validation,2016-04-16,2,1.0,Seasonal Naive,0.0,2.9008143618184383,1.9008143618184383,True
FOODS_1_001_CA_1_validation,2016-04-17,0,0.0,Seasonal Naive,0.0,1.9008143618184383,1.9008143618184383,True
FOODS_1_001_CA_1_validation,2016-04-18,4,0.0,Seasonal Naive,0.0,1.9008143618184383,1.9008143618184383,False
FOODS_1_001_CA_1_validation,2016-04-19,1,2.0,Seasonal Naive,0.09918563818156167,3.9008143618184383,1.9008143618184383,True
FOODS_1_001_CA_1_validation,2016-04-20,1,2.0,Seasonal Naive,0.09918563818156167,3.9008143618184383,1.9008143618184383,True
FOODS_1_001_CA_1_validation,2016-04-21,0,0.0,Seasonal Naive,0.0,1.9008143618184383,1.9008143618184383,True
FOODS_1_001_CA_1_validation,2016-04-22,1,1.0,Seasonal Naive,0.0,2.9008143618184383,1.9008143618184383,True
FOODS_1_001_CA_1_validation,2016-04-23,1,1.0,Seasonal Naive,0.0,2.9008143618184383,1.9008143618184383,True
FOODS_1_001_CA_1_validation,2016-04-24,0,0.0,Seasonal Naive,0.0,1.9008143618184383,1.9008143618184383,True
FOODS_1_001_CA_2_validation,2016-03-28,0,1.0,Seasonal Naive,0.0,2.9008143618184383,1.9008143618184383,True
FOODS_1_001_CA_2_validation,2016-03-29,0,0.0,Seasonal Naive,0.0,1.9008143618184383,1.9008143618184383,True
FOODS_1_001_CA_2_validation,2016-03-30,0,0.0,Seasonal Naive,0.0,1.9008143618184383,1.9008143618184383,True
FOODS_1_001_CA_2_validation,2016-03-31,0,0.0,Seasonal Naive,0.0,1.9008143618184383,1.9008143618184383,True
FOODS_1_001_CA_2_validation,2016-04-01,0,0.0,Seasonal Naive,0.0,1.9008143618184383,1.9008143618184383,True
FOODS_1_001_CA_2_validation,2016-04-02,0,2.0,Seasonal Naive,0.09918563818156167,3.9008143618184383,1.9008143618184383,False
FOODS_1_001_CA_2_validation,2016-04-03,0,1.0,Seasonal Naive,0.0,2.9008143618184383,1.9008143618184383,True
FOODS_1_001_CA_2_validation,2016-04-04,1,1.0,Seasonal Naive,0.0,2.9008143618184383,1.9008143618184383,True
FOODS_1_001_CA_2_validation,2016-04-05,1,0.0,Seasonal Naive,0.0,1.9008143618184383,1.9008143618184383,True
FOODS_1_001_CA_2_validation,2016-04-06,2,0.0,Seasonal Naive,0.0,1.9008143618184383,1.9008143618184383,False
FOODS_1_001_CA_2_validation,2016-04-07,0,0.0,Seasonal Naive,0.0,1.9008143618184383,1.9008143618184383,True
FOODS_1_001_CA_2_validation,2016-04-08,0,0.0,Seasonal Naive,0.0,1.9008143618184383,1.9008143618184383,True
FOODS_1_001_CA_2_validation,2016-04-09,0,2.0,Seasonal Naive,0.09918563818156167,3.9008143618184383,1.9008143618184383,False
FOODS_1_001_CA_2_validation,2016-04-10,0,1.0,Seasonal Naive,0.0,2.9008143618184383,1.9008143618184383,True
FOODS_1_001_CA_2_validation,2016-04-11,0,1.0,Seasonal Naive,0.0,2.9008143618184383,1.9008143618184383,True
FOODS_1_001_CA_2_validation,2016-04-12,0,0.0,Seasonal Naive,0.0,1.9008143618184383,1.9008143618184383,True
FOODS_1_001_CA_2_validation,2016-04-13,2,0.0,Seasonal Naive,0.0,1.9008143618184383,1.9008143618184383,False
FOODS_1_001_CA_2_validation,2016-04-14,0,0.0,Seasonal Naive,0.0,1.9008143618184383,1.9008143618184383,True
FOODS_1_001_CA_2_validation,2016-04-15,1,0.0,Seasonal Naive,0.0,1.9008143618184383,1.9008143618184383,True
FOODS_1_001_CA_2_validation,2016-04-16,0,2.0,Seasonal Naive,0.09918563818156167,3.9008143618184383,1.9008143618184383,False
FOODS_1_001_CA_2_validation,2016-04-17,14,1.0,Seasonal Naive,0.0,2.9008143618184383,1.9008143618184383,False
FOODS_1_001_CA_2_validation,2016-04-18,0,1.0,Seasonal Naive,0.0,2.9008143618184383,1.9008143618184383,True
FOODS_1_001_CA_2_validation,2016-04-19,1,0.0,Seasonal Naive,0.0,1.9008143618184383,1.9008143618184383,True
FOODS_1_001_CA_2_validation,2016-04-20,1,0.0,Seasonal Naive,0.0,1.9008143618184383,1.9008143618184383,True
FOODS_1_001_CA_2_validation,2016-04-21,4,0.0,Seasonal Naive,0.0,1.9008143618184383,1.9008143618184383,False
FOODS_1_001_CA_2_validation,2016-04-22,0,0.0,Seasonal Naive,0.0,1.9008143618184383,1.9008143618184383,True
FOODS_1_001_CA_2_validation,2016-04-23,0,2.0,Seasonal Naive,0.09918563818156167,3.9008143618184383,1.9008143618184383,False
FOODS_1_001_CA_2_validation,2016-04-24,4,1.0,Seasonal Naive,0.0,2.9008143618184383,1.9008143618184383,False
FOODS_1_001_CA_3_validation,2016-03-28,0,2.0,Seasonal Naive,0.09918563818156167,3.9008143618184383,1.9008143618184383,False
FOODS_1_001_CA_3_validation,2016-03-29,0,0.0,Seasonal Naive,0.0,1.9008143618184383,1.9008143618184383,True
FOODS_1_001_CA_3_validation,2016-03-30,1,1.0,Seasonal Naive,0.0,2.9008143618184383,1.9008143618184383,True
FOODS_1_001_CA_3_validation,2016-03-31,0,1.0,Seasonal Naive,0.0,2.9008143618184383,1.9008143618184383,True
FOODS_1_001_CA_3_validation,2016-04-01,0,1.0,Seasonal Naive,0.0,2.9008143618184383,1.9008143618184383,True
FOODS_1_001_CA_3_validation,2016-04-02,1,12.0,Seasonal Naive,10.099185638181561,13.900814361818439,1.9008143618184383,False
FOODS_1_001_CA_3_validation,2016-04-03,0,0.0,Seasonal Naive,0.0,1.9008143618184383,1.9008143618184383,True
FOODS_1_001_CA_3_validation,2016-04-04,0,2.0,Seasonal Naive,0.09918563818156167,3.9008143618184383,1.9008143618184383,False
FOODS_1_001_CA_3_validation,2016-04-05,0,0.0,Seasonal Naive,0.0,1.9008143618184383,1.9008143618184383,True
FOODS_1_001_CA_3_validation,2016-04-06,1,1.0,Seasonal Naive,0.0,2.9008143618184383,1.9008143618184383,True
FOODS_1_001_CA_3_validation,2016-04-07,0,1.0,Seasonal Naive,0.0,2.9008143618184383,1.9008143618184383,True
FOODS_1_001_CA_3_validation,2016-04-08,0,1.0,Seasonal Naive,0.0,2.9008143618184383,1.9008143618184383,True
FOODS_1_001_CA_3_validation,2016-04-09,4,12.0,Seasonal Naive,10.099185638181561,13.900814361818439,1.9008143618184383,False
FOODS_1_001_CA_3_validation,2016-04-10,2,0.0,Seasonal Naive,0.0,1.9008143618184383,1.9008143618184383,False
FOODS_1_001_CA_3_validation,2016-04-11,1,2.0,Seasonal Naive,0.09918563818156167,3.9008143618184383,1.9008143618184383,True
FOODS_1_001_CA_3_validation,2016-04-12,0,0.0,Seasonal Naive,0.0,1.9008143618184383,1.9008143618184383,True
FOODS_1_001_CA_3_validation,2016-04-13,0,1.0,Seasonal Naive,0.0,2.9008143618184383,1.9008143618184383,True
FOODS_1_001_CA_3_validation,2016-04-14,0,1.0,Seasonal Naive,0.0,2.9008143618184383,1.9008143618184383,True
FOODS_1_001_CA_3_validation,2016-04-15,0,1.0,Seasonal Naive,0.0,2.9008143618184383,1.9008143618184383,True
FOODS_1_001_CA_3_validation,2016-04-16,0,12.0,Seasonal Naive,10.099185638181561,13.900814361818439,1.9008143618184383,False
FOODS_1_001_CA_3_validation,2016-04-17,13,0.0,Seasonal Naive,0.0,1.9008143618184383,1.9008143618184383,False
FOODS_1_001_CA_3_validation,2016-04-18,0,2.0,Seasonal Naive,0.09918563818156167,3.9008143618184383,1.9008143618184383,False
FOODS_1_001_CA_3_validation,2016-04-19,0,0.0,Seasonal Naive,0.0,1.9008143618184383,1.9008143618184383,True
FOODS_1_001_CA_3_validation,2016-04-20,0,1.0,Seasonal Naive,0.0,2.9008143618184383,1.9008143618184383,True
FOODS_1_001_CA_3_validation,2016-04-21,0,1.0,Seasonal Naive,0.0,2.9008143618184383,1.9008143618184383,True
FOODS_1_001_CA_3_validation,2016-04-22,0,1.0,Seasonal Naive,0.0,2.9008143618184383,1.9008143618184383,True
FOODS_1_001_CA_3_validation,2016-04-23,1,12.0,Seasonal Naive,10.099185638181561,13.900814361818439,1.9008143618184383,False
FOODS_1_001_CA_3_validation,2016-04-24,0,0.0,Seasonal Naive,0.0,1.9008143618184383,1.9008143618184383,True
FOODS_1_001_CA_4_validation,2016-03-28,2,1.0,Seasonal Naive,0.0,2.9008143618184383,1.9008143618184383,True
FOODS_1_001_CA_4_validation,2016-03-29,0,0.0,Seasonal Naive,0.0,1.9008143618184383,1.9008143618184383,True
FOODS_1_001_CA_4_validation,2016-03-30,0,1.0,Seasonal Naive,0.0,2.9008143618184383,1.9008143618184383,True
FOODS_1_001_CA_4_validation,2016-03-31,0,0.0,Seasonal Naive,0.0,1.9008143618184383,1.9008143618184383,True
FOODS_1_001_CA_4_validation,2016-04-01,0,0.0,Seasonal Naive,0.0,1.9008143618184383,1.9008143618184383,True
FOODS_1_001_CA_4_validation,2016-04-02,0,1.0,Seasonal Naive,0.0,2.9008143618184383,1.9008143618184383,True
FOODS_1_001_CA_4_validation,2016-04-03,0,0.0,Seasonal Naive,0.0,1.9008143618184383,1.9008143618184383,True
FOODS_1_001_CA_4_validation,2016-04-04,1,1.0,Seasonal Naive,0.0,2.9008143618184383,1.9008143618184383,True
FOODS_1_001_CA_4_validation,2016-04-05,0,0.0,Seasonal Naive,0.0,1.9008143618184383,1.9008143618184383,True
FOODS_1_001_CA_4_validation,2016-04-06,1,1.0,Seasonal Naive,0.0,2.9008143618184383,1.9008143618184383,True
FOODS_1_001_CA_4_validation,2016-04-07,0,0.0,Seasonal Naive,0.0,1.9008143618184383,1.9008143618184383,True
FOODS_1_001_CA_4_validation,2016-04-08,0,0.0,Seasonal Naive,0.0,1.9008143618184383,1.9008143618184383,True
FOODS_1_001_CA_4_validation,2016-04-09,0,1.0,Seasonal Naive,0.0,2.9008143618184383,1.9008143618184383,True
FOODS_1_001_CA_4_validation,2016-04-10,0,0.0,Seasonal Naive,0.0,1.9008143618184383,1.9008143618184383,True
FOODS_1_001_CA_4_validation,2016-04-11,0,1.0,Seasonal Naive,0.0,2.9008143618184383,1.9008143618184383,True
FOODS_1_001_CA_4_validation,2016-04-12,0,0.0,Seasonal Naive,0.0,1.9008143618184383,1.9008143618184383,True
FOODS_1_001_CA_4_validation,2016-04-13,0,1.0,Seasonal Naive,0.0,2.9008143618184383,1.9008143618184383,True
FOODS_1_001_CA_4_validation,2016-04-14,0,0.0,Seasonal Naive,0.0,1.9008143618184383,1.9008143618184383,True
FOODS_1_001_CA_4_validation,2016-04-15,0,0.0,Seasonal Naive,0.0,1.9008143618184383,1.9008143618184383,True
FOODS_1_001_CA_4_validation,2016-04-16,0,1.0,Seasonal Naive,0.0,2.9008143618184383,1.9008143618184383,True
FOODS_1_001_CA_4_validation,2016-04-17,0,0.0,Seasonal Naive,0.0,1.9008143618184383,1.9008143618184383,True
FOODS_1_001_CA_4_validation,2016-04-18,2,1.0,Seasonal Naive,0.0,2.9008143618184383,1.9008143618184383,True
FOODS_1_001_CA_4_validation,2016-04-19,0,0.0,Seasonal Naive,0.0,1.9008143618184383,1.9008143618184383,True
FOODS_1_001_CA_4_validation,2016-04-20,0,1.0,Seasonal Naive,0.0,2.9008143618184383,1.9008143618184383,True
FOODS_1_001_CA_4_validation,2016-04-21,0,0.0,Seasonal Naive,0.0,1.9008143618184383,1.9008143618184383,True
FOODS_1_001_CA_4_validation,2016-04-22,1,0.0,Seasonal Naive,0.0,1.9008143618184383,1.9008143618184383,True
FOODS_1_001_CA_4_validation,2016-04-23,1,1.0,Seasonal Naive,0.0,2.9008143618184383,1.9008143618184383,True
FOODS_1_001_CA_4_validation,2016-04-24,1,0.0,Seasonal Naive,0.0,1.9008143618184383,1.9008143618184383,True
FOODS_1_001_TX_1_validation,2016-03-28,0,1.0,Seasonal Naive,0.0,2.9008143618184383,1.9008143618184383,True
FOODS_1_001_TX_1_validation,2016-03-29,0,0.0,Seasonal Naive,0.0,1.9008143618184383,1.9008143618184383,True
FOODS_1_001_TX_1_validation,2016-03-30,0,1.0,Seasonal Naive,0.0,2.9008143618184383,1.9008143618184383,True
FOODS_1_001_TX_1_validation,2016-03-31,0,0.0,Seasonal Naive,0.0,1.9008143618184383,1.9008143618184383,True
FOODS_1_001_TX_1_validation,2016-04-01,0,2.0,Seasonal Naive,0.09918563818156167,3.9008143618184383,1.9008143618184383,False
FOODS_1_001_TX_1_validation,2016-04-02,0,0.0,Seasonal Naive,0.0,1.9008143618184383,1.9008143618184383,True
FOODS_1_001_TX_1_validation,2016-04-03,0,0.0,Seasonal Naive,0.0,1.9008143618184383,1.9008143618184383,True
FOODS_1_001_TX_1_validation,2016-04-04,0,1.0,Seasonal Naive,0.0,2.9008143618184383,1.9008143618184383,True
FOODS_1_001_TX_1_validation,2016-04-05,1,0.0,Seasonal Naive,0.0,1.9008143618184383,1.9008143618184383,True
FOODS_1_001_TX_1_validation,2016-04-06,0,1.0,Seasonal Naive,0.0,2.9008143618184383,1.9008143618184383,True
FOODS_1_001_TX_1_validation,2016-04-07,0,0.0,Seasonal Naive,0.0,1.9008143618184383,1.9008143618184383,True
FOODS_1_001_TX_1_validation,2016-04-08,0,2.0,Seasonal Naive,0.09918563818156167,3.9008143618184383,1.9008143618184383,False
FOODS_1_001_TX_1_validation,2016-04-09,0,0.0,Seasonal Naive,0.0,1.9008143618184383,1.9008143618184383,True
FOODS_1_001_TX_1_validation,2016-04-10,0,0.0,Seasonal Naive,0.0,1.9008143618184383,1.9008143618184383,True
FOODS_1_001_TX_1_validation,2016-04-11,0,1.0,Seasonal Naive,0.0,2.9008143618184383,1.9008143618184383,True
FOODS_1_001_TX_1_validation,2016-04-12,0,0.0,Seasonal Naive,0.0,1.9008143618184383,1.9008143618184383,True
FOODS_1_001_TX_1_validation,2016-04-13,0,1.0,Seasonal Naive,0.0,2.9008143618184383,1.9008143618184383,True
FOODS_1_001_TX_1_validation,2016-04-14,0,0.0,Seasonal Naive,0.0,1.9008143618184383,1.9008143618184383,True
FOODS_1_001_TX_1_validation,2016-04-15,0,2.0,Seasonal Naive,0.09918563818156167,3.9008143618184383,1.9008143618184383,False
FOODS_1_001_TX_1_validation,2016-04-16,0,0.0,Seasonal Naive,0.0,1.9008143618184383,1.9008143618184383,True
FOODS_1_001_TX_1_validation,2016-04-17,0,0.0,Seasonal Naive,0.0,1.9008143618184383,1.9008143618184383,True
FOODS_1_001_TX_1_validation,2016-04-18,0,1.0,Seasonal Naive,0.0,2.9008143618184383,1.9008143618184383,True
FOODS_1_001_TX_1_validation,2016-04-19,0,0.0,Seasonal Naive,0.0,1.9008143618184383,1.9008143618184383,True
FOODS_1_001_TX_1_validation,2016-04-20,0,1.0,Seasonal Naive,0.0,2.9008143618184383,1.9008143618184383,True
FOODS_1_001_TX_1_validation,2016-04-21,0,0.0,Seasonal Naive,0.0,1.9008143618184383,1.9008143618184383,True
FOODS_1_001_TX_1_validation,2016-04-22,0,2.0,Seasonal Naive,0.09918563818156167,3.9008143618184383,1.9008143618184383,False
FOODS_1_001_TX_1_validation,2016-04-23,0,0.0,Seasonal Naive,0.0,1.9008143618184383,1.9008143618184383,True
FOODS_1_001_TX_1_validation,2016-04-24,0,0.0,Seasonal Naive,0.0,1.9008143618184383,1.9008143618184383,True
FOODS_1_001_TX_2_validation,2016-03-28,0,1.0,Seasonal Naive,0.0,2.9008143618184383,1.9008143618184383,True
FOODS_1_001_TX_2_validation,2016-03-29,0,0.0,Seasonal Naive,0.0,1.9008143618184383,1.9008143618184383,True
FOODS_1_001_TX_2_validation,2016-03-30,0,0.0,Seasonal Naive,0.0,1.9008143618184383,1.9008143618184383,True
FOODS_1_001_TX_2_validation,2016-03-31,3,1.0,Seasonal Naive,0.0,2.9008143618184383,1.9008143618184383,False
FOODS_1_001_TX_2_validation,2016-04-01,0,1.0,Seasonal Naive,0.0,2.9008143618184383,1.9008143618184383,True
FOODS_1_001_TX_2_validation,2016-04-02,0,1.0,Seasonal Naive,0.0,2.9008143618184383,1.9008143618184383,True
FOODS_1_001_TX_2_validation,2016-04-03,0,0.0,Seasonal Naive,0.0,1.9008143618184383,1.9008143618184383,True
FOODS_1_001_TX_2_validation,2016-04-04,0,1.0,Seasonal Naive,0.0,2.9008143618184383,1.9008143618184383,True
FOODS_1_001_TX_2_validation,2016-04-05,0,0.0,Seasonal Naive,0.0,1.9008143618184383,1.9008143618184383,True
FOODS_1_001_TX_2_validation,2016-04-06,0,0.0,Seasonal Naive,0.0,1.9008143618184383,1.9008143618184383,True
FOODS_1_001_TX_2_validation,2016-04-07,0,1.0,Seasonal Naive,0.0,2.9008143618184383,1.9008143618184383,True
FOODS_1_001_TX_2_validation,2016-04-08,1,1.0,Seasonal Naive,0.0,2.9008143618184383,1.9008143618184383,True
FOODS_1_001_TX_2_validation,2016-04-09,0,1.0,Seasonal Naive,0.0,2.9008143618184383,1.9008143618184383,True
FOODS_1_001_TX_2_validation,2016-04-10,1,0.0,Seasonal Naive,0.0,1.9008143618184383,1.9008143618184383,True
FOODS_1_001_TX_2_validation,2016-04-11,0,1.0,Seasonal Naive,0.0,2.9008143618184383,1.9008143618184383,True
FOODS_1_001_TX_2_validation,2016-04-12,0,0.0,Seasonal Naive,0.0,1.9008143618184383,1.9008143618184383,True
FOODS_1_001_TX_2_validation,2016-04-13,0,0.0,Seasonal Naive,0.0,1.9008143618184383,1.9008143618184383,True
FOODS_1_001_TX_2_validation,2016-04-14,1,1.0,Seasonal Naive,0.0,2.9008143618184383,1.9008143618184383,True
FOODS_1_001_TX_2_validation,2016-04-15,3,1.0,Seasonal Naive,0.0,2.9008143618184383,1.9008143618184383,False
FOODS_1_001_TX_2_validation,2016-04-16,0,1.0,Seasonal Naive,0.0,2.9008143618184383,1.9008143618184383,True
FOODS_1_001_TX_2_validation,2016-04-17,1,0.0,Seasonal Naive,0.0,1.9008143618184383,1.9008143618184383,True
FOODS_1_001_TX_2_validation,2016-04-18,0,1.0,Seasonal Naive,0.0,2.9008143618184383,1.9008143618184383,True
FOODS_1_001_TX_2_validation,2016-04-19,0,0.0,Seasonal Naive,0.0,1.9008143618184383,1.9008143618184383,True
FOODS_1_001_TX_2_validation,2016-04-20,0,0.0,Seasonal Naive,0.0,1.9008143618184383,1.9008143618184383,True
FOODS_1_001_TX_2_validation,2016-04-21,0,1.0,Seasonal Naive,0.0,2.9008143618184383,1.9008143618184383,True
FOODS_1_001_TX_2_validation,2016-04-22,0,1.0,Seasonal Naive,0.0,2.9008143618184383,1.9008143618184383,True
FOODS_1_001_TX_2_validation,2016-04-23,1,1.0,Seasonal Naive,0.0,2.9008143618184383,1.9008143618184383,True
FOODS_1_001_TX_2_validation,2016-04-24,0,0.0,Seasonal Naive,0.0,1.9008143618184383,1.9008143618184383,True
FOODS_1_001_TX_3_validation,2016-03-28,0,0.0,Seasonal Naive,0.0,1.9008143618184383,1.9008143618184383,True
FOODS_1_001_TX_3_validation,2016-03-29,0,0.0,Seasonal Naive,0.0,1.9008143618184383,1.9008143618184383,True
FOODS_1_001_TX_3_validation,2016-03-30,0,0.0,Seasonal Naive,0.0,1.9008143618184383,1.9008143618184383,True
FOODS_1_001_TX_3_validation,2016-03-31,0,1.0,Seasonal Naive,0.0,2.9008143618184383,1.9008143618184383,True
FOODS_1_001_TX_3_validation,2016-04-01,1,0.0,Seasonal Naive,0.0,1.9008143618184383,1.9008143618184383,True
FOODS_1_001_TX_3_validation,2016-04-02,1,0.0,Seasonal Naive,0.0,1.9008143618184383,1.9008143618184383,True
FOODS_1_001_TX_3_validation,2016-04-03,1,1.0,Seasonal Naive,0.0,2.9008143618184383,1.9008143618184383,True
FOODS_1_001_TX_3_validation,2016-04-04,0,0.0,Seasonal Naive,0.0,1.9008143618184383,1.9008143618184383,True
FOODS_1_001_TX_3_validation,2016-04-05,1,0.0,Seasonal Naive,0.0,1.9008143618184383,1.9008143618184383,True
FOODS_1_001_TX_3_validation,2016-04-06,0,0.0,Seasonal Naive,0.0,1.9008143618184383,1.9008143618184383,True
FOODS_1_001_TX_3_validation,2016-04-07,0,1.0,Seasonal Naive,0.0,2.9008143618184383,1.9008143618184383,True
FOODS_1_001_TX_3_validation,2016-04-08,2,0.0,Seasonal Naive,0.0,1.9008143618184383,1.9008143618184383,False
FOODS_1_001_TX_3_validation,2016-04-09,0,0.0,Seasonal Naive,0.0,1.9008143618184383,1.9008143618184383,True
FOODS_1_001_TX_3_validation,2016-04-10,1,1.0,Seasonal Naive,0.0,2.9008143618184383,1.9008143618184383,True
FOODS_1_001_TX_3_validation,2016-04-11,1,0.0,Seasonal Naive,0.0,1.9008143618184383,1.9008143618184383,True
FOODS_1_001_TX_3_validation,2016-04-12,0,0.0,Seasonal Naive,0.0,1.9008143618184383,1.9008143618184383,True
FOODS_1_001_TX_3_validation,2016-04-13,0,0.0,Seasonal Naive,0.0,1.9008143618184383,1.9008143618184383,True
FOODS_1_001_TX_3_validation,2016-04-14,1,1.0,Seasonal Naive,0.0,2.9008143618184383,1.9008143618184383,True
FOODS_1_001_TX_3_validation,2016-04-15,0,0.0,Seasonal Naive,0.0,1.9008143618184383,1.9008143618184383,True
FOODS_1_001_TX_3_validation,2016-04-16,1,0.0,Seasonal Naive,0.0,1.9008143618184383,1.9008143618184383,True
FOODS_1_001_TX_3_validation,2016-04-17,1,1.0,Seasonal Naive,0.0,2.9008143618184383,1.9008143618184383,True
FOODS_1_001_TX_3_validation,2016-04-18,1,0.0,Seasonal Naive,0.0,1.9008143618184383,1.9008143618184383,True
FOODS_1_001_TX_3_validation,2016-04-19,0,0.0,Seasonal Naive,0.0,1.9008143618184383,1.9008143618184383,True
FOODS_1_001_TX_3_validation,2016-04-20,0,0.0,Seasonal Naive,0.0,1.9008143618184383,1.9008143618184383,True
FOODS_1_001_TX_3_validation,2016-04-21,2,1.0,Seasonal Naive,0.0,2.9008143618184383,1.9008143618184383,True
FOODS_1_001_TX_3_validation,2016-04-22,0,0.0,Seasonal Naive,0.0,1.9008143618184383,1.9008143618184383,True
FOODS_1_001_TX_3_validation,2016-04-23,0,0.0,Seasonal Naive,0.0,1.9008143618184383,1.9008143618184383,True
FOODS_1_001_TX_3_validation,2016-04-24,0,1.0,Seasonal Naive,0.0,2.9008143618184383,1.9008143618184383,True
FOODS_1_001_WI_1_validation,2016-03-28,1,0.0,Seasonal Naive,0.0,1.9008143618184383,1.9008143618184383,True
FOODS_1_001_WI_1_validation,2016-03-29,1,0.0,Seasonal Naive,0.0,1.9008143618184383,1.9008143618184383,True
FOODS_1_001_WI_1_validation,2016-03-30,0,0.0,Seasonal Naive,0.0,1.9008143618184383,1.9008143618184383,True
FOODS_1_001_WI_1_validation,2016-03-31,1,0.0,Seasonal Naive,0.0,1.9008143618184383,1.9008143618184383,True
FOODS_1_001_WI_1_validation,2016-04-01,0,2.0,Seasonal Naive,0.09918563818156167,3.9008143618184383,1.9008143618184383,False
FOODS_1_001_WI_1_validation,2016-04-02,0,0.0,Seasonal Naive,0.0,1.9008143618184383,1.9008143618184383,True
FOODS_1_001_WI_1_validation,2016-04-03,0,2.0,Seasonal Naive,0.09918563818156167,3.9008143618184383,1.9008143618184383,False
FOODS_1_001_WI_1_validation,2016-04-04,0,0.0,Seasonal Naive,0.0,1.9008143618184383,1.9008143618184383,True
FOODS_1_001_WI_1_validation,2016-04-05,0,0.0,Seasonal Naive,0.0,1.9008143618184383,1.9008143618184383,True
FOODS_1_001_WI_1_validation,2016-04-06,0,0.0,Seasonal Naive,0.0,1.9008143618184383,1.9008143618184383,True
FOODS_1_001_WI_1_validation,2016-04-07,0,0.0,Seasonal Naive,0.0,1.9008143618184383,1.9008143618184383,True
FOODS_1_001_WI_1_validation,2016-04-08,1,2.0,Seasonal Naive,0.09918563818156167,3.9008143618184383,1.9008143618184383,True
FOODS_1_001_WI_1_validation,2016-04-09,0,0.0,Seasonal Naive,0.0,1.9008143618184383,1.9008143618184383,True
FOODS_1_001_WI_1_validation,2016-04-10,0,2.0,Seasonal Naive,0.09918563818156167,3.9008143618184383,1.9008143618184383,False
FOODS_1_001_WI_1_validation,2016-04-11,1,0.0,Seasonal Naive,0.0,1.9008143618184383,1.9008143618184383,True
FOODS_1_001_WI_1_validation,2016-04-12,0,0.0,Seasonal Naive,0.0,1.9008143618184383,1.9008143618184383,True
FOODS_1_001_WI_1_validation,2016-04-13,0,0.0,Seasonal Naive,0.0,1.9008143618184383,1.9008143618184383,True
FOODS_1_001_WI_1_validation,2016-04-14,0,0.0,Seasonal Naive,0.0,1.9008143618184383,1.9008143618184383,True
FOODS_1_001_WI_1_validation,2016-04-15,0,2.0,Seasonal Naive,0.09918563818156167,3.9008143618184383,1.9008143618184383,False
FOODS_1_001_WI_1_validation,2016-04-16,0,0.0,Seasonal Naive,0.0,1.9008143618184383,1.9008143618184383,True
FOODS_1_001_WI_1_validation,2016-04-17,1,2.0,Seasonal Naive,0.09918563818156167,3.9008143618184383,1.9008143618184383,True
FOODS_1_001_WI_1_validation,2016-04-18,0,0.0,Seasonal Naive,0.0,1.9008143618184383,1.9008143618184383,True
FOODS_1_001_WI_1_validation,2016-04-19,2,0.0,Seasonal Naive,0.0,1.9008143618184383,1.9008143618184383,False
FOODS_1_001_WI_1_validation,2016-04-20,0,0.0,Seasonal Naive,0.0,1.9008143618184383,1.9008143618184383,True
FOODS_1_001_WI_1_validation,2016-04-21,0,0.0,Seasonal Naive,0.0,1.9008143618184383,1.9008143618184383,True
FOODS_1_001_WI_1_validation,2016-04-22,0,2.0,Seasonal Naive,0.09918563818156167,3.9008143618184383,1.9008143618184383,False
FOODS_1_001_WI_1_validation,2016-04-23,8,0.0,Seasonal Naive,0.0,1.9008143618184383,1.9008143618184383,False
FOODS_1_001_WI_1_validation,2016-04-24,1,2.0,Seasonal Naive,0.09918563818156167,3.9008143618184383,1.9008143618184383,True
FOODS_1_001_WI_2_validation,2016-03-28,0,0.0,Seasonal Naive,0.0,1.9008143618184383,1.9008143618184383,True
FOODS_1_001_WI_2_validation,2016-03-29,0,0.0,Seasonal Naive,0.0,1.9008143618184383,1.9008143618184383,True
FOODS_1_001_WI_2_validation,2016-03-30,0,0.0,Seasonal Naive,0.0,1.9008143618184383,1.9008143618184383,True
FOODS_1_001_WI_2_validation,2016-03-31,0,0.0,Seasonal Naive,0.0,1.9008143618184383,1.9008143618184383,True
FOODS_1_001_WI_2_validation,2016-04-01,0,2.0,Seasonal Naive,0.09918563818156167,3.9008143618184383,1.9008143618184383,False
FOODS_1_001_WI_2_validation,2016-04-02,0,0.0,Seasonal Naive,0.0,1.9008143618184383,1.9008143618184383,True
FOODS_1_001_WI_2_validation,2016-04-03,2,0.0,Seasonal Naive,0.0,1.9008143618184383,1.9008143618184383,False
FOODS_1_001_WI_2_validation,2016-04-04,0,0.0,Seasonal Naive,0.0,1.9008143618184383,1.9008143618184383,True
FOODS_1_001_WI_2_validation,2016-04-05,0,0.0,Seasonal Naive,0.0,1.9008143618184383,1.9008143618184383,True
FOODS_1_001_WI_2_validation,2016-04-06,2,0.0,Seasonal Naive,0.0,1.9008143618184383,1.9008143618184383,False
FOODS_1_001_WI_2_validation,2016-04-07,0,0.0,Seasonal Naive,0.0,1.9008143618184383,1.9008143618184383,True
FOODS_1_001_WI_2_validation,2016-04-08,0,2.0,Seasonal Naive,0.09918563818156167,3.9008143618184383,1.9008143618184383,False
FOODS_1_001_WI_2_validation,2016-04-09,0,0.0,Seasonal Naive,0.0,1.9008143618184383,1.9008143618184383,True
FOODS_1_001_WI_2_validation,2016-04-10,0,0.0,Seasonal Naive,0.0,1.9008143618184383,1.9008143618184383,True
FOODS_1_001_WI_2_validation,2016-04-11,2,0.0,Seasonal Naive,0.0,1.9008143618184383,1.9008143618184383,False
FOODS_1_001_WI_2_validation,2016-04-12,0,0.0,Seasonal Naive,0.0,1.9008143618184383,1.9008143618184383,True
FOODS_1_001_WI_2_validation,2016-04-13,3,0.0,Seasonal Naive,0.0,1.9008143618184383,1.9008143618184383,False
FOODS_1_001_WI_2_validation,2016-04-14,0,0.0,Seasonal Naive,0.0,1.9008143618184383,1.9008143618184383,True
FOODS_1_001_WI_2_validation,2016-04-15,0,2.0,Seasonal Naive,0.09918563818156167,3.9008143618184383,1.9008143618184383,False
FOODS_1_001_WI_2_validation,2016-04-16,0,0.0,Seasonal Naive,0.0,1.9008143618184383,1.9008143618184383,True
FOODS_1_001_WI_2_validation,2016-04-17,0,0.0,Seasonal Naive,0.0,1.9008143618184383,1.9008143618184383,True
FOODS_1_001_WI_2_validation,2016-04-18,0,0.0,Seasonal Naive,0.0,1.9008143618184383,1.9008143618184383,True
FOODS_1_001_WI_2_validation,2016-04-19,1,0.0,Seasonal Naive,0.0,1.9008143618184383,1.9008143618184383,True
FOODS_1_001_WI_2_validation,2016-04-20,1,0.0,Seasonal Naive,0.0,1.9008143618184383,1.9008143618184383,True
FOODS_1_001_WI_2_validation,2016-04-21,0,0.0,Seasonal Naive,0.0,1.9008143618184383,1.9008143618184383,True
FOODS_1_001_WI_2_validation,2016-04-22,0,2.0,Seasonal Naive,0.09918563818156167,3.9008143618184383,1.9008143618184383,False
FOODS_1_001_WI_2_validation,2016-04-23,0,0.0,Seasonal Naive,0.0,1.9008143618184383,1.9008143618184383,True
FOODS_1_001_WI_2_validation,2016-04-24,0,0.0,Seasonal Naive,0.0,1.9008143618184383,1.9008143618184383,True
FOODS_1_001_WI_3_validation,2016-03-28,0,0.0,Seasonal Naive,0.0,1.9008143618184383,1.9008143618184383,True
FOODS_1_001_WI_3_validation,2016-03-29,0,0.0,Seasonal Naive,0.0,1.9008143618184383,1.9008143618184383,True
FOODS_1_001_WI_3_validation,2016-03-30,1,1.0,Seasonal Naive,0.0,2.9008143618184383,1.9008143618184383,True
FOODS_1_001_WI_3_validation,2016-03-31,1,0.0,Seasonal Naive,0.0,1.9008143618184383,1.9008143618184383,True
FOODS_1_001_WI_3_validation,2016-04-01,0,0.0,Seasonal Naive,0.0,1.9008143618184383,1.9008143618184383,True
FOODS_1_001_WI_3_validation,2016-04-02,0,1.0,Seasonal Naive,0.0,2.9008143618184383,1.9008143618184383,True
FOODS_1_001_WI_3_validation,2016-04-03,0,0.0,Seasonal Naive,0.0,1.9008143618184383,1.9008143618184383,True
FOODS_1_001_WI_3_validation,2016-04-04,0,0.0,Seasonal Naive,0.0,1.9008143618184383,1.9008143618184383,True
FOODS_1_001_WI_3_validation,2016-04-05,0,0.0,Seasonal Naive,0.0,1.9008143618184383,1.9008143618184383,True
FOODS_1_001_WI_3_validation,2016-04-06,1,1.0,Seasonal Naive,0.0,2.9008143618184383,1.9008143618184383,True
FOODS_1_001_WI_3_validation,2016-04-07,1,0.0,Seasonal Naive,0.0,1.9008143618184383,1.9008143618184383,True
FOODS_1_001_WI_3_validation,2016-04-08,0,0.0,Seasonal Naive,0.0,1.9008143618184383,1.9008143618184383,True
FOODS_1_001_WI_3_validation,2016-04-09,0,1.0,Seasonal Naive,0.0,2.9008143618184383,1.9008143618184383,True
FOODS_1_001_WI_3_validation,2016-04-10,0,0.0,Seasonal Naive,0.0,1.9008143618184383,1.9008143618184383,True
FOODS_1_001_WI_3_validation,2016-04-11,1,0.0,Seasonal Naive,0.0,1.9008143618184383,1.9008143618184383,True
FOODS_1_001_WI_3_validation,2016-04-12,0,0.0,Seasonal Naive,0.0,1.9008143618184383,1.9008143618184383,True
FOODS_1_001_WI_3_validation,2016-04-13,0,1.0,Seasonal Naive,0.0,2.9008143618184383,1.9008143618184383,True
FOODS_1_001_WI_3_validation,2016-04-14,0,0.0,Seasonal Naive,0.0,1.9008143618184383,1.9008143618184383,True
FOODS_1_001_WI_3_validation,2016-04-15,0,0.0,Seasonal Naive,0.0,1.9008143618184383,1.9008143618184383,True
FOODS_1_001_WI_3_validation,2016-04-16,1,1.0,Seasonal Naive,0.0,2.9008143618184383,1.9008143618184383,True
FOODS_1_001_WI_3_validation,2016-04-17,0,0.0,Seasonal Naive,0.0,1.9008143618184383,1.9008143618184383,True
FOODS_1_001_WI_3_validation,2016-04-18,0,0.0,Seasonal Naive,0.0,1.9008143618184383,1.9008143618184383,True
FOODS_1_001_WI_3_validation,2016-04-19,0,0.0,Seasonal Naive,0.0,1.9008143618184383,1.9008143618184383,True
FOODS_1_001_WI_3_validation,2016-04-20,0,1.0,Seasonal Naive,0.0,2.9008143618184383,1.9008143618184383,True
FOODS_1_001_WI_3_validation,2016-04-21,0,0.0,Seasonal Naive,0.0,1.9008143618184383,1.9008143618184383,True
FOODS_1_001_WI_3_validation,2016-04-22,0,0.0,Seasonal Naive,0.0,1.9008143618184383,1.9008143618184383,True
FOODS_1_001_WI_3_validation,2016-04-23,4,1.0,Seasonal Naive,0.0,2.9008143618184383,1.9008143618184383,False
FOODS_1_001_WI_3_validation,2016-04-24,0,0.0,Seasonal Naive,0.0,1.9008143618184383,1.9008143618184383,True
FOODS_1_002_TX_1_validation,2016-03-28,0,0.0,Seasonal Naive,0.0,1.9008143618184383,1.9008143618184383,True
FOODS_1_002_TX_1_validation,2016-03-29,0,0.0,Seasonal Naive,0.0,1.9008143618184383,1.9008143618184383,True
FOODS_1_002_TX_1_validation,2016-03-30,0,0.0,Seasonal Naive,0.0,1.9008143618184383,1.9008143618184383,True
FOODS_1_002_TX_1_validation,2016-03-31,0,0.0,Seasonal Naive,0.0,1.9008143618184383,1.9008143618184383,True
FOODS_1_002_TX_1_validation,2016-04-01,0,0.0,Seasonal Naive,0.0,1.9008143618184383,1.9008143618184383,True
FOODS_1_002_TX_1_validation,2016-04-02,0,0.0,Seasonal Naive,0.0,1.9008143618184383,1.9008143618184383,True
FOODS_1_002_TX_1_validation,2016-04-03,0,0.0,Seasonal Naive,0.0,1.9008143618184383,1.9008143618184383,True
FOODS_1_002_TX_1_validation,2016-04-04,0,0.0,Seasonal Naive,0.0,1.9008143618184383,1.9008143618184383,True
FOODS_1_002_TX_1_validation,2016-04-05,0,0.0,Seasonal Naive,0.0,1.9008143618184383,1.9008143618184383,True
FOODS_1_002_TX_1_validation,2016-04-06,0,0.0,Seasonal Naive,0.0,1.9008143618184383,1.9008143618184383,True
FOODS_1_002_TX_1_validation,2016-04-07,0,0.0,Seasonal Naive,0.0,1.9008143618184383,1.9008143618184383,True
FOODS_1_002_TX_1_validation,2016-04-08,0,0.0,Seasonal Naive,0.0,1.9008143618184383,1.9008143618184383,True
FOODS_1_002_TX_1_validation,2016-04-09,0,0.0,Seasonal Naive,0.0,1.9008143618184383,1.9008143618184383,True
FOODS_1_002_TX_1_validation,2016-04-10,0,0.0,Seasonal Naive,0.0,1.9008143618184383,1.9008143618184383,True
FOODS_1_002_TX_1_validation,2016-04-11,0,0.0,Seasonal Naive,0.0,1.9008143618184383,1.9008143618184383,True
FOODS_1_002_TX_1_validation,2016-04-12,0,0.0,Seasonal Naive,0.0,1.9008143618184383,1.9008143618184383,True
FOODS_1_002_TX_1_validation,2016-04-13,0,0.0,Seasonal Naive,0.0,1.9008143618184383,1.9008143618184383,True
FOODS_1_002_TX_1_validation,2016-04-14,0,0.0,Seasonal Naive,0.0,1.9008143618184383,1.9008143618184383,True
FOODS_1_002_TX_1_validation,2016-04-15,1,0.0,Seasonal Naive,0.0,1.9008143618184383,1.9008143618184383,True
FOODS_1_002_TX_1_validation,2016-04-16,1,0.0,Seasonal Naive,0.0,1.9008143618184383,1.9008143618184383,True
FOODS_1_002_TX_1_validation,2016-04-17,0,0.0,Seasonal Naive,0.0,1.9008143618184383,1.9008143618184383,True
FOODS_1_002_TX_1_validation,2016-04-18,0,0.0,Seasonal Naive,0.0,1.9008143618184383,1.9008143618184383,True
FOODS_1_002_TX_1_validation,2016-04-19,0,0.0,Seasonal Naive,0.0,1.9008143618184383,1.9008143618184383,True
FOODS_1_002_TX_1_validation,2016-04-20,0,0.0,Seasonal Naive,0.0,1.9008143618184383,1.9008143618184383,True
FOODS_1_002_TX_1_validation,2016-04-21,0,0.0,Seasonal Naive,0.0,1.9008143618184383,1.9008143618184383,True
FOODS_1_002_TX_1_validation,2016-04-22,0,0.0,Seasonal Naive,0.0,1.9008143618184383,1.9008143618184383,True
FOODS_1_002_TX_1_validation,2016-04-23,0,0.0,Seasonal Naive,0.0,1.9008143618184383,1.9008143618184383,True
FOODS_1_002_TX_1_validation,2016-04-24,0,0.0,Seasonal Naive,0.0,1.9008143618184383,1.9008143618184383,True
FOODS_1_002_WI_1_validation,2016-03-28,2,2.0,Seasonal Naive,0.09918563818156167,3.9008143618184383,1.9008143618184383,True
FOODS_1_002_WI_1_validation,2016-03-29,1,0.0,Seasonal Naive,0.0,1.9008143618184383,1.9008143618184383,True
FOODS_1_002_WI_1_validation,2016-03-30,0,1.0,Seasonal Naive,0.0,2.9008143618184383,1.9008143618184383,True
FOODS_1_002_WI_1_validation,2016-03-31,1,1.0,Seasonal Naive,0.0,2.9008143618184383,1.9008143618184383,True
FOODS_1_002_WI_1_validation,2016-04-01,0,1.0,Seasonal Naive,0.0,2.9008143618184383,1.9008143618184383,True
FOODS_1_002_WI_1_validation,2016-04-02,0,1.0,Seasonal Naive,0.0,2.9008143618184383,1.9008143618184383,True
FOODS_1_002_WI_1_validation,2016-04-03,1,2.0,Seasonal Naive,0.09918563818156167,3.9008143618184383,1.9008143618184383,True
FOODS_1_002_WI_1_validation,2016-04-04,0,2.0,Seasonal Naive,0.09918563818156167,3.9008143618184383,1.9008143618184383,False
FOODS_1_002_WI_1_validation,2016-04-05,2,0.0,Seasonal Naive,0.0,1.9008143618184383,1.9008143618184383,False
FOODS_1_002_WI_1_validation,2016-04-06,2,1.0,Seasonal Naive,0.0,2.9008143618184383,1.9008143618184383,True
FOODS_1_002_WI_1_validation,2016-04-07,0,1.0,Seasonal Naive,0.0,2.9008143618184383,1.9008143618184383,True
FOODS_1_002_WI_1_validation,2016-04-08,1,1.0,Seasonal Naive,0.0,2.9008143618184383,1.9008143618184383,True
FOODS_1_002_WI_1_validation,2016-04-09,2,1.0,Seasonal Naive,0.0,2.9008143618184383,1.9008143618184383,True
FOODS_1_002_WI_1_validation,2016-04-10,0,2.0,Seasonal Naive,0.09918563818156167,3.9008143618184383,1.9008143618184383,False
FOODS_1_002_WI_1_validation,2016-04-11,0,2.0,Seasonal Naive,0.09918563818156167,3.9008143618184383,1.9008143618184383,False
FOODS_1_002_WI_1_validation,2016-04-12,1,0.0,Seasonal Naive,0.0,1.9008143618184383,1.9008143618184383,True
FOODS_1_002_WI_1_validation,2016-04-13,1,1.0,Seasonal Naive,0.0,2.9008143618184383,1.9008143618184383,True
FOODS_1_002_WI_1_validation,2016-04-14,1,1.0,Seasonal Naive,0.0,2.9008143618184383,1.9008143618184383,True
FOODS_1_002_WI_1_validation,2016-04-15,1,1.0,Seasonal Naive,0.0,2.9008143618184383,1.9008143618184383,True
FOODS_1_002_WI_1_validation,2016-04-16,2,1.0,Seasonal Naive,0.0,2.9008143618184383,1.9008143618184383,True
FOODS_1_002_WI_1_validation,2016-04-17,1,2.0,Seasonal Naive,0.09918563818156167,3.9008143618184383,1.9008143618184383,True
FOODS_1_002_WI_1_validation,2016-04-18,1,2.0,Seasonal Naive,0.09918563818156167,3.9008143618184383,1.9008143618184383,True
FOODS_1_002_WI_1_validation,2016-04-19,0,0.0,Seasonal Naive,0.0,1.9008143618184383,1.9008143618184383,True
FOODS_1_002_WI_1_validation,2016-04-20,2,1.0,Seasonal Naive,0.0,2.9008143618184383,1.9008143618184383,True
FOODS_1_002_WI_1_validation,2016-04-21,2,1.0,Seasonal Naive,0.0,2.9008143618184383,1.9008143618184383,True
FOODS_1_002_WI_1_validation,2016-04-22,2,1.0,Seasonal Naive,0.0,2.9008143618184383,1.9008143618184383,True
FOODS_1_002_WI_1_validation,2016-04-23,1,1.0,Seasonal Naive,0.0,2.9008143618184383,1.9008143618184383,True
FOODS_1_002_WI_1_validation,2016-04-24,0,2.0,Seasonal Naive,0.09918563818156167,3.9008143618184383,1.9008143618184383,False
HOBBIES_1_001_CA_1_validation,2016-03-28,1,1.0,Seasonal Naive,0.0,2.9008143618184383,1.9008143618184383,True
HOBBIES_1_001_CA_1_validation,2016-03-29,0,2.0,Seasonal Naive,0.09918563818156167,3.9008143618184383,1.9008143618184383,False
HOBBIES_1_001_CA_1_validation,2016-03-30,0,2.0,Seasonal Naive,0.09918563818156167,3.9008143618184383,1.9008143618184383,False
HOBBIES_1_001_CA_1_validation,2016-03-31,0,0.0,Seasonal Naive,0.0,1.9008143618184383,1.9008143618184383,True
HOBBIES_1_001_CA_1_validation,2016-04-01,0,1.0,Seasonal Naive,0.0,2.9008143618184383,1.9008143618184383,True
HOBBIES_1_001_CA_1_validation,2016-04-02,0,1.0,Seasonal Naive,0.0,2.9008143618184383,1.9008143618184383,True
HOBBIES_1_001_CA_1_validation,2016-04-03,1,1.0,Seasonal Naive,0.0,2.9008143618184383,1.9008143618184383,True
HOBBIES_1_001_CA_1_validation,2016-04-04,0,1.0,Seasonal Naive,0.0,2.9008143618184383,1.9008143618184383,True
HOBBIES_1_001_CA_1_validation,2016-04-05,4,2.0,Seasonal Naive,0.09918563818156167,3.9008143618184383,1.9008143618184383,False
HOBBIES_1_001_CA_1_validation,2016-04-06,2,2.0,Seasonal Naive,0.09918563818156167,3.9008143618184383,1.9008143618184383,True
HOBBIES_1_001_CA_1_validation,2016-04-07,3,0.0,Seasonal Naive,0.0,1.9008143618184383,1.9008143618184383,False
HOBBIES_1_001_CA_1_validation,2016-04-08,0,1.0,Seasonal Naive,0.0,2.9008143618184383,1.9008143618184383,True
HOBBIES_1_001_CA_1_validation,2016-04-09,1,1.0,Seasonal Naive,0.0,2.9008143618184383,1.9008143618184383,True
HOBBIES_1_001_CA_1_validation,2016-04-10,2,1.0,Seasonal Naive,0.0,2.9008143618184383,1.9008143618184383,True
HOBBIES_1_001_CA_1_validation,2016-04-11,0,1.0,Seasonal Naive,0.0,2.9008143618184383,1.9008143618184383,True
HOBBIES_1_001_CA_1_validation,2016-04-12,0,2.0,Seasonal Naive,0.09918563818156167,3.9008143618184383,1.9008143618184383,False
HOBBIES_1_001_CA_1_validation,2016-04-13,0,2.0,Seasonal Naive,0.09918563818156167,3.9008143618184383,1.9008143618184383,False
HOBBIES_1_001_CA_1_validation,2016-04-14,1,0.0,Seasonal Naive,0.0,1.9008143618184383,1.9008143618184383,True
HOBBIES_1_001_CA_1_validation,2016-04-15,1,1.0,Seasonal Naive,0.0,2.9008143618184383,1.9008143618184383,True
HOBBIES_1_001_CA_1_validation,2016-04-16,3,1.0,Seasonal Naive,0.0,2.9008143618184383,1.9008143618184383,False
HOBBIES_1_001_CA_1_validation,2016-04-17,0,1.0,Seasonal Naive,0.0,2.9008143618184383,1.9008143618184383,True
HOBBIES_1_001_CA_1_validation,2016-04-18,1,1.0,Seasonal Naive,0.0,2.9008143618184383,1.9008143618184383,True
HOBBIES_1_001_CA_1_validation,2016-04-19,1,2.0,Seasonal Naive,0.09918563818156167,3.9008143618184383,1.9008143618184383,True
HOBBIES_1_001_CA_1_validation,2016-04-20,1,2.0,Seasonal Naive,0.09918563818156167,3.9008143618184383,1.9008143618184383,True
HOBBIES_1_001_CA_1_validation,2016-04-21,3,0.0,Seasonal Naive,0.0,1.9008143618184383,1.9008143618184383,False
HOBBIES_1_001_CA_1_validation,2016-04-22,0,1.0,Seasonal Naive,0.0,2.9008143618184383,1.9008143618184383,True
HOBBIES_1_001_CA_1_validation,2016-04-23,1,1.0,Seasonal Naive,0.0,2.9008143618184383,1.9008143618184383,True
HOBBIES_1_001_CA_1_validation,2016-04-24,1,1.0,Seasonal Naive,0.0,2.9008143618184383,1.9008143618184383,True
HOBBIES_1_001_CA_2_validation,2016-03-28,0,2.0,Seasonal Naive,0.09918563818156167,3.9008143618184383,1.9008143618184383,False
HOBBIES_1_001_CA_2_validation,2016-03-29,3,0.0,Seasonal Naive,0.0,1.9008143618184383,1.9008143618184383,False
HOBBIES_1_001_CA_2_validation,2016-03-30,1,0.0,Seasonal Naive,0.0,1.9008143618184383,1.9008143618184383,True
HOBBIES_1_001_CA_2_validation,2016-03-31,0,1.0,Seasonal Naive,0.0,2.9008143618184383,1.9008143618184383,True
HOBBIES_1_001_CA_2_validation,2016-04-01,1,1.0,Seasonal Naive,0.0,2.9008143618184383,1.9008143618184383,True
HOBBIES_1_001_CA_2_validation,2016-04-02,1,3.0,Seasonal Naive,1.0991856381815617,4.900814361818439,1.9008143618184383,False
HOBBIES_1_001_CA_2_validation,2016-04-03,0,0.0,Seasonal Naive,0.0,1.9008143618184383,1.9008143618184383,True
HOBBIES_1_001_CA_2_validation,2016-04-04,2,2.0,Seasonal Naive,0.09918563818156167,3.9008143618184383,1.9008143618184383,True
HOBBIES_1_001_CA_2_validation,2016-04-05,0,0.0,Seasonal Naive,0.0,1.9008143618184383,1.9008143618184383,True
HOBBIES_1_001_CA_2_validation,2016-04-06,0,0.0,Seasonal Naive,0.0,1.9008143618184383,1.9008143618184383,True
HOBBIES_1_001_CA_2_validation,2016-04-07,0,1.0,Seasonal Naive,0.0,2.9008143618184383,1.9008143618184383,True
HOBBIES_1_001_CA_2_validation,2016-04-08,0,1.0,Seasonal Naive,0.0,2.9008143618184383,1.9008143618184383,True
HOBBIES_1_001_CA_2_validation,2016-04-09,0,3.0,Seasonal Naive,1.0991856381815617,4.900814361818439,1.9008143618184383,False
HOBBIES_1_001_CA_2_validation,2016-04-10,1,0.0,Seasonal Naive,0.0,1.9008143618184383,1.9008143618184383,True
HOBBIES_1_001_CA_2_validation,2016-04-11,0,2.0,Seasonal Naive,0.09918563818156167,3.9008143618184383,1.9008143618184383,False
HOBBIES_1_001_CA_2_validation,2016-04-12,0,0.0,Seasonal Naive,0.0,1.9008143618184383,1.9008143618184383,True
HOBBIES_1_001_CA_2_validation,2016-04-13,1,0.0,Seasonal Naive,0.0,1.9008143618184383,1.9008143618184383,True
HOBBIES_1_001_CA_2_validation,2016-04-14,0,1.0,Seasonal Naive,0.0,2.9008143618184383,1.9008143618184383,True
HOBBIES_1_001_CA_2_validation,2016-04-15,0,1.0,Seasonal Naive,0.0,2.9008143618184383,1.9008143618184383,True
HOBBIES_1_001_CA_2_validation,2016-04-16,0,3.0,Seasonal Naive,1.0991856381815617,4.900814361818439,1.9008143618184383,False
HOBBIES_1_001_CA_2_validation,2016-04-17,1,0.0,Seasonal Naive,0.0,1.9008143618184383,1.9008143618184383,True
HOBBIES_1_001_CA_2_validation,2016-04-18,2,2.0,Seasonal Naive,0.09918563818156167,3.9008143618184383,1.9008143618184383,True
HOBBIES_1_001_CA_2_validation,2016-04-19,0,0.0,Seasonal Naive,0.0,1.9008143618184383,1.9008143618184383,True
HOBBIES_1_001_CA_2_validation,2016-04-20,4,0.0,Seasonal Naive,0.0,1.9008143618184383,1.9008143618184383,False
HOBBIES_1_001_CA_2_validation,2016-04-21,0,1.0,Seasonal Naive,0.0,2.9008143618184383,1.9008143618184383,True
HOBBIES_1_001_CA_2_validation,2016-04-22,0,1.0,Seasonal Naive,0.0,2.9008143618184383,1.9008143618184383,True
HOBBIES_1_001_CA_2_validation,2016-04-23,2,3.0,Seasonal Naive,1.0991856381815617,4.900814361818439,1.9008143618184383,True
HOBBIES_1_001_CA_2_validation,2016-04-24,2,0.0,Seasonal Naive,0.0,1.9008143618184383,1.9008143618184383,False
HOBBIES_1_001_CA_3_validation,2016-03-28,2,1.0,Seasonal Naive,0.0,2.9008143618184383,1.9008143618184383,True
HOBBIES_1_001_CA_3_validation,2016-03-29,1,1.0,Seasonal Naive,0.0,2.9008143618184383,1.9008143618184383,True
HOBBIES_1_001_CA_3_validation,2016-03-30,0,6.0,Seasonal Naive,4.099185638181561,7.900814361818439,1.9008143618184383,False
HOBBIES_1_001_CA_3_validation,2016-03-31,0,2.0,Seasonal Naive,0.09918563818156167,3.9008143618184383,1.9008143618184383,False
HOBBIES_1_001_CA_3_validation,2016-04-01,0,0.0,Seasonal Naive,0.0,1.9008143618184383,1.9008143618184383,True
HOBBIES_1_001_CA_3_validation,2016-04-02,4,2.0,Seasonal Naive,0.09918563818156167,3.9008143618184383,1.9008143618184383,False
HOBBIES_1_001_CA_3_validation,2016-04-03,2,1.0,Seasonal Naive,0.0,2.9008143618184383,1.9008143618184383,True
HOBBIES_1_001_CA_3_validation,2016-04-04,1,1.0,Seasonal Naive,0.0,2.9008143618184383,1.9008143618184383,True
HOBBIES_1_001_CA_3_validation,2016-04-05,0,1.0,Seasonal Naive,0.0,2.9008143618184383,1.9008143618184383,True
HOBBIES_1_001_CA_3_validation,2016-04-06,2,6.0,Seasonal Naive,4.099185638181561,7.900814361818439,1.9008143618184383,False
HOBBIES_1_001_CA_3_validation,2016-04-07,0,2.0,Seasonal Naive,0.09918563818156167,3.9008143618184383,1.9008143618184383,False
HOBBIES_1_001_CA_3_validation,2016-04-08,0,0.0,Seasonal Naive,0.0,1.9008143618184383,1.9008143618184383,True
HOBBIES_1_001_CA_3_validation,2016-04-09,2,2.0,Seasonal Naive,0.09918563818156167,3.9008143618184383,1.9008143618184383,True
HOBBIES_1_001_CA_3_validation,2016-04-10,1,1.0,Seasonal Naive,0.0,2.9008143618184383,1.9008143618184383,True
HOBBIES_1_001_CA_3_validation,2016-04-11,0,1.0,Seasonal Naive,0.0,2.9008143618184383,1.9008143618184383,True
HOBBIES_1_001_CA_3_validation,2016-04-12,0,1.0,Seasonal Naive,0.0,2.9008143618184383,1.9008143618184383,True
HOBBIES_1_001_CA_3_validation,2016-04-13,0,6.0,Seasonal Naive,4.099185638181561,7.900814361818439,1.9008143618184383,False
HOBBIES_1_001_CA_3_validation,2016-04-14,0,2.0,Seasonal Naive,0.09918563818156167,3.9008143618184383,1.9008143618184383,False
HOBBIES_1_001_CA_3_validation,2016-04-15,0,0.0,Seasonal Naive,0.0,1.9008143618184383,1.9008143618184383,True
HOBBIES_1_001_CA_3_validation,2016-04-16,2,2.0,Seasonal Naive,0.09918563818156167,3.9008143618184383,1.9008143618184383,True
HOBBIES_1_001_CA_3_validation,2016-04-17,4,1.0,Seasonal Naive,0.0,2.9008143618184383,1.9008143618184383,False
HOBBIES_1_001_CA_3_validation,2016-04-18,0,1.0,Seasonal Naive,0.0,2.9008143618184383,1.9008143618184383,True
HOBBIES_1_001_CA_3_validation,2016-04-19,1,1.0,Seasonal Naive,0.0,2.9008143618184383,1.9008143618184383,True
HOBBIES_1_001_CA_3_validation,2016-04-20,1,6.0,Seasonal Naive,4.099185638181561,7.900814361818439,1.9008143618184383,False
HOBBIES_1_001_CA_3_validation,2016-04-21,1,2.0,Seasonal Naive,0.09918563818156167,3.9008143618184383,1.9008143618184383,True
HOBBIES_1_001_CA_3_validation,2016-04-22,0,0.0,Seasonal Naive,0.0,1.9008143618184383,1.9008143618184383,True
HOBBIES_1_001_CA_3_validation,2016-04-23,3,2.0,Seasonal Naive,0.09918563818156167,3.9008143618184383,1.9008143618184383,True
HOBBIES_1_001_CA_3_validation,2016-04-24,3,1.0,Seasonal Naive,0.0,2.9008143618184383,1.9008143618184383,False
HOBBIES_1_001_CA_4_validation,2016-03-28,2,0.0,Seasonal Naive,0.0,1.9008143618184383,1.9008143618184383,False
HOBBIES_1_001_CA_4_validation,2016-03-29,1,0.0,Seasonal Naive,0.0,1.9008143618184383,1.9008143618184383,True
HOBBIES_1_001_CA_4_validation,2016-03-30,2,3.0,Seasonal Naive,1.0991856381815617,4.900814361818439,1.9008143618184383,True
HOBBIES_1_001_CA_4_validation,2016-03-31,1,0.0,Seasonal Naive,0.0,1.9008143618184383,1.9008143618184383,True
HOBBIES_1_001_CA_4_validation,2016-04-01,1,1.0,Seasonal Naive,0.0,2.9008143618184383,1.9008143618184383,True
HOBBIES_1_001_CA_4_validation,2016-04-02,1,2.0,Seasonal Naive,0.09918563818156167,3.9008143618184383,1.9008143618184383,True
HOBBIES_1_001_CA_4_validation,2016-04-03,1,0.0,Seasonal Naive,0.0,1.9008143618184383,1.9008143618184383,True
HOBBIES_1_001_CA_4_validation,2016-04-04,0,0.0,Seasonal Naive,0.0,1.9008143618184383,1.9008143618184383,True
HOBBIES_1_001_CA_4_validation,2016-04-05,0,0.0,Seasonal Naive,0.0,1.9008143618184383,1.9008143618184383,True
HOBBIES_1_001_CA_4_validation,2016-04-06,0,3.0,Seasonal Naive,1.0991856381815617,4.900814361818439,1.9008143618184383,False
HOBBIES_1_001_CA_4_validation,2016-04-07,0,0.0,Seasonal Naive,0.0,1.9008143618184383,1.9008143618184383,True
HOBBIES_1_001_CA_4_validation,2016-04-08,0,1.0,Seasonal Naive,0.0,2.9008143618184383,1.9008143618184383,True
HOBBIES_1_001_CA_4_validation,2016-04-09,0,2.0,Seasonal Naive,0.09918563818156167,3.9008143618184383,1.9008143618184383,False
HOBBIES_1_001_CA_4_validation,2016-04-10,0,0.0,Seasonal Naive,0.0,1.9008143618184383,1.9008143618184383,True
HOBBIES_1_001_CA_4_validation,2016-04-11,3,0.0,Seasonal Naive,0.0,1.9008143618184383,1.9008143618184383,False
HOBBIES_1_001_CA_4_validation,2016-04-12,0,0.0,Seasonal Naive,0.0,1.9008143618184383,1.9008143618184383,True
HOBBIES_1_001_CA_4_validation,2016-04-13,0,3.0,Seasonal Naive,1.0991856381815617,4.900814361818439,1.9008143618184383,False
HOBBIES_1_001_CA_4_validation,2016-04-14,0,0.0,Seasonal Naive,0.0,1.9008143618184383,1.9008143618184383,True
HOBBIES_1_001_CA_4_validation,2016-04-15,1,1.0,Seasonal Naive,0.0,2.9008143618184383,1.9008143618184383,True
HOBBIES_1_001_CA_4_validation,2016-04-16,0,2.0,Seasonal Naive,0.09918563818156167,3.9008143618184383,1.9008143618184383,False
HOBBIES_1_001_CA_4_validation,2016-04-17,0,0.0,Seasonal Naive,0.0,1.9008143618184383,1.9008143618184383,True
HOBBIES_1_001_CA_4_validation,2016-04-18,1,0.0,Seasonal Naive,0.0,1.9008143618184383,1.9008143618184383,True
HOBBIES_1_001_CA_4_validation,2016-04-19,0,0.0,Seasonal Naive,0.0,1.9008143618184383,1.9008143618184383,True
HOBBIES_1_001_CA_4_validation,2016-04-20,1,3.0,Seasonal Naive,1.0991856381815617,4.900814361818439,1.9008143618184383,False
HOBBIES_1_001_CA_4_validation,2016-04-21,0,0.0,Seasonal Naive,0.0,1.9008143618184383,1.9008143618184383,True
HOBBIES_1_001_CA_4_validation,2016-04-22,1,1.0,Seasonal Naive,0.0,2.9008143618184383,1.9008143618184383,True
HOBBIES_1_001_CA_4_validation,2016-04-23,2,2.0,Seasonal Naive,0.09918563818156167,3.9008143618184383,1.9008143618184383,True
HOBBIES_1_001_CA_4_validation,2016-04-24,1,0.0,Seasonal Naive,0.0,1.9008143618184383,1.9008143618184383,True
HOBBIES_1_001_TX_1_validation,2016-03-28,1,0.0,Seasonal Naive,0.0,1.9008143618184383,1.9008143618184383,True
HOBBIES_1_001_TX_1_validation,2016-03-29,0,0.0,Seasonal Naive,0.0,1.9008143618184383,1.9008143618184383,True
HOBBIES_1_001_TX_1_validation,2016-03-30,1,1.0,Seasonal Naive,0.0,2.9008143618184383,1.9008143618184383,True
HOBBIES_1_001_TX_1_validation,2016-03-31,0,1.0,Seasonal Naive,0.0,2.9008143618184383,1.9008143618184383,True
HOBBIES_1_001_TX_1_validation,2016-04-01,0,0.0,Seasonal Naive,0.0,1.9008143618184383,1.9008143618184383,True
HOBBIES_1_001_TX_1_validation,2016-04-02,0,0.0,Seasonal Naive,0.0,1.9008143618184383,1.9008143618184383,True
HOBBIES_1_001_TX_1_validation,2016-04-03,0,0.0,Seasonal Naive,0.0,1.9008143618184383,1.9008143618184383,True
HOBBIES_1_001_TX_1_validation,2016-04-04,1,0.0,Seasonal Naive,0.0,1.9008143618184383,1.9008143618184383,True
HOBBIES_1_001_TX_1_validation,2016-04-05,0,0.0,Seasonal Naive,0.0,1.9008143618184383,1.9008143618184383,True
HOBBIES_1_001_TX_1_validation,2016-04-06,1,1.0,Seasonal Naive,0.0,2.9008143618184383,1.9008143618184383,True
HOBBIES_1_001_TX_1_validation,2016-04-07,0,1.0,Seasonal Naive,0.0,2.9008143618184383,1.9008143618184383,True
HOBBIES_1_001_TX_1_validation,2016-04-08,0,0.0,Seasonal Naive,0.0,1.9008143618184383,1.9008143618184383,True
HOBBIES_1_001_TX_1_validation,2016-04-09,0,0.0,Seasonal Naive,0.0,1.9008143618184383,1.9008143618184383,True
HOBBIES_1_001_TX_1_validation,2016-04-10,0,0.0,Seasonal Naive,0.0,1.9008143618184383,1.9008143618184383,True
HOBBIES_1_001_TX_1_validation,2016-04-11,0,0.0,Seasonal Naive,0.0,1.9008143618184383,1.9008143618184383,True
HOBBIES_1_001_TX_1_validation,2016-04-12,0,0.0,Seasonal Naive,0.0,1.9008143618184383,1.9008143618184383,True
HOBBIES_1_001_TX_1_validation,2016-04-13,1,1.0,Seasonal Naive,0.0,2.9008143618184383,1.9008143618184383,True
HOBBIES_1_001_TX_1_validation,2016-04-14,1,1.0,Seasonal Naive,0.0,2.9008143618184383,1.9008143618184383,True
HOBBIES_1_001_TX_1_validation,2016-04-15,0,0.0,Seasonal Naive,0.0,1.9008143618184383,1.9008143618184383,True
HOBBIES_1_001_TX_1_validation,2016-04-16,0,0.0,Seasonal Naive,0.0,1.9008143618184383,1.9008143618184383,True
HOBBIES_1_001_TX_1_validation,2016-04-17,0,0.0,Seasonal Naive,0.0,1.9008143618184383,1.9008143618184383,True
HOBBIES_1_001_TX_1_validation,2016-04-18,0,0.0,Seasonal Naive,0.0,1.9008143618184383,1.9008143618184383,True
HOBBIES_1_001_TX_1_validation,2016-04-19,1,0.0,Seasonal Naive,0.0,1.9008143618184383,1.9008143618184383,True
HOBBIES_1_001_TX_1_validation,2016-04-20,0,1.0,Seasonal Naive,0.0,2.9008143618184383,1.9008143618184383,True
HOBBIES_1_001_TX_1_validation,2016-04-21,1,1.0,Seasonal Naive,0.0,2.9008143618184383,1.9008143618184383,True
HOBBIES_1_001_TX_1_validation,2016-04-22,0,0.0,Seasonal Naive,0.0,1.9008143618184383,1.9008143618184383,True
HOBBIES_1_001_TX_1_validation,2016-04-23,0,0.0,Seasonal Naive,0.0,1.9008143618184383,1.9008143618184383,True
HOBBIES_1_001_TX_1_validation,2016-04-24,2,0.0,Seasonal Naive,0.0,1.9008143618184383,1.9008143618184383,False
HOBBIES_1_001_TX_2_validation,2016-03-28,0,0.0,Seasonal Naive,0.0,1.9008143618184383,1.9008143618184383,True
HOBBIES_1_001_TX_2_validation,2016-03-29,0,0.0,Seasonal Naive,0.0,1.9008143618184383,1.9008143618184383,True
HOBBIES_1_001_TX_2_validation,2016-03-30,0,0.0,Seasonal Naive,0.0,1.9008143618184383,1.9008143618184383,True
HOBBIES_1_001_TX_2_validation,2016-03-31,1,3.0,Seasonal Naive,1.0991856381815617,4.900814361818439,1.9008143618184383,False
HOBBIES_1_001_TX_2_validation,2016-04-01,0,0.0,Seasonal Naive,0.0,1.9008143618184383,1.9008143618184383,True
HOBBIES_1_001_TX_2_validation,2016-04-02,2,1.0,Seasonal Naive,0.0,2.9008143618184383,1.9008143618184383,True
HOBBIES_1_001_TX_2_validation,2016-04-03,0,0.0,Seasonal Naive,0.0,1.9008143618184383,1.9008143618184383,True
HOBBIES_1_001_TX_2_validation,2016-04-04,0,0.0,Seasonal Naive,0.0,1.9008143618184383,1.9008143618184383,True
HOBBIES_1_001_TX_2_validation,2016-04-05,1,0.0,Seasonal Naive,0.0,1.9008143618184383,1.9008143618184383,True
HOBBIES_1_001_TX_2_validation,2016-04-06,0,0.0,Seasonal Naive,0.0,1.9008143618184383,1.9008143618184383,True
HOBBIES_1_001_TX_2_validation,2016-04-07,1,3.0,Seasonal Naive,1.0991856381815617,4.900814361818439,1.9008143618184383,False
HOBBIES_1_001_TX_2_validation,2016-04-08,0,0.0,Seasonal Naive,0.0,1.9008143618184383,1.9008143618184383,True
HOBBIES_1_001_TX_2_validation,2016-04-09,0,1.0,Seasonal Naive,0.0,2.9008143618184383,1.9008143618184383,True
HOBBIES_1_001_TX_2_validation,2016-04-10,1,0.0,Seasonal Naive,0.0,1.9008143618184383,1.9008143618184383,True
HOBBIES_1_001_TX_2_validation,2016-04-11,1,0.0,Seasonal Naive,0.0,1.9008143618184383,1.9008143618184383,True
HOBBIES_1_001_TX_2_validation,2016-04-12,0,0.0,Seasonal Naive,0.0,1.9008143618184383,1.9008143618184383,True
HOBBIES_1_001_TX_2_validation,2016-04-13,0,0.0,Seasonal Naive,0.0,1.9008143618184383,1.9008143618184383,True
HOBBIES_1_001_TX_2_validation,2016-04-14,0,3.0,Seasonal Naive,1.0991856381815617,4.900814361818439,1.9008143618184383,False
HOBBIES_1_001_TX_2_validation,2016-04-15,0,0.0,Seasonal Naive,0.0,1.9008143618184383,1.9008143618184383,True
HOBBIES_1_001_TX_2_validation,2016-04-16,0,1.0,Seasonal Naive,0.0,2.9008143618184383,1.9008143618184383,True
HOBBIES_1_001_TX_2_validation,2016-04-17,0,0.0,Seasonal Naive,0.0,1.9008143618184383,1.9008143618184383,True
HOBBIES_1_001_TX_2_validation,2016-04-18,0,0.0,Seasonal Naive,0.0,1.9008143618184383,1.9008143618184383,True
HOBBIES_1_001_TX_2_validation,2016-04-19,0,0.0,Seasonal Naive,0.0,1.9008143618184383,1.9008143618184383,True
HOBBIES_1_001_TX_2_validation,2016-04-20,1,0.0,Seasonal Naive,0.0,1.9008143618184383,1.9008143618184383,True
HOBBIES_1_001_TX_2_validation,2016-04-21,0,3.0,Seasonal Naive,1.0991856381815617,4.900814361818439,1.9008143618184383,False
HOBBIES_1_001_TX_2_validation,2016-04-22,0,0.0,Seasonal Naive,0.0,1.9008143618184383,1.9008143618184383,True
HOBBIES_1_001_TX_2_validation,2016-04-23,0,1.0,Seasonal Naive,0.0,2.9008143618184383,1.9008143618184383,True
HOBBIES_1_001_TX_2_validation,2016-04-24,0,0.0,Seasonal Naive,0.0,1.9008143618184383,1.9008143618184383,True
HOBBIES_1_001_TX_3_validation,2016-03-28,0,0.0,Seasonal Naive,0.0,1.9008143618184383,1.9008143618184383,True
HOBBIES_1_001_TX_3_validation,2016-03-29,1,0.0,Seasonal Naive,0.0,1.9008143618184383,1.9008143618184383,True
HOBBIES_1_001_TX_3_validation,2016-03-30,0,0.0,Seasonal Naive,0.0,1.9008143618184383,1.9008143618184383,True
HOBBIES_1_001_TX_3_validation,2016-03-31,0,3.0,Seasonal Naive,1.0991856381815617,4.900814361818439,1.9008143618184383,False
HOBBIES_1_001_TX_3_validation,2016-04-01,1,0.0,Seasonal Naive,0.0,1.9008143618184383,1.9008143618184383,True
HOBBIES_1_001_TX_3_validation,2016-04-02,0,0.0,Seasonal Naive,0.0,1.9008143618184383,1.9008143618184383,True
HOBBIES_1_001_TX_3_validation,2016-04-03,0,1.0,Seasonal Naive,0.0,2.9008143618184383,1.9008143618184383,True
HOBBIES_1_001_TX_3_validation,2016-04-04,1,0.0,Seasonal Naive,0.0,1.9008143618184383,1.9008143618184383,True
HOBBIES_1_001_TX_3_validation,2016-04-05,0,0.0,Seasonal Naive,0.0,1.9008143618184383,1.9008143618184383,True
HOBBIES_1_001_TX_3_validation,2016-04-06,0,0.0,Seasonal Naive,0.0,1.9008143618184383,1.9008143618184383,True
HOBBIES_1_001_TX_3_validation,2016-04-07,1,3.0,Seasonal Naive,1.0991856381815617,4.900814361818439,1.9008143618184383,False
HOBBIES_1_001_TX_3_validation,2016-04-08,0,0.0,Seasonal Naive,0.0,1.9008143618184383,1.9008143618184383,True
HOBBIES_1_001_TX_3_validation,2016-04-09,1,0.0,Seasonal Naive,0.0,1.9008143618184383,1.9008143618184383,True
HOBBIES_1_001_TX_3_validation,2016-04-10,0,1.0,Seasonal Naive,0.0,2.9008143618184383,1.9008143618184383,True
HOBBIES_1_001_TX_3_validation,2016-04-11,0,0.0,Seasonal Naive,0.0,1.9008143618184383,1.9008143618184383,True
HOBBIES_1_001_TX_3_validation,2016-04-12,1,0.0,Seasonal Naive,0.0,1.9008143618184383,1.9008143618184383,True
HOBBIES_1_001_TX_3_validation,2016-04-13,0,0.0,Seasonal Naive,0.0,1.9008143618184383,1.9008143618184383,True
HOBBIES_1_001_TX_3_validation,2016-04-14,0,3.0,Seasonal Naive,1.0991856381815617,4.900814361818439,1.9008143618184383,False
HOBBIES_1_001_TX_3_validation,2016-04-15,0,0.0,Seasonal Naive,0.0,1.9008143618184383,1.9008143618184383,True
HOBBIES_1_001_TX_3_validation,2016-04-16,3,0.0,Seasonal Naive,0.0,1.9008143618184383,1.9008143618184383,False
HOBBIES_1_001_TX_3_validation,2016-04-17,0,1.0,Seasonal Naive,0.0,2.9008143618184383,1.9008143618184383,True
HOBBIES_1_001_TX_3_validation,2016-04-18,0,0.0,Seasonal Naive,0.0,1.9008143618184383,1.9008143618184383,True
HOBBIES_1_001_TX_3_validation,2016-04-19,0,0.0,Seasonal Naive,0.0,1.9008143618184383,1.9008143618184383,True
HOBBIES_1_001_TX_3_validation,2016-04-20,0,0.0,Seasonal Naive,0.0,1.9008143618184383,1.9008143618184383,True
HOBBIES_1_001_TX_3_validation,2016-04-21,0,3.0,Seasonal Naive,1.0991856381815617,4.900814361818439,1.9008143618184383,False
HOBBIES_1_001_TX_3_validation,2016-04-22,0,0.0,Seasonal Naive,0.0,1.9008143618184383,1.9008143618184383,True
HOBBIES_1_001_TX_3_validation,2016-04-23,0,0.0,Seasonal Naive,0.0,1.9008143618184383,1.9008143618184383,True
HOBBIES_1_001_TX_3_validation,2016-04-24,0,1.0,Seasonal Naive,0.0,2.9008143618184383,1.9008143618184383,True
HOBBIES_1_001_WI_1_validation,2016-03-28,0,0.0,Seasonal Naive,0.0,1.9008143618184383,1.9008143618184383,True
HOBBIES_1_001_WI_1_validation,2016-03-29,1,1.0,Seasonal Naive,0.0,2.9008143618184383,1.9008143618184383,True
HOBBIES_1_001_WI_1_validation,2016-03-30,2,2.0,Seasonal Naive,0.09918563818156167,3.9008143618184383,1.9008143618184383,True
HOBBIES_1_001_WI_1_validation,2016-03-31,0,1.0,Seasonal Naive,0.0,2.9008143618184383,1.9008143618184383,True
HOBBIES_1_001_WI_1_validation,2016-04-01,0,0.0,Seasonal Naive,0.0,1.9008143618184383,1.9008143618184383,True
HOBBIES_1_001_WI_1_validation,2016-04-02,0,1.0,Seasonal Naive,0.0,2.9008143618184383,1.9008143618184383,True
HOBBIES_1_001_WI_1_validation,2016-04-03,1,0.0,Seasonal Naive,0.0,1.9008143618184383,1.9008143618184383,True
HOBBIES_1_001_WI_1_validation,2016-04-04,0,0.0,Seasonal Naive,0.0,1.9008143618184383,1.9008143618184383,True
HOBBIES_1_001_WI_1_validation,2016-04-05,0,1.0,Seasonal Naive,0.0,2.9008143618184383,1.9008143618184383,True
HOBBIES_1_001_WI_1_validation,2016-04-06,1,2.0,Seasonal Naive,0.09918563818156167,3.9008143618184383,1.9008143618184383,True
HOBBIES_1_001_WI_1_validation,2016-04-07,0,1.0,Seasonal Naive,0.0,2.9008143618184383,1.9008143618184383,True
HOBBIES_1_001_WI_1_validation,2016-04-08,0,0.0,Seasonal Naive,0.0,1.9008143618184383,1.9008143618184383,True
HOBBIES_1_001_WI_1_validation,2016-04-09,1,1.0,Seasonal Naive,0.0,2.9008143618184383,1.9008143618184383,True
HOBBIES_1_001_WI_1_validation,2016-04-10,0,0.0,Seasonal Naive,0.0,1.9008143618184383,1.9008143618184383,True
HOBBIES_1_001_WI_1_validation,2016-04-11,0,0.0,Seasonal Naive,0.0,1.9008143618184383,1.9008143618184383,True
HOBBIES_1_001_WI_1_validation,2016-04-12,0,1.0,Seasonal Naive,0.0,2.9008143618184383,1.9008143618184383,True
HOBBIES_1_001_WI_1_validation,2016-04-13,0,2.0,Seasonal Naive,0.09918563818156167,3.9008143618184383,1.9008143618184383,False
HOBBIES_1_001_WI_1_validation,2016-04-14,0,1.0,Seasonal Naive,0.0,2.9008143618184383,1.9008143618184383,True
HOBBIES_1_001_WI_1_validation,2016-04-15,0,0.0,Seasonal Naive,0.0,1.9008143618184383,1.9008143618184383,True
HOBBIES_1_001_WI_1_validation,2016-04-16,0,1.0,Seasonal Naive,0.0,2.9008143618184383,1.9008143618184383,True
HOBBIES_1_001_WI_1_validation,2016-04-17,0,0.0,Seasonal Naive,0.0,1.9008143618184383,1.9008143618184383,True
HOBBIES_1_001_WI_1_validation,2016-04-18,0,0.0,Seasonal Naive,0.0,1.9008143618184383,1.9008143618184383,True
HOBBIES_1_001_WI_1_validation,2016-04-19,0,1.0,Seasonal Naive,0.0,2.9008143618184383,1.9008143618184383,True
HOBBIES_1_001_WI_1_validation,2016-04-20,0,2.0,Seasonal Naive,0.09918563818156167,3.9008143618184383,1.9008143618184383,False
HOBBIES_1_001_WI_1_validation,2016-04-21,1,1.0,Seasonal Naive,0.0,2.9008143618184383,1.9008143618184383,True
HOBBIES_1_001_WI_1_validation,2016-04-22,2,0.0,Seasonal Naive,0.0,1.9008143618184383,1.9008143618184383,False
HOBBIES_1_001_WI_1_validation,2016-04-23,1,1.0,Seasonal Naive,0.0,2.9008143618184383,1.9008143618184383,True
HOBBIES_1_001_WI_1_validation,2016-04-24,1,0.0,Seasonal Naive,0.0,1.9008143618184383,1.9008143618184383,True
HOBBIES_1_001_WI_2_validation,2016-03-28,0,0.0,Seasonal Naive,0.0,1.9008143618184383,1.9008143618184383,True
HOBBIES_1_001_WI_2_validation,2016-03-29,1,0.0,Seasonal Naive,0.0,1.9008143618184383,1.9008143618184383,True
HOBBIES_1_001_WI_2_validation,2016-03-30,0,1.0,Seasonal Naive,0.0,2.9008143618184383,1.9008143618184383,True
HOBBIES_1_001_WI_2_validation,2016-03-31,0,0.0,Seasonal Naive,0.0,1.9008143618184383,1.9008143618184383,True
HOBBIES_1_001_WI_2_validation,2016-04-01,0,0.0,Seasonal Naive,0.0,1.9008143618184383,1.9008143618184383,True
HOBBIES_1_001_WI_2_validation,2016-04-02,0,0.0,Seasonal Naive,0.0,1.9008143618184383,1.9008143618184383,True
HOBBIES_1_001_WI_2_validation,2016-04-03,0,0.0,Seasonal Naive,0.0,1.9008143618184383,1.9008143618184383,True
HOBBIES_1_001_WI_2_validation,2016-04-04,0,0.0,Seasonal Naive,0.0,1.9008143618184383,1.9008143618184383,True
HOBBIES_1_001_WI_2_validation,2016-04-05,1,0.0,Seasonal Naive,0.0,1.9008143618184383,1.9008143618184383,True
HOBBIES_1_001_WI_2_validation,2016-04-06,1,1.0,Seasonal Naive,0.0,2.9008143618184383,1.9008143618184383,True
HOBBIES_1_001_WI_2_validation,2016-04-07,0,0.0,Seasonal Naive,0.0,1.9008143618184383,1.9008143618184383,True
HOBBIES_1_001_WI_2_validation,2016-04-08,0,0.0,Seasonal Naive,0.0,1.9008143618184383,1.9008143618184383,True
HOBBIES_1_001_WI_2_validation,2016-04-09,0,0.0,Seasonal Naive,0.0,1.9008143618184383,1.9008143618184383,True
HOBBIES_1_001_WI_2_validation,2016-04-10,0,0.0,Seasonal Naive,0.0,1.9008143618184383,1.9008143618184383,True
HOBBIES_1_001_WI_2_validation,2016-04-11,0,0.0,Seasonal Naive,0.0,1.9008143618184383,1.9008143618184383,True
HOBBIES_1_001_WI_2_validation,2016-04-12,0,0.0,Seasonal Naive,0.0,1.9008143618184383,1.9008143618184383,True
HOBBIES_1_001_WI_2_validation,2016-04-13,1,1.0,Seasonal Naive,0.0,2.9008143618184383,1.9008143618184383,True
HOBBIES_1_001_WI_2_validation,2016-04-14,0,0.0,Seasonal Naive,0.0,1.9008143618184383,1.9008143618184383,True
HOBBIES_1_001_WI_2_validation,2016-04-15,1,0.0,Seasonal Naive,0.0,1.9008143618184383,1.9008143618184383,True
HOBBIES_1_001_WI_2_validation,2016-04-16,1,0.0,Seasonal Naive,0.0,1.9008143618184383,1.9008143618184383,True
HOBBIES_1_001_WI_2_validation,2016-04-17,0,0.0,Seasonal Naive,0.0,1.9008143618184383,1.9008143618184383,True
HOBBIES_1_001_WI_2_validation,2016-04-18,0,0.0,Seasonal Naive,0.0,1.9008143618184383,1.9008143618184383,True
HOBBIES_1_001_WI_2_validation,2016-04-19,0,0.0,Seasonal Naive,0.0,1.9008143618184383,1.9008143618184383,True
HOBBIES_1_001_WI_2_validation,2016-04-20,0,1.0,Seasonal Naive,0.0,2.9008143618184383,1.9008143618184383,True
HOBBIES_1_001_WI_2_validation,2016-04-21,0,0.0,Seasonal Naive,0.0,1.9008143618184383,1.9008143618184383,True
HOBBIES_1_001_WI_2_validation,2016-04-22,0,0.0,Seasonal Naive,0.0,1.9008143618184383,1.9008143618184383,True
HOBBIES_1_001_WI_2_validation,2016-04-23,0,0.0,Seasonal Naive,0.0,1.9008143618184383,1.9008143618184383,True
HOBBIES_1_001_WI_2_validation,2016-04-24,1,0.0,Seasonal Naive,0.0,1.9008143618184383,1.9008143618184383,True
HOBBIES_1_001_WI_3_validation,2016-03-28,0,0.0,Seasonal Naive,0.0,1.9008143618184383,1.9008143618184383,True
HOBBIES_1_001_WI_3_validation,2016-03-29,1,0.0,Seasonal Naive,0.0,1.9008143618184383,1.9008143618184383,True
HOBBIES_1_001_WI_3_validation,2016-03-30,0,0.0,Seasonal Naive,0.0,1.9008143618184383,1.9008143618184383,True
HOBBIES_1_001_WI_3_validation,2016-03-31,0,0.0,Seasonal Naive,0.0,1.9008143618184383,1.9008143618184383,True
HOBBIES_1_001_WI_3_validation,2016-04-01,0,0.0,Seasonal Naive,0.0,1.9008143618184383,1.9008143618184383,True
HOBBIES_1_001_WI_3_validation,2016-04-02,0,0.0,Seasonal Naive,0.0,1.9008143618184383,1.9008143618184383,True
HOBBIES_1_001_WI_3_validation,2016-04-03,1,1.0,Seasonal Naive,0.0,2.9008143618184383,1.9008143618184383,True
HOBBIES_1_001_WI_3_validation,2016-04-04,0,0.0,Seasonal Naive,0.0,1.9008143618184383,1.9008143618184383,True
HOBBIES_1_001_WI_3_validation,2016-04-05,0,0.0,Seasonal Naive,0.0,1.9008143618184383,1.9008143618184383,True
HOBBIES_1_001_WI_3_validation,2016-04-06,0,0.0,Seasonal Naive,0.0,1.9008143618184383,1.9008143618184383,True
HOBBIES_1_001_WI_3_validation,2016-04-07,0,0.0,Seasonal Naive,0.0,1.9008143618184383,1.9008143618184383,True
HOBBIES_1_001_WI_3_validation,2016-04-08,0,0.0,Seasonal Naive,0.0,1.9008143618184383,1.9008143618184383,True
HOBBIES_1_001_WI_3_validation,2016-04-09,0,0.0,Seasonal Naive,0.0,1.9008143618184383,1.9008143618184383,True
HOBBIES_1_001_WI_3_validation,2016-04-10,0,1.0,Seasonal Naive,0.0,2.9008143618184383,1.9008143618184383,True
HOBBIES_1_001_WI_3_validation,2016-04-11,0,0.0,Seasonal Naive,0.0,1.9008143618184383,1.9008143618184383,True
HOBBIES_1_001_WI_3_validation,2016-04-12,0,0.0,Seasonal Naive,0.0,1.9008143618184383,1.9008143618184383,True
HOBBIES_1_001_WI_3_validation,2016-04-13,0,0.0,Seasonal Naive,0.0,1.9008143618184383,1.9008143618184383,True
HOBBIES_1_001_WI_3_validation,2016-04-14,0,0.0,Seasonal Naive,0.0,1.9008143618184383,1.9008143618184383,True
HOBBIES_1_001_WI_3_validation,2016-04-15,0,0.0,Seasonal Naive,0.0,1.9008143618184383,1.9008143618184383,True
HOBBIES_1_001_WI_3_validation,2016-04-16,1,0.0,Seasonal Naive,0.0,1.9008143618184383,1.9008143618184383,True
HOBBIES_1_001_WI_3_validation,2016-04-17,0,1.0,Seasonal Naive,0.0,2.9008143618184383,1.9008143618184383,True
HOBBIES_1_001_WI_3_validation,2016-04-18,0,0.0,Seasonal Naive,0.0,1.9008143618184383,1.9008143618184383,True
HOBBIES_1_001_WI_3_validation,2016-04-19,0,0.0,Seasonal Naive,0.0,1.9008143618184383,1.9008143618184383,True
HOBBIES_1_001_WI_3_validation,2016-04-20,0,0.0,Seasonal Naive,0.0,1.9008143618184383,1.9008143618184383,True
HOBBIES_1_001_WI_3_validation,2016-04-21,0,0.0,Seasonal Naive,0.0,1.9008143618184383,1.9008143618184383,True
HOBBIES_1_001_WI_3_validation,2016-04-22,0,0.0,Seasonal Naive,0.0,1.9008143618184383,1.9008143618184383,True
HOBBIES_1_001_WI_3_validation,2016-04-23,0,0.0,Seasonal Naive,0.0,1.9008143618184383,1.9008143618184383,True
HOBBIES_1_001_WI_3_validation,2016-04-24,0,1.0,Seasonal Naive,0.0,2.9008143618184383,1.9008143618184383,True
HOBBIES_1_002_TX_1_validation,2016-03-28,0,0.0,Seasonal Naive,0.0,1.9008143618184383,1.9008143618184383,True
HOBBIES_1_002_TX_1_validation,2016-03-29,0,0.0,Seasonal Naive,0.0,1.9008143618184383,1.9008143618184383,True
HOBBIES_1_002_TX_1_validation,2016-03-30,0,0.0,Seasonal Naive,0.0,1.9008143618184383,1.9008143618184383,True
HOBBIES_1_002_TX_1_validation,2016-03-31,0,0.0,Seasonal Naive,0.0,1.9008143618184383,1.9008143618184383,True
HOBBIES_1_002_TX_1_validation,2016-04-01,0,0.0,Seasonal Naive,0.0,1.9008143618184383,1.9008143618184383,True
HOBBIES_1_002_TX_1_validation,2016-04-02,0,0.0,Seasonal Naive,0.0,1.9008143618184383,1.9008143618184383,True
HOBBIES_1_002_TX_1_validation,2016-04-03,0,0.0,Seasonal Naive,0.0,1.9008143618184383,1.9008143618184383,True
HOBBIES_1_002_TX_1_validation,2016-04-04,0,0.0,Seasonal Naive,0.0,1.9008143618184383,1.9008143618184383,True
HOBBIES_1_002_TX_1_validation,2016-04-05,0,0.0,Seasonal Naive,0.0,1.9008143618184383,1.9008143618184383,True
HOBBIES_1_002_TX_1_validation,2016-04-06,0,0.0,Seasonal Naive,0.0,1.9008143618184383,1.9008143618184383,True
HOBBIES_1_002_TX_1_validation,2016-04-07,0,0.0,Seasonal Naive,0.0,1.9008143618184383,1.9008143618184383,True
HOBBIES_1_002_TX_1_validation,2016-04-08,0,0.0,Seasonal Naive,0.0,1.9008143618184383,1.9008143618184383,True
HOBBIES_1_002_TX_1_validation,2016-04-09,1,0.0,Seasonal Naive,0.0,1.9008143618184383,1.9008143618184383,True
HOBBIES_1_002_TX_1_validation,2016-04-10,0,0.0,Seasonal Naive,0.0,1.9008143618184383,1.9008143618184383,True
HOBBIES_1_002_TX_1_validation,2016-04-11,0,0.0,Seasonal Naive,0.0,1.9008143618184383,1.9008143618184383,True
HOBBIES_1_002_TX_1_validation,2016-04-12,0,0.0,Seasonal Naive,0.0,1.9008143618184383,1.9008143618184383,True
HOBBIES_1_002_TX_1_validation,2016-04-13,0,0.0,Seasonal Naive,0.0,1.9008143618184383,1.9008143618184383,True
HOBBIES_1_002_TX_1_validation,2016-04-14,0,0.0,Seasonal Naive,0.0,1.9008143618184383,1.9008143618184383,True
HOBBIES_1_002_TX_1_validation,2016-04-15,0,0.0,Seasonal Naive,0.0,1.9008143618184383,1.9008143618184383,True
HOBBIES_1_002_TX_1_validation,2016-04-16,0,0.0,Seasonal Naive,0.0,1.9008143618184383,1.9008143618184383,True
HOBBIES_1_002_TX_1_validation,2016-04-17,0,0.0,Seasonal Naive,0.0,1.9008143618184383,1.9008143618184383,True
HOBBIES_1_002_TX_1_validation,2016-04-18,0,0.0,Seasonal Naive,0.0,1.9008143618184383,1.9008143618184383,True
HOBBIES_1_002_TX_1_validation,2016-04-19,0,0.0,Seasonal Naive,0.0,1.9008143618184383,1.9008143618184383,True
HOBBIES_1_002_TX_1_validation,2016-04-20,0,0.0,Seasonal Naive,0.0,1.9008143618184383,1.9008143618184383,True
HOBBIES_1_002_TX_1_validation,2016-04-21,0,0.0,Seasonal Naive,0.0,1.9008143618184383,1.9008143618184383,True
HOBBIES_1_002_TX_1_validation,2016-04-22,0,0.0,Seasonal Naive,0.0,1.9008143618184383,1.9008143618184383,True
HOBBIES_1_002_TX_1_validation,2016-04-23,0,0.0,Seasonal Naive,0.0,1.9008143618184383,1.9008143618184383,True
HOBBIES_1_002_TX_1_validation,2016-04-24,1,0.0,Seasonal Naive,0.0,1.9008143618184383,1.9008143618184383,True
HOBBIES_1_002_WI_1_validation,2016-03-28,2,3.0,Seasonal Naive,1.0991856381815617,4.900814361818439,1.9008143618184383,True
HOBBIES_1_002_WI_1_validation,2016-03-29,0,0.0,Seasonal Naive,0.0,1.9008143618184383,1.9008143618184383,True
HOBBIES_1_002_WI_1_validation,2016-03-30,1,0.0,Seasonal Naive,0.0,1.9008143618184383,1.9008143618184383,True
HOBBIES_1_002_WI_1_validation,2016-03-31,1,0.0,Seasonal Naive,0.0,1.9008143618184383,1.9008143618184383,True
HOBBIES_1_002_WI_1_validation,2016-04-01,1,1.0,Seasonal Naive,0.0,2.9008143618184383,1.9008143618184383,True
HOBBIES_1_002_WI_1_validation,2016-04-02,2,3.0,Seasonal Naive,1.0991856381815617,4.900814361818439,1.9008143618184383,True
HOBBIES_1_002_WI_1_validation,2016-04-03,0,3.0,Seasonal Naive,1.0991856381815617,4.900814361818439,1.9008143618184383,False
HOBBIES_1_002_WI_1_validation,2016-04-04,0,3.0,Seasonal Naive,1.0991856381815617,4.900814361818439,1.9008143618184383,False
HOBBIES_1_002_WI_1_validation,2016-04-05,0,0.0,Seasonal Naive,0.0,1.9008143618184383,1.9008143618184383,True
HOBBIES_1_002_WI_1_validation,2016-04-06,1,0.0,Seasonal Naive,0.0,1.9008143618184383,1.9008143618184383,True
HOBBIES_1_002_WI_1_validation,2016-04-07,0,0.0,Seasonal Naive,0.0,1.9008143618184383,1.9008143618184383,True
HOBBIES_1_002_WI_1_validation,2016-04-08,2,1.0,Seasonal Naive,0.0,2.9008143618184383,1.9008143618184383,True
HOBBIES_1_002_WI_1_validation,2016-04-09,0,3.0,Seasonal Naive,1.0991856381815617,4.900814361818439,1.9008143618184383,False
HOBBIES_1_002_WI_1_validation,2016-04-10,1,3.0,Seasonal Naive,1.0991856381815617,4.900814361818439,1.9008143618184383,False
HOBBIES_1_002_WI_1_validation,2016-04-11,0,3.0,Seasonal Naive,1.0991856381815617,4.900814361818439,1.9008143618184383,False
HOBBIES_1_002_WI_1_validation,2016-04-12,0,0.0,Seasonal Naive,0.0,1.9008143618184383,1.9008143618184383,True
HOBBIES_1_002_WI_1_validation,2016-04-13,1,0.0,Seasonal Naive,0.0,1.9008143618184383,1.9008143618184383,True
HOBBIES_1_002_WI_1_validation,2016-04-14,0,0.0,Seasonal Naive,0.0,1.9008143618184383,1.9008143618184383,True
HOBBIES_1_002_WI_1_validation,2016-04-15,1,1.0,Seasonal Naive,0.0,2.9008143618184383,1.9008143618184383,True
HOBBIES_1_002_WI_1_validation,2016-04-16,1,3.0,Seasonal Naive,1.0991856381815617,4.900814361818439,1.9008143618184383,False
HOBBIES_1_002_WI_1_validation,2016-04-17,2,3.0,Seasonal Naive,1.0991856381815617,4.900814361818439,1.9008143618184383,True
HOBBIES_1_002_WI_1_validation,2016-04-18,0,3.0,Seasonal Naive,1.0991856381815617,4.900814361818439,1.9008143618184383,False
HOBBIES_1_002_WI_1_validation,2016-04-19,0,0.0,Seasonal Naive,0.0,1.9008143618184383,1.9008143618184383,True
HOBBIES_1_002_WI_1_validation,2016-04-20,2,0.0,Seasonal Naive,0.0,1.9008143618184383,1.9008143618184383,False
HOBBIES_1_002_WI_1_validation,2016-04-21,2,0.0,Seasonal Naive,0.0,1.9008143618184383,1.9008143618184383,False
HOBBIES_1_002_WI_1_validation,2016-04-22,0,1.0,Seasonal Naive,0.0,2.9008143618184383,1.9008143618184383,True
HOBBIES_1_002_WI_1_validation,2016-04-23,0,3.0,Seasonal Naive,1.0991856381815617,4.900814361818439,1.9008143618184383,False
HOBBIES_1_002_WI_1_validation,2016-04-24,2,3.0,Seasonal Naive,1.0991856381815617,4.900814361818439,1.9008143618184383,True
HOUSEHOLD_1_001_CA_1_validation,2016-03-28,0,0.0,Seasonal Naive,0.0,1.9008143618184383,1.9008143618184383,True
HOUSEHOLD_1_001_CA_1_validation,2016-03-29,0,1.0,Seasonal Naive,0.0,2.9008143618184383,1.9008143618184383,True
HOUSEHOLD_1_001_CA_1_validation,2016-03-30,0,0.0,Seasonal Naive,0.0,1.9008143618184383,1.9008143618184383,True
HOUSEHOLD_1_001_CA_1_validation,2016-03-31,1,0.0,Seasonal Naive,0.0,1.9008143618184383,1.9008143618184383,True
HOUSEHOLD_1_001_CA_1_validation,2016-04-01,0,0.0,Seasonal Naive,0.0,1.9008143618184383,1.9008143618184383,True
HOUSEHOLD_1_001_CA_1_validation,2016-04-02,2,2.0,Seasonal Naive,0.09918563818156167,3.9008143618184383,1.9008143618184383,True
HOUSEHOLD_1_001_CA_1_validation,2016-04-03,0,1.0,Seasonal Naive,0.0,2.9008143618184383,1.9008143618184383,True
HOUSEHOLD_1_001_CA_1_validation,2016-04-04,0,0.0,Seasonal Naive,0.0,1.9008143618184383,1.9008143618184383,True
HOUSEHOLD_1_001_CA_1_validation,2016-04-05,0,1.0,Seasonal Naive,0.0,2.9008143618184383,1.9008143618184383,True
HOUSEHOLD_1_001_CA_1_validation,2016-04-06,0,0.0,Seasonal Naive,0.0,1.9008143618184383,1.9008143618184383,True
HOUSEHOLD_1_001_CA_1_validation,2016-04-07,0,0.0,Seasonal Naive,0.0,1.9008143618184383,1.9008143618184383,True
HOUSEHOLD_1_001_CA_1_validation,2016-04-08,1,0.0,Seasonal Naive,0.0,1.9008143618184383,1.9008143618184383,True
HOUSEHOLD_1_001_CA_1_validation,2016-04-09,0,2.0,Seasonal Naive,0.09918563818156167,3.9008143618184383,1.9008143618184383,False
HOUSEHOLD_1_001_CA_1_validation,2016-04-10,0,1.0,Seasonal Naive,0.0,2.9008143618184383,1.9008143618184383,True
HOUSEHOLD_1_001_CA_1_validation,2016-04-11,0,0.0,Seasonal Naive,0.0,1.9008143618184383,1.9008143618184383,True
HOUSEHOLD_1_001_CA_1_validation,2016-04-12,0,1.0,Seasonal Naive,0.0,2.9008143618184383,1.9008143618184383,True
HOUSEHOLD_1_001_CA_1_validation,2016-04-13,0,0.0,Seasonal Naive,0.0,1.9008143618184383,1.9008143618184383,True
HOUSEHOLD_1_001_CA_1_validation,2016-04-14,0,0.0,Seasonal Naive,0.0,1.9008143618184383,1.9008143618184383,True
HOUSEHOLD_1_001_CA_1_validation,2016-04-15,1,0.0,Seasonal Naive,0.0,1.9008143618184383,1.9008143618184383,True
HOUSEHOLD_1_001_CA_1_validation,2016-04-16,0,2.0,Seasonal Naive,0.09918563818156167,3.9008143618184383,1.9008143618184383,False
HOUSEHOLD_1_001_CA_1_validation,2016-04-17,1,1.0,Seasonal Naive,0.0,2.9008143618184383,1.9008143618184383,True
HOUSEHOLD_1_001_CA_1_validation,2016-04-18,1,0.0,Seasonal Naive,0.0,1.9008143618184383,1.9008143618184383,True
HOUSEHOLD_1_001_CA_1_validation,2016-04-19,1,1.0,Seasonal Naive,0.0,2.9008143618184383,1.9008143618184383,True
HOUSEHOLD_1_001_CA_1_validation,2016-04-20,0,0.0,Seasonal Naive,0.0,1.9008143618184383,1.9008143618184383,True
HOUSEHOLD_1_001_CA_1_validation,2016-04-21,0,0.0,Seasonal Naive,0.0,1.9008143618184383,1.9008143618184383,True
HOUSEHOLD_1_001_CA_1_validation,2016-04-22,0,0.0,Seasonal Naive,0.0,1.9008143618184383,1.9008143618184383,True
HOUSEHOLD_1_001_CA_1_validation,2016-04-23,0,2.0,Seasonal Naive,0.09918563818156167,3.9008143618184383,1.9008143618184383,False
HOUSEHOLD_1_001_CA_1_validation,2016-04-24,1,1.0,Seasonal Naive,0.0,2.9008143618184383,1.9008143618184383,True
HOUSEHOLD_1_001_CA_2_validation,2016-03-28,0,1.0,Seasonal Naive,0.0,2.9008143618184383,1.9008143618184383,True
HOUSEHOLD_1_001_CA_2_validation,2016-03-29,0,1.0,Seasonal Naive,0.0,2.9008143618184383,1.9008143618184383,True
HOUSEHOLD_1_001_CA_2_validation,2016-03-30,1,0.0,Seasonal Naive,0.0,1.9008143618184383,1.9008143618184383,True
HOUSEHOLD_1_001_CA_2_validation,2016-03-31,2,1.0,Seasonal Naive,0.0,2.9008143618184383,1.9008143618184383,True
HOUSEHOLD_1_001_CA_2_validation,2016-04-01,1,0.0,Seasonal Naive,0.0,1.9008143618184383,1.9008143618184383,True
HOUSEHOLD_1_001_CA_2_validation,2016-04-02,0,0.0,Seasonal Naive,0.0,1.9008143618184383,1.9008143618184383,True
HOUSEHOLD_1_001_CA_2_validation,2016-04-03,3,0.0,Seasonal Naive,0.0,1.9008143618184383,1.9008143618184383,False
HOUSEHOLD_1_001_CA_2_validation,2016-04-04,1,1.0,Seasonal Naive,0.0,2.9008143618184383,1.9008143618184383,True
HOUSEHOLD_1_001_CA_2_validation,2016-04-05,2,1.0,Seasonal Naive,0.0,2.9008143618184383,1.9008143618184383,True
HOUSEHOLD_1_001_CA_2_validation,2016-04-06,0,0.0,Seasonal Naive,0.0,1.9008143618184383,1.9008143618184383,True
HOUSEHOLD_1_001_CA_2_validation,2016-04-07,0,1.0,Seasonal Naive,0.0,2.9008143618184383,1.9008143618184383,True
HOUSEHOLD_1_001_CA_2_validation,2016-04-08,0,0.0,Seasonal Naive,0.0,1.9008143618184383,1.9008143618184383,True
HOUSEHOLD_1_001_CA_2_validation,2016-04-09,3,0.0,Seasonal Naive,0.0,1.9008143618184383,1.9008143618184383,False
HOUSEHOLD_1_001_CA_2_validation,2016-04-10,0,0.0,Seasonal Naive,0.0,1.9008143618184383,1.9008143618184383,True
HOUSEHOLD_1_001_CA_2_validation,2016-04-11,0,1.0,Seasonal Naive,0.0,2.9008143618184383,1.9008143618184383,True
HOUSEHOLD_1_001_CA_2_validation,2016-04-12,1,1.0,Seasonal Naive,0.0,2.9008143618184383,1.9008143618184383,True
HOUSEHOLD_1_001_CA_2_validation,2016-04-13,4,0.0,Seasonal Naive,0.0,1.9008143618184383,1.9008143618184383,False
HOUSEHOLD_1_001_CA_2_validation,2016-04-14,2,1.0,Seasonal Naive,0.0,2.9008143618184383,1.9008143618184383,True
HOUSEHOLD_1_001_CA_2_validation,2016-04-15,1,0.0,Seasonal Naive,0.0,1.9008143618184383,1.9008143618184383,True
HOUSEHOLD_1_001_CA_2_validation,2016-04-16,2,0.0,Seasonal Naive,0.0,1.9008143618184383,1.9008143618184383,False
HOUSEHOLD_1_001_CA_2_validation,2016-04-17,0,0.0,Seasonal Naive,0.0,1.9008143618184383,1.9008143618184383,True
HOUSEHOLD_1_001_CA_2_validation,2016-04-18,1,1.0,Seasonal Naive,0.0,2.9008143618184383,1.9008143618184383,True
HOUSEHOLD_1_001_CA_2_validation,2016-04-19,1,1.0,Seasonal Naive,0.0,2.9008143618184383,1.9008143618184383,True
HOUSEHOLD_1_001_CA_2_validation,2016-04-20,2,0.0,Seasonal Naive,0.0,1.9008143618184383,1.9008143618184383,False
HOUSEHOLD_1_001_CA_2_validation,2016-04-21,0,1.0,Seasonal Naive,0.0,2.9008143618184383,1.9008143618184383,True
HOUSEHOLD_1_001_CA_2_validation,2016-04-22,1,0.0,Seasonal Naive,0.0,1.9008143618184383,1.9008143618184383,True
HOUSEHOLD_1_001_CA_2_validation,2016-04-23,0,0.0,Seasonal Naive,0.0,1.9008143618184383,1.9008143618184383,True
HOUSEHOLD_1_001_CA_2_validation,2016-04-24,2,0.0,Seasonal Naive,0.0,1.9008143618184383,1.9008143618184383,False
HOUSEHOLD_1_001_CA_3_validation,2016-03-28,0,1.0,Seasonal Naive,0.0,2.9008143618184383,1.9008143618184383,True
HOUSEHOLD_1_001_CA_3_validation,2016-03-29,0,0.0,Seasonal Naive,0.0,1.9008143618184383,1.9008143618184383,True
HOUSEHOLD_1_001_CA_3_validation,2016-03-30,0,0.0,Seasonal Naive,0.0,1.9008143618184383,1.9008143618184383,True
HOUSEHOLD_1_001_CA_3_validation,2016-03-31,2,1.0,Seasonal Naive,0.0,2.9008143618184383,1.9008143618184383,True
HOUSEHOLD_1_001_CA_3_validation,2016-04-01,2,0.0,Seasonal Naive,0.0,1.9008143618184383,1.9008143618184383,False
HOUSEHOLD_1_001_CA_3_validation,2016-04-02,2,1.0,Seasonal Naive,0.0,2.9008143618184383,1.9008143618184383,True
HOUSEHOLD_1_001_CA_3_validation,2016-04-03,1,1.0,Seasonal Naive,0.0,2.9008143618184383,1.9008143618184383,True
HOUSEHOLD_1_001_CA_3_validation,2016-04-04,0,1.0,Seasonal Naive,0.0,2.9008143618184383,1.9008143618184383,True
HOUSEHOLD_1_001_CA_3_validation,2016-04-05,0,0.0,Seasonal Naive,0.0,1.9008143618184383,1.9008143618184383,True
HOUSEHOLD_1_001_CA_3_validation,2016-04-06,2,0.0,Seasonal Naive,0.0,1.9008143618184383,1.9008143618184383,False
HOUSEHOLD_1_001_CA_3_validation,2016-04-07,1,1.0,Seasonal Naive,0.0,2.9008143618184383,1.9008143618184383,True
HOUSEHOLD_1_001_CA_3_validation,2016-04-08,1,0.0,Seasonal Naive,0.0,1.9008143618184383,1.9008143618184383,True
HOUSEHOLD_1_001_CA_3_validation,2016-04-09,0,1.0,Seasonal Naive,0.0,2.9008143618184383,1.9008143618184383,True
HOUSEHOLD_1_001_CA_3_validation,2016-04-10,1,1.0,Seasonal Naive,0.0,2.9008143618184383,1.9008143618184383,True
HOUSEHOLD_1_001_CA_3_validation,2016-04-11,3,1.0,Seasonal Naive,0.0,2.9008143618184383,1.9008143618184383,False
HOUSEHOLD_1_001_CA_3_validation,2016-04-12,1,0.0,Seasonal Naive,0.0,1.9008143618184383,1.9008143618184383,True
HOUSEHOLD_1_001_CA_3_validation,2016-04-13,0,0.0,Seasonal Naive,0.0,1.9008143618184383,1.9008143618184383,True
HOUSEHOLD_1_001_CA_3_validation,2016-04-14,0,1.0,Seasonal Naive,0.0,2.9008143618184383,1.9008143618184383,True
HOUSEHOLD_1_001_CA_3_validation,2016-04-15,2,0.0,Seasonal Naive,0.0,1.9008143618184383,1.9008143618184383,False
HOUSEHOLD_1_001_CA_3_validation,2016-04-16,2,1.0,Seasonal Naive,0.0,2.9008143618184383,1.9008143618184383,True
HOUSEHOLD_1_001_CA_3_validation,2016-04-17,1,1.0,Seasonal Naive,0.0,2.9008143618184383,1.9008143618184383,True
HOUSEHOLD_1_001_CA_3_validation,2016-04-18,0,1.0,Seasonal Naive,0.0,2.9008143618184383,1.9008143618184383,True
HOUSEHOLD_1_001_CA_3_validation,2016-04-19,0,0.0,Seasonal Naive,0.0,1.9008143618184383,1.9008143618184383,True
HOUSEHOLD_1_001_CA_3_validation,2016-04-20,0,0.0,Seasonal Naive,0.0,1.9008143618184383,1.9008143618184383,True
HOUSEHOLD_1_001_CA_3_validation,2016-04-21,0,1.0,Seasonal Naive,0.0,2.9008143618184383,1.9008143618184383,True
HOUSEHOLD_1_001_CA_3_validation,2016-04-22,3,0.0,Seasonal Naive,0.0,1.9008143618184383,1.9008143618184383,False
HOUSEHOLD_1_001_CA_3_validation,2016-04-23,2,1.0,Seasonal Naive,0.0,2.9008143618184383,1.9008143618184383,True
HOUSEHOLD_1_001_CA_3_validation,2016-04-24,1,1.0,Seasonal Naive,0.0,2.9008143618184383,1.9008143618184383,True
HOUSEHOLD_1_001_CA_4_validation,2016-03-28,1,0.0,Seasonal Naive,0.0,1.9008143618184383,1.9008143618184383,True
HOUSEHOLD_1_001_CA_4_validation,2016-03-29,0,1.0,Seasonal Naive,0.0,2.9008143618184383,1.9008143618184383,True
HOUSEHOLD_1_001_CA_4_validation,2016-03-30,0,0.0,Seasonal Naive,0.0,1.9008143618184383,1.9008143618184383,True
HOUSEHOLD_1_001_CA_4_validation,2016-03-31,0,0.0,Seasonal Naive,0.0,1.9008143618184383,1.9008143618184383,True
HOUSEHOLD_1_001_CA_4_validation,2016-04-01,0,0.0,Seasonal Naive,0.0,1.9008143618184383,1.9008143618184383,True
HOUSEHOLD_1_001_CA_4_validation,2016-04-02,3,1.0,Seasonal Naive,0.0,2.9008143618184383,1.9008143618184383,False
HOUSEHOLD_1_001_CA_4_validation,2016-04-03,0,0.0,Seasonal Naive,0.0,1.9008143618184383,1.9008143618184383,True
HOUSEHOLD_1_001_CA_4_validation,2016-04-04,0,0.0,Seasonal Naive,0.0,1.9008143618184383,1.9008143618184383,True
HOUSEHOLD_1_001_CA_4_validation,2016-04-05,0,1.0,Seasonal Naive,0.0,2.9008143618184383,1.9008143618184383,True
HOUSEHOLD_1_001_CA_4_validation,2016-04-06,1,0.0,Seasonal Naive,0.0,1.9008143618184383,1.9008143618184383,True
HOUSEHOLD_1_001_CA_4_validation,2016-04-07,0,0.0,Seasonal Naive,0.0,1.9008143618184383,1.9008143618184383,True
HOUSEHOLD_1_001_CA_4_validation,2016-04-08,0,0.0,Seasonal Naive,0.0,1.9008143618184383,1.9008143618184383,True
HOUSEHOLD_1_001_CA_4_validation,2016-04-09,2,1.0,Seasonal Naive,0.0,2.9008143618184383,1.9008143618184383,True
HOUSEHOLD_1_001_CA_4_validation,2016-04-10,1,0.0,Seasonal Naive,0.0,1.9008143618184383,1.9008143618184383,True
HOUSEHOLD_1_001_CA_4_validation,2016-04-11,0,0.0,Seasonal Naive,0.0,1.9008143618184383,1.9008143618184383,True
HOUSEHOLD_1_001_CA_4_validation,2016-04-12,1,1.0,Seasonal Naive,0.0,2.9008143618184383,1.9008143618184383,True
HOUSEHOLD_1_001_CA_4_validation,2016-04-13,0,0.0,Seasonal Naive,0.0,1.9008143618184383,1.9008143618184383,True
HOUSEHOLD_1_001_CA_4_validation,2016-04-14,0,0.0,Seasonal Naive,0.0,1.9008143618184383,1.9008143618184383,True
HOUSEHOLD_1_001_CA_4_validation,2016-04-15,0,0.0,Seasonal Naive,0.0,1.9008143618184383,1.9008143618184383,True
HOUSEHOLD_1_001_CA_4_validation,2016-04-16,1,1.0,Seasonal Naive,0.0,2.9008143618184383,1.9008143618184383,True
HOUSEHOLD_1_001_CA_4_validation,2016-04-17,1,0.0,Seasonal Naive,0.0,1.9008143618184383,1.9008143618184383,True
HOUSEHOLD_1_001_CA_4_validation,2016-04-18,0,0.0,Seasonal Naive,0.0,1.9008143618184383,1.9008143618184383,True
HOUSEHOLD_1_001_CA_4_validation,2016-04-19,0,1.0,Seasonal Naive,0.0,2.9008143618184383,1.9008143618184383,True
HOUSEHOLD_1_001_CA_4_validation,2016-04-20,1,0.0,Seasonal Naive,0.0,1.9008143618184383,1.9008143618184383,True
HOUSEHOLD_1_001_CA_4_validation,2016-04-21,1,0.0,Seasonal Naive,0.0,1.9008143618184383,1.9008143618184383,True
HOUSEHOLD_1_001_CA_4_validation,2016-04-22,0,0.0,Seasonal Naive,0.0,1.9008143618184383,1.9008143618184383,True
HOUSEHOLD_1_001_CA_4_validation,2016-04-23,2,1.0,Seasonal Naive,0.0,2.9008143618184383,1.9008143618184383,True
HOUSEHOLD_1_001_CA_4_validation,2016-04-24,0,0.0,Seasonal Naive,0.0,1.9008143618184383,1.9008143618184383,True
HOUSEHOLD_1_001_TX_1_validation,2016-03-28,0,1.0,Seasonal Naive,0.0,2.9008143618184383,1.9008143618184383,True
HOUSEHOLD_1_001_TX_1_validation,2016-03-29,0,0.0,Seasonal Naive,0.0,1.9008143618184383,1.9008143618184383,True
HOUSEHOLD_1_001_TX_1_validation,2016-03-30,0,0.0,Seasonal Naive,0.0,1.9008143618184383,1.9008143618184383,True
HOUSEHOLD_1_001_TX_1_validation,2016-03-31,0,0.0,Seasonal Naive,0.0,1.9008143618184383,1.9008143618184383,True
HOUSEHOLD_1_001_TX_1_validation,2016-04-01,0,0.0,Seasonal Naive,0.0,1.9008143618184383,1.9008143618184383,True
HOUSEHOLD_1_001_TX_1_validation,2016-04-02,0,0.0,Seasonal Naive,0.0,1.9008143618184383,1.9008143618184383,True
HOUSEHOLD_1_001_TX_1_validation,2016-04-03,0,0.0,Seasonal Naive,0.0,1.9008143618184383,1.9008143618184383,True
HOUSEHOLD_1_001_TX_1_validation,2016-04-04,1,1.0,Seasonal Naive,0.0,2.9008143618184383,1.9008143618184383,True
HOUSEHOLD_1_001_TX_1_validation,2016-04-05,2,0.0,Seasonal Naive,0.0,1.9008143618184383,1.9008143618184383,False
HOUSEHOLD_1_001_TX_1_validation,2016-04-06,0,0.0,Seasonal Naive,0.0,1.9008143618184383,1.9008143618184383,True
HOUSEHOLD_1_001_TX_1_validation,2016-04-07,1,0.0,Seasonal Naive,0.0,1.9008143618184383,1.9008143618184383,True
HOUSEHOLD_1_001_TX_1_validation,2016-04-08,0,0.0,Seasonal Naive,0.0,1.9008143618184383,1.9008143618184383,True
HOUSEHOLD_1_001_TX_1_validation,2016-04-09,0,0.0,Seasonal Naive,0.0,1.9008143618184383,1.9008143618184383,True
HOUSEHOLD_1_001_TX_1_validation,2016-04-10,0,0.0,Seasonal Naive,0.0,1.9008143618184383,1.9008143618184383,True
HOUSEHOLD_1_001_TX_1_validation,2016-04-11,1,1.0,Seasonal Naive,0.0,2.9008143618184383,1.9008143618184383,True
HOUSEHOLD_1_001_TX_1_validation,2016-04-12,0,0.0,Seasonal Naive,0.0,1.9008143618184383,1.9008143618184383,True
HOUSEHOLD_1_001_TX_1_validation,2016-04-13,0,0.0,Seasonal Naive,0.0,1.9008143618184383,1.9008143618184383,True
HOUSEHOLD_1_001_TX_1_validation,2016-04-14,0,0.0,Seasonal Naive,0.0,1.9008143618184383,1.9008143618184383,True
HOUSEHOLD_1_001_TX_1_validation,2016-04-15,0,0.0,Seasonal Naive,0.0,1.9008143618184383,1.9008143618184383,True
HOUSEHOLD_1_001_TX_1_validation,2016-04-16,0,0.0,Seasonal Naive,0.0,1.9008143618184383,1.9008143618184383,True
HOUSEHOLD_1_001_TX_1_validation,2016-04-17,0,0.0,Seasonal Naive,0.0,1.9008143618184383,1.9008143618184383,True
HOUSEHOLD_1_001_TX_1_validation,2016-04-18,0,1.0,Seasonal Naive,0.0,2.9008143618184383,1.9008143618184383,True
HOUSEHOLD_1_001_TX_1_validation,2016-04-19,0,0.0,Seasonal Naive,0.0,1.9008143618184383,1.9008143618184383,True
HOUSEHOLD_1_001_TX_1_validation,2016-04-20,0,0.0,Seasonal Naive,0.0,1.9008143618184383,1.9008143618184383,True
HOUSEHOLD_1_001_TX_1_validation,2016-04-21,0,0.0,Seasonal Naive,0.0,1.9008143618184383,1.9008143618184383,True
HOUSEHOLD_1_001_TX_1_validation,2016-04-22,1,0.0,Seasonal Naive,0.0,1.9008143618184383,1.9008143618184383,True
HOUSEHOLD_1_001_TX_1_validation,2016-04-23,0,0.0,Seasonal Naive,0.0,1.9008143618184383,1.9008143618184383,True
HOUSEHOLD_1_001_TX_1_validation,2016-04-24,0,0.0,Seasonal Naive,0.0,1.9008143618184383,1.9008143618184383,True
HOUSEHOLD_1_001_TX_2_validation,2016-03-28,0,0.0,Seasonal Naive,0.0,1.9008143618184383,1.9008143618184383,True
HOUSEHOLD_1_001_TX_2_validation,2016-03-29,0,0.0,Seasonal Naive,0.0,1.9008143618184383,1.9008143618184383,True
HOUSEHOLD_1_001_TX_2_validation,2016-03-30,0,0.0,Seasonal Naive,0.0,1.9008143618184383,1.9008143618184383,True
HOUSEHOLD_1_001_TX_2_validation,2016-03-31,0,1.0,Seasonal Naive,0.0,2.9008143618184383,1.9008143618184383,True
HOUSEHOLD_1_001_TX_2_validation,2016-04-01,0,1.0,Seasonal Naive,0.0,2.9008143618184383,1.9008143618184383,True
HOUSEHOLD_1_001_TX_2_validation,2016-04-02,0,0.0,Seasonal Naive,0.0,1.9008143618184383,1.9008143618184383,True
HOUSEHOLD_1_001_TX_2_validation,2016-04-03,1,0.0,Seasonal Naive,0.0,1.9008143618184383,1.9008143618184383,True
HOUSEHOLD_1_001_TX_2_validation,2016-04-04,0,0.0,Seasonal Naive,0.0,1.9008143618184383,1.9008143618184383,True
HOUSEHOLD_1_001_TX_2_validation,2016-04-05,0,0.0,Seasonal Naive,0.0,1.9008143618184383,1.9008143618184383,True
HOUSEHOLD_1_001_TX_2_validation,2016-04-06,0,0.0,Seasonal Naive,0.0,1.9008143618184383,1.9008143618184383,True
HOUSEHOLD_1_001_TX_2_validation,2016-04-07,0,1.0,Seasonal Naive,0.0,2.9008143618184383,1.9008143618184383,True
HOUSEHOLD_1_001_TX_2_validation,2016-04-08,1,1.0,Seasonal Naive,0.0,2.9008143618184383,1.9008143618184383,True
HOUSEHOLD_1_001_TX_2_validation,2016-04-09,0,0.0,Seasonal Naive,0.0,1.9008143618184383,1.9008143618184383,True
HOUSEHOLD_1_001_TX_2_validation,2016-04-10,0,0.0,Seasonal Naive,0.0,1.9008143618184383,1.9008143618184383,True
HOUSEHOLD_1_001_TX_2_validation,2016-04-11,0,0.0,Seasonal Naive,0.0,1.9008143618184383,1.9008143618184383,True
HOUSEHOLD_1_001_TX_2_validation,2016-04-12,0,0.0,Seasonal Naive,0.0,1.9008143618184383,1.9008143618184383,True
HOUSEHOLD_1_001_TX_2_validation,2016-04-13,0,0.0,Seasonal Naive,0.0,1.9008143618184383,1.9008143618184383,True
HOUSEHOLD_1_001_TX_2_validation,2016-04-14,0,1.0,Seasonal Naive,0.0,2.9008143618184383,1.9008143618184383,True
HOUSEHOLD_1_001_TX_2_validation,2016-04-15,0,1.0,Seasonal Naive,0.0,2.9008143618184383,1.9008143618184383,True
HOUSEHOLD_1_001_TX_2_validation,2016-04-16,0,0.0,Seasonal Naive,0.0,1.9008143618184383,1.9008143618184383,True
HOUSEHOLD_1_001_TX_2_validation,2016-04-17,0,0.0,Seasonal Naive,0.0,1.9008143618184383,1.9008143618184383,True
HOUSEHOLD_1_001_TX_2_validation,2016-04-18,0,0.0,Seasonal Naive,0.0,1.9008143618184383,1.9008143618184383,True
HOUSEHOLD_1_001_TX_2_validation,2016-04-19,0,0.0,Seasonal Naive,0.0,1.9008143618184383,1.9008143618184383,True
HOUSEHOLD_1_001_TX_2_validation,2016-04-20,0,0.0,Seasonal Naive,0.0,1.9008143618184383,1.9008143618184383,True
HOUSEHOLD_1_001_TX_2_validation,2016-04-21,0,1.0,Seasonal Naive,0.0,2.9008143618184383,1.9008143618184383,True
HOUSEHOLD_1_001_TX_2_validation,2016-04-22,1,1.0,Seasonal Naive,0.0,2.9008143618184383,1.9008143618184383,True
HOUSEHOLD_1_001_TX_2_validation,2016-04-23,0,0.0,Seasonal Naive,0.0,1.9008143618184383,1.9008143618184383,True
HOUSEHOLD_1_001_TX_2_validation,2016-04-24,0,0.0,Seasonal Naive,0.0,1.9008143618184383,1.9008143618184383,True
HOUSEHOLD_1_001_TX_3_validation,2016-03-28,0,0.0,Seasonal Naive,0.0,1.9008143618184383,1.9008143618184383,True
HOUSEHOLD_1_001_TX_3_validation,2016-03-29,0,0.0,Seasonal Naive,0.0,1.9008143618184383,1.9008143618184383,True
HOUSEHOLD_1_001_TX_3_validation,2016-03-30,0,0.0,Seasonal Naive,0.0,1.9008143618184383,1.9008143618184383,True
HOUSEHOLD_1_001_TX_3_validation,2016-03-31,0,0.0,Seasonal Naive,0.0,1.9008143618184383,1.9008143618184383,True
HOUSEHOLD_1_001_TX_3_validation,2016-04-01,0,0.0,Seasonal Naive,0.0,1.9008143618184383,1.9008143618184383,True
HOUSEHOLD_1_001_TX_3_validation,2016-04-02,0,0.0,Seasonal Naive,0.0,1.9008143618184383,1.9008143618184383,True
HOUSEHOLD_1_001_TX_3_validation,2016-04-03,0,0.0,Seasonal Naive,0.0,1.9008143618184383,1.9008143618184383,True
HOUSEHOLD_1_001_TX_3_validation,2016-04-04,0,0.0,Seasonal Naive,0.0,1.9008143618184383,1.9008143618184383,True
HOUSEHOLD_1_001_TX_3_validation,2016-04-05,0,0.0,Seasonal Naive,0.0,1.9008143618184383,1.9008143618184383,True
HOUSEHOLD_1_001_TX_3_validation,2016-04-06,0,0.0,Seasonal Naive,0.0,1.9008143618184383,1.9008143618184383,True
HOUSEHOLD_1_001_TX_3_validation,2016-04-07,0,0.0,Seasonal Naive,0.0,1.9008143618184383,1.9008143618184383,True
HOUSEHOLD_1_001_TX_3_validation,2016-04-08,0,0.0,Seasonal Naive,0.0,1.9008143618184383,1.9008143618184383,True
HOUSEHOLD_1_001_TX_3_validation,2016-04-09,0,0.0,Seasonal Naive,0.0,1.9008143618184383,1.9008143618184383,True
HOUSEHOLD_1_001_TX_3_validation,2016-04-10,0,0.0,Seasonal Naive,0.0,1.9008143618184383,1.9008143618184383,True
HOUSEHOLD_1_001_TX_3_validation,2016-04-11,0,0.0,Seasonal Naive,0.0,1.9008143618184383,1.9008143618184383,True
HOUSEHOLD_1_001_TX_3_validation,2016-04-12,0,0.0,Seasonal Naive,0.0,1.9008143618184383,1.9008143618184383,True
HOUSEHOLD_1_001_TX_3_validation,2016-04-13,0,0.0,Seasonal Naive,0.0,1.9008143618184383,1.9008143618184383,True
HOUSEHOLD_1_001_TX_3_validation,2016-04-14,0,0.0,Seasonal Naive,0.0,1.9008143618184383,1.9008143618184383,True
HOUSEHOLD_1_001_TX_3_validation,2016-04-15,0,0.0,Seasonal Naive,0.0,1.9008143618184383,1.9008143618184383,True
HOUSEHOLD_1_001_TX_3_validation,2016-04-16,0,0.0,Seasonal Naive,0.0,1.9008143618184383,1.9008143618184383,True
HOUSEHOLD_1_001_TX_3_validation,2016-04-17,0,0.0,Seasonal Naive,0.0,1.9008143618184383,1.9008143618184383,True
HOUSEHOLD_1_001_TX_3_validation,2016-04-18,0,0.0,Seasonal Naive,0.0,1.9008143618184383,1.9008143618184383,True
HOUSEHOLD_1_001_TX_3_validation,2016-04-19,0,0.0,Seasonal Naive,0.0,1.9008143618184383,1.9008143618184383,True
HOUSEHOLD_1_001_TX_3_validation,2016-04-20,0,0.0,Seasonal Naive,0.0,1.9008143618184383,1.9008143618184383,True
HOUSEHOLD_1_001_TX_3_validation,2016-04-21,1,0.0,Seasonal Naive,0.0,1.9008143618184383,1.9008143618184383,True
HOUSEHOLD_1_001_TX_3_validation,2016-04-22,0,0.0,Seasonal Naive,0.0,1.9008143618184383,1.9008143618184383,True
HOUSEHOLD_1_001_TX_3_validation,2016-04-23,0,0.0,Seasonal Naive,0.0,1.9008143618184383,1.9008143618184383,True
HOUSEHOLD_1_001_TX_3_validation,2016-04-24,0,0.0,Seasonal Naive,0.0,1.9008143618184383,1.9008143618184383,True
HOUSEHOLD_1_001_WI_1_validation,2016-03-28,0,1.0,Seasonal Naive,0.0,2.9008143618184383,1.9008143618184383,True
HOUSEHOLD_1_001_WI_1_validation,2016-03-29,1,0.0,Seasonal Naive,0.0,1.9008143618184383,1.9008143618184383,True
HOUSEHOLD_1_001_WI_1_validation,2016-03-30,1,1.0,Seasonal Naive,0.0,2.9008143618184383,1.9008143618184383,True
HOUSEHOLD_1_001_WI_1_validation,2016-03-31,1,0.0,Seasonal Naive,0.0,1.9008143618184383,1.9008143618184383,True
HOUSEHOLD_1_001_WI_1_validation,2016-04-01,1,1.0,Seasonal Naive,0.0,2.9008143618184383,1.9008143618184383,True
HOUSEHOLD_1_001_WI_1_validation,2016-04-02,2,2.0,Seasonal Naive,0.09918563818156167,3.9008143618184383,1.9008143618184383,True
HOUSEHOLD_1_001_WI_1_validation,2016-04-03,1,1.0,Seasonal Naive,0.0,2.9008143618184383,1.9008143618184383,True
HOUSEHOLD_1_001_WI_1_validation,2016-04-04,0,1.0,Seasonal Naive,0.0,2.9008143618184383,1.9008143618184383,True
HOUSEHOLD_1_001_WI_1_validation,2016-04-05,0,0.0,Seasonal Naive,0.0,1.9008143618184383,1.9008143618184383,True
HOUSEHOLD_1_001_WI_1_validation,2016-04-06,2,1.0,Seasonal Naive,0.0,2.9008143618184383,1.9008143618184383,True
HOUSEHOLD_1_001_WI_1_validation,2016-04-07,0,0.0,Seasonal Naive,0.0,1.9008143618184383,1.9008143618184383,True
HOUSEHOLD_1_001_WI_1_validation,2016-04-08,1,1.0,Seasonal Naive,0.0,2.9008143618184383,1.9008143618184383,True
HOUSEHOLD_1_001_WI_1_validation,2016-04-09,2,2.0,Seasonal Naive,0.09918563818156167,3.9008143618184383,1.9008143618184383,True
HOUSEHOLD_1_001_WI_1_validation,2016-04-10,0,1.0,Seasonal Naive,0.0,2.9008143618184383,1.9008143618184383,True
HOUSEHOLD_1_001_WI_1_validation,2016-04-11,1,1.0,Seasonal Naive,0.0,2.9008143618184383,1.9008143618184383,True
HOUSEHOLD_1_001_WI_1_validation,2016-04-12,1,0.0,Seasonal Naive,0.0,1.9008143618184383,1.9008143618184383,True
HOUSEHOLD_1_001_WI_1_validation,2016-04-13,1,1.0,Seasonal Naive,0.0,2.9008143618184383,1.9008143618184383,True
HOUSEHOLD_1_001_WI_1_validation,2016-04-14,2,0.0,Seasonal Naive,0.0,1.9008143618184383,1.9008143618184383,False
HOUSEHOLD_1_001_WI_1_validation,2016-04-15,1,1.0,Seasonal Naive,0.0,2.9008143618184383,1.9008143618184383,True
HOUSEHOLD_1_001_WI_1_validation,2016-04-16,1,2.0,Seasonal Naive,0.09918563818156167,3.9008143618184383,1.9008143618184383,True
HOUSEHOLD_1_001_WI_1_validation,2016-04-17,1,1.0,Seasonal Naive,0.0,2.9008143618184383,1.9008143618184383,True
HOUSEHOLD_1_001_WI_1_validation,2016-04-18,1,1.0,Seasonal Naive,0.0,2.9008143618184383,1.9008143618184383,True
HOUSEHOLD_1_001_WI_1_validation,2016-04-19,1,0.0,Seasonal Naive,0.0,1.9008143618184383,1.9008143618184383,True
HOUSEHOLD_1_001_WI_1_validation,2016-04-20,0,1.0,Seasonal Naive,0.0,2.9008143618184383,1.9008143618184383,True
HOUSEHOLD_1_001_WI_1_validation,2016-04-21,1,0.0,Seasonal Naive,0.0,1.9008143618184383,1.9008143618184383,True
HOUSEHOLD_1_001_WI_1_validation,2016-04-22,2,1.0,Seasonal Naive,0.0,2.9008143618184383,1.9008143618184383,True
HOUSEHOLD_1_001_WI_1_validation,2016-04-23,1,2.0,Seasonal Naive,0.09918563818156167,3.9008143618184383,1.9008143618184383,True
HOUSEHOLD_1_001_WI_1_validation,2016-04-24,0,1.0,Seasonal Naive,0.0,2.9008143618184383,1.9008143618184383,True
HOUSEHOLD_1_001_WI_2_validation,2016-03-28,1,0.0,Seasonal Naive,0.0,1.9008143618184383,1.9008143618184383,True
HOUSEHOLD_1_001_WI_2_validation,2016-03-29,0,0.0,Seasonal Naive,0.0,1.9008143618184383,1.9008143618184383,True
HOUSEHOLD_1_001_WI_2_validation,2016-03-30,0,1.0,Seasonal Naive,0.0,2.9008143618184383,1.9008143618184383,True
HOUSEHOLD_1_001_WI_2_validation,2016-03-31,0,0.0,Seasonal Naive,0.0,1.9008143618184383,1.9008143618184383,True
HOUSEHOLD_1_001_WI_2_validation,2016-04-01,0,1.0,Seasonal Naive,0.0,2.9008143618184383,1.9008143618184383,True
HOUSEHOLD_1_001_WI_2_validation,2016-04-02,1,0.0,Seasonal Naive,0.0,1.9008143618184383,1.9008143618184383,True
HOUSEHOLD_1_001_WI_2_validation,2016-04-03,1,0.0,Seasonal Naive,0.0,1.9008143618184383,1.9008143618184383,True
HOUSEHOLD_1_001_WI_2_validation,2016-04-04,0,0.0,Seasonal Naive,0.0,1.9008143618184383,1.9008143618184383,True
HOUSEHOLD_1_001_WI_2_validation,2016-04-05,0,0.0,Seasonal Naive,0.0,1.9008143618184383,1.9008143618184383,True
HOUSEHOLD_1_001_WI_2_validation,2016-04-06,0,1.0,Seasonal Naive,0.0,2.9008143618184383,1.9008143618184383,True
HOUSEHOLD_1_001_WI_2_validation,2016-04-07,0,0.0,Seasonal Naive,0.0,1.9008143618184383,1.9008143618184383,True
HOUSEHOLD_1_001_WI_2_validation,2016-04-08,1,1.0,Seasonal Naive,0.0,2.9008143618184383,1.9008143618184383,True
HOUSEHOLD_1_001_WI_2_validation,2016-04-09,1,0.0,Seasonal Naive,0.0,1.9008143618184383,1.9008143618184383,True
HOUSEHOLD_1_001_WI_2_validation,2016-04-10,1,0.0,Seasonal Naive,0.0,1.9008143618184383,1.9008143618184383,True
HOUSEHOLD_1_001_WI_2_validation,2016-04-11,0,0.0,Seasonal Naive,0.0,1.9008143618184383,1.9008143618184383,True
HOUSEHOLD_1_001_WI_2_validation,2016-04-12,0,0.0,Seasonal Naive,0.0,1.9008143618184383,1.9008143618184383,True
HOUSEHOLD_1_001_WI_2_validation,2016-04-13,1,1.0,Seasonal Naive,0.0,2.9008143618184383,1.9008143618184383,True
HOUSEHOLD_1_001_WI_2_validation,2016-04-14,1,0.0,Seasonal Naive,0.0,1.9008143618184383,1.9008143618184383,True
HOUSEHOLD_1_001_WI_2_validation,2016-04-15,0,1.0,Seasonal Naive,0.0,2.9008143618184383,1.9008143618184383,True
HOUSEHOLD_1_001_WI_2_validation,2016-04-16,2,0.0,Seasonal Naive,0.0,1.9008143618184383,1.9008143618184383,False
HOUSEHOLD_1_001_WI_2_validation,2016-04-17,0,0.0,Seasonal Naive,0.0,1.9008143618184383,1.9008143618184383,True
HOUSEHOLD_1_001_WI_2_validation,2016-04-18,1,0.0,Seasonal Naive,0.0,1.9008143618184383,1.9008143618184383,True
HOUSEHOLD_1_001_WI_2_validation,2016-04-19,0,0.0,Seasonal Naive,0.0,1.9008143618184383,1.9008143618184383,True
HOUSEHOLD_1_001_WI_2_validation,2016-04-20,1,1.0,Seasonal Naive,0.0,2.9008143618184383,1.9008143618184383,True
HOUSEHOLD_1_001_WI_2_validation,2016-04-21,2,0.0,Seasonal Naive,0.0,1.9008143618184383,1.9008143618184383,False
HOUSEHOLD_1_001_WI_2_validation,2016-04-22,0,1.0,Seasonal Naive,0.0,2.9008143618184383,1.9008143618184383,True
HOUSEHOLD_1_001_WI_2_validation,2016-04-23,2,0.0,Seasonal Naive,0.0,1.9008143618184383,1.9008143618184383,False
HOUSEHOLD_1_001_WI_2_validation,2016-04-24,0,0.0,Seasonal Naive,0.0,1.9008143618184383,1.9008143618184383,True
HOUSEHOLD_1_001_WI_3_validation,2016-03-28,0,0.0,Seasonal Naive,0.0,1.9008143618184383,1.9008143618184383,True
HOUSEHOLD_1_001_WI_3_validation,2016-03-29,0,1.0,Seasonal Naive,0.0,2.9008143618184383,1.9008143618184383,True
HOUSEHOLD_1_001_WI_3_validation,2016-03-30,0,1.0,Seasonal Naive,0.0,2.9008143618184383,1.9008143618184383,True
HOUSEHOLD_1_001_WI_3_validation,2016-03-31,1,0.0,Seasonal Naive,0.0,1.9008143618184383,1.9008143618184383,True
HOUSEHOLD_1_001_WI_3_validation,2016-04-01,0,0.0,Seasonal Naive,0.0,1.9008143618184383,1.9008143618184383,True
HOUSEHOLD_1_001_WI_3_validation,2016-04-02,0,0.0,Seasonal Naive,0.0,1.9008143618184383,1.9008143618184383,True
HOUSEHOLD_1_001_WI_3_validation,2016-04-03,0,1.0,Seasonal Naive,0.0,2.9008143618184383,1.9008143618184383,True
HOUSEHOLD_1_001_WI_3_validation,2016-04-04,2,0.0,Seasonal Naive,0.0,1.9008143618184383,1.9008143618184383,False
HOUSEHOLD_1_001_WI_3_validation,2016-04-05,0,1.0,Seasonal Naive,0.0,2.9008143618184383,1.9008143618184383,True
HOUSEHOLD_1_001_WI_3_validation,2016-04-06,0,1.0,Seasonal Naive,0.0,2.9008143618184383,1.9008143618184383,True
HOUSEHOLD_1_001_WI_3_validation,2016-04-07,0,0.0,Seasonal Naive,0.0,1.9008143618184383,1.9008143618184383,True
HOUSEHOLD_1_001_WI_3_validation,2016-04-08,0,0.0,Seasonal Naive,0.0,1.9008143618184383,1.9008143618184383,True
HOUSEHOLD_1_001_WI_3_validation,2016-04-09,0,0.0,Seasonal Naive,0.0,1.9008143618184383,1.9008143618184383,True
HOUSEHOLD_1_001_WI_3_validation,2016-04-10,1,1.0,Seasonal Naive,0.0,2.9008143618184383,1.9008143618184383,True
HOUSEHOLD_1_001_WI_3_validation,2016-04-11,1,0.0,Seasonal Naive,0.0,1.9008143618184383,1.9008143618184383,True
HOUSEHOLD_1_001_WI_3_validation,2016-04-12,0,1.0,Seasonal Naive,0.0,2.9008143618184383,1.9008143618184383,True
HOUSEHOLD_1_001_WI_3_validation,2016-04-13,0,1.0,Seasonal Naive,0.0,2.9008143618184383,1.9008143618184383,True
HOUSEHOLD_1_001_WI_3_validation,2016-04-14,0,0.0,Seasonal Naive,0.0,1.9008143618184383,1.9008143618184383,True
HOUSEHOLD_1_001_WI_3_validation,2016-04-15,0,0.0,Seasonal Naive,0.0,1.9008143618184383,1.9008143618184383,True
HOUSEHOLD_1_001_WI_3_validation,2016-04-16,0,0.0,Seasonal Naive,0.0,1.9008143618184383,1.9008143618184383,True
HOUSEHOLD_1_001_WI_3_validation,2016-04-17,1,1.0,Seasonal Naive,0.0,2.9008143618184383,1.9008143618184383,True
HOUSEHOLD_1_001_WI_3_validation,2016-04-18,0,0.0,Seasonal Naive,0.0,1.9008143618184383,1.9008143618184383,True
HOUSEHOLD_1_001_WI_3_validation,2016-04-19,0,1.0,Seasonal Naive,0.0,2.9008143618184383,1.9008143618184383,True
HOUSEHOLD_1_001_WI_3_validation,2016-04-20,0,1.0,Seasonal Naive,0.0,2.9008143618184383,1.9008143618184383,True
HOUSEHOLD_1_001_WI_3_validation,2016-04-21,0,0.0,Seasonal Naive,0.0,1.9008143618184383,1.9008143618184383,True
HOUSEHOLD_1_001_WI_3_validation,2016-04-22,0,0.0,Seasonal Naive,0.0,1.9008143618184383,1.9008143618184383,True
HOUSEHOLD_1_001_WI_3_validation,2016-04-23,0,0.0,Seasonal Naive,0.0,1.9008143618184383,1.9008143618184383,True
HOUSEHOLD_1_001_WI_3_validation,2016-04-24,0,1.0,Seasonal Naive,0.0,2.9008143618184383,1.9008143618184383,True
HOUSEHOLD_1_002_TX_1_validation,2016-03-28,0,0.0,Seasonal Naive,0.0,1.9008143618184383,1.9008143618184383,True
HOUSEHOLD_1_002_TX_1_validation,2016-03-29,1,0.0,Seasonal Naive,0.0,1.9008143618184383,1.9008143618184383,True
HOUSEHOLD_1_002_TX_1_validation,2016-03-30,0,0.0,Seasonal Naive,0.0,1.9008143618184383,1.9008143618184383,True
HOUSEHOLD_1_002_TX_1_validation,2016-03-31,0,0.0,Seasonal Naive,0.0,1.9008143618184383,1.9008143618184383,True
HOUSEHOLD_1_002_TX_1_validation,2016-04-01,0,0.0,Seasonal Naive,0.0,1.9008143618184383,1.9008143618184383,True
HOUSEHOLD_1_002_TX_1_validation,2016-04-02,0,0.0,Seasonal Naive,0.0,1.9008143618184383,1.9008143618184383,True
HOUSEHOLD_1_002_TX_1_validation,2016-04-03,0,0.0,Seasonal Naive,0.0,1.9008143618184383,1.9008143618184383,True
HOUSEHOLD_1_002_TX_1_validation,2016-04-04,0,0.0,Seasonal Naive,0.0,1.9008143618184383,1.9008143618184383,True
HOUSEHOLD_1_002_TX_1_validation,2016-04-05,0,0.0,Seasonal Naive,0.0,1.9008143618184383,1.9008143618184383,True
HOUSEHOLD_1_002_TX_1_validation,2016-04-06,0,0.0,Seasonal Naive,0.0,1.9008143618184383,1.9008143618184383,True
HOUSEHOLD_1_002_TX_1_validation,2016-04-07,0,0.0,Seasonal Naive,0.0,1.9008143618184383,1.9008143618184383,True
HOUSEHOLD_1_002_TX_1_validation,2016-04-08,0,0.0,Seasonal Naive,0.0,1.9008143618184383,1.9008143618184383,True
HOUSEHOLD_1_002_TX_1_validation,2016-04-09,0,0.0,Seasonal Naive,0.0,1.9008143618184383,1.9008143618184383,True
HOUSEHOLD_1_002_TX_1_validation,2016-04-10,0,0.0,Seasonal Naive,0.0,1.9008143618184383,1.9008143618184383,True
HOUSEHOLD_1_002_TX_1_validation,2016-04-11,1,0.0,Seasonal Naive,0.0,1.9008143618184383,1.9008143618184383,True
HOUSEHOLD_1_002_TX_1_validation,2016-04-12,0,0.0,Seasonal Naive,0.0,1.9008143618184383,1.9008143618184383,True
HOUSEHOLD_1_002_TX_1_validation,2016-04-13,0,0.0,Seasonal Naive,0.0,1.9008143618184383,1.9008143618184383,True
HOUSEHOLD_1_002_TX_1_validation,2016-04-14,0,0.0,Seasonal Naive,0.0,1.9008143618184383,1.9008143618184383,True
HOUSEHOLD_1_002_TX_1_validation,2016-04-15,0,0.0,Seasonal Naive,0.0,1.9008143618184383,1.9008143618184383,True
HOUSEHOLD_1_002_TX_1_validation,2016-04-16,0,0.0,Seasonal Naive,0.0,1.9008143618184383,1.9008143618184383,True
HOUSEHOLD_1_002_TX_1_validation,2016-04-17,1,0.0,Seasonal Naive,0.0,1.9008143618184383,1.9008143618184383,True
HOUSEHOLD_1_002_TX_1_validation,2016-04-18,0,0.0,Seasonal Naive,0.0,1.9008143618184383,1.9008143618184383,True
HOUSEHOLD_1_002_TX_1_validation,2016-04-19,1,0.0,Seasonal Naive,0.0,1.9008143618184383,1.9008143618184383,True
HOUSEHOLD_1_002_TX_1_validation,2016-04-20,1,0.0,Seasonal Naive,0.0,1.9008143618184383,1.9008143618184383,True
HOUSEHOLD_1_002_TX_1_validation,2016-04-21,0,0.0,Seasonal Naive,0.0,1.9008143618184383,1.9008143618184383,True
HOUSEHOLD_1_002_TX_1_validation,2016-04-22,1,0.0,Seasonal Naive,0.0,1.9008143618184383,1.9008143618184383,True
HOUSEHOLD_1_002_TX_1_validation,2016-04-23,0,0.0,Seasonal Naive,0.0,1.9008143618184383,1.9008143618184383,True
HOUSEHOLD_1_002_TX_1_validation,2016-04-24,0,0.0,Seasonal Naive,0.0,1.9008143618184383,1.9008143618184383,True
HOUSEHOLD_1_002_WI_1_validation,2016-03-28,2,0.0,Seasonal Naive,0.0,1.9008143618184383,1.9008143618184383,False
HOUSEHOLD_1_002_WI_1_validation,2016-03-29,0,0.0,Seasonal Naive,0.0,1.9008143618184383,1.9008143618184383,True
HOUSEHOLD_1_002_WI_1_validation,2016-03-30,0,0.0,Seasonal Naive,0.0,1.9008143618184383,1.9008143618184383,True
HOUSEHOLD_1_002_WI_1_validation,2016-03-31,1,0.0,Seasonal Naive,0.0,1.9008143618184383,1.9008143618184383,True
HOUSEHOLD_1_002_WI_1_validation,2016-04-01,0,1.0,Seasonal Naive,0.0,2.9008143618184383,1.9008143618184383,True
HOUSEHOLD_1_002_WI_1_validation,2016-04-02,2,2.0,Seasonal Naive,0.09918563818156167,3.9008143618184383,1.9008143618184383,True
HOUSEHOLD_1_002_WI_1_validation,2016-04-03,4,1.0,Seasonal Naive,0.0,2.9008143618184383,1.9008143618184383,False
HOUSEHOLD_1_002_WI_1_validation,2016-04-04,1,0.0,Seasonal Naive,0.0,1.9008143618184383,1.9008143618184383,True
HOUSEHOLD_1_002_WI_1_validation,2016-04-05,0,0.0,Seasonal Naive,0.0,1.9008143618184383,1.9008143618184383,True
HOUSEHOLD_1_002_WI_1_validation,2016-04-06,0,0.0,Seasonal Naive,0.0,1.9008143618184383,1.9008143618184383,True
HOUSEHOLD_1_002_WI_1_validation,2016-04-07,0,0.0,Seasonal Naive,0.0,1.9008143618184383,1.9008143618184383,True
HOUSEHOLD_1_002_WI_1_validation,2016-04-08,1,1.0,Seasonal Naive,0.0,2.9008143618184383,1.9008143618184383,True
HOUSEHOLD_1_002_WI_1_validation,2016-04-09,3,2.0,Seasonal Naive,0.09918563818156167,3.9008143618184383,1.9008143618184383,True
HOUSEHOLD_1_002_WI_1_validation,2016-04-10,1,1.0,Seasonal Naive,0.0,2.9008143618184383,1.9008143618184383,True
HOUSEHOLD_1_002_WI_1_validation,2016-04-11,1,0.0,Seasonal Naive,0.0,1.9008143618184383,1.9008143618184383,True
HOUSEHOLD_1_002_WI_1_validation,2016-04-12,0,0.0,Seasonal Naive,0.0,1.9008143618184383,1.9008143618184383,True
HOUSEHOLD_1_002_WI_1_validation,2016-04-13,3,0.0,Seasonal Naive,0.0,1.9008143618184383,1.9008143618184383,False
HOUSEHOLD_1_002_WI_1_validation,2016-04-14,1,0.0,Seasonal Naive,0.0,1.9008143618184383,1.9008143618184383,True
HOUSEHOLD_1_002_WI_1_validation,2016-04-15,2,1.0,Seasonal Naive,0.0,2.9008143618184383,1.9008143618184383,True
HOUSEHOLD_1_002_WI_1_validation,2016-04-16,0,2.0,Seasonal Naive,0.09918563818156167,3.9008143618184383,1.9008143618184383,False
HOUSEHOLD_1_002_WI_1_validation,2016-04-17,1,1.0,Seasonal Naive,0.0,2.9008143618184383,1.9008143618184383,True
HOUSEHOLD_1_002_WI_1_validation,2016-04-18,2,0.0,Seasonal Naive,0.0,1.9008143618184383,1.9008143618184383,False
HOUSEHOLD_1_002_WI_1_validation,2016-04-19,0,0.0,Seasonal Naive,0.0,1.9008143618184383,1.9008143618184383,True
HOUSEHOLD_1_002_WI_1_validation,2016-04-20,0,0.0,Seasonal Naive,0.0,1.9008143618184383,1.9008143618184383,True
HOUSEHOLD_1_002_WI_1_validation,2016-04-21,1,0.0,Seasonal Naive,0.0,1.9008143618184383,1.9008143618184383,True
HOUSEHOLD_1_002_WI_1_validation,2016-04-22,1,1.0,Seasonal Naive,0.0,2.9008143618184383,1.9008143618184383,True
HOUSEHOLD_1_002_WI_1_validation,2016-04-23,1,2.0,Seasonal Naive,0.09918563818156167,3.9008143618184383,1.9008143618184383,True
HOUSEHOLD_1_002_WI_1_validation,2016-04-24,1,1.0,Seasonal Naive,0.0,2.9008143618184383,1.9008143618184383,True
FOODS_1_001_CA_1_validation,2016-03-28,2,0.7612291417701945,Gradient Boosting,0.0,2.015273462952102,1.2540443211819077,True
FOODS_1_001_CA_1_validation,2016-03-29,1,0.8126125134542892,Gradient Boosting,0.0,2.0666568346361966,1.2540443211819077,True
FOODS_1_001_CA_1_validation,2016-03-30,1,0.8065417877750353,Gradient Boosting,0.0,2.060586108956943,1.2540443211819077,True
FOODS_1_001_CA_1_validation,2016-03-31,0,0.7210116048167514,Gradient Boosting,0.0,1.975055925998659,1.2540443211819077,True
FOODS_1_001_CA_1_validation,2016-04-01,4,0.7799137865207036,Gradient Boosting,0.0,2.0339581077026114,1.2540443211819077,False
FOODS_1_001_CA_1_validation,2016-04-02,0,1.0070233850674402,Gradient Boosting,0.0,2.2610677062493476,1.2540443211819077,True
FOODS_1_001_CA_1_validation,2016-04-03,0,0.9531533566348478,Gradient Boosting,0.0,2.2071976778167555,1.2540443211819077,True
FOODS_1_001_CA_1_validation,2016-04-04,4,0.7077203515190041,Gradient Boosting,0.0,1.961764672700912,1.2540443211819077,False
FOODS_1_001_CA_1_validation,2016-04-05,1,0.7255201792752836,Gradient Boosting,0.0,1.9795645004571911,1.2540443211819077,True
FOODS_1_001_CA_1_validation,2016-04-06,3,0.6977661038705852,Gradient Boosting,0.0,1.9518104250524928,1.2540443211819077,False
FOODS_1_001_CA_1_validation,2016-04-07,0,0.7952566545949371,Gradient Boosting,0.0,2.049300975776845,1.2540443211819077,True
FOODS_1_001_CA_1_validation,2016-04-08,1,0.8860893153642744,Gradient Boosting,0.0,2.140133636546182,1.2540443211819077,True
FOODS_1_001_CA_1_validation,2016-04-09,0,0.9817004605786712,Gradient Boosting,0.0,2.235744781760579,1.2540443211819077,True
FOODS_1_001_CA_1_validation,2016-04-10,2,0.9594223120439876,Gradient Boosting,0.0,2.213466633225895,1.2540443211819077,True
FOODS_1_001_CA_1_validation,2016-04-11,2,0.8234236465858555,Gradient Boosting,0.0,2.077467967767763,1.2540443211819077,True
FOODS_1_001_CA_1_validation,2016-04-12,0,0.740625685710384,Gradient Boosting,0.0,1.9946700068922918,1.2540443211819077,True
FOODS_1_001_CA_1_validation,2016-04-13,1,0.740625685710384,Gradient Boosting,0.0,1.9946700068922918,1.2540443211819077,True
FOODS_1_001_CA_1_validation,2016-04-14,1,0.7259330958615037,Gradient Boosting,0.0,1.9799774170434112,1.2540443211819077,True
FOODS_1_001_CA_1_validation,2016-04-15,0,0.8239420791985778,Gradient Boosting,0.0,2.0779864003804853,1.2540443211819077,True
FOODS_1_001_CA_1_validation,2016-04-16,2,0.9988330076217616,Gradient Boosting,0.0,2.2528773288036694,1.2540443211819077,True
FOODS_1_001_CA_1_validation,2016-04-17,0,0.9514242044427348,Gradient Boosting,0.0,2.2054685256246422,1.2540443211819077,True
FOODS_1_001_CA_1_validation,2016-04-18,4,0.7539842265758789,Gradient Boosting,0.0,2.0080285477577866,1.2540443211819077,False
FOODS_1_001_CA_1_validation,2016-04-19,1,0.7384836169320508,Gradient Boosting,0.0,1.9925279381139585,1.2540443211819077,True
FOODS_1_001_CA_1_validation,2016-04-20,1,0.7539842265758789,Gradient Boosting,0.0,2.0080285477577866,1.2540443211819077,True
FOODS_1_001_CA_1_validation,2016-04-21,0,0.7079089185270633,Gradient Boosting,0.0,1.961953239708971,1.2540443211819077,True
FOODS_1_001_CA_1_validation,2016-04-22,1,0.8045761984023866,Gradient Boosting,0.0,2.058620519584294,1.2540443211819077,True
FOODS_1_001_CA_1_validation,2016-04-23,1,0.8817903788437562,Gradient Boosting,0.0,2.135834700025664,1.2540443211819077,True
FOODS_1_001_CA_1_validation,2016-04-24,0,0.7917795168668795,Gradient Boosting,0.0,2.045823838048787,1.2540443211819077,True
FOODS_1_001_CA_2_validation,2016-03-28,0,0.943644229800642,Gradient Boosting,0.0,2.1976885509825497,1.2540443211819077,True
FOODS_1_001_CA_2_validation,2016-03-29,0,0.94029341810067,Gradient Boosting,0.0,2.194337739282578,1.2540443211819077,True
FOODS_1_001_CA_2_validation,2016-03-30,0,0.94029341810067,Gradient Boosting,0.0,2.194337739282578,1.2540443211819077,True
FOODS_1_001_CA_2_validation,2016-03-31,0,0.94029341810067,Gradient Boosting,0.0,2.194337739282578,1.2540443211819077,True
FOODS_1_001_CA_2_validation,2016-04-01,0,0.9504973213178592,Gradient Boosting,0.0,2.204541642499767,1.2540443211819077,True
FOODS_1_001_CA_2_validation,2016-04-02,0,1.8483177185589572,Gradient Boosting,0.5942733973770495,3.102362039740865,1.2540443211819077,False
FOODS_1_001_CA_2_validation,2016-04-03,0,1.040213614289174,Gradient Boosting,0.0,2.294257935471082,1.2540443211819077,True
FOODS_1_001_CA_2_validation,2016-04-04,1,0.7683982580545853,Gradient Boosting,0.0,2.022442579236493,1.2540443211819077,True
FOODS_1_001_CA_2_validation,2016-04-05,1,0.7538349038004998,Gradient Boosting,0.0,2.0078792249824073,1.2540443211819077,True
FOODS_1_001_CA_2_validation,2016-04-06,2,0.7844853447886229,Gradient Boosting,0.0,2.0385296659705308,1.2540443211819077,True
FOODS_1_001_CA_2_validation,2016-04-07,0,0.8148486322595334,Gradient Boosting,0.0,2.0688929534414413,1.2540443211819077,True
FOODS_1_001_CA_2_validation,2016-04-08,0,0.8998423788955064,Gradient Boosting,0.0,2.1538867000774142,1.2540443211819077,True
FOODS_1_001_CA_2_validation,2016-04-09,0,1.140367124015761,Gradient Boosting,0.0,2.394411445197669,1.2540443211819077,True
FOODS_1_001_CA_2_validation,2016-04-10,0,1.0341428886099202,Gradient Boosting,0.0,2.288187209791828,1.2540443211819077,True
FOODS_1_001_CA_2_validation,2016-04-11,0,0.7929881976675135,Gradient Boosting,0.0,2.047032518849421,1.2540443211819077,True
FOODS_1_001_CA_2_validation,2016-04-12,0,0.8076807875163938,Gradient Boosting,0.0,2.0617251086983015,1.2540443211819077,True
FOODS_1_001_CA_2_validation,2016-04-13,2,0.7983076805202574,Gradient Boosting,0.0,2.052352001702165,1.2540443211819077,True
FOODS_1_001_CA_2_validation,2016-04-14,0,0.7983076805202574,Gradient Boosting,0.0,2.052352001702165,1.2540443211819077,True
FOODS_1_001_CA_2_validation,2016-04-15,1,0.9456826722205496,Gradient Boosting,0.0,2.1997269934024573,1.2540443211819077,True
FOODS_1_001_CA_2_validation,2016-04-16,0,1.111303743971784,Gradient Boosting,0.0,2.365348065153692,1.2540443211819077,True
FOODS_1_001_CA_2_validation,2016-04-17,14,1.0221184720331,Gradient Boosting,0.0,2.2761627932150077,1.2540443211819077,False
FOODS_1_001_CA_2_validation,2016-04-18,0,0.8091778845224156,Gradient Boosting,0.0,2.0632222057043235,1.2540443211819077,True
FOODS_1_001_CA_2_validation,2016-04-19,1,0.8076807875163938,Gradient Boosting,0.0,2.0617251086983015,1.2540443211819077,True
FOODS_1_001_CA_2_validation,2016-04-20,1,0.8076807875163938,Gradient Boosting,0.0,2.0617251086983015,1.2540443211819077,True
FOODS_1_001_CA_2_validation,2016-04-21,4,0.8076807875163938,Gradient Boosting,0.0,2.0617251086983015,1.2540443211819077,False
FOODS_1_001_CA_2_validation,2016-04-22,0,0.9089804711678704,Gradient Boosting,0.0,2.163024792349778,1.2540443211819077,True
FOODS_1_001_CA_2_validation,2016-04-23,0,1.1010553669296876,Gradient Boosting,0.0,2.3550996881115953,1.2540443211819077,True
FOODS_1_001_CA_2_validation,2016-04-24,4,1.020621375027078,Gradient Boosting,0.0,2.2746656962089857,1.2540443211819077,False
FOODS_1_001_CA_3_validation,2016-03-28,0,0.4486186690680118,Gradient Boosting,0.0,1.7026629902499195,1.2540443211819077,True
FOODS_1_001_CA_3_validation,2016-03-29,0,0.5733303852503341,Gradient Boosting,0.0,1.8273747064322419,1.2540443211819077,True
FOODS_1_001_CA_3_validation,2016-03-30,1,0.6746076063761355,Gradient Boosting,0.0,1.9286519275580432,1.2540443211819077,True
FOODS_1_001_CA_3_validation,2016-03-31,0,0.5782903514917399,Gradient Boosting,0.0,1.8323346726736476,1.2540443211819077,True
FOODS_1_001_CA_3_validation,2016-04-01,0,0.7183860336453995,Gradient Boosting,0.0,1.9724303548273072,1.2540443211819077,True
FOODS_1_001_CA_3_validation,2016-04-02,1,1.0745407767582575,Gradient Boosting,0.0,2.328585097940165,1.2540443211819077,True
FOODS_1_001_CA_3_validation,2016-04-03,0,1.345541708409718,Gradient Boosting,0.09149738722781042,2.5995860295916255,1.2540443211819077,False
FOODS_1_001_CA_3_validation,2016-04-04,0,0.7628814666125172,Gradient Boosting,0.0,2.016925787794425,1.2540443211819077,True
FOODS_1_001_CA_3_validation,2016-04-05,0,0.8145119000683535,Gradient Boosting,0.0,2.0685562212502613,1.2540443211819077,True
FOODS_1_001_CA_3_validation,2016-04-06,1,0.7984248133343159,Gradient Boosting,0.0,2.0524691345162234,1.2540443211819077,True
FOODS_1_001_CA_3_validation,2016-04-07,0,0.7962842854224521,Gradient Boosting,0.0,2.05032860660436,1.2540443211819077,True
FOODS_1_001_CA_3_validation,2016-04-08,0,0.8223480975081153,Gradient Boosting,0.0,2.076392418690023,1.2540443211819077,True
FOODS_1_001_CA_3_validation,2016-04-09,4,1.3461413599919114,Gradient Boosting,0.09209703881000375,2.6001856811738193,1.2540443211819077,False
FOODS_1_001_CA_3_validation,2016-04-10,2,0.984488247895416,Gradient Boosting,0.0,2.2385325690773237,1.2540443211819077,True
FOODS_1_001_CA_3_validation,2016-04-11,1,0.8480789847258867,Gradient Boosting,0.0,2.1021233059077944,1.2540443211819077,True
FOODS_1_001_CA_3_validation,2016-04-12,0,0.8647674282727337,Gradient Boosting,0.0,2.1188117494546415,1.2540443211819077,True
FOODS_1_001_CA_3_validation,2016-04-13,0,0.8647674282727337,Gradient Boosting,0.0,2.1188117494546415,1.2540443211819077,True
FOODS_1_001_CA_3_validation,2016-04-14,0,0.8160458695624861,Gradient Boosting,0.0,2.070090190744394,1.2540443211819077,True
FOODS_1_001_CA_3_validation,2016-04-15,0,0.8860745234512794,Gradient Boosting,0.0,2.140118844633187,1.2540443211819077,True
FOODS_1_001_CA_3_validation,2016-04-16,0,1.002595839646372,Gradient Boosting,0.0,2.2566401608282796,1.2540443211819077,True
FOODS_1_001_CA_3_validation,2016-04-17,13,0.9123251380042798,Gradient Boosting,0.0,2.1663694591861873,1.2540443211819077,False
FOODS_1_001_CA_3_validation,2016-04-18,0,0.7408423144679732,Gradient Boosting,0.0,1.994886635649881,1.2540443211819077,True
FOODS_1_001_CA_3_validation,2016-04-19,0,0.7663169334551153,Gradient Boosting,0.0,2.020361254637023,1.2540443211819077,True
FOODS_1_001_CA_3_validation,2016-04-20,0,0.7555610589463725,Gradient Boosting,0.0,2.00960538012828,1.2540443211819077,True
FOODS_1_001_CA_3_validation,2016-04-21,0,0.7555610589463725,Gradient Boosting,0.0,2.00960538012828,1.2540443211819077,True
FOODS_1_001_CA_3_validation,2016-04-22,0,0.8051681087195304,Gradient Boosting,0.0,2.059212429901438,1.2540443211819077,True
FOODS_1_001_CA_3_validation,2016-04-23,1,1.320283961076482,Gradient Boosting,0.06623963989457438,2.5743282822583895,1.2540443211819077,True
FOODS_1_001_CA_3_validation,2016-04-24,0,1.0755727724764834,Gradient Boosting,0.0,2.329617093658391,1.2540443211819077,True
FOODS_1_001_CA_4_validation,2016-03-28,2,0.4816968474299077,Gradient Boosting,0.0,1.7357411686118154,1.2540443211819077,False
FOODS_1_001_CA_4_validation,2016-03-29,0,0.4694357567026416,Gradient Boosting,0.0,1.7234800778845494,1.2540443211819077,True
FOODS_1_001_CA_4_validation,2016-03-30,0,0.5282693212498777,Gradient Boosting,0.0,1.7823136424317854,1.2540443211819077,True
FOODS_1_001_CA_4_validation,2016-03-31,0,0.4982177537458015,Gradient Boosting,0.0,1.7522620749277091,1.2540443211819077,True
FOODS_1_001_CA_4_validation,2016-04-01,0,0.5593133879094777,Gradient Boosting,0.0,1.8133577090913855,1.2540443211819077,True
FOODS_1_001_CA_4_validation,2016-04-02,0,0.5881370570675051,Gradient Boosting,0.0,1.8421813782494127,1.2540443211819077,True
FOODS_1_001_CA_4_validation,2016-04-03,0,0.5202234148464022,Gradient Boosting,0.0,1.77426773602831,1.2540443211819077,True
FOODS_1_001_CA_4_validation,2016-04-04,1,0.4973791160536147,Gradient Boosting,0.0,1.7514234372355224,1.2540443211819077,True
FOODS_1_001_CA_4_validation,2016-04-05,0,0.3684446538689068,Gradient Boosting,0.0,1.6224889750508145,1.2540443211819077,True
FOODS_1_001_CA_4_validation,2016-04-06,1,0.4405712460910766,Gradient Boosting,0.0,1.6946155672729843,1.2540443211819077,True
FOODS_1_001_CA_4_validation,2016-04-07,0,0.4375052007899355,Gradient Boosting,0.0,1.6915495219718433,1.2540443211819077,True
FOODS_1_001_CA_4_validation,2016-04-08,0,0.395136811561717,Gradient Boosting,0.0,1.6491811327436245,1.2540443211819077,True
FOODS_1_001_CA_4_validation,2016-04-09,0,0.4158541116259637,Gradient Boosting,0.0,1.6698984328078714,1.2540443211819077,True
FOODS_1_001_CA_4_validation,2016-04-10,0,0.3855387779086157,Gradient Boosting,0.0,1.6395830990905234,1.2540443211819077,True
FOODS_1_001_CA_4_validation,2016-04-11,0,0.3465280249795409,Gradient Boosting,0.0,1.6005723461614485,1.2540443211819077,True
FOODS_1_001_CA_4_validation,2016-04-12,0,0.3434619796783998,Gradient Boosting,0.0,1.5975063008603074,1.2540443211819077,True
FOODS_1_001_CA_4_validation,2016-04-13,0,0.3434619796783998,Gradient Boosting,0.0,1.5975063008603074,1.2540443211819077,True
FOODS_1_001_CA_4_validation,2016-04-14,0,0.3434619796783998,Gradient Boosting,0.0,1.5975063008603074,1.2540443211819077,True
FOODS_1_001_CA_4_validation,2016-04-15,0,0.3651938797517863,Gradient Boosting,0.0,1.6192382009336939,1.2540443211819077,True
FOODS_1_001_CA_4_validation,2016-04-16,0,0.4006361416029362,Gradient Boosting,0.0,1.654680462784844,1.2540443211819077,True
FOODS_1_001_CA_4_validation,2016-04-17,0,0.3733868531867293,Gradient Boosting,0.0,1.627431174368637,1.2540443211819077,True
FOODS_1_001_CA_4_validation,2016-04-18,2,0.3469059903148697,Gradient Boosting,0.0,1.6009503114967774,1.2540443211819077,False
FOODS_1_001_CA_4_validation,2016-04-19,0,0.3153332105863817,Gradient Boosting,0.0,1.5693775317682894,1.2540443211819077,True
FOODS_1_001_CA_4_validation,2016-04-20,0,0.3469059903148697,Gradient Boosting,0.0,1.6009503114967774,1.2540443211819077,True
FOODS_1_001_CA_4_validation,2016-04-21,0,0.3153332105863817,Gradient Boosting,0.0,1.5693775317682894,1.2540443211819077,True
FOODS_1_001_CA_4_validation,2016-04-22,1,0.3326766002230826,Gradient Boosting,0.0,1.5867209214049902,1.2540443211819077,True
FOODS_1_001_CA_4_validation,2016-04-23,1,0.4143442217471295,Gradient Boosting,0.0,1.668388542929037,1.2540443211819077,True
FOODS_1_001_CA_4_validation,2016-04-24,1,0.3408909406822097,Gradient Boosting,0.0,1.5949352618641175,1.2540443211819077,True
FOODS_1_001_TX_1_validation,2016-03-28,0,0.5478899542227678,Gradient Boosting,0.0,1.8019342754046754,1.2540443211819077,True
FOODS_1_001_TX_1_validation,2016-03-29,0,0.5575969219684341,Gradient Boosting,0.0,1.811641243150342,1.2540443211819077,True
FOODS_1_001_TX_1_validation,2016-03-30,0,0.5575969219684341,Gradient Boosting,0.0,1.811641243150342,1.2540443211819077,True
FOODS_1_001_TX_1_validation,2016-03-31,0,0.630485748047694,Gradient Boosting,0.0,1.8845300692296016,1.2540443211819077,True
FOODS_1_001_TX_1_validation,2016-04-01,0,0.7159685583457747,Gradient Boosting,0.0,1.9700128795276823,1.2540443211819077,True
FOODS_1_001_TX_1_validation,2016-04-02,0,0.7335489884662744,Gradient Boosting,0.0,1.9875933096481821,1.2540443211819077,True
FOODS_1_001_TX_1_validation,2016-04-03,0,0.6694644807932973,Gradient Boosting,0.0,1.923508801975205,1.2540443211819077,True
FOODS_1_001_TX_1_validation,2016-04-04,0,0.5447884722720419,Gradient Boosting,0.0,1.7988327934539496,1.2540443211819077,True
FOODS_1_001_TX_1_validation,2016-04-05,1,0.5447884722720419,Gradient Boosting,0.0,1.7988327934539496,1.2540443211819077,True
FOODS_1_001_TX_1_validation,2016-04-06,0,0.6295391715433812,Gradient Boosting,0.0,1.8835834927252888,1.2540443211819077,True
FOODS_1_001_TX_1_validation,2016-04-07,0,0.6295391715433812,Gradient Boosting,0.0,1.8835834927252888,1.2540443211819077,True
FOODS_1_001_TX_1_validation,2016-04-08,0,0.714066294387376,Gradient Boosting,0.0,1.9681106155692838,1.2540443211819077,True
FOODS_1_001_TX_1_validation,2016-04-09,0,0.7293004542894634,Gradient Boosting,0.0,1.9833447754713711,1.2540443211819077,True
FOODS_1_001_TX_1_validation,2016-04-10,0,0.6651372524410111,Gradient Boosting,0.0,1.9191815736229187,1.2540443211819077,True
FOODS_1_001_TX_1_validation,2016-04-11,0,0.6260678254739084,Gradient Boosting,0.0,1.880112146655816,1.2540443211819077,True
FOODS_1_001_TX_1_validation,2016-04-12,0,0.6260678254739084,Gradient Boosting,0.0,1.880112146655816,1.2540443211819077,True
FOODS_1_001_TX_1_validation,2016-04-13,0,0.6260678254739084,Gradient Boosting,0.0,1.880112146655816,1.2540443211819077,True
FOODS_1_001_TX_1_validation,2016-04-14,0,0.6228415762757735,Gradient Boosting,0.0,1.8768858974576812,1.2540443211819077,True
FOODS_1_001_TX_1_validation,2016-04-15,0,0.6133003858980249,Gradient Boosting,0.0,1.8673447070799325,1.2540443211819077,True
FOODS_1_001_TX_1_validation,2016-04-16,0,0.7300776423968015,Gradient Boosting,0.0,1.9841219635787093,1.2540443211819077,True
FOODS_1_001_TX_1_validation,2016-04-17,0,0.6616659063715382,Gradient Boosting,0.0,1.9157102275534459,1.2540443211819077,True
FOODS_1_001_TX_1_validation,2016-04-18,0,0.541317126202569,Gradient Boosting,0.0,1.7953614473844768,1.2540443211819077,True
FOODS_1_001_TX_1_validation,2016-04-19,0,0.541317126202569,Gradient Boosting,0.0,1.7953614473844768,1.2540443211819077,True
FOODS_1_001_TX_1_validation,2016-04-20,0,0.541317126202569,Gradient Boosting,0.0,1.7953614473844768,1.2540443211819077,True
FOODS_1_001_TX_1_validation,2016-04-21,0,0.541317126202569,Gradient Boosting,0.0,1.7953614473844768,1.2540443211819077,True
FOODS_1_001_TX_1_validation,2016-04-22,0,0.6108449545119912,Gradient Boosting,0.0,1.8648892756938988,1.2540443211819077,True
FOODS_1_001_TX_1_validation,2016-04-23,0,0.6080328834413704,Gradient Boosting,0.0,1.862077204623278,1.2540443211819077,True
FOODS_1_001_TX_1_validation,2016-04-24,0,0.5279395026948988,Gradient Boosting,0.0,1.7819838238768064,1.2540443211819077,True
FOODS_1_001_TX_2_validation,2016-03-28,0,0.5084031709896489,Gradient Boosting,0.0,1.7624474921715567,1.2540443211819077,True
FOODS_1_001_TX_2_validation,2016-03-29,0,0.540584721397114,Gradient Boosting,0.0,1.7946290425790217,1.2540443211819077,True
FOODS_1_001_TX_2_validation,2016-03-30,0,0.5150031354838652,Gradient Boosting,0.0,1.7690474566657728,1.2540443211819077,True
FOODS_1_001_TX_2_validation,2016-03-31,3,0.6166246007182306,Gradient Boosting,0.0,1.8706689219001382,1.2540443211819077,False
FOODS_1_001_TX_2_validation,2016-04-01,0,0.4178051330782589,Gradient Boosting,0.0,1.6718494542601665,1.2540443211819077,True
FOODS_1_001_TX_2_validation,2016-04-02,0,0.5019782911961211,Gradient Boosting,0.0,1.756022612378029,1.2540443211819077,True
FOODS_1_001_TX_2_validation,2016-04-03,0,0.4682314587858928,Gradient Boosting,0.0,1.7222757799678003,1.2540443211819077,True
FOODS_1_001_TX_2_validation,2016-04-04,0,0.3925700684983901,Gradient Boosting,0.0,1.6466143896802978,1.2540443211819077,True
FOODS_1_001_TX_2_validation,2016-04-05,0,0.3908642496724235,Gradient Boosting,0.0,1.6449085708543312,1.2540443211819077,True
FOODS_1_001_TX_2_validation,2016-04-06,0,0.3879205498375253,Gradient Boosting,0.0,1.641964871019433,1.2540443211819077,True
FOODS_1_001_TX_2_validation,2016-04-07,0,0.3925700684983901,Gradient Boosting,0.0,1.6466143896802978,1.2540443211819077,True
FOODS_1_001_TX_2_validation,2016-04-08,1,0.4243129687827126,Gradient Boosting,0.0,1.6783572899646202,1.2540443211819077,True
FOODS_1_001_TX_2_validation,2016-04-09,0,0.5019782911961211,Gradient Boosting,0.0,1.756022612378029,1.2540443211819077,True
FOODS_1_001_TX_2_validation,2016-04-10,1,0.4682314587858928,Gradient Boosting,0.0,1.7222757799678003,1.2540443211819077,True
FOODS_1_001_TX_2_validation,2016-04-11,0,0.4436187791215938,Gradient Boosting,0.0,1.6976631003035014,1.2540443211819077,True
FOODS_1_001_TX_2_validation,2016-04-12,0,0.4405527338204528,Gradient Boosting,0.0,1.6945970550023604,1.2540443211819077,True
FOODS_1_001_TX_2_validation,2016-04-13,0,0.4405527338204528,Gradient Boosting,0.0,1.6945970550023604,1.2540443211819077,True
FOODS_1_001_TX_2_validation,2016-04-14,1,0.5342061806986753,Gradient Boosting,0.0,1.788250501880583,1.2540443211819077,True
FOODS_1_001_TX_2_validation,2016-04-15,3,0.3629583733637654,Gradient Boosting,0.0,1.617002694545673,1.2540443211819077,False
FOODS_1_001_TX_2_validation,2016-04-16,0,0.4094942283693544,Gradient Boosting,0.0,1.663538549551262,1.2540443211819077,True
FOODS_1_001_TX_2_validation,2016-04-17,1,0.3769788401478591,Gradient Boosting,0.0,1.6310231613297668,1.2540443211819077,True
FOODS_1_001_TX_2_validation,2016-04-18,0,0.4041401460839068,Gradient Boosting,0.0,1.6581844672658144,1.2540443211819077,True
FOODS_1_001_TX_2_validation,2016-04-19,0,0.3497171861968717,Gradient Boosting,0.0,1.6037615073787794,1.2540443211819077,True
FOODS_1_001_TX_2_validation,2016-04-20,0,0.3497171861968717,Gradient Boosting,0.0,1.6037615073787794,1.2540443211819077,True
FOODS_1_001_TX_2_validation,2016-04-21,0,0.4221121716392813,Gradient Boosting,0.0,1.676156492821189,1.2540443211819077,True
FOODS_1_001_TX_2_validation,2016-04-22,0,0.3811234537973201,Gradient Boosting,0.0,1.6351677749792277,1.2540443211819077,True
FOODS_1_001_TX_2_validation,2016-04-23,1,0.4196033558360858,Gradient Boosting,0.0,1.6736476770179936,1.2540443211819077,True
FOODS_1_001_TX_2_validation,2016-04-24,0,0.3939213357010027,Gradient Boosting,0.0,1.6479656568829104,1.2540443211819077,True
FOODS_1_001_TX_3_validation,2016-03-28,0,0.3939171793893666,Gradient Boosting,0.0,1.6479615005712742,1.2540443211819077,True
FOODS_1_001_TX_3_validation,2016-03-29,0,0.3850599618909904,Gradient Boosting,0.0,1.6391042830728981,1.2540443211819077,True
FOODS_1_001_TX_3_validation,2016-03-30,0,0.3863481789428228,Gradient Boosting,0.0,1.6403925001247304,1.2540443211819077,True
FOODS_1_001_TX_3_validation,2016-03-31,0,0.3863481789428228,Gradient Boosting,0.0,1.6403925001247304,1.2540443211819077,True
FOODS_1_001_TX_3_validation,2016-04-01,1,0.4263692330782412,Gradient Boosting,0.0,1.6804135542601488,1.2540443211819077,True
FOODS_1_001_TX_3_validation,2016-04-02,1,0.5069782553265479,Gradient Boosting,0.0,1.7610225765084557,1.2540443211819077,True
FOODS_1_001_TX_3_validation,2016-04-03,1,0.4652760946062339,Gradient Boosting,0.0,1.7193204157881417,1.2540443211819077,True
FOODS_1_001_TX_3_validation,2016-04-04,0,0.3778717955950809,Gradient Boosting,0.0,1.6319161167769884,1.2540443211819077,True
FOODS_1_001_TX_3_validation,2016-04-05,1,0.3749280957601827,Gradient Boosting,0.0,1.6289724169420903,1.2540443211819077,True
FOODS_1_001_TX_3_validation,2016-04-06,0,0.3877982043712825,Gradient Boosting,0.0,1.64184252555319,1.2540443211819077,True
FOODS_1_001_TX_3_validation,2016-04-07,0,0.3846567489794202,Gradient Boosting,0.0,1.6387010701613278,1.2540443211819077,True
FOODS_1_001_TX_3_validation,2016-04-08,2,0.361445283016564,Gradient Boosting,0.0,1.6154896041984717,1.2540443211819077,False
FOODS_1_001_TX_3_validation,2016-04-09,0,0.4250388444446434,Gradient Boosting,0.0,1.679083165626551,1.2540443211819077,True
FOODS_1_001_TX_3_validation,2016-04-10,1,0.4025389266744065,Gradient Boosting,0.0,1.656583247856314,1.2540443211819077,True
FOODS_1_001_TX_3_validation,2016-04-11,1,0.357010753294476,Gradient Boosting,0.0,1.6110550744763836,1.2540443211819077,True
FOODS_1_001_TX_3_validation,2016-04-12,0,0.357010753294476,Gradient Boosting,0.0,1.6110550744763836,1.2540443211819077,True
FOODS_1_001_TX_3_validation,2016-04-13,0,0.357010753294476,Gradient Boosting,0.0,1.6110550744763836,1.2540443211819077,True
FOODS_1_001_TX_3_validation,2016-04-14,1,0.357010753294476,Gradient Boosting,0.0,1.6110550744763836,1.2540443211819077,True
FOODS_1_001_TX_3_validation,2016-04-15,0,0.3824661643660921,Gradient Boosting,0.0,1.6365104855479997,1.2540443211819077,True
FOODS_1_001_TX_3_validation,2016-04-16,1,0.4233716973168168,Gradient Boosting,0.0,1.6774160184987243,1.2540443211819077,True
FOODS_1_001_TX_3_validation,2016-04-17,1,0.3455124576455703,Gradient Boosting,0.0,1.599556778827478,1.2540443211819077,True
FOODS_1_001_TX_3_validation,2016-04-18,1,0.3082179976921821,Gradient Boosting,0.0,1.5622623188740898,1.2540443211819077,True
FOODS_1_001_TX_3_validation,2016-04-19,0,0.3082179976921821,Gradient Boosting,0.0,1.5622623188740898,1.2540443211819077,True
FOODS_1_001_TX_3_validation,2016-04-20,0,0.3082179976921821,Gradient Boosting,0.0,1.5622623188740898,1.2540443211819077,True
FOODS_1_001_TX_3_validation,2016-04-21,2,0.3082179976921821,Gradient Boosting,0.0,1.5622623188740898,1.2540443211819077,False
FOODS_1_001_TX_3_validation,2016-04-22,0,0.3326766002230826,Gradient Boosting,0.0,1.5867209214049902,1.2540443211819077,True
FOODS_1_001_TX_3_validation,2016-04-23,0,0.3629235313316278,Gradient Boosting,0.0,1.6169678525135356,1.2540443211819077,True
FOODS_1_001_TX_3_validation,2016-04-24,0,0.3444829276433395,Gradient Boosting,0.0,1.598527248825247,1.2540443211819077,True
FOODS_1_001_WI_1_validation,2016-03-28,1,0.4385202987575093,Gradient Boosting,0.0,1.692564619939417,1.2540443211819077,True
FOODS_1_001_WI_1_validation,2016-03-29,1,0.4175014544687501,Gradient Boosting,0.0,1.6715457756506578,1.2540443211819077,True
FOODS_1_001_WI_1_validation,2016-03-30,0,0.4205674997698912,Gradient Boosting,0.0,1.6746118209517988,1.2540443211819077,True
FOODS_1_001_WI_1_validation,2016-03-31,1,0.4205674997698912,Gradient Boosting,0.0,1.6746118209517988,1.2540443211819077,True
FOODS_1_001_WI_1_validation,2016-04-01,0,0.4835521404468061,Gradient Boosting,0.0,1.7375964616287138,1.2540443211819077,True
FOODS_1_001_WI_1_validation,2016-04-02,0,0.5783364197888511,Gradient Boosting,0.0,1.8323807409707586,1.2540443211819077,True
FOODS_1_001_WI_1_validation,2016-04-03,0,0.5709546116329668,Gradient Boosting,0.0,1.8249989328148746,1.2540443211819077,True
FOODS_1_001_WI_1_validation,2016-04-04,0,0.4017225385900619,Gradient Boosting,0.0,1.6557668597719695,1.2540443211819077,True
FOODS_1_001_WI_1_validation,2016-04-05,0,0.3925700684983901,Gradient Boosting,0.0,1.6466143896802978,1.2540443211819077,True
FOODS_1_001_WI_1_validation,2016-04-06,0,0.4032835214460196,Gradient Boosting,0.0,1.6573278426279272,1.2540443211819077,True
FOODS_1_001_WI_1_validation,2016-04-07,0,0.3925700684983901,Gradient Boosting,0.0,1.6466143896802978,1.2540443211819077,True
FOODS_1_001_WI_1_validation,2016-04-08,1,0.439044047085305,Gradient Boosting,0.0,1.6930883682672127,1.2540443211819077,True
FOODS_1_001_WI_1_validation,2016-04-09,0,0.4822241127354912,Gradient Boosting,0.0,1.7362684339173988,1.2540443211819077,True
FOODS_1_001_WI_1_validation,2016-04-10,0,0.4765191346858631,Gradient Boosting,0.0,1.7305634558677707,1.2540443211819077,True
FOODS_1_001_WI_1_validation,2016-04-11,1,0.3848545045363842,Gradient Boosting,0.0,1.638898825718292,1.2540443211819077,True
FOODS_1_001_WI_1_validation,2016-04-12,0,0.3877982043712825,Gradient Boosting,0.0,1.64184252555319,1.2540443211819077,True
FOODS_1_001_WI_1_validation,2016-04-13,0,0.3877982043712825,Gradient Boosting,0.0,1.64184252555319,1.2540443211819077,True
FOODS_1_001_WI_1_validation,2016-04-14,0,0.3877982043712825,Gradient Boosting,0.0,1.64184252555319,1.2540443211819077,True
FOODS_1_001_WI_1_validation,2016-04-15,0,0.5273640764050416,Gradient Boosting,0.0,1.7814083975869492,1.2540443211819077,True
FOODS_1_001_WI_1_validation,2016-04-16,0,0.6043757925565214,Gradient Boosting,0.0,1.858420113738429,1.2540443211819077,True
FOODS_1_001_WI_1_validation,2016-04-17,1,0.545763579825919,Gradient Boosting,0.0,1.7998079010078267,1.2540443211819077,True
FOODS_1_001_WI_1_validation,2016-04-18,0,0.4471971383433832,Gradient Boosting,0.0,1.701241459525291,1.2540443211819077,True
FOODS_1_001_WI_1_validation,2016-04-19,2,0.4291228202744138,Gradient Boosting,0.0,1.6831671414563214,1.2540443211819077,False
FOODS_1_001_WI_1_validation,2016-04-20,0,0.4291228202744138,Gradient Boosting,0.0,1.6831671414563214,1.2540443211819077,True
FOODS_1_001_WI_1_validation,2016-04-21,0,0.5326700060057731,Gradient Boosting,0.0,1.7867143271876809,1.2540443211819077,True
FOODS_1_001_WI_1_validation,2016-04-22,0,0.6306399811538594,Gradient Boosting,0.0,1.8846843023357671,1.2540443211819077,True
FOODS_1_001_WI_1_validation,2016-04-23,8,0.5530070821418122,Gradient Boosting,0.0,1.8070514033237197,1.2540443211819077,False
FOODS_1_001_WI_1_validation,2016-04-24,1,0.5302964277896345,Gradient Boosting,0.0,1.7843407489715422,1.2540443211819077,True
FOODS_1_001_WI_2_validation,2016-03-28,0,0.3769946162469532,Gradient Boosting,0.0,1.631038937428861,1.2540443211819077,True
FOODS_1_001_WI_2_validation,2016-03-29,0,0.3769946162469532,Gradient Boosting,0.0,1.631038937428861,1.2540443211819077,True
FOODS_1_001_WI_2_validation,2016-03-30,0,0.3712838728859253,Gradient Boosting,0.0,1.625328194067833,1.2540443211819077,True
FOODS_1_001_WI_2_validation,2016-03-31,0,0.3712838728859253,Gradient Boosting,0.0,1.625328194067833,1.2540443211819077,True
FOODS_1_001_WI_2_validation,2016-04-01,0,0.402105663035246,Gradient Boosting,0.0,1.6561499842171536,1.2540443211819077,True
FOODS_1_001_WI_2_validation,2016-04-02,0,0.4476798989888425,Gradient Boosting,0.0,1.70172422017075,1.2540443211819077,True
FOODS_1_001_WI_2_validation,2016-04-03,2,0.413931651273968,Gradient Boosting,0.0,1.6679759724558756,1.2540443211819077,False
FOODS_1_001_WI_2_validation,2016-04-04,0,0.3446648006872497,Gradient Boosting,0.0,1.5987091218691574,1.2540443211819077,True
FOODS_1_001_WI_2_validation,2016-04-05,0,0.3417831656689527,Gradient Boosting,0.0,1.5958274868508604,1.2540443211819077,True
FOODS_1_001_WI_2_validation,2016-04-06,2,0.3417831656689527,Gradient Boosting,0.0,1.5958274868508604,1.2540443211819077,False
FOODS_1_001_WI_2_validation,2016-04-07,0,0.3884699863636469,Gradient Boosting,0.0,1.6425143075455546,1.2540443211819077,True
FOODS_1_001_WI_2_validation,2016-04-08,0,0.4139253974352631,Gradient Boosting,0.0,1.6679697186171707,1.2540443211819077,True
FOODS_1_001_WI_2_validation,2016-04-09,0,0.4715985629962329,Gradient Boosting,0.0,1.7256428841781406,1.2540443211819077,True
FOODS_1_001_WI_2_validation,2016-04-10,0,0.3806383769113746,Gradient Boosting,0.0,1.6346826980932823,1.2540443211819077,True
FOODS_1_001_WI_2_validation,2016-04-11,2,0.3238082438657429,Gradient Boosting,0.0,1.5778525650476505,1.2540443211819077,False
FOODS_1_001_WI_2_validation,2016-04-12,0,0.3238082438657429,Gradient Boosting,0.0,1.5778525650476505,1.2540443211819077,True
FOODS_1_001_WI_2_validation,2016-04-13,3,0.3238082438657429,Gradient Boosting,0.0,1.5778525650476505,1.2540443211819077,False
FOODS_1_001_WI_2_validation,2016-04-14,0,0.3238082438657429,Gradient Boosting,0.0,1.5778525650476505,1.2540443211819077,True
FOODS_1_001_WI_2_validation,2016-04-15,0,0.3528013437073088,Gradient Boosting,0.0,1.6068456648892164,1.2540443211819077,True
FOODS_1_001_WI_2_validation,2016-04-16,0,0.4031382946816115,Gradient Boosting,0.0,1.6571826158635192,1.2540443211819077,True
FOODS_1_001_WI_2_validation,2016-04-17,0,0.3526407421840275,Gradient Boosting,0.0,1.6066850633659353,1.2540443211819077,True
FOODS_1_001_WI_2_validation,2016-04-18,0,0.3017692695101342,Gradient Boosting,0.0,1.5558135906920418,1.2540443211819077,True
FOODS_1_001_WI_2_validation,2016-04-19,1,0.3017692695101342,Gradient Boosting,0.0,1.5558135906920418,1.2540443211819077,True
FOODS_1_001_WI_2_validation,2016-04-20,1,0.3017692695101342,Gradient Boosting,0.0,1.5558135906920418,1.2540443211819077,True
FOODS_1_001_WI_2_validation,2016-04-21,0,0.3017692695101342,Gradient Boosting,0.0,1.5558135906920418,1.2540443211819077,True
FOODS_1_001_WI_2_validation,2016-04-22,0,0.3307623693517001,Gradient Boosting,0.0,1.5848066905336078,1.2540443211819077,True
FOODS_1_001_WI_2_validation,2016-04-23,0,0.3517071654951883,Gradient Boosting,0.0,1.605751486677096,1.2540443211819077,True
FOODS_1_001_WI_2_validation,2016-04-24,0,0.3242495250081342,Gradient Boosting,0.0,1.578293846190042,1.2540443211819077,True
FOODS_1_001_WI_3_validation,2016-03-28,0,0.2649969387247055,Gradient Boosting,0.0,1.5190412599066132,1.2540443211819077,True
FOODS_1_001_WI_3_validation,2016-03-29,0,0.2649969387247055,Gradient Boosting,0.0,1.5190412599066132,1.2540443211819077,True
FOODS_1_001_WI_3_validation,2016-03-30,1,0.2845330703979938,Gradient Boosting,0.0,1.5385773915799015,1.2540443211819077,True
FOODS_1_001_WI_3_validation,2016-03-31,1,0.1955489023327185,Gradient Boosting,0.0,1.449593223514626,1.2540443211819077,True
FOODS_1_001_WI_3_validation,2016-04-01,0,0.2244210178114384,Gradient Boosting,0.0,1.478465338993346,1.2540443211819077,True
FOODS_1_001_WI_3_validation,2016-04-02,0,0.2467947260696534,Gradient Boosting,0.0,1.5008390472515611,1.2540443211819077,True
FOODS_1_001_WI_3_validation,2016-04-03,0,0.2244157926622625,Gradient Boosting,0.0,1.4784601138441702,1.2540443211819077,True
FOODS_1_001_WI_3_validation,2016-04-04,0,0.1955489023327185,Gradient Boosting,0.0,1.449593223514626,1.2540443211819077,True
FOODS_1_001_WI_3_validation,2016-04-05,0,0.1955489023327185,Gradient Boosting,0.0,1.449593223514626,1.2540443211819077,True
FOODS_1_001_WI_3_validation,2016-04-06,1,0.1955489023327185,Gradient Boosting,0.0,1.449593223514626,1.2540443211819077,True
FOODS_1_001_WI_3_validation,2016-04-07,1,0.1955489023327185,Gradient Boosting,0.0,1.449593223514626,1.2540443211819077,True
FOODS_1_001_WI_3_validation,2016-04-08,0,0.2244210178114384,Gradient Boosting,0.0,1.478465338993346,1.2540443211819077,True
FOODS_1_001_WI_3_validation,2016-04-09,0,0.2912949072123658,Gradient Boosting,0.0,1.5453392283942735,1.2540443211819077,True
FOODS_1_001_WI_3_validation,2016-04-10,0,0.2671737285643147,Gradient Boosting,0.0,1.5212180497462224,1.2540443211819077,True
FOODS_1_001_WI_3_validation,2016-04-11,1,0.233108916614607,Gradient Boosting,0.0,1.4871532377965146,1.2540443211819077,True
FOODS_1_001_WI_3_validation,2016-04-12,0,0.2187632433108837,Gradient Boosting,0.0,1.4728075644927914,1.2540443211819077,True
FOODS_1_001_WI_3_validation,2016-04-13,0,0.2187632433108837,Gradient Boosting,0.0,1.4728075644927914,1.2540443211819077,True
FOODS_1_001_WI_3_validation,2016-04-14,0,0.1871517429434926,Gradient Boosting,0.0,1.4411960641254002,1.2540443211819077,True
FOODS_1_001_WI_3_validation,2016-04-15,0,0.2097095434676442,Gradient Boosting,0.0,1.4637538646495518,1.2540443211819077,True
FOODS_1_001_WI_3_validation,2016-04-16,1,0.2203455470260072,Gradient Boosting,0.0,1.4743898682079148,1.2540443211819077,True
FOODS_1_001_WI_3_validation,2016-04-17,0,0.2417278360686814,Gradient Boosting,0.0,1.495772157250589,1.2540443211819077,True
FOODS_1_001_WI_3_validation,2016-04-18,0,0.2188463820453118,Gradient Boosting,0.0,1.4728907032272194,1.2540443211819077,True
FOODS_1_001_WI_3_validation,2016-04-19,0,0.2188463820453118,Gradient Boosting,0.0,1.4728907032272194,1.2540443211819077,True
FOODS_1_001_WI_3_validation,2016-04-20,0,0.2188463820453118,Gradient Boosting,0.0,1.4728907032272194,1.2540443211819077,True
FOODS_1_001_WI_3_validation,2016-04-21,0,0.1861222129412618,Gradient Boosting,0.0,1.4401665341231695,1.2540443211819077,True
FOODS_1_001_WI_3_validation,2016-04-22,0,0.2421168978078929,Gradient Boosting,0.0,1.4961612189898006,1.2540443211819077,True
FOODS_1_001_WI_3_validation,2016-04-23,4,0.2579508229864196,Gradient Boosting,0.0,1.5119951441683273,1.2540443211819077,False
FOODS_1_001_WI_3_validation,2016-04-24,0,0.2038057453444677,Gradient Boosting,0.0,1.4578500665263754,1.2540443211819077,True
FOODS_1_002_TX_1_validation,2016-03-28,0,0.0374846309739671,Gradient Boosting,0.0,1.2915289521558748,1.2540443211819077,True
FOODS_1_002_TX_1_validation,2016-03-29,0,0.081856773119453,Gradient Boosting,0.0,1.3359010943013607,1.2540443211819077,True
FOODS_1_002_TX_1_validation,2016-03-30,0,0.081856773119453,Gradient Boosting,0.0,1.3359010943013607,1.2540443211819077,True
FOODS_1_002_TX_1_validation,2016-03-31,0,0.081856773119453,Gradient Boosting,0.0,1.3359010943013607,1.2540443211819077,True
FOODS_1_002_TX_1_validation,2016-04-01,0,0.0965480285522757,Gradient Boosting,0.0,1.3505923497341834,1.2540443211819077,True
FOODS_1_002_TX_1_validation,2016-04-02,0,0.0959936817787618,Gradient Boosting,0.0,1.3500380029606696,1.2540443211819077,True
FOODS_1_002_TX_1_validation,2016-04-03,0,0.081856773119453,Gradient Boosting,0.0,1.3359010943013607,1.2540443211819077,True
FOODS_1_002_TX_1_validation,2016-04-04,0,0.1560818376148356,Gradient Boosting,0.0,1.4101261587967433,1.2540443211819077,True
FOODS_1_002_TX_1_validation,2016-04-05,0,0.1560818376148356,Gradient Boosting,0.0,1.4101261587967433,1.2540443211819077,True
FOODS_1_002_TX_1_validation,2016-04-06,0,0.1560818376148356,Gradient Boosting,0.0,1.4101261587967433,1.2540443211819077,True
FOODS_1_002_TX_1_validation,2016-04-07,0,0.1560818376148356,Gradient Boosting,0.0,1.4101261587967433,1.2540443211819077,True
FOODS_1_002_TX_1_validation,2016-04-08,0,0.1792858745598326,Gradient Boosting,0.0,1.4333301957417404,1.2540443211819077,True
FOODS_1_002_TX_1_validation,2016-04-09,0,0.1832902302928199,Gradient Boosting,0.0,1.4373345514747276,1.2540443211819077,True
FOODS_1_002_TX_1_validation,2016-04-10,0,0.1823392281964379,Gradient Boosting,0.0,1.4363835493783457,1.2540443211819077,True
FOODS_1_002_TX_1_validation,2016-04-11,0,0.1712873436186077,Gradient Boosting,0.0,1.4253316648005154,1.2540443211819077,True
FOODS_1_002_TX_1_validation,2016-04-12,0,0.1712873436186077,Gradient Boosting,0.0,1.4253316648005154,1.2540443211819077,True
FOODS_1_002_TX_1_validation,2016-04-13,0,0.1712873436186077,Gradient Boosting,0.0,1.4253316648005154,1.2540443211819077,True
FOODS_1_002_TX_1_validation,2016-04-14,0,0.1712873436186077,Gradient Boosting,0.0,1.4253316648005154,1.2540443211819077,True
FOODS_1_002_TX_1_validation,2016-04-15,1,0.1944913805636047,Gradient Boosting,0.0,1.4485357017455125,1.2540443211819077,True
FOODS_1_002_TX_1_validation,2016-04-16,1,0.198495736296592,Gradient Boosting,0.0,1.4525400574784997,1.2540443211819077,True
FOODS_1_002_TX_1_validation,2016-04-17,0,0.1823392281964379,Gradient Boosting,0.0,1.4363835493783457,1.2540443211819077,True
FOODS_1_002_TX_1_validation,2016-04-18,0,0.1712873436186077,Gradient Boosting,0.0,1.4253316648005154,1.2540443211819077,True
FOODS_1_002_TX_1_validation,2016-04-19,0,0.1712873436186077,Gradient Boosting,0.0,1.4253316648005154,1.2540443211819077,True
FOODS_1_002_TX_1_validation,2016-04-20,0,0.1712873436186077,Gradient Boosting,0.0,1.4253316648005154,1.2540443211819077,True
FOODS_1_002_TX_1_validation,2016-04-21,0,0.1712873436186077,Gradient Boosting,0.0,1.4253316648005154,1.2540443211819077,True
FOODS_1_002_TX_1_validation,2016-04-22,0,0.1944913805636047,Gradient Boosting,0.0,1.4485357017455125,1.2540443211819077,True
FOODS_1_002_TX_1_validation,2016-04-23,0,0.2083533385810474,Gradient Boosting,0.0,1.462397659762955,1.2540443211819077,True
FOODS_1_002_TX_1_validation,2016-04-24,0,0.1921968304808933,Gradient Boosting,0.0,1.446241151662801,1.2540443211819077,True
FOODS_1_002_WI_1_validation,2016-03-28,2,0.7117181819502405,Gradient Boosting,0.0,1.9657625031321482,1.2540443211819077,False
FOODS_1_002_WI_1_validation,2016-03-29,1,0.7183152695483922,Gradient Boosting,0.0,1.9723595907302998,1.2540443211819077,True
FOODS_1_002_WI_1_validation,2016-03-30,0,0.6946963809905354,Gradient Boosting,0.0,1.9487407021724432,1.2540443211819077,True
FOODS_1_002_WI_1_validation,2016-03-31,1,0.688216466251389,Gradient Boosting,0.0,1.9422607874332967,1.2540443211819077,True
FOODS_1_002_WI_1_validation,2016-04-01,0,0.7893303119547284,Gradient Boosting,0.0,2.043374633136636,1.2540443211819077,True
FOODS_1_002_WI_1_validation,2016-04-02,0,1.0240991673384594,Gradient Boosting,0.0,2.2781434885203673,1.2540443211819077,True
FOODS_1_002_WI_1_validation,2016-04-03,1,0.8976032003292507,Gradient Boosting,0.0,2.1516475215111583,1.2540443211819077,True
FOODS_1_002_WI_1_validation,2016-04-04,0,0.6749475017679515,Gradient Boosting,0.0,1.9289918229498593,1.2540443211819077,True
FOODS_1_002_WI_1_validation,2016-04-05,2,0.6818129167504413,Gradient Boosting,0.0,1.9358572379323489,1.2540443211819077,False
FOODS_1_002_WI_1_validation,2016-04-06,2,0.6781737509660863,Gradient Boosting,0.0,1.932218072147994,1.2540443211819077,False
FOODS_1_002_WI_1_validation,2016-04-07,0,0.6749475017679515,Gradient Boosting,0.0,1.9289918229498593,1.2540443211819077,True
FOODS_1_002_WI_1_validation,2016-04-08,1,0.7390667817207461,Gradient Boosting,0.0,1.9931111029026538,1.2540443211819077,True
FOODS_1_002_WI_1_validation,2016-04-09,2,0.933797047394228,Gradient Boosting,0.0,2.1878413685761355,1.2540443211819077,True
FOODS_1_002_WI_1_validation,2016-04-10,0,0.8694830883089038,Gradient Boosting,0.0,2.123527409490811,1.2540443211819077,True
FOODS_1_002_WI_1_validation,2016-04-11,0,0.6680981097965768,Gradient Boosting,0.0,1.9221424309784845,1.2540443211819077,True
FOODS_1_002_WI_1_validation,2016-04-12,1,0.6649566544047145,Gradient Boosting,0.0,1.9190009755866222,1.2540443211819077,True
FOODS_1_002_WI_1_validation,2016-04-13,1,0.7079375519964114,Gradient Boosting,0.0,1.9619818731783192,1.2540443211819077,True
FOODS_1_002_WI_1_validation,2016-04-14,1,0.7115776235436442,Gradient Boosting,0.0,1.9656219447255519,1.2540443211819077,True
FOODS_1_002_WI_1_validation,2016-04-15,1,0.7724197984184541,Gradient Boosting,0.0,2.026464119600362,1.2540443211819077,True
FOODS_1_002_WI_1_validation,2016-04-16,2,0.9137467538071848,Gradient Boosting,0.0,2.1677910749890925,1.2540443211819077,True
FOODS_1_002_WI_1_validation,2016-04-17,1,0.853626212576706,Gradient Boosting,0.0,2.107670533758614,1.2540443211819077,True
FOODS_1_002_WI_1_validation,2016-04-18,1,0.7083513743455093,Gradient Boosting,0.0,1.9623956955274169,1.2540443211819077,True
FOODS_1_002_WI_1_validation,2016-04-19,0,0.7079375519964114,Gradient Boosting,0.0,1.9619818731783192,1.2540443211819077,True
FOODS_1_002_WI_1_validation,2016-04-20,2,0.7079375519964114,Gradient Boosting,0.0,1.9619818731783192,1.2540443211819077,False
FOODS_1_002_WI_1_validation,2016-04-21,2,0.7079375519964114,Gradient Boosting,0.0,1.9619818731783192,1.2540443211819077,False
FOODS_1_002_WI_1_validation,2016-04-22,2,0.7712351582572551,Gradient Boosting,0.0,2.025279479439163,1.2540443211819077,True
FOODS_1_002_WI_1_validation,2016-04-23,1,0.9137467538071848,Gradient Boosting,0.0,2.1677910749890925,1.2540443211819077,True
FOODS_1_002_WI_1_validation,2016-04-24,0,0.8532123902276081,Gradient Boosting,0.0,2.1072567114095158,1.2540443211819077,True
HOBBIES_1_001_CA_1_validation,2016-03-28,1,0.94402991636956,Gradient Boosting,0.0,2.1980742375514675,1.2540443211819077,True
HOBBIES_1_001_CA_1_validation,2016-03-29,0,1.079439097162583,Gradient Boosting,0.0,2.333483418344491,1.2540443211819077,True
HOBBIES_1_001_CA_1_validation,2016-03-30,0,1.079439097162583,Gradient Boosting,0.0,2.333483418344491,1.2540443211819077,True
HOBBIES_1_001_CA_1_validation,2016-03-31,0,1.0008521657483112,Gradient Boosting,0.0,2.254896486930219,1.2540443211819077,True
HOBBIES_1_001_CA_1_validation,2016-04-01,0,1.064458871476125,Gradient Boosting,0.0,2.3185031926580324,1.2540443211819077,True
HOBBIES_1_001_CA_1_validation,2016-04-02,0,1.0539133637739104,Gradient Boosting,0.0,2.3079576849558183,1.2540443211819077,True
HOBBIES_1_001_CA_1_validation,2016-04-03,1,1.0993024093495458,Gradient Boosting,0.0,2.3533467305314533,1.2540443211819077,True
HOBBIES_1_001_CA_1_validation,2016-04-04,0,0.836579869889615,Gradient Boosting,0.0,2.0906241910715226,1.2540443211819077,True
HOBBIES_1_001_CA_1_validation,2016-04-05,4,0.891361142923948,Gradient Boosting,0.0,2.1454054641058558,1.2540443211819077,False
HOBBIES_1_001_CA_1_validation,2016-04-06,2,0.8770916240997356,Gradient Boosting,0.0,2.131135945281643,1.2540443211819077,True
HOBBIES_1_001_CA_1_validation,2016-04-07,3,0.8225661212831764,Gradient Boosting,0.0,2.076610442465084,1.2540443211819077,False
HOBBIES_1_001_CA_1_validation,2016-04-08,0,0.8996479971168866,Gradient Boosting,0.0,2.1536923182987944,1.2540443211819077,True
HOBBIES_1_001_CA_1_validation,2016-04-09,1,1.0154536336494913,Gradient Boosting,0.0,2.269497954831399,1.2540443211819077,True
HOBBIES_1_001_CA_1_validation,2016-04-10,2,1.0003097410931658,Gradient Boosting,0.0,2.2543540622750733,1.2540443211819077,True
HOBBIES_1_001_CA_1_validation,2016-04-11,0,0.8474568093529051,Gradient Boosting,0.0,2.101501130534813,1.2540443211819077,True
HOBBIES_1_001_CA_1_validation,2016-04-12,0,0.8042289055907237,Gradient Boosting,0.0,2.0582732267726316,1.2540443211819077,True
HOBBIES_1_001_CA_1_validation,2016-04-13,0,0.8231810088740109,Gradient Boosting,0.0,2.0772253300559185,1.2540443211819077,True
HOBBIES_1_001_CA_1_validation,2016-04-14,1,0.8231810088740109,Gradient Boosting,0.0,2.0772253300559185,1.2540443211819077,True
HOBBIES_1_001_CA_1_validation,2016-04-15,1,0.9270689435651536,Gradient Boosting,0.0,2.1811132647470615,1.2540443211819077,True
HOBBIES_1_001_CA_1_validation,2016-04-16,3,1.0390334433087882,Gradient Boosting,0.0,2.293077764490696,1.2540443211819077,False
HOBBIES_1_001_CA_1_validation,2016-04-17,0,0.9729283827008124,Gradient Boosting,0.0,2.22697270388272,1.2540443211819077,True
HOBBIES_1_001_CA_1_validation,2016-04-18,1,0.8271884758257676,Gradient Boosting,0.0,2.0812327970076754,1.2540443211819077,True
HOBBIES_1_001_CA_1_validation,2016-04-19,1,0.8271884758257676,Gradient Boosting,0.0,2.0812327970076754,1.2540443211819077,True
HOBBIES_1_001_CA_1_validation,2016-04-20,1,0.6808079846855846,Gradient Boosting,0.0,1.9348523058674922,1.2540443211819077,True
HOBBIES_1_001_CA_1_validation,2016-04-21,3,0.628352272952506,Gradient Boosting,0.0,1.8823965941344136,1.2540443211819077,False
HOBBIES_1_001_CA_1_validation,2016-04-22,0,0.6863783908383031,Gradient Boosting,0.0,1.9404227120202107,1.2540443211819077,True
HOBBIES_1_001_CA_1_validation,2016-04-23,1,0.9676084447371032,Gradient Boosting,0.0,2.2216527659190106,1.2540443211819077,True
HOBBIES_1_001_CA_1_validation,2016-04-24,1,0.9201996415580762,Gradient Boosting,0.0,2.174243962739984,1.2540443211819077,True
HOBBIES_1_001_CA_2_validation,2016-03-28,0,0.6491791255812108,Gradient Boosting,0.0,1.9032234467631186,1.2540443211819077,True
HOBBIES_1_001_CA_2_validation,2016-03-29,3,0.6910165193762672,Gradient Boosting,0.0,1.9450608405581749,1.2540443211819077,False
HOBBIES_1_001_CA_2_validation,2016-03-30,1,0.6793203163769232,Gradient Boosting,0.0,1.933364637558831,1.2540443211819077,True
HOBBIES_1_001_CA_2_validation,2016-03-31,0,0.6689992648488075,Gradient Boosting,0.0,1.9230435860307151,1.2540443211819077,True
HOBBIES_1_001_CA_2_validation,2016-04-01,1,0.727515976311368,Gradient Boosting,0.0,1.9815602974932758,1.2540443211819077,True
HOBBIES_1_001_CA_2_validation,2016-04-02,1,0.9447948267377244,Gradient Boosting,0.0,2.198839147919632,1.2540443211819077,True
HOBBIES_1_001_CA_2_validation,2016-04-03,0,0.9483240202919172,Gradient Boosting,0.0,2.202368341473825,1.2540443211819077,True
HOBBIES_1_001_CA_2_validation,2016-04-04,2,0.6479901097531864,Gradient Boosting,0.0,1.902034430935094,1.2540443211819077,False
HOBBIES_1_001_CA_2_validation,2016-04-05,0,0.626213701294786,Gradient Boosting,0.0,1.8802580224766938,1.2540443211819077,True
HOBBIES_1_001_CA_2_validation,2016-04-06,0,0.633720590928974,Gradient Boosting,0.0,1.8877649121108817,1.2540443211819077,True
HOBBIES_1_001_CA_2_validation,2016-04-07,0,0.633720590928974,Gradient Boosting,0.0,1.8877649121108817,1.2540443211819077,True
HOBBIES_1_001_CA_2_validation,2016-04-08,0,0.6917467088147712,Gradient Boosting,0.0,1.9457910299966787,1.2540443211819077,True
HOBBIES_1_001_CA_2_validation,2016-04-09,0,1.1417526835453973,Gradient Boosting,0.0,2.3957970047273047,1.2540443211819077,True
HOBBIES_1_001_CA_2_validation,2016-04-10,1,0.903791551076144,Gradient Boosting,0.0,2.1578358722580515,1.2540443211819077,True
HOBBIES_1_001_CA_2_validation,2016-04-11,0,0.6229874520966512,Gradient Boosting,0.0,1.8770317732785589,1.2540443211819077,True
HOBBIES_1_001_CA_2_validation,2016-04-12,0,0.639817339031619,Gradient Boosting,0.0,1.8938616602135268,1.2540443211819077,True
HOBBIES_1_001_CA_2_validation,2016-04-13,1,0.6255478202074066,Gradient Boosting,0.0,1.8795921413893142,1.2540443211819077,True
HOBBIES_1_001_CA_2_validation,2016-04-14,0,0.6255478202074066,Gradient Boosting,0.0,1.8795921413893142,1.2540443211819077,True
HOBBIES_1_001_CA_2_validation,2016-04-15,0,0.6481541013455718,Gradient Boosting,0.0,1.9021984225274795,1.2540443211819077,True
HOBBIES_1_001_CA_2_validation,2016-04-16,0,0.9642506456843912,Gradient Boosting,0.0,2.218294966866299,1.2540443211819077,True
HOBBIES_1_001_CA_2_validation,2016-04-17,1,0.9173951888129768,Gradient Boosting,0.0,2.1714395099948844,1.2540443211819077,True
HOBBIES_1_001_CA_2_validation,2016-04-18,2,0.639817339031619,Gradient Boosting,0.0,1.8938616602135268,1.2540443211819077,False
HOBBIES_1_001_CA_2_validation,2016-04-19,0,0.5649698396708417,Gradient Boosting,0.0,1.8190141608527495,1.2540443211819077,True
HOBBIES_1_001_CA_2_validation,2016-04-20,4,0.5760011660891183,Gradient Boosting,0.0,1.830045487271026,1.2540443211819077,False
HOBBIES_1_001_CA_2_validation,2016-04-21,0,0.5760011660891183,Gradient Boosting,0.0,1.830045487271026,1.2540443211819077,True
HOBBIES_1_001_CA_2_validation,2016-04-22,0,0.644682755276099,Gradient Boosting,0.0,1.8987270764580066,1.2540443211819077,True
HOBBIES_1_001_CA_2_validation,2016-04-23,2,0.8435203563752278,Gradient Boosting,0.0,2.0975646775571355,1.2540443211819077,True
HOBBIES_1_001_CA_2_validation,2016-04-24,2,0.7146513635221324,Gradient Boosting,0.0,1.96869568470404,1.2540443211819077,False
HOBBIES_1_001_CA_3_validation,2016-03-28,2,0.7403135646841678,Gradient Boosting,0.0,1.9943578858660755,1.2540443211819077,False
HOBBIES_1_001_CA_3_validation,2016-03-29,1,0.7573291686333157,Gradient Boosting,0.0,2.0113734898152233,1.2540443211819077,True
HOBBIES_1_001_CA_3_validation,2016-03-30,0,0.7078913761754136,Gradient Boosting,0.0,1.9619356973573212,1.2540443211819077,True
HOBBIES_1_001_CA_3_validation,2016-03-31,0,0.8877037558630345,Gradient Boosting,0.0,2.141748077044942,1.2540443211819077,True
HOBBIES_1_001_CA_3_validation,2016-04-01,0,0.980061938716382,Gradient Boosting,0.0,2.2341062598982897,1.2540443211819077,True
HOBBIES_1_001_CA_3_validation,2016-04-02,4,1.2209897697467615,Gradient Boosting,0.0,2.475034090928669,1.2540443211819077,False
HOBBIES_1_001_CA_3_validation,2016-04-03,2,1.159772988481698,Gradient Boosting,0.0,2.4138173096636057,1.2540443211819077,True
HOBBIES_1_001_CA_3_validation,2016-04-04,1,0.8203246328384847,Gradient Boosting,0.0,2.0743689540203922,1.2540443211819077,True
HOBBIES_1_001_CA_3_validation,2016-04-05,0,0.8832489279552882,Gradient Boosting,0.0,2.137293249137196,1.2540443211819077,True
HOBBIES_1_001_CA_3_validation,2016-04-06,2,0.9200872536670428,Gradient Boosting,0.0,2.1741315748489507,1.2540443211819077,True
HOBBIES_1_001_CA_3_validation,2016-04-07,0,0.772481420419853,Gradient Boosting,0.0,2.026525741601761,1.2540443211819077,True
HOBBIES_1_001_CA_3_validation,2016-04-08,0,0.8365868334086708,Gradient Boosting,0.0,2.0906311545905787,1.2540443211819077,True
HOBBIES_1_001_CA_3_validation,2016-04-09,2,0.9977672233038732,Gradient Boosting,0.0,2.251811544485781,1.2540443211819077,True
HOBBIES_1_001_CA_3_validation,2016-04-10,1,0.9863599612117202,Gradient Boosting,0.0,2.240404282393628,1.2540443211819077,True
HOBBIES_1_001_CA_3_validation,2016-04-11,0,0.7642911060701872,Gradient Boosting,0.0,2.018335427252095,1.2540443211819077,True
HOBBIES_1_001_CA_3_validation,2016-04-12,0,0.8075190098323687,Gradient Boosting,0.0,2.0615633310142765,1.2540443211819077,True
HOBBIES_1_001_CA_3_validation,2016-04-13,0,0.7872467175145262,Gradient Boosting,0.0,2.041291038696434,1.2540443211819077,True
HOBBIES_1_001_CA_3_validation,2016-04-14,0,0.7819953060311672,Gradient Boosting,0.0,2.036039627213075,1.2540443211819077,True
HOBBIES_1_001_CA_3_validation,2016-04-15,0,0.8832948192069959,Gradient Boosting,0.0,2.1373391403889035,1.2540443211819077,True
HOBBIES_1_001_CA_3_validation,2016-04-16,2,1.0812875496143124,Gradient Boosting,0.0,2.33533187079622,1.2540443211819077,True
HOBBIES_1_001_CA_3_validation,2016-04-17,4,1.041485254073914,Gradient Boosting,0.0,2.295529575255822,1.2540443211819077,False
HOBBIES_1_001_CA_3_validation,2016-04-18,0,0.8564924933450446,Gradient Boosting,0.0,2.1105368145269523,1.2540443211819077,True
HOBBIES_1_001_CA_3_validation,2016-04-19,1,0.8564924933450446,Gradient Boosting,0.0,2.1105368145269523,1.2540443211819077,True
HOBBIES_1_001_CA_3_validation,2016-04-20,1,1.0715791576917113,Gradient Boosting,0.0,2.325623478873619,1.2540443211819077,True
HOBBIES_1_001_CA_3_validation,2016-04-21,1,0.7007917202180066,Gradient Boosting,0.0,1.9548360413999144,1.2540443211819077,True
HOBBIES_1_001_CA_3_validation,2016-04-22,0,0.7294516700122524,Gradient Boosting,0.0,1.98349599119416,1.2540443211819077,True
HOBBIES_1_001_CA_3_validation,2016-04-23,3,1.020461003278717,Gradient Boosting,0.0,2.2745053244606246,1.2540443211819077,False
HOBBIES_1_001_CA_3_validation,2016-04-24,3,0.9730522000996898,Gradient Boosting,0.0,2.2270965212815974,1.2540443211819077,False
HOBBIES_1_001_CA_4_validation,2016-03-28,2,0.6864743995007179,Gradient Boosting,0.0,1.9405187206826255,1.2540443211819077,False
HOBBIES_1_001_CA_4_validation,2016-03-29,1,0.6728212277545758,Gradient Boosting,0.0,1.9268655489364834,1.2540443211819077,True
HOBBIES_1_001_CA_4_validation,2016-03-30,2,0.6728212277545758,Gradient Boosting,0.0,1.9268655489364834,1.2540443211819077,False
HOBBIES_1_001_CA_4_validation,2016-03-31,1,0.7408966414299611,Gradient Boosting,0.0,1.9949409626118688,1.2540443211819077,True
HOBBIES_1_001_CA_4_validation,2016-04-01,1,0.7996152021952453,Gradient Boosting,0.0,2.053659523377153,1.2540443211819077,True
HOBBIES_1_001_CA_4_validation,2016-04-02,1,0.9896010393895844,Gradient Boosting,0.0,2.243645360571492,1.2540443211819077,True
HOBBIES_1_001_CA_4_validation,2016-04-03,1,0.9050833615368332,Gradient Boosting,0.0,2.159127682718741,1.2540443211819077,True
HOBBIES_1_001_CA_4_validation,2016-04-04,0,0.6332230090417172,Gradient Boosting,0.0,1.887267330223625,1.2540443211819077,True
HOBBIES_1_001_CA_4_validation,2016-04-05,0,0.6469378159955818,Gradient Boosting,0.0,1.9009821371774893,1.2540443211819077,True
HOBBIES_1_001_CA_4_validation,2016-04-06,0,0.6887916538692307,Gradient Boosting,0.0,1.9428359750511384,1.2540443211819077,True
HOBBIES_1_001_CA_4_validation,2016-04-07,0,0.6787160126997211,Gradient Boosting,0.0,1.9327603338816288,1.2540443211819077,True
HOBBIES_1_001_CA_4_validation,2016-04-08,0,0.8382335339124329,Gradient Boosting,0.0,2.0922778550943404,1.2540443211819077,True
HOBBIES_1_001_CA_4_validation,2016-04-09,0,0.8861140241676536,Gradient Boosting,0.0,2.1401583453495614,1.2540443211819077,True
HOBBIES_1_001_CA_4_validation,2016-04-10,0,0.8727719013125447,Gradient Boosting,0.0,2.1268162224944525,1.2540443211819077,True
HOBBIES_1_001_CA_4_validation,2016-04-11,3,0.6299967598435824,Gradient Boosting,0.0,1.8840410810254902,1.2540443211819077,False
HOBBIES_1_001_CA_4_validation,2016-04-12,0,0.6299967598435824,Gradient Boosting,0.0,1.8840410810254902,1.2540443211819077,True
HOBBIES_1_001_CA_4_validation,2016-04-13,0,0.6299967598435824,Gradient Boosting,0.0,1.8840410810254902,1.2540443211819077,True
HOBBIES_1_001_CA_4_validation,2016-04-14,0,0.6299967598435824,Gradient Boosting,0.0,1.8840410810254902,1.2540443211819077,True
HOBBIES_1_001_CA_4_validation,2016-04-15,1,0.6673163690158675,Gradient Boosting,0.0,1.9213606901977753,1.2540443211819077,True
HOBBIES_1_001_CA_4_validation,2016-04-16,0,0.8931361520116152,Gradient Boosting,0.0,2.147180473193523,1.2540443211819077,True
HOBBIES_1_001_CA_4_validation,2016-04-17,0,0.8598071091243958,Gradient Boosting,0.0,2.1138514303063034,1.2540443211819077,True
HOBBIES_1_001_CA_4_validation,2016-04-18,1,0.5782398191386567,Gradient Boosting,0.0,1.8322841403205645,1.2540443211819077,True
HOBBIES_1_001_CA_4_validation,2016-04-19,0,0.5782398191386567,Gradient Boosting,0.0,1.8322841403205645,1.2540443211819077,True
HOBBIES_1_001_CA_4_validation,2016-04-20,1,0.6550524486958058,Gradient Boosting,0.0,1.9090967698777135,1.2540443211819077,True
HOBBIES_1_001_CA_4_validation,2016-04-21,0,0.5438598139151706,Gradient Boosting,0.0,1.7979041350970784,1.2540443211819077,True
HOBBIES_1_001_CA_4_validation,2016-04-22,1,0.6275319354732236,Gradient Boosting,0.0,1.8815762566551313,1.2540443211819077,True
HOBBIES_1_001_CA_4_validation,2016-04-23,2,0.7300776423968015,Gradient Boosting,0.0,1.9841219635787093,1.2540443211819077,False
HOBBIES_1_001_CA_4_validation,2016-04-24,1,0.6657471568556148,Gradient Boosting,0.0,1.9197914780375225,1.2540443211819077,True
HOBBIES_1_001_TX_1_validation,2016-03-28,1,0.3332726076320746,Gradient Boosting,0.0,1.5873169288139823,1.2540443211819077,True
HOBBIES_1_001_TX_1_validation,2016-03-29,0,0.3205445421084937,Gradient Boosting,0.0,1.5745888632904013,1.2540443211819077,True
HOBBIES_1_001_TX_1_validation,2016-03-30,1,0.3218327591603261,Gradient Boosting,0.0,1.5758770803422337,1.2540443211819077,True
HOBBIES_1_001_TX_1_validation,2016-03-31,0,0.2973710049551537,Gradient Boosting,0.0,1.5514153261370613,1.2540443211819077,True
HOBBIES_1_001_TX_1_validation,2016-04-01,0,0.3103917318765251,Gradient Boosting,0.0,1.5644360530584327,1.2540443211819077,True
HOBBIES_1_001_TX_1_validation,2016-04-02,0,0.3661406673311032,Gradient Boosting,0.0,1.6201849885130108,1.2540443211819077,True
HOBBIES_1_001_TX_1_validation,2016-04-03,0,0.345829110879095,Gradient Boosting,0.0,1.5998734320610026,1.2540443211819077,True
HOBBIES_1_001_TX_1_validation,2016-04-04,1,0.2913718847668793,Gradient Boosting,0.0,1.545416205948787,1.2540443211819077,True
HOBBIES_1_001_TX_1_validation,2016-04-05,0,0.2973710049551537,Gradient Boosting,0.0,1.5514153261370613,1.2540443211819077,True
HOBBIES_1_001_TX_1_validation,2016-04-06,1,0.2926601018187117,Gradient Boosting,0.0,1.5467044230006195,1.2540443211819077,True
HOBBIES_1_001_TX_1_validation,2016-04-07,0,0.2693329104112706,Gradient Boosting,0.0,1.5233772315931784,1.2540443211819077,True
HOBBIES_1_001_TX_1_validation,2016-04-08,0,0.2518812532243801,Gradient Boosting,0.0,1.5059255744062878,1.2540443211819077,True
HOBBIES_1_001_TX_1_validation,2016-04-09,0,0.3200528873394664,Gradient Boosting,0.0,1.574097208521374,1.2540443211819077,True
HOBBIES_1_001_TX_1_validation,2016-04-10,0,0.2640048524356477,Gradient Boosting,0.0,1.5180491736175554,1.2540443211819077,True
HOBBIES_1_001_TX_1_validation,2016-04-11,0,0.2328614061147344,Gradient Boosting,0.0,1.4869057272966422,1.2540443211819077,True
HOBBIES_1_001_TX_1_validation,2016-04-12,0,0.2693329104112706,Gradient Boosting,0.0,1.5233772315931784,1.2540443211819077,True
HOBBIES_1_001_TX_1_validation,2016-04-13,1,0.2693329104112706,Gradient Boosting,0.0,1.5233772315931784,1.2540443211819077,True
HOBBIES_1_001_TX_1_validation,2016-04-14,1,0.2421728269741505,Gradient Boosting,0.0,1.4962171481560582,1.2540443211819077,True
HOBBIES_1_001_TX_1_validation,2016-04-15,0,0.2320531368012965,Gradient Boosting,0.0,1.4860974579832043,1.2540443211819077,True
HOBBIES_1_001_TX_1_validation,2016-04-16,0,0.2858698270749501,Gradient Boosting,0.0,1.539914148256858,1.2540443211819077,True
HOBBIES_1_001_TX_1_validation,2016-04-17,0,0.2733431620366334,Gradient Boosting,0.0,1.527387483218541,1.2540443211819077,True
HOBBIES_1_001_TX_1_validation,2016-04-18,0,0.2071762369749948,Gradient Boosting,0.0,1.4612205581569024,1.2540443211819077,True
HOBBIES_1_001_TX_1_validation,2016-04-19,1,0.2071762369749948,Gradient Boosting,0.0,1.4612205581569024,1.2540443211819077,True
HOBBIES_1_001_TX_1_validation,2016-04-20,0,0.2363157742574945,Gradient Boosting,0.0,1.490360095439402,1.2540443211819077,True
HOBBIES_1_001_TX_1_validation,2016-04-21,1,0.206146706972764,Gradient Boosting,0.0,1.4601910281546717,1.2540443211819077,True
HOBBIES_1_001_TX_1_validation,2016-04-22,0,0.2128339029349766,Gradient Boosting,0.0,1.4668782241168843,1.2540443211819077,True
HOBBIES_1_001_TX_1_validation,2016-04-23,0,0.225961955199897,Gradient Boosting,0.0,1.4800062763818047,1.2540443211819077,True
HOBBIES_1_001_TX_1_validation,2016-04-24,2,0.2174946042435289,Gradient Boosting,0.0,1.4715389254254365,1.2540443211819077,False
HOBBIES_1_001_TX_2_validation,2016-03-28,0,0.2987571693150348,Gradient Boosting,0.0,1.5528014904969425,1.2540443211819077,True
HOBBIES_1_001_TX_2_validation,2016-03-29,0,0.2987571693150348,Gradient Boosting,0.0,1.5528014904969425,1.2540443211819077,True
HOBBIES_1_001_TX_2_validation,2016-03-30,0,0.3438639001187346,Gradient Boosting,0.0,1.5979082213006421,1.2540443211819077,True
HOBBIES_1_001_TX_2_validation,2016-03-31,1,0.3447221963689509,Gradient Boosting,0.0,1.5987665175508585,1.2540443211819077,True
HOBBIES_1_001_TX_2_validation,2016-04-01,0,0.3525396459325676,Gradient Boosting,0.0,1.6065839671144753,1.2540443211819077,True
HOBBIES_1_001_TX_2_validation,2016-04-02,2,0.4129643745837169,Gradient Boosting,0.0,1.6670086957656245,1.2540443211819077,False
HOBBIES_1_001_TX_2_validation,2016-04-03,0,0.4055386973067167,Gradient Boosting,0.0,1.6595830184886244,1.2540443211819077,True
HOBBIES_1_001_TX_2_validation,2016-04-04,0,0.3297501195845121,Gradient Boosting,0.0,1.5837944407664197,1.2540443211819077,True
HOBBIES_1_001_TX_2_validation,2016-04-05,1,0.334461022720954,Gradient Boosting,0.0,1.5885053439028618,1.2540443211819077,True
HOBBIES_1_001_TX_2_validation,2016-04-06,0,0.325203222518073,Gradient Boosting,0.0,1.5792475436999807,1.2540443211819077,True
HOBBIES_1_001_TX_2_validation,2016-04-07,1,0.325203222518073,Gradient Boosting,0.0,1.5792475436999807,1.2540443211819077,True
HOBBIES_1_001_TX_2_validation,2016-04-08,0,0.3429964758744769,Gradient Boosting,0.0,1.5970407970563847,1.2540443211819077,True
HOBBIES_1_001_TX_2_validation,2016-04-09,0,0.4123931684982418,Gradient Boosting,0.0,1.6664374896801495,1.2540443211819077,True
HOBBIES_1_001_TX_2_validation,2016-04-10,1,0.3993246531124511,Gradient Boosting,0.0,1.6533689742943587,1.2540443211819077,True
HOBBIES_1_001_TX_2_validation,2016-04-11,1,0.3234347784173571,Gradient Boosting,0.0,1.5774790995992647,1.2540443211819077,True
HOBBIES_1_001_TX_2_validation,2016-04-12,0,0.3234347784173571,Gradient Boosting,0.0,1.5774790995992647,1.2540443211819077,True
HOBBIES_1_001_TX_2_validation,2016-04-13,0,0.3567551486178993,Gradient Boosting,0.0,1.610799469799807,1.2540443211819077,True
HOBBIES_1_001_TX_2_validation,2016-04-14,0,0.3234347784173571,Gradient Boosting,0.0,1.5774790995992647,1.2540443211819077,True
HOBBIES_1_001_TX_2_validation,2016-04-15,0,0.3429964758744769,Gradient Boosting,0.0,1.5970407970563847,1.2540443211819077,True
HOBBIES_1_001_TX_2_validation,2016-04-16,0,0.4123931684982418,Gradient Boosting,0.0,1.6664374896801495,1.2540443211819077,True
HOBBIES_1_001_TX_2_validation,2016-04-17,0,0.3993246531124511,Gradient Boosting,0.0,1.6533689742943587,1.2540443211819077,True
HOBBIES_1_001_TX_2_validation,2016-04-18,0,0.3573135553175527,Gradient Boosting,0.0,1.6113578764994605,1.2540443211819077,True
HOBBIES_1_001_TX_2_validation,2016-04-19,0,0.3906339255180949,Gradient Boosting,0.0,1.6446782467000025,1.2540443211819077,True
HOBBIES_1_001_TX_2_validation,2016-04-20,1,0.3331004680840784,Gradient Boosting,0.0,1.587144789265986,1.2540443211819077,True
HOBBIES_1_001_TX_2_validation,2016-04-21,0,0.3299590126922161,Gradient Boosting,0.0,1.5840033338741237,1.2540443211819077,True
HOBBIES_1_001_TX_2_validation,2016-04-22,0,0.2591968407470917,Gradient Boosting,0.0,1.5132411619289994,1.2540443211819077,True
HOBBIES_1_001_TX_2_validation,2016-04-23,0,0.2899981186291509,Gradient Boosting,0.0,1.5440424398110586,1.2540443211819077,True
HOBBIES_1_001_TX_2_validation,2016-04-24,0,0.2737458762590913,Gradient Boosting,0.0,1.527790197440999,1.2540443211819077,True
HOBBIES_1_001_TX_3_validation,2016-03-28,0,0.4518988654218965,Gradient Boosting,0.0,1.7059431866038042,1.2540443211819077,True
HOBBIES_1_001_TX_3_validation,2016-03-29,1,0.3791452504504836,Gradient Boosting,0.0,1.6331895716323912,1.2540443211819077,True
HOBBIES_1_001_TX_3_validation,2016-03-30,0,0.3820889502853817,Gradient Boosting,0.0,1.6361332714672894,1.2540443211819077,True
HOBBIES_1_001_TX_3_validation,2016-03-31,0,0.395048037050221,Gradient Boosting,0.0,1.6490923582321286,1.2540443211819077,True
HOBBIES_1_001_TX_3_validation,2016-04-01,1,0.3982615218473662,Gradient Boosting,0.0,1.6523058430292739,1.2540443211819077,True
HOBBIES_1_001_TX_3_validation,2016-04-02,0,0.4793739057998185,Gradient Boosting,0.0,1.7334182269817262,1.2540443211819077,True
HOBBIES_1_001_TX_3_validation,2016-04-03,0,0.4482239105312013,Gradient Boosting,0.0,1.702268231713109,1.2540443211819077,True
HOBBIES_1_001_TX_3_validation,2016-04-04,1,0.421066254160934,Gradient Boosting,0.0,1.6751105753428417,1.2540443211819077,True
HOBBIES_1_001_TX_3_validation,2016-04-05,0,0.3661781956899554,Gradient Boosting,0.0,1.6202225168718631,1.2540443211819077,True
HOBBIES_1_001_TX_3_validation,2016-04-06,0,0.3705240324695576,Gradient Boosting,0.0,1.6245683536514652,1.2540443211819077,True
HOBBIES_1_001_TX_3_validation,2016-04-07,1,0.3705240324695576,Gradient Boosting,0.0,1.6245683536514652,1.2540443211819077,True
HOBBIES_1_001_TX_3_validation,2016-04-08,0,0.3923761635452599,Gradient Boosting,0.0,1.6464204847271675,1.2540443211819077,True
HOBBIES_1_001_TX_3_validation,2016-04-09,1,0.4793739057998185,Gradient Boosting,0.0,1.7334182269817262,1.2540443211819077,True
HOBBIES_1_001_TX_3_validation,2016-04-10,0,0.4009918002402777,Gradient Boosting,0.0,1.6550361214221854,1.2540443211819077,True
HOBBIES_1_001_TX_3_validation,2016-04-11,0,0.329914125654515,Gradient Boosting,0.0,1.5839584468364227,1.2540443211819077,True
HOBBIES_1_001_TX_3_validation,2016-04-12,1,0.329914125654515,Gradient Boosting,0.0,1.5839584468364227,1.2540443211819077,True
HOBBIES_1_001_TX_3_validation,2016-04-13,0,0.329914125654515,Gradient Boosting,0.0,1.5839584468364227,1.2540443211819077,True
HOBBIES_1_001_TX_3_validation,2016-04-14,0,0.329914125654515,Gradient Boosting,0.0,1.5839584468364227,1.2540443211819077,True
HOBBIES_1_001_TX_3_validation,2016-04-15,0,0.3429964758744769,Gradient Boosting,0.0,1.5970407970563847,1.2540443211819077,True
HOBBIES_1_001_TX_3_validation,2016-04-16,3,0.4123931684982418,Gradient Boosting,0.0,1.6664374896801495,1.2540443211819077,False
HOBBIES_1_001_TX_3_validation,2016-04-17,0,0.4465567634033748,Gradient Boosting,0.0,1.7006010845852826,1.2540443211819077,True
HOBBIES_1_001_TX_3_validation,2016-04-18,0,0.3906339255180949,Gradient Boosting,0.0,1.6446782467000025,1.2540443211819077,True
HOBBIES_1_001_TX_3_validation,2016-04-19,0,0.3935776253529932,Gradient Boosting,0.0,1.647621946534901,1.2540443211819077,True
HOBBIES_1_001_TX_3_validation,2016-04-20,0,0.3360441679189767,Gradient Boosting,0.0,1.5900884891008844,1.2540443211819077,True
HOBBIES_1_001_TX_3_validation,2016-04-21,0,0.3329027125271144,Gradient Boosting,0.0,1.5869470337090221,1.2540443211819077,True
HOBBIES_1_001_TX_3_validation,2016-04-22,0,0.2591968407470917,Gradient Boosting,0.0,1.5132411619289994,1.2540443211819077,True
HOBBIES_1_001_TX_3_validation,2016-04-23,0,0.2899981186291509,Gradient Boosting,0.0,1.5440424398110586,1.2540443211819077,True
HOBBIES_1_001_TX_3_validation,2016-04-24,0,0.2809889173253087,Gradient Boosting,0.0,1.5350332385072163,1.2540443211819077,True
HOBBIES_1_001_WI_1_validation,2016-03-28,0,0.4716968623458352,Gradient Boosting,0.0,1.725741183527743,1.2540443211819077,True
HOBBIES_1_001_WI_1_validation,2016-03-29,1,0.4652175151086773,Gradient Boosting,0.0,1.719261836290585,1.2540443211819077,True
HOBBIES_1_001_WI_1_validation,2016-03-30,2,0.5226795321599099,Gradient Boosting,0.0,1.7767238533418177,1.2540443211819077,False
HOBBIES_1_001_WI_1_validation,2016-03-31,0,0.5343140532652191,Gradient Boosting,0.0,1.7883583744471268,1.2540443211819077,True
HOBBIES_1_001_WI_1_validation,2016-04-01,0,0.5708898282233942,Gradient Boosting,0.0,1.8249341494053017,1.2540443211819077,True
HOBBIES_1_001_WI_1_validation,2016-04-02,0,0.6431811474988678,Gradient Boosting,0.0,1.8972254686807755,1.2540443211819077,True
HOBBIES_1_001_WI_1_validation,2016-04-03,1,0.4903304372244911,Gradient Boosting,0.0,1.7443747584063987,1.2540443211819077,True
HOBBIES_1_001_WI_1_validation,2016-04-04,0,0.3772516103906322,Gradient Boosting,0.0,1.63129593157254,1.2540443211819077,True
HOBBIES_1_001_WI_1_validation,2016-04-05,0,0.3772516103906322,Gradient Boosting,0.0,1.63129593157254,1.2540443211819077,True
HOBBIES_1_001_WI_1_validation,2016-04-06,1,0.3772516103906322,Gradient Boosting,0.0,1.63129593157254,1.2540443211819077,True
HOBBIES_1_001_WI_1_validation,2016-04-07,0,0.4277938320820086,Gradient Boosting,0.0,1.6818381532639162,1.2540443211819077,True
HOBBIES_1_001_WI_1_validation,2016-04-08,0,0.4110379000219913,Gradient Boosting,0.0,1.665082221203899,1.2540443211819077,True
HOBBIES_1_001_WI_1_validation,2016-04-09,1,0.6083971968313979,Gradient Boosting,0.0,1.8624415180133056,1.2540443211819077,True
HOBBIES_1_001_WI_1_validation,2016-04-10,0,0.5497999908170589,Gradient Boosting,0.0,1.8038443119989664,1.2540443211819077,True
HOBBIES_1_001_WI_1_validation,2016-04-11,0,0.3790118823507297,Gradient Boosting,0.0,1.6330562035326373,1.2540443211819077,True
HOBBIES_1_001_WI_1_validation,2016-04-12,0,0.3463073932423109,Gradient Boosting,0.0,1.6003517144242185,1.2540443211819077,True
HOBBIES_1_001_WI_1_validation,2016-04-13,0,0.3492510930772092,Gradient Boosting,0.0,1.603295414259117,1.2540443211819077,True
HOBBIES_1_001_WI_1_validation,2016-04-14,0,0.3492510930772092,Gradient Boosting,0.0,1.603295414259117,1.2540443211819077,True
HOBBIES_1_001_WI_1_validation,2016-04-15,0,0.3873832194881705,Gradient Boosting,0.0,1.6414275406700782,1.2540443211819077,True
HOBBIES_1_001_WI_1_validation,2016-04-16,0,0.5560862908764279,Gradient Boosting,0.0,1.8101306120583356,1.2540443211819077,True
HOBBIES_1_001_WI_1_validation,2016-04-17,0,0.501567175028267,Gradient Boosting,0.0,1.7556114962101748,1.2540443211819077,True
HOBBIES_1_001_WI_1_validation,2016-04-18,0,0.4818512556227101,Gradient Boosting,0.0,1.7358955768046178,1.2540443211819077,True
HOBBIES_1_001_WI_1_validation,2016-04-19,0,0.4542239953709979,Gradient Boosting,0.0,1.7082683165529056,1.2540443211819077,True
HOBBIES_1_001_WI_1_validation,2016-04-20,0,0.4542239953709979,Gradient Boosting,0.0,1.7082683165529056,1.2540443211819077,True
HOBBIES_1_001_WI_1_validation,2016-04-21,1,0.3131292928303436,Gradient Boosting,0.0,1.5671736140122512,1.2540443211819077,True
HOBBIES_1_001_WI_1_validation,2016-04-22,2,0.3486646209579503,Gradient Boosting,0.0,1.602708942139858,1.2540443211819077,False
HOBBIES_1_001_WI_1_validation,2016-04-23,1,0.4212456994204552,Gradient Boosting,0.0,1.6752900206023629,1.2540443211819077,True
HOBBIES_1_001_WI_1_validation,2016-04-24,1,0.3746483055855987,Gradient Boosting,0.0,1.6286926267675064,1.2540443211819077,True
HOBBIES_1_001_WI_2_validation,2016-03-28,0,0.1602724935342788,Gradient Boosting,0.0,1.4143168147161864,1.2540443211819077,True
HOBBIES_1_001_WI_2_validation,2016-03-29,1,0.1475719185075008,Gradient Boosting,0.0,1.4016162396894085,1.2540443211819077,True
HOBBIES_1_001_WI_2_validation,2016-03-30,0,0.1475719185075008,Gradient Boosting,0.0,1.4016162396894085,1.2540443211819077,True
HOBBIES_1_001_WI_2_validation,2016-03-31,0,0.1398945152530194,Gradient Boosting,0.0,1.393938836434927,1.2540443211819077,True
HOBBIES_1_001_WI_2_validation,2016-04-01,0,0.17599571229831,Gradient Boosting,0.0,1.4300400334802177,1.2540443211819077,True
HOBBIES_1_001_WI_2_validation,2016-04-02,0,0.1841464017659409,Gradient Boosting,0.0,1.4381907229478486,1.2540443211819077,True
HOBBIES_1_001_WI_2_validation,2016-04-03,0,0.177421296050233,Gradient Boosting,0.0,1.4314656172321407,1.2540443211819077,True
HOBBIES_1_001_WI_2_validation,2016-04-04,0,0.1627774245112729,Gradient Boosting,0.0,1.4168217456931806,1.2540443211819077,True
HOBBIES_1_001_WI_2_validation,2016-04-05,1,0.1627774245112729,Gradient Boosting,0.0,1.4168217456931806,1.2540443211819077,True
HOBBIES_1_001_WI_2_validation,2016-04-06,1,0.1627774245112729,Gradient Boosting,0.0,1.4168217456931806,1.2540443211819077,True
HOBBIES_1_001_WI_2_validation,2016-04-07,0,0.1627774245112729,Gradient Boosting,0.0,1.4168217456931806,1.2540443211819077,True
HOBBIES_1_001_WI_2_validation,2016-04-08,0,0.17599571229831,Gradient Boosting,0.0,1.4300400334802177,1.2540443211819077,True
HOBBIES_1_001_WI_2_validation,2016-04-09,0,0.1841464017659409,Gradient Boosting,0.0,1.4381907229478486,1.2540443211819077,True
HOBBIES_1_001_WI_2_validation,2016-04-10,0,0.177421296050233,Gradient Boosting,0.0,1.4314656172321407,1.2540443211819077,True
HOBBIES_1_001_WI_2_validation,2016-04-11,0,0.1627774245112729,Gradient Boosting,0.0,1.4168217456931806,1.2540443211819077,True
HOBBIES_1_001_WI_2_validation,2016-04-12,0,0.1627774245112729,Gradient Boosting,0.0,1.4168217456931806,1.2540443211819077,True
HOBBIES_1_001_WI_2_validation,2016-04-13,1,0.1627774245112729,Gradient Boosting,0.0,1.4168217456931806,1.2540443211819077,True
HOBBIES_1_001_WI_2_validation,2016-04-14,0,0.1617478945090421,Gradient Boosting,0.0,1.4157922156909497,1.2540443211819077,True
HOBBIES_1_001_WI_2_validation,2016-04-15,1,0.1749661822960792,Gradient Boosting,0.0,1.4290105034779867,1.2540443211819077,True
HOBBIES_1_001_WI_2_validation,2016-04-16,1,0.1831168717637101,Gradient Boosting,0.0,1.4371611929456178,1.2540443211819077,True
HOBBIES_1_001_WI_2_validation,2016-04-17,0,0.1763917660480022,Gradient Boosting,0.0,1.4304360872299098,1.2540443211819077,True
HOBBIES_1_001_WI_2_validation,2016-04-18,0,0.1617478945090421,Gradient Boosting,0.0,1.4157922156909497,1.2540443211819077,True
HOBBIES_1_001_WI_2_validation,2016-04-19,0,0.1617478945090421,Gradient Boosting,0.0,1.4157922156909497,1.2540443211819077,True
HOBBIES_1_001_WI_2_validation,2016-04-20,0,0.1617478945090421,Gradient Boosting,0.0,1.4157922156909497,1.2540443211819077,True
HOBBIES_1_001_WI_2_validation,2016-04-21,0,0.1617478945090421,Gradient Boosting,0.0,1.4157922156909497,1.2540443211819077,True
HOBBIES_1_001_WI_2_validation,2016-04-22,0,0.1749661822960792,Gradient Boosting,0.0,1.4290105034779867,1.2540443211819077,True
HOBBIES_1_001_WI_2_validation,2016-04-23,0,0.1831168717637101,Gradient Boosting,0.0,1.4371611929456178,1.2540443211819077,True
HOBBIES_1_001_WI_2_validation,2016-04-24,1,0.1763917660480022,Gradient Boosting,0.0,1.4304360872299098,1.2540443211819077,True
HOBBIES_1_001_WI_3_validation,2016-03-28,0,0.2843542921019684,Gradient Boosting,0.0,1.538398613283876,1.2540443211819077,True
HOBBIES_1_001_WI_3_validation,2016-03-29,1,0.2352012433867547,Gradient Boosting,0.0,1.4892455645686624,1.2540443211819077,True
HOBBIES_1_001_WI_3_validation,2016-03-30,0,0.2352012433867547,Gradient Boosting,0.0,1.4892455645686624,1.2540443211819077,True
HOBBIES_1_001_WI_3_validation,2016-03-31,0,0.1762123640338152,Gradient Boosting,0.0,1.4302566852157228,1.2540443211819077,True
HOBBIES_1_001_WI_3_validation,2016-04-01,0,0.1962993135489344,Gradient Boosting,0.0,1.450343634730842,1.2540443211819077,True
HOBBIES_1_001_WI_3_validation,2016-04-02,0,0.2245796250282607,Gradient Boosting,0.0,1.4786239462101685,1.2540443211819077,True
HOBBIES_1_001_WI_3_validation,2016-04-03,1,0.2109858575844707,Gradient Boosting,0.0,1.4650301787663784,1.2540443211819077,True
HOBBIES_1_001_WI_3_validation,2016-04-04,0,0.2140802405211112,Gradient Boosting,0.0,1.4681245617030187,1.2540443211819077,True
HOBBIES_1_001_WI_3_validation,2016-04-05,0,0.2140802405211112,Gradient Boosting,0.0,1.4681245617030187,1.2540443211819077,True
HOBBIES_1_001_WI_3_validation,2016-04-06,0,0.2140802405211112,Gradient Boosting,0.0,1.4681245617030187,1.2540443211819077,True
HOBBIES_1_001_WI_3_validation,2016-04-07,0,0.2140802405211112,Gradient Boosting,0.0,1.4681245617030187,1.2540443211819077,True
HOBBIES_1_001_WI_3_validation,2016-04-08,0,0.2359094352768906,Gradient Boosting,0.0,1.4899537564587984,1.2540443211819077,True
HOBBIES_1_001_WI_3_validation,2016-04-09,0,0.2834823026195512,Gradient Boosting,0.0,1.5375266238014589,1.2540443211819077,True
HOBBIES_1_001_WI_3_validation,2016-04-10,0,0.2540516556919303,Gradient Boosting,0.0,1.508095976873838,1.2540443211819077,True
HOBBIES_1_001_WI_3_validation,2016-04-11,0,0.2140802405211112,Gradient Boosting,0.0,1.4681245617030187,1.2540443211819077,True
HOBBIES_1_001_WI_3_validation,2016-04-12,0,0.2140802405211112,Gradient Boosting,0.0,1.4681245617030187,1.2540443211819077,True
HOBBIES_1_001_WI_3_validation,2016-04-13,0,0.1997345672173879,Gradient Boosting,0.0,1.4537788883992955,1.2540443211819077,True
HOBBIES_1_001_WI_3_validation,2016-04-14,0,0.1997345672173879,Gradient Boosting,0.0,1.4537788883992955,1.2540443211819077,True
HOBBIES_1_001_WI_3_validation,2016-04-15,0,0.1779026486266758,Gradient Boosting,0.0,1.4319469698085834,1.2540443211819077,True
HOBBIES_1_001_WI_3_validation,2016-04-16,1,0.194999602179664,Gradient Boosting,0.0,1.4490439233615717,1.2540443211819077,True
HOBBIES_1_001_WI_3_validation,2016-04-17,0,0.188274496463956,Gradient Boosting,0.0,1.4423188176458637,1.2540443211819077,True
HOBBIES_1_001_WI_3_validation,2016-04-18,0,0.1636548308374079,Gradient Boosting,0.0,1.4176991520193156,1.2540443211819077,True
HOBBIES_1_001_WI_3_validation,2016-04-19,0,0.1636548308374079,Gradient Boosting,0.0,1.4176991520193156,1.2540443211819077,True
HOBBIES_1_001_WI_3_validation,2016-04-20,0,0.1636548308374079,Gradient Boosting,0.0,1.4176991520193156,1.2540443211819077,True
HOBBIES_1_001_WI_3_validation,2016-04-21,0,0.1636548308374079,Gradient Boosting,0.0,1.4176991520193156,1.2540443211819077,True
HOBBIES_1_001_WI_3_validation,2016-04-22,0,0.176873118624445,Gradient Boosting,0.0,1.4309174398063527,1.2540443211819077,True
HOBBIES_1_001_WI_3_validation,2016-04-23,0,0.1939700721774332,Gradient Boosting,0.0,1.4480143933593408,1.2540443211819077,True
HOBBIES_1_001_WI_3_validation,2016-04-24,0,0.2244453893891156,Gradient Boosting,0.0,1.4784897105710233,1.2540443211819077,True
HOBBIES_1_002_TX_1_validation,2016-03-28,0,0.0753390442511297,Gradient Boosting,0.0,1.3293833654330374,1.2540443211819077,True
HOBBIES_1_002_TX_1_validation,2016-03-29,0,0.0753390442511297,Gradient Boosting,0.0,1.3293833654330374,1.2540443211819077,True
HOBBIES_1_002_TX_1_validation,2016-03-30,0,0.0753390442511297,Gradient Boosting,0.0,1.3293833654330374,1.2540443211819077,True
HOBBIES_1_002_TX_1_validation,2016-03-31,0,0.0699541239546982,Gradient Boosting,0.0,1.3239984451366058,1.2540443211819077,True
HOBBIES_1_002_TX_1_validation,2016-04-01,0,0.0746596302295609,Gradient Boosting,0.0,1.3287039514114687,1.2540443211819077,True
HOBBIES_1_002_TX_1_validation,2016-04-02,0,0.0746596302295609,Gradient Boosting,0.0,1.3287039514114687,1.2540443211819077,True
HOBBIES_1_002_TX_1_validation,2016-04-03,0,0.0699541239546982,Gradient Boosting,0.0,1.3239984451366058,1.2540443211819077,True
HOBBIES_1_002_TX_1_validation,2016-04-04,0,0.1441791884500808,Gradient Boosting,0.0,1.3982235096319884,1.2540443211819077,True
HOBBIES_1_002_TX_1_validation,2016-04-05,0,0.1441791884500808,Gradient Boosting,0.0,1.3982235096319884,1.2540443211819077,True
HOBBIES_1_002_TX_1_validation,2016-04-06,0,0.1441791884500808,Gradient Boosting,0.0,1.3982235096319884,1.2540443211819077,True
HOBBIES_1_002_TX_1_validation,2016-04-07,0,0.1452087184523116,Gradient Boosting,0.0,1.3992530396342193,1.2540443211819077,True
HOBBIES_1_002_TX_1_validation,2016-04-08,0,0.1584270062393486,Gradient Boosting,0.0,1.4124713274212564,1.2540443211819077,True
HOBBIES_1_002_TX_1_validation,2016-04-09,1,0.1629857087458497,Gradient Boosting,0.0,1.4170300299277574,1.2540443211819077,True
HOBBIES_1_002_TX_1_validation,2016-04-10,0,0.155231073027911,Gradient Boosting,0.0,1.4092753942098186,1.2540443211819077,True
HOBBIES_1_002_TX_1_validation,2016-04-11,0,0.1593846944538529,Gradient Boosting,0.0,1.4134290156357605,1.2540443211819077,True
HOBBIES_1_002_TX_1_validation,2016-04-12,0,0.1593846944538529,Gradient Boosting,0.0,1.4134290156357605,1.2540443211819077,True
HOBBIES_1_002_TX_1_validation,2016-04-13,0,0.1593846944538529,Gradient Boosting,0.0,1.4134290156357605,1.2540443211819077,True
HOBBIES_1_002_TX_1_validation,2016-04-14,0,0.1593846944538529,Gradient Boosting,0.0,1.4134290156357605,1.2540443211819077,True
HOBBIES_1_002_TX_1_validation,2016-04-15,0,0.1726029822408899,Gradient Boosting,0.0,1.4266473034227976,1.2540443211819077,True
HOBBIES_1_002_TX_1_validation,2016-04-16,0,0.177161684747391,Gradient Boosting,0.0,1.4312060059292986,1.2540443211819077,True
HOBBIES_1_002_TX_1_validation,2016-04-17,0,0.1704365790316831,Gradient Boosting,0.0,1.4244809002135908,1.2540443211819077,True
HOBBIES_1_002_TX_1_validation,2016-04-18,0,0.1593846944538529,Gradient Boosting,0.0,1.4134290156357605,1.2540443211819077,True
HOBBIES_1_002_TX_1_validation,2016-04-19,0,0.1593846944538529,Gradient Boosting,0.0,1.4134290156357605,1.2540443211819077,True
HOBBIES_1_002_TX_1_validation,2016-04-20,0,0.1593846944538529,Gradient Boosting,0.0,1.4134290156357605,1.2540443211819077,True
HOBBIES_1_002_TX_1_validation,2016-04-21,0,0.1593846944538529,Gradient Boosting,0.0,1.4134290156357605,1.2540443211819077,True
HOBBIES_1_002_TX_1_validation,2016-04-22,0,0.1726029822408899,Gradient Boosting,0.0,1.4266473034227976,1.2540443211819077,True
HOBBIES_1_002_TX_1_validation,2016-04-23,0,0.177161684747391,Gradient Boosting,0.0,1.4312060059292986,1.2540443211819077,True
HOBBIES_1_002_TX_1_validation,2016-04-24,1,0.1704365790316831,Gradient Boosting,0.0,1.4244809002135908,1.2540443211819077,True
HOBBIES_1_002_WI_1_validation,2016-03-28,2,0.6695659848643396,Gradient Boosting,0.0,1.9236103060462473,1.2540443211819077,False
HOBBIES_1_002_WI_1_validation,2016-03-29,0,0.6841505484104902,Gradient Boosting,0.0,1.9381948695923978,1.2540443211819077,True
HOBBIES_1_002_WI_1_validation,2016-03-30,1,0.6841505484104902,Gradient Boosting,0.0,1.9381948695923978,1.2540443211819077,True
HOBBIES_1_002_WI_1_validation,2016-03-31,1,0.6835308094116345,Gradient Boosting,0.0,1.937575130593542,1.2540443211819077,True
HOBBIES_1_002_WI_1_validation,2016-04-01,1,0.8334750467701869,Gradient Boosting,0.0,2.0875193679520945,1.2540443211819077,True
HOBBIES_1_002_WI_1_validation,2016-04-02,2,1.0175175989503242,Gradient Boosting,0.0,2.271561920132232,1.2540443211819077,True
HOBBIES_1_002_WI_1_validation,2016-04-03,0,0.9849802203484178,Gradient Boosting,0.0,2.2390245415303256,1.2540443211819077,True
HOBBIES_1_002_WI_1_validation,2016-04-04,0,0.6543984234315314,Gradient Boosting,0.0,1.908442744613439,1.2540443211819077,True
HOBBIES_1_002_WI_1_validation,2016-04-05,0,0.6576246726296663,Gradient Boosting,0.0,1.911668993811574,1.2540443211819077,True
HOBBIES_1_002_WI_1_validation,2016-04-06,1,0.6576246726296663,Gradient Boosting,0.0,1.911668993811574,1.2540443211819077,True
HOBBIES_1_002_WI_1_validation,2016-04-07,0,0.6543984234315314,Gradient Boosting,0.0,1.908442744613439,1.2540443211819077,True
HOBBIES_1_002_WI_1_validation,2016-04-08,2,0.7159805073559361,Gradient Boosting,0.0,1.9700248285378437,1.2540443211819077,False
HOBBIES_1_002_WI_1_validation,2016-04-09,0,0.99040306824126,Gradient Boosting,0.0,2.2444473894231676,1.2540443211819077,True
HOBBIES_1_002_WI_1_validation,2016-04-10,1,0.9066581528639668,Gradient Boosting,0.0,2.1607024740458742,1.2540443211819077,True
HOBBIES_1_002_WI_1_validation,2016-04-11,0,0.6315721344193398,Gradient Boosting,0.0,1.8856164556012476,1.2540443211819077,True
HOBBIES_1_002_WI_1_validation,2016-04-12,0,0.6315721344193398,Gradient Boosting,0.0,1.8856164556012476,1.2540443211819077,True
HOBBIES_1_002_WI_1_validation,2016-04-13,1,0.6274304302791632,Gradient Boosting,0.0,1.881474751461071,1.2540443211819077,True
HOBBIES_1_002_WI_1_validation,2016-04-14,0,0.6372537670754498,Gradient Boosting,0.0,1.8912980882573573,1.2540443211819077,True
HOBBIES_1_002_WI_1_validation,2016-04-15,1,0.6939542857381418,Gradient Boosting,0.0,1.9479986069200494,1.2540443211819077,True
HOBBIES_1_002_WI_1_validation,2016-04-16,1,0.9243885515442086,Gradient Boosting,0.0,2.178432872726116,1.2540443211819077,True
HOBBIES_1_002_WI_1_validation,2016-04-17,2,0.8704512755627837,Gradient Boosting,0.0,2.1244955967446915,1.2540443211819077,True
HOBBIES_1_002_WI_1_validation,2016-04-18,0,0.6308860624854526,Gradient Boosting,0.0,1.8849303836673603,1.2540443211819077,True
HOBBIES_1_002_WI_1_validation,2016-04-19,0,0.6283458852212049,Gradient Boosting,0.0,1.8823902064031126,1.2540443211819077,True
HOBBIES_1_002_WI_1_validation,2016-04-20,2,0.6274304302791632,Gradient Boosting,0.0,1.881474751461071,1.2540443211819077,False
HOBBIES_1_002_WI_1_validation,2016-04-21,2,0.6340275178773149,Gradient Boosting,0.0,1.8880718390592226,1.2540443211819077,False
HOBBIES_1_002_WI_1_validation,2016-04-22,0,0.6907280365400069,Gradient Boosting,0.0,1.9447723577219147,1.2540443211819077,True
HOBBIES_1_002_WI_1_validation,2016-04-23,0,0.9212470961523463,Gradient Boosting,0.0,2.175291417334254,1.2540443211819077,True
HOBBIES_1_002_WI_1_validation,2016-04-24,2,0.8581568414453385,Gradient Boosting,0.0,2.112201162627246,1.2540443211819077,True
HOUSEHOLD_1_001_CA_1_validation,2016-03-28,0,0.4612938795543956,Gradient Boosting,0.0,1.7153382007363032,1.2540443211819077,True
HOUSEHOLD_1_001_CA_1_validation,2016-03-29,0,0.432177150562942,Gradient Boosting,0.0,1.6862214717448496,1.2540443211819077,True
HOUSEHOLD_1_001_CA_1_validation,2016-03-30,0,0.420499108205219,Gradient Boosting,0.0,1.6745434293871266,1.2540443211819077,True
HOUSEHOLD_1_001_CA_1_validation,2016-03-31,1,0.420499108205219,Gradient Boosting,0.0,1.6745434293871266,1.2540443211819077,True
HOUSEHOLD_1_001_CA_1_validation,2016-04-01,0,0.5307764013649455,Gradient Boosting,0.0,1.7848207225468533,1.2540443211819077,True
HOUSEHOLD_1_001_CA_1_validation,2016-04-02,2,0.6410105987713027,Gradient Boosting,0.0,1.8950549199532105,1.2540443211819077,False
HOUSEHOLD_1_001_CA_1_validation,2016-04-03,0,0.5424442249116406,Gradient Boosting,0.0,1.7964885460935482,1.2540443211819077,True
HOUSEHOLD_1_001_CA_1_validation,2016-04-04,0,0.4915438327902321,Gradient Boosting,0.0,1.7455881539721398,1.2540443211819077,True
HOUSEHOLD_1_001_CA_1_validation,2016-04-05,0,0.4107033691817243,Gradient Boosting,0.0,1.664747690363632,1.2540443211819077,True
HOUSEHOLD_1_001_CA_1_validation,2016-04-06,0,0.3948882755004906,Gradient Boosting,0.0,1.6489325966823982,1.2540443211819077,True
HOUSEHOLD_1_001_CA_1_validation,2016-04-07,0,0.4022815134320827,Gradient Boosting,0.0,1.6563258346139904,1.2540443211819077,True
HOUSEHOLD_1_001_CA_1_validation,2016-04-08,1,0.4369040199490495,Gradient Boosting,0.0,1.6909483411309572,1.2540443211819077,True
HOUSEHOLD_1_001_CA_1_validation,2016-04-09,0,0.4793306503109578,Gradient Boosting,0.0,1.7333749714928655,1.2540443211819077,True
HOUSEHOLD_1_001_CA_1_validation,2016-04-10,0,0.381307775699932,Gradient Boosting,0.0,1.6353520968818396,1.2540443211819077,True
HOUSEHOLD_1_001_CA_1_validation,2016-04-11,0,0.3189597270650967,Gradient Boosting,0.0,1.5730040482470042,1.2540443211819077,True
HOUSEHOLD_1_001_CA_1_validation,2016-04-12,0,0.3754009110273077,Gradient Boosting,0.0,1.6294452322092154,1.2540443211819077,True
HOUSEHOLD_1_001_CA_1_validation,2016-04-13,0,0.3669790552776661,Gradient Boosting,0.0,1.6210233764595738,1.2540443211819077,True
HOUSEHOLD_1_001_CA_1_validation,2016-04-14,0,0.3699227551125644,Gradient Boosting,0.0,1.623967076294472,1.2540443211819077,True
HOUSEHOLD_1_001_CA_1_validation,2016-04-15,1,0.3981382439842481,Gradient Boosting,0.0,1.6521825651661557,1.2540443211819077,True
HOUSEHOLD_1_001_CA_1_validation,2016-04-16,0,0.4694104269252871,Gradient Boosting,0.0,1.7234547481071947,1.2540443211819077,True
HOUSEHOLD_1_001_CA_1_validation,2016-04-17,1,0.4468553731947012,Gradient Boosting,0.0,1.7008996943766088,1.2540443211819077,True
HOUSEHOLD_1_001_CA_1_validation,2016-04-18,1,0.353361936671699,Gradient Boosting,0.0,1.6074062578536066,1.2540443211819077,True
HOUSEHOLD_1_001_CA_1_validation,2016-04-19,1,0.424556012614536,Gradient Boosting,0.0,1.6786003337964437,1.2540443211819077,True
HOUSEHOLD_1_001_CA_1_validation,2016-04-20,0,0.3449400809220574,Gradient Boosting,0.0,1.598984402103965,1.2540443211819077,True
HOUSEHOLD_1_001_CA_1_validation,2016-04-21,0,0.3449400809220574,Gradient Boosting,0.0,1.598984402103965,1.2540443211819077,True
HOUSEHOLD_1_001_CA_1_validation,2016-04-22,0,0.4742501092363941,Gradient Boosting,0.0,1.7282944304183019,1.2540443211819077,True
HOUSEHOLD_1_001_CA_1_validation,2016-04-23,0,0.512564431864684,Gradient Boosting,0.0,1.7666087530465917,1.2540443211819077,True
HOUSEHOLD_1_001_CA_1_validation,2016-04-24,1,0.4268159920271123,Gradient Boosting,0.0,1.68086031320902,1.2540443211819077,True
HOUSEHOLD_1_001_CA_2_validation,2016-03-28,0,0.5588593653928564,Gradient Boosting,0.0,1.812903686574764,1.2540443211819077,True
HOUSEHOLD_1_001_CA_2_validation,2016-03-29,0,0.5924033843403149,Gradient Boosting,0.0,1.8464477055222226,1.2540443211819077,True
HOUSEHOLD_1_001_CA_2_validation,2016-03-30,1,0.5781338655161026,Gradient Boosting,0.0,1.8321781866980102,1.2540443211819077,True
HOUSEHOLD_1_001_CA_2_validation,2016-03-31,2,0.5528330202736136,Gradient Boosting,0.0,1.8068773414555213,1.2540443211819077,False
HOUSEHOLD_1_001_CA_2_validation,2016-04-01,1,0.6000443338632,Gradient Boosting,0.0,1.8540886550451077,1.2540443211819077,True
HOUSEHOLD_1_001_CA_2_validation,2016-04-02,0,0.8084502533285537,Gradient Boosting,0.0,2.0624945745104615,1.2540443211819077,True
HOUSEHOLD_1_001_CA_2_validation,2016-04-03,3,0.8176090807441618,Gradient Boosting,0.0,2.0716534019260697,1.2540443211819077,False
HOUSEHOLD_1_001_CA_2_validation,2016-04-04,1,0.5545414835351703,Gradient Boosting,0.0,1.808585804717078,1.2540443211819077,True
HOUSEHOLD_1_001_CA_2_validation,2016-04-05,2,0.5117991761613412,Gradient Boosting,0.0,1.7658434973432489,1.2540443211819077,False
HOUSEHOLD_1_001_CA_2_validation,2016-04-06,0,0.497529657337129,Gradient Boosting,0.0,1.7515739785190367,1.2540443211819077,True
HOUSEHOLD_1_001_CA_2_validation,2016-04-07,0,0.4712089645869823,Gradient Boosting,0.0,1.72525328576889,1.2540443211819077,True
HOUSEHOLD_1_001_CA_2_validation,2016-04-08,0,0.525148265861197,Gradient Boosting,0.0,1.7791925870431047,1.2540443211819077,True
HOUSEHOLD_1_001_CA_2_validation,2016-04-09,3,0.6414683160988457,Gradient Boosting,0.0,1.8955126372807534,1.2540443211819077,False
HOUSEHOLD_1_001_CA_2_validation,2016-04-10,0,0.5729605510671189,Gradient Boosting,0.0,1.8270048722490264,1.2540443211819077,True
HOUSEHOLD_1_001_CA_2_validation,2016-04-11,0,0.5089100729997981,Gradient Boosting,0.0,1.7629543941817056,1.2540443211819077,True
HOUSEHOLD_1_001_CA_2_validation,2016-04-12,1,0.5089100729997981,Gradient Boosting,0.0,1.7629543941817056,1.2540443211819077,True
HOUSEHOLD_1_001_CA_2_validation,2016-04-13,4,0.4946405541755858,Gradient Boosting,0.0,1.7486848753574935,1.2540443211819077,False
HOUSEHOLD_1_001_CA_2_validation,2016-04-14,2,0.4671135774101475,Gradient Boosting,0.0,1.7211578985920553,1.2540443211819077,False
HOUSEHOLD_1_001_CA_2_validation,2016-04-15,1,0.5377799223601335,Gradient Boosting,0.0,1.7918242435420413,1.2540443211819077,True
HOUSEHOLD_1_001_CA_2_validation,2016-04-16,2,0.6519144928707338,Gradient Boosting,0.0,1.9059588140526413,1.2540443211819077,False
HOUSEHOLD_1_001_CA_2_validation,2016-04-17,0,0.4967684301383189,Gradient Boosting,0.0,1.7508127513202265,1.2540443211819077,True
HOUSEHOLD_1_001_CA_2_validation,2016-04-18,1,0.4719192731219657,Gradient Boosting,0.0,1.7259635943038734,1.2540443211819077,True
HOUSEHOLD_1_001_CA_2_validation,2016-04-19,1,0.4186990465418265,Gradient Boosting,0.0,1.6727433677237342,1.2540443211819077,True
HOUSEHOLD_1_001_CA_2_validation,2016-04-20,2,0.410277190792185,Gradient Boosting,0.0,1.6643215119740926,1.2540443211819077,False
HOUSEHOLD_1_001_CA_2_validation,2016-04-21,0,0.410277190792185,Gradient Boosting,0.0,1.6643215119740926,1.2540443211819077,True
HOUSEHOLD_1_001_CA_2_validation,2016-04-22,1,0.4668258748825608,Gradient Boosting,0.0,1.7208701960644683,1.2540443211819077,True
HOUSEHOLD_1_001_CA_2_validation,2016-04-23,0,0.5041106675086199,Gradient Boosting,0.0,1.7581549886905274,1.2540443211819077,True
HOUSEHOLD_1_001_CA_2_validation,2016-04-24,2,0.5663471002186558,Gradient Boosting,0.0,1.8203914214005634,1.2540443211819077,False
HOUSEHOLD_1_001_CA_3_validation,2016-03-28,0,0.63367990283525,Gradient Boosting,0.0,1.8877242240171577,1.2540443211819077,True
HOUSEHOLD_1_001_CA_3_validation,2016-03-29,0,0.6581903984080701,Gradient Boosting,0.0,1.9122347195899778,1.2540443211819077,True
HOUSEHOLD_1_001_CA_3_validation,2016-03-30,0,0.6054766064841254,Gradient Boosting,0.0,1.8595209276660332,1.2540443211819077,True
HOUSEHOLD_1_001_CA_3_validation,2016-03-31,2,0.564392114039114,Gradient Boosting,0.0,1.8184364352210216,1.2540443211819077,False
HOUSEHOLD_1_001_CA_3_validation,2016-04-01,2,0.6359423213738232,Gradient Boosting,0.0,1.8899866425557308,1.2540443211819077,False
HOUSEHOLD_1_001_CA_3_validation,2016-04-02,2,0.7271981847256506,Gradient Boosting,0.0,1.9812425059075582,1.2540443211819077,False
HOUSEHOLD_1_001_CA_3_validation,2016-04-03,1,0.6482442429220355,Gradient Boosting,0.0,1.902288564103943,1.2540443211819077,True
HOUSEHOLD_1_001_CA_3_validation,2016-04-04,0,0.5846644063569565,Gradient Boosting,0.0,1.8387087275388643,1.2540443211819077,True
HOUSEHOLD_1_001_CA_3_validation,2016-04-05,0,0.5846644063569565,Gradient Boosting,0.0,1.8387087275388643,1.2540443211819077,True
HOUSEHOLD_1_001_CA_3_validation,2016-04-06,2,0.564392114039114,Gradient Boosting,0.0,1.8184364352210216,1.2540443211819077,False
HOUSEHOLD_1_001_CA_3_validation,2016-04-07,1,0.564392114039114,Gradient Boosting,0.0,1.8184364352210216,1.2540443211819077,True
HOUSEHOLD_1_001_CA_3_validation,2016-04-08,1,0.6359423213738232,Gradient Boosting,0.0,1.8899866425557308,1.2540443211819077,True
HOUSEHOLD_1_001_CA_3_validation,2016-04-09,0,0.7271981847256506,Gradient Boosting,0.0,1.9812425059075582,1.2540443211819077,True
HOUSEHOLD_1_001_CA_3_validation,2016-04-10,1,0.6451027875301732,Gradient Boosting,0.0,1.8991471087120808,1.2540443211819077,True
HOUSEHOLD_1_001_CA_3_validation,2016-04-11,3,0.5811930602874836,Gradient Boosting,0.0,1.8352373814693914,1.2540443211819077,False
HOUSEHOLD_1_001_CA_3_validation,2016-04-12,1,0.5811930602874836,Gradient Boosting,0.0,1.8352373814693914,1.2540443211819077,True
HOUSEHOLD_1_001_CA_3_validation,2016-04-13,0,0.5609207679696412,Gradient Boosting,0.0,1.8149650891515487,1.2540443211819077,True
HOUSEHOLD_1_001_CA_3_validation,2016-04-14,0,0.5609207679696412,Gradient Boosting,0.0,1.8149650891515487,1.2540443211819077,True
HOUSEHOLD_1_001_CA_3_validation,2016-04-15,2,0.6324709753043504,Gradient Boosting,0.0,1.886515296486258,1.2540443211819077,False
HOUSEHOLD_1_001_CA_3_validation,2016-04-16,2,0.7237268386561777,Gradient Boosting,0.0,1.9777711598380854,1.2540443211819077,False
HOUSEHOLD_1_001_CA_3_validation,2016-04-17,1,0.6447728968525627,Gradient Boosting,0.0,1.8988172180344702,1.2540443211819077,True
HOUSEHOLD_1_001_CA_3_validation,2016-04-18,0,0.5798448529888547,Gradient Boosting,0.0,1.8338891741707624,1.2540443211819077,True
HOUSEHOLD_1_001_CA_3_validation,2016-04-19,0,0.5798448529888547,Gradient Boosting,0.0,1.8338891741707624,1.2540443211819077,True
HOUSEHOLD_1_001_CA_3_validation,2016-04-20,0,0.5595725606710122,Gradient Boosting,0.0,1.81361688185292,1.2540443211819077,True
HOUSEHOLD_1_001_CA_3_validation,2016-04-21,0,0.5595725606710122,Gradient Boosting,0.0,1.81361688185292,1.2540443211819077,True
HOUSEHOLD_1_001_CA_3_validation,2016-04-22,3,0.6295554997245977,Gradient Boosting,0.0,1.8835998209065052,1.2540443211819077,False
HOUSEHOLD_1_001_CA_3_validation,2016-04-23,2,0.720811363076425,Gradient Boosting,0.0,1.9748556842583327,1.2540443211819077,False
HOUSEHOLD_1_001_CA_3_validation,2016-04-24,1,0.6434246895539337,Gradient Boosting,0.0,1.8974690107358414,1.2540443211819077,True
HOUSEHOLD_1_001_CA_4_validation,2016-03-28,1,0.3831548684320921,Gradient Boosting,0.0,1.637199189614,1.2540443211819077,True
HOUSEHOLD_1_001_CA_4_validation,2016-03-29,0,0.3782013870058562,Gradient Boosting,0.0,1.632245708187764,1.2540443211819077,True
HOUSEHOLD_1_001_CA_4_validation,2016-03-30,0,0.3574218603508704,Gradient Boosting,0.0,1.6114661815327782,1.2540443211819077,True
HOUSEHOLD_1_001_CA_4_validation,2016-03-31,0,0.3574218603508704,Gradient Boosting,0.0,1.6114661815327782,1.2540443211819077,True
HOUSEHOLD_1_001_CA_4_validation,2016-04-01,0,0.3758592280996963,Gradient Boosting,0.0,1.6299035492816039,1.2540443211819077,True
HOUSEHOLD_1_001_CA_4_validation,2016-04-02,3,0.518364060497175,Gradient Boosting,0.0,1.7724083816790825,1.2540443211819077,False
HOUSEHOLD_1_001_CA_4_validation,2016-04-03,0,0.4807450372089167,Gradient Boosting,0.0,1.7347893583908243,1.2540443211819077,True
HOUSEHOLD_1_001_CA_4_validation,2016-04-04,0,0.3350553968688819,Gradient Boosting,0.0,1.5890997180507895,1.2540443211819077,True
HOUSEHOLD_1_001_CA_4_validation,2016-04-05,0,0.3350553968688819,Gradient Boosting,0.0,1.5890997180507895,1.2540443211819077,True
HOUSEHOLD_1_001_CA_4_validation,2016-04-06,1,0.3350553968688819,Gradient Boosting,0.0,1.5890997180507895,1.2540443211819077,True
HOUSEHOLD_1_001_CA_4_validation,2016-04-07,0,0.3321116970339837,Gradient Boosting,0.0,1.5861560182158914,1.2540443211819077,True
HOUSEHOLD_1_001_CA_4_validation,2016-04-08,0,0.3517371515511289,Gradient Boosting,0.0,1.6057814727330366,1.2540443211819077,True
HOUSEHOLD_1_001_CA_4_validation,2016-04-09,2,0.4222453186965097,Gradient Boosting,0.0,1.6762896398784175,1.2540443211819077,False
HOUSEHOLD_1_001_CA_4_validation,2016-04-10,1,0.4027602855369224,Gradient Boosting,0.0,1.65680460671883,1.2540443211819077,True
HOUSEHOLD_1_001_CA_4_validation,2016-04-11,0,0.2987913268334415,Gradient Boosting,0.0,1.5528356480153491,1.2540443211819077,True
HOUSEHOLD_1_001_CA_4_validation,2016-04-12,1,0.2767523524778328,Gradient Boosting,0.0,1.5307966736597405,1.2540443211819077,True
HOUSEHOLD_1_001_CA_4_validation,2016-04-13,0,0.2485805185000281,Gradient Boosting,0.0,1.5026248396819357,1.2540443211819077,True
HOUSEHOLD_1_001_CA_4_validation,2016-04-14,0,0.2485805185000281,Gradient Boosting,0.0,1.5026248396819357,1.2540443211819077,True
HOUSEHOLD_1_001_CA_4_validation,2016-04-15,0,0.2661250012046341,Gradient Boosting,0.0,1.5201693223865418,1.2540443211819077,True
HOUSEHOLD_1_001_CA_4_validation,2016-04-16,1,0.2973989588411602,Gradient Boosting,0.0,1.5514432800230678,1.2540443211819077,True
HOUSEHOLD_1_001_CA_4_validation,2016-04-17,1,0.271230349672496,Gradient Boosting,0.0,1.5252746708544036,1.2540443211819077,True
HOUSEHOLD_1_001_CA_4_validation,2016-04-18,0,0.2414352487315398,Gradient Boosting,0.0,1.4954795699134475,1.2540443211819077,True
HOUSEHOLD_1_001_CA_4_validation,2016-04-19,0,0.2424469992722244,Gradient Boosting,0.0,1.4964913204541321,1.2540443211819077,True
HOUSEHOLD_1_001_CA_4_validation,2016-04-20,1,0.2414352487315398,Gradient Boosting,0.0,1.4954795699134475,1.2540443211819077,True
HOUSEHOLD_1_001_CA_4_validation,2016-04-21,1,0.240405718729309,Gradient Boosting,0.0,1.4944500399112166,1.2540443211819077,True
HOUSEHOLD_1_001_CA_4_validation,2016-04-22,0,0.2527028005836471,Gradient Boosting,0.0,1.5067471217655548,1.2540443211819077,True
HOUSEHOLD_1_001_CA_4_validation,2016-04-23,2,0.277379953574801,Gradient Boosting,0.0,1.5314242747567086,1.2540443211819077,False
HOUSEHOLD_1_001_CA_4_validation,2016-04-24,0,0.2689126026184328,Gradient Boosting,0.0,1.5229569238003404,1.2540443211819077,True
HOUSEHOLD_1_001_TX_1_validation,2016-03-28,0,0.2383079592420277,Gradient Boosting,0.0,1.4923522804239353,1.2540443211819077,True
HOUSEHOLD_1_001_TX_1_validation,2016-03-29,0,0.1853583880882381,Gradient Boosting,0.0,1.4394027092701458,1.2540443211819077,True
HOUSEHOLD_1_001_TX_1_validation,2016-03-30,0,0.1853583880882381,Gradient Boosting,0.0,1.4394027092701458,1.2540443211819077,True
HOUSEHOLD_1_001_TX_1_validation,2016-03-31,0,0.2374357348494085,Gradient Boosting,0.0,1.4914800560313162,1.2540443211819077,True
HOUSEHOLD_1_001_TX_1_validation,2016-04-01,0,0.2564555819590542,Gradient Boosting,0.0,1.5104999031409618,1.2540443211819077,True
HOUSEHOLD_1_001_TX_1_validation,2016-04-02,0,0.2813424746281981,Gradient Boosting,0.0,1.5353867958101057,1.2540443211819077,True
HOUSEHOLD_1_001_TX_1_validation,2016-04-03,0,0.2688158095898814,Gradient Boosting,0.0,1.522860130771789,1.2540443211819077,True
HOUSEHOLD_1_001_TX_1_validation,2016-04-04,1,0.2457090719148932,Gradient Boosting,0.0,1.4997533930968008,1.2540443211819077,True
HOUSEHOLD_1_001_TX_1_validation,2016-04-05,2,0.2392228977686934,Gradient Boosting,0.0,1.493267218950601,1.2540443211819077,False
HOUSEHOLD_1_001_TX_1_validation,2016-04-06,0,0.2392228977686934,Gradient Boosting,0.0,1.493267218950601,1.2540443211819077,True
HOUSEHOLD_1_001_TX_1_validation,2016-04-07,1,0.2309495607032088,Gradient Boosting,0.0,1.4849938818851165,1.2540443211819077,True
HOUSEHOLD_1_001_TX_1_validation,2016-04-08,0,0.2564555819590542,Gradient Boosting,0.0,1.5104999031409618,1.2540443211819077,True
HOUSEHOLD_1_001_TX_1_validation,2016-04-09,0,0.2813424746281981,Gradient Boosting,0.0,1.5353867958101057,1.2540443211819077,True
HOUSEHOLD_1_001_TX_1_validation,2016-04-10,0,0.2688158095898814,Gradient Boosting,0.0,1.522860130771789,1.2540443211819077,True
HOUSEHOLD_1_001_TX_1_validation,2016-04-11,1,0.1669003986022835,Gradient Boosting,0.0,1.4209447197841911,1.2540443211819077,True
HOUSEHOLD_1_001_TX_1_validation,2016-04-12,0,0.1669003986022835,Gradient Boosting,0.0,1.4209447197841911,1.2540443211819077,True
HOUSEHOLD_1_001_TX_1_validation,2016-04-13,0,0.1669003986022835,Gradient Boosting,0.0,1.4209447197841911,1.2540443211819077,True
HOUSEHOLD_1_001_TX_1_validation,2016-04-14,0,0.1669003986022835,Gradient Boosting,0.0,1.4209447197841911,1.2540443211819077,True
HOUSEHOLD_1_001_TX_1_validation,2016-04-15,0,0.1801186863893205,Gradient Boosting,0.0,1.4341630075712282,1.2540443211819077,True
HOUSEHOLD_1_001_TX_1_validation,2016-04-16,0,0.1880488170340773,Gradient Boosting,0.0,1.442093138215985,1.2540443211819077,True
HOUSEHOLD_1_001_TX_1_validation,2016-04-17,0,0.1813237113183693,Gradient Boosting,0.0,1.435368032500277,1.2540443211819077,True
HOUSEHOLD_1_001_TX_1_validation,2016-04-18,0,0.1658708686000527,Gradient Boosting,0.0,1.4199151897819604,1.2540443211819077,True
HOUSEHOLD_1_001_TX_1_validation,2016-04-19,0,0.1658708686000527,Gradient Boosting,0.0,1.4199151897819604,1.2540443211819077,True
HOUSEHOLD_1_001_TX_1_validation,2016-04-20,0,0.1658708686000527,Gradient Boosting,0.0,1.4199151897819604,1.2540443211819077,True
HOUSEHOLD_1_001_TX_1_validation,2016-04-21,0,0.1658708686000527,Gradient Boosting,0.0,1.4199151897819604,1.2540443211819077,True
HOUSEHOLD_1_001_TX_1_validation,2016-04-22,1,0.1790891563870897,Gradient Boosting,0.0,1.4331334775689974,1.2540443211819077,True
HOUSEHOLD_1_001_TX_1_validation,2016-04-23,0,0.1870192870318465,Gradient Boosting,0.0,1.4410636082137542,1.2540443211819077,True
HOUSEHOLD_1_001_TX_1_validation,2016-04-24,0,0.1802941813161385,Gradient Boosting,0.0,1.4343385024980462,1.2540443211819077,True
HOUSEHOLD_1_001_TX_2_validation,2016-03-28,0,0.2062369582111581,Gradient Boosting,0.0,1.4602812793930657,1.2540443211819077,True
HOUSEHOLD_1_001_TX_2_validation,2016-03-29,0,0.1760387686399411,Gradient Boosting,0.0,1.4300830898218488,1.2540443211819077,True
HOUSEHOLD_1_001_TX_2_validation,2016-03-30,0,0.1760387686399411,Gradient Boosting,0.0,1.4300830898218488,1.2540443211819077,True
HOUSEHOLD_1_001_TX_2_validation,2016-03-31,0,0.1825249427861409,Gradient Boosting,0.0,1.4365692639680485,1.2540443211819077,True
HOUSEHOLD_1_001_TX_2_validation,2016-04-01,0,0.1924441461163076,Gradient Boosting,0.0,1.4464884672982152,1.2540443211819077,True
HOUSEHOLD_1_001_TX_2_validation,2016-04-02,0,0.2039662637221941,Gradient Boosting,0.0,1.4580105849041018,1.2540443211819077,True
HOUSEHOLD_1_001_TX_2_validation,2016-04-03,1,0.1931818439245377,Gradient Boosting,0.0,1.4472261651064453,1.2540443211819077,True
HOUSEHOLD_1_001_TX_2_validation,2016-04-04,0,0.175166544247322,Gradient Boosting,0.0,1.4292108654292297,1.2540443211819077,True
HOUSEHOLD_1_001_TX_2_validation,2016-04-05,0,0.169309491530666,Gradient Boosting,0.0,1.4233538127125738,1.2540443211819077,True
HOUSEHOLD_1_001_TX_2_validation,2016-04-06,0,0.169309491530666,Gradient Boosting,0.0,1.4233538127125738,1.2540443211819077,True
HOUSEHOLD_1_001_TX_2_validation,2016-04-07,0,0.169309491530666,Gradient Boosting,0.0,1.4233538127125738,1.2540443211819077,True
HOUSEHOLD_1_001_TX_2_validation,2016-04-08,1,0.1825277793177031,Gradient Boosting,0.0,1.4365721004996108,1.2540443211819077,True
HOUSEHOLD_1_001_TX_2_validation,2016-04-09,0,0.1841922946391342,Gradient Boosting,0.0,1.4382366158210418,1.2540443211819077,True
HOUSEHOLD_1_001_TX_2_validation,2016-04-10,0,0.1774671889234263,Gradient Boosting,0.0,1.431511510105334,1.2540443211819077,True
HOUSEHOLD_1_001_TX_2_validation,2016-04-11,0,0.169309491530666,Gradient Boosting,0.0,1.4233538127125738,1.2540443211819077,True
HOUSEHOLD_1_001_TX_2_validation,2016-04-12,0,0.169309491530666,Gradient Boosting,0.0,1.4233538127125738,1.2540443211819077,True
HOUSEHOLD_1_001_TX_2_validation,2016-04-13,0,0.169309491530666,Gradient Boosting,0.0,1.4233538127125738,1.2540443211819077,True
HOUSEHOLD_1_001_TX_2_validation,2016-04-14,0,0.169309491530666,Gradient Boosting,0.0,1.4233538127125738,1.2540443211819077,True
HOUSEHOLD_1_001_TX_2_validation,2016-04-15,0,0.1760416051715032,Gradient Boosting,0.0,1.430085926353411,1.2540443211819077,True
HOUSEHOLD_1_001_TX_2_validation,2016-04-16,0,0.1841922946391342,Gradient Boosting,0.0,1.4382366158210418,1.2540443211819077,True
HOUSEHOLD_1_001_TX_2_validation,2016-04-17,0,0.1774671889234263,Gradient Boosting,0.0,1.431511510105334,1.2540443211819077,True
HOUSEHOLD_1_001_TX_2_validation,2016-04-18,0,0.1628233173844662,Gradient Boosting,0.0,1.4168676385663739,1.2540443211819077,True
HOUSEHOLD_1_001_TX_2_validation,2016-04-19,0,0.1628233173844662,Gradient Boosting,0.0,1.4168676385663739,1.2540443211819077,True
HOUSEHOLD_1_001_TX_2_validation,2016-04-20,0,0.1628233173844662,Gradient Boosting,0.0,1.4168676385663739,1.2540443211819077,True
HOUSEHOLD_1_001_TX_2_validation,2016-04-21,0,0.1628233173844662,Gradient Boosting,0.0,1.4168676385663739,1.2540443211819077,True
HOUSEHOLD_1_001_TX_2_validation,2016-04-22,1,0.1750120751692724,Gradient Boosting,0.0,1.42905639635118,1.2540443211819077,True
HOUSEHOLD_1_001_TX_2_validation,2016-04-23,0,0.1831627646369034,Gradient Boosting,0.0,1.437207085818811,1.2540443211819077,True
HOUSEHOLD_1_001_TX_2_validation,2016-04-24,0,0.1764376589211955,Gradient Boosting,0.0,1.4304819801031032,1.2540443211819077,True
HOUSEHOLD_1_001_TX_3_validation,2016-03-28,0,0.1725619750128485,Gradient Boosting,0.0,1.426606296194756,1.2540443211819077,True
HOUSEHOLD_1_001_TX_3_validation,2016-03-29,0,0.1457515679696754,Gradient Boosting,0.0,1.3997958891515832,1.2540443211819077,True
HOUSEHOLD_1_001_TX_3_validation,2016-03-30,0,0.1457515679696754,Gradient Boosting,0.0,1.3997958891515832,1.2540443211819077,True
HOUSEHOLD_1_001_TX_3_validation,2016-03-31,0,0.1398945152530194,Gradient Boosting,0.0,1.393938836434927,1.2540443211819077,True
HOUSEHOLD_1_001_TX_3_validation,2016-04-01,0,0.1760416051715032,Gradient Boosting,0.0,1.430085926353411,1.2540443211819077,True
HOUSEHOLD_1_001_TX_3_validation,2016-04-02,0,0.1689867886353621,Gradient Boosting,0.0,1.4230311098172699,1.2540443211819077,True
HOUSEHOLD_1_001_TX_3_validation,2016-04-03,0,0.1622616829196542,Gradient Boosting,0.0,1.4163060041015618,1.2540443211819077,True
HOUSEHOLD_1_001_TX_3_validation,2016-04-04,0,0.1476178113806941,Gradient Boosting,0.0,1.4016621325626017,1.2540443211819077,True
HOUSEHOLD_1_001_TX_3_validation,2016-04-05,0,0.1476178113806941,Gradient Boosting,0.0,1.4016621325626017,1.2540443211819077,True
HOUSEHOLD_1_001_TX_3_validation,2016-04-06,0,0.1476178113806941,Gradient Boosting,0.0,1.4016621325626017,1.2540443211819077,True
HOUSEHOLD_1_001_TX_3_validation,2016-04-07,0,0.1628233173844662,Gradient Boosting,0.0,1.4168676385663739,1.2540443211819077,True
HOUSEHOLD_1_001_TX_3_validation,2016-04-08,0,0.1760416051715032,Gradient Boosting,0.0,1.430085926353411,1.2540443211819077,True
HOUSEHOLD_1_001_TX_3_validation,2016-04-09,0,0.1841922946391342,Gradient Boosting,0.0,1.4382366158210418,1.2540443211819077,True
HOUSEHOLD_1_001_TX_3_validation,2016-04-10,0,0.1774671889234263,Gradient Boosting,0.0,1.431511510105334,1.2540443211819077,True
HOUSEHOLD_1_001_TX_3_validation,2016-04-11,0,0.1628233173844662,Gradient Boosting,0.0,1.4168676385663739,1.2540443211819077,True
HOUSEHOLD_1_001_TX_3_validation,2016-04-12,0,0.1628233173844662,Gradient Boosting,0.0,1.4168676385663739,1.2540443211819077,True
HOUSEHOLD_1_001_TX_3_validation,2016-04-13,0,0.1617937873822354,Gradient Boosting,0.0,1.4158381085641432,1.2540443211819077,True
HOUSEHOLD_1_001_TX_3_validation,2016-04-14,0,0.1617937873822354,Gradient Boosting,0.0,1.4158381085641432,1.2540443211819077,True
HOUSEHOLD_1_001_TX_3_validation,2016-04-15,0,0.1750120751692724,Gradient Boosting,0.0,1.42905639635118,1.2540443211819077,True
HOUSEHOLD_1_001_TX_3_validation,2016-04-16,0,0.1831627646369034,Gradient Boosting,0.0,1.437207085818811,1.2540443211819077,True
HOUSEHOLD_1_001_TX_3_validation,2016-04-17,0,0.1764376589211955,Gradient Boosting,0.0,1.4304819801031032,1.2540443211819077,True
HOUSEHOLD_1_001_TX_3_validation,2016-04-18,0,0.1617937873822354,Gradient Boosting,0.0,1.4158381085641432,1.2540443211819077,True
HOUSEHOLD_1_001_TX_3_validation,2016-04-19,0,0.1617937873822354,Gradient Boosting,0.0,1.4158381085641432,1.2540443211819077,True
HOUSEHOLD_1_001_TX_3_validation,2016-04-20,0,0.1617937873822354,Gradient Boosting,0.0,1.4158381085641432,1.2540443211819077,True
HOUSEHOLD_1_001_TX_3_validation,2016-04-21,1,0.1617937873822354,Gradient Boosting,0.0,1.4158381085641432,1.2540443211819077,True
HOUSEHOLD_1_001_TX_3_validation,2016-04-22,0,0.1750120751692724,Gradient Boosting,0.0,1.42905639635118,1.2540443211819077,True
HOUSEHOLD_1_001_TX_3_validation,2016-04-23,0,0.1831627646369034,Gradient Boosting,0.0,1.437207085818811,1.2540443211819077,True
HOUSEHOLD_1_001_TX_3_validation,2016-04-24,0,0.1764376589211955,Gradient Boosting,0.0,1.4304819801031032,1.2540443211819077,True
HOUSEHOLD_1_001_WI_1_validation,2016-03-28,0,0.7434011790631879,Gradient Boosting,0.0,1.9974455002450955,1.2540443211819077,True
HOUSEHOLD_1_001_WI_1_validation,2016-03-29,1,0.825176928988433,Gradient Boosting,0.0,2.079221250170341,1.2540443211819077,True
HOUSEHOLD_1_001_WI_1_validation,2016-03-30,1,0.8171838590014321,Gradient Boosting,0.0,2.07122818018334,1.2540443211819077,True
HOUSEHOLD_1_001_WI_1_validation,2016-03-31,1,0.816519104362327,Gradient Boosting,0.0,2.0705634255442344,1.2540443211819077,True
HOUSEHOLD_1_001_WI_1_validation,2016-04-01,1,0.9232608491993552,Gradient Boosting,0.0,2.177305170381263,1.2540443211819077,True
HOUSEHOLD_1_001_WI_1_validation,2016-04-02,2,1.0113890553839786,Gradient Boosting,0.0,2.2654333765658863,1.2540443211819077,True
HOUSEHOLD_1_001_WI_1_validation,2016-04-03,1,0.9229519974109864,Gradient Boosting,0.0,2.176996318592894,1.2540443211819077,True
HOUSEHOLD_1_001_WI_1_validation,2016-04-04,0,0.7566033605329101,Gradient Boosting,0.0,2.0106476817148176,1.2540443211819077,True
HOUSEHOLD_1_001_WI_1_validation,2016-04-05,0,0.8046705900726114,Gradient Boosting,0.0,2.058714911254519,1.2540443211819077,True
HOUSEHOLD_1_001_WI_1_validation,2016-04-06,2,0.8360140381579729,Gradient Boosting,0.0,2.0900583593398805,1.2540443211819077,True
HOUSEHOLD_1_001_WI_1_validation,2016-04-07,0,0.8014443408744766,Gradient Boosting,0.0,2.0554886620563844,1.2540443211819077,True
HOUSEHOLD_1_001_WI_1_validation,2016-04-08,1,0.916154467348075,Gradient Boosting,0.0,2.1701987885299827,1.2540443211819077,True
HOUSEHOLD_1_001_WI_1_validation,2016-04-09,2,1.0043508624861044,Gradient Boosting,0.0,2.258395183668012,1.2540443211819077,True
HOUSEHOLD_1_001_WI_1_validation,2016-04-10,0,0.9229088318409268,Gradient Boosting,0.0,2.1769531530228345,1.2540443211819077,True
HOUSEHOLD_1_001_WI_1_validation,2016-04-11,1,0.6472694214335568,Gradient Boosting,0.0,1.9013137426154645,1.2540443211819077,True
HOUSEHOLD_1_001_WI_1_validation,2016-04-12,1,0.6472694214335568,Gradient Boosting,0.0,1.9013137426154645,1.2540443211819077,True
HOUSEHOLD_1_001_WI_1_validation,2016-04-13,1,0.638361539579312,Gradient Boosting,0.0,1.8924058607612197,1.2540443211819077,True
HOUSEHOLD_1_001_WI_1_validation,2016-04-14,2,0.6406723338354051,Gradient Boosting,0.0,1.8947166550173127,1.2540443211819077,False
HOUSEHOLD_1_001_WI_1_validation,2016-04-15,1,0.6902551331423843,Gradient Boosting,0.0,1.944299454324292,1.2540443211819077,True
HOUSEHOLD_1_001_WI_1_validation,2016-04-16,1,0.9337861832218162,Gradient Boosting,0.0,2.187830504403724,1.2540443211819077,True
HOUSEHOLD_1_001_WI_1_validation,2016-04-17,1,0.8767074518485289,Gradient Boosting,0.0,2.1307517730304366,1.2540443211819077,True
HOUSEHOLD_1_001_WI_1_validation,2016-04-18,1,0.6211753865559746,Gradient Boosting,0.0,1.8752197077378823,1.2540443211819077,True
HOUSEHOLD_1_001_WI_1_validation,2016-04-19,1,0.6211753865559746,Gradient Boosting,0.0,1.8752197077378823,1.2540443211819077,True
HOUSEHOLD_1_001_WI_1_validation,2016-04-20,0,0.6211753865559746,Gradient Boosting,0.0,1.8752197077378823,1.2540443211819077,True
HOUSEHOLD_1_001_WI_1_validation,2016-04-21,1,0.6211753865559746,Gradient Boosting,0.0,1.8752197077378823,1.2540443211819077,True
HOUSEHOLD_1_001_WI_1_validation,2016-04-22,2,0.6848868151659162,Gradient Boosting,0.0,1.9389311363478239,1.2540443211819077,False
HOUSEHOLD_1_001_WI_1_validation,2016-04-23,1,0.9333723608727182,Gradient Boosting,0.0,2.187416682054626,1.2540443211819077,True
HOUSEHOLD_1_001_WI_1_validation,2016-04-24,0,0.768052877844965,Gradient Boosting,0.0,2.022097199026873,1.2540443211819077,True
HOUSEHOLD_1_001_WI_2_validation,2016-03-28,1,0.236811473516303,Gradient Boosting,0.0,1.4908557946982106,1.2540443211819077,True
HOUSEHOLD_1_001_WI_2_validation,2016-03-29,0,0.2144635105255518,Gradient Boosting,0.0,1.4685078317074596,1.2540443211819077,True
HOUSEHOLD_1_001_WI_2_validation,2016-03-30,0,0.2144635105255518,Gradient Boosting,0.0,1.4685078317074596,1.2540443211819077,True
HOUSEHOLD_1_001_WI_2_validation,2016-03-31,0,0.2032192754691343,Gradient Boosting,0.0,1.4572635966510419,1.2540443211819077,True
HOUSEHOLD_1_001_WI_2_validation,2016-04-01,0,0.2216849641064391,Gradient Boosting,0.0,1.4757292852883468,1.2540443211819077,True
HOUSEHOLD_1_001_WI_2_validation,2016-04-02,1,0.2505407580636507,Gradient Boosting,0.0,1.5045850792455584,1.2540443211819077,True
HOUSEHOLD_1_001_WI_2_validation,2016-04-03,1,0.238568251497675,Gradient Boosting,0.0,1.4926125726795827,1.2540443211819077,True
HOUSEHOLD_1_001_WI_2_validation,2016-04-04,0,0.2397989349045978,Gradient Boosting,0.0,1.4938432560865054,1.2540443211819077,True
HOUSEHOLD_1_001_WI_2_validation,2016-04-05,0,0.2397989349045978,Gradient Boosting,0.0,1.4938432560865054,1.2540443211819077,True
HOUSEHOLD_1_001_WI_2_validation,2016-04-06,0,0.2397989349045978,Gradient Boosting,0.0,1.4938432560865054,1.2540443211819077,True
HOUSEHOLD_1_001_WI_2_validation,2016-04-07,0,0.2397989349045978,Gradient Boosting,0.0,1.4938432560865054,1.2540443211819077,True
HOUSEHOLD_1_001_WI_2_validation,2016-04-08,1,0.2670921190797282,Gradient Boosting,0.0,1.5211364402616359,1.2540443211819077,True
HOUSEHOLD_1_001_WI_2_validation,2016-04-09,1,0.3069671318347896,Gradient Boosting,0.0,1.5610114530166972,1.2540443211819077,True
HOUSEHOLD_1_001_WI_2_validation,2016-04-10,1,0.2944404667964729,Gradient Boosting,0.0,1.5484847879783805,1.2540443211819077,True
HOUSEHOLD_1_001_WI_2_validation,2016-04-11,0,0.2480722719700825,Gradient Boosting,0.0,1.5021165931519902,1.2540443211819077,True
HOUSEHOLD_1_001_WI_2_validation,2016-04-12,0,0.2480722719700825,Gradient Boosting,0.0,1.5021165931519902,1.2540443211819077,True
HOUSEHOLD_1_001_WI_2_validation,2016-04-13,1,0.2480722719700825,Gradient Boosting,0.0,1.5021165931519902,1.2540443211819077,True
HOUSEHOLD_1_001_WI_2_validation,2016-04-14,1,0.2480722719700825,Gradient Boosting,0.0,1.5021165931519902,1.2540443211819077,True
HOUSEHOLD_1_001_WI_2_validation,2016-04-15,0,0.2670921190797282,Gradient Boosting,0.0,1.5211364402616359,1.2540443211819077,True
HOUSEHOLD_1_001_WI_2_validation,2016-04-16,2,0.3685975818290001,Gradient Boosting,0.0,1.6226419030109078,1.2540443211819077,False
HOUSEHOLD_1_001_WI_2_validation,2016-04-17,0,0.3560709167906834,Gradient Boosting,0.0,1.6101152379725912,1.2540443211819077,True
HOUSEHOLD_1_001_WI_2_validation,2016-04-18,1,0.2012660999646995,Gradient Boosting,0.0,1.4553104211466072,1.2540443211819077,True
HOUSEHOLD_1_001_WI_2_validation,2016-04-19,0,0.2095394370301841,Gradient Boosting,0.0,1.4635837582120919,1.2540443211819077,True
HOUSEHOLD_1_001_WI_2_validation,2016-04-20,1,0.2095394370301841,Gradient Boosting,0.0,1.4635837582120919,1.2540443211819077,True
HOUSEHOLD_1_001_WI_2_validation,2016-04-21,2,0.2002365699624687,Gradient Boosting,0.0,1.4542808911443763,1.2540443211819077,False
HOUSEHOLD_1_001_WI_2_validation,2016-04-22,0,0.2151971029901659,Gradient Boosting,0.0,1.4692414241720735,1.2540443211819077,True
HOUSEHOLD_1_001_WI_2_validation,2016-04-23,2,0.1985493099952672,Gradient Boosting,0.0,1.4525936311771748,1.2540443211819077,False
HOUSEHOLD_1_001_WI_2_validation,2016-04-24,0,0.2290246272069496,Gradient Boosting,0.0,1.4830689483888573,1.2540443211819077,True
HOUSEHOLD_1_001_WI_3_validation,2016-03-28,0,0.2352468019519089,Gradient Boosting,0.0,1.4892911231338166,1.2540443211819077,True
HOUSEHOLD_1_001_WI_3_validation,2016-03-29,0,0.2072746263871273,Gradient Boosting,0.0,1.461318947569035,1.2540443211819077,True
HOUSEHOLD_1_001_WI_3_validation,2016-03-30,0,0.180264518018411,Gradient Boosting,0.0,1.4343088392003187,1.2540443211819077,True
HOUSEHOLD_1_001_WI_3_validation,2016-03-31,1,0.1677320659101611,Gradient Boosting,0.0,1.4217763870920688,1.2540443211819077,True
HOUSEHOLD_1_001_WI_3_validation,2016-04-01,0,0.1878190154252803,Gradient Boosting,0.0,1.441863336607188,1.2540443211819077,True
HOUSEHOLD_1_001_WI_3_validation,2016-04-02,0,0.2049159689782685,Gradient Boosting,0.0,1.4589602901601761,1.2540443211819077,True
HOUSEHOLD_1_001_WI_3_validation,2016-04-03,0,0.1913222015344785,Gradient Boosting,0.0,1.445366522716386,1.2540443211819077,True
HOUSEHOLD_1_001_WI_3_validation,2016-04-04,2,0.1677320659101611,Gradient Boosting,0.0,1.4217763870920688,1.2540443211819077,False
HOUSEHOLD_1_001_WI_3_validation,2016-04-05,0,0.1690202829619935,Gradient Boosting,0.0,1.4230646041439012,1.2540443211819077,True
HOUSEHOLD_1_001_WI_3_validation,2016-04-06,0,0.1677320659101611,Gradient Boosting,0.0,1.4217763870920688,1.2540443211819077,True
HOUSEHOLD_1_001_WI_3_validation,2016-04-07,0,0.1677320659101611,Gradient Boosting,0.0,1.4217763870920688,1.2540443211819077,True
HOUSEHOLD_1_001_WI_3_validation,2016-04-08,0,0.1878190154252803,Gradient Boosting,0.0,1.441863336607188,1.2540443211819077,True
HOUSEHOLD_1_001_WI_3_validation,2016-04-09,0,0.2049159689782685,Gradient Boosting,0.0,1.4589602901601761,1.2540443211819077,True
HOUSEHOLD_1_001_WI_3_validation,2016-04-10,1,0.1913222015344785,Gradient Boosting,0.0,1.445366522716386,1.2540443211819077,True
HOUSEHOLD_1_001_WI_3_validation,2016-04-11,1,0.1677320659101611,Gradient Boosting,0.0,1.4217763870920688,1.2540443211819077,True
HOUSEHOLD_1_001_WI_3_validation,2016-04-12,0,0.1677320659101611,Gradient Boosting,0.0,1.4217763870920688,1.2540443211819077,True
HOUSEHOLD_1_001_WI_3_validation,2016-04-13,0,0.1677320659101611,Gradient Boosting,0.0,1.4217763870920688,1.2540443211819077,True
HOUSEHOLD_1_001_WI_3_validation,2016-04-14,0,0.1677320659101611,Gradient Boosting,0.0,1.4217763870920688,1.2540443211819077,True
HOUSEHOLD_1_001_WI_3_validation,2016-04-15,0,0.1878190154252803,Gradient Boosting,0.0,1.441863336607188,1.2540443211819077,True
HOUSEHOLD_1_001_WI_3_validation,2016-04-16,0,0.2049159689782685,Gradient Boosting,0.0,1.4589602901601761,1.2540443211819077,True
HOUSEHOLD_1_001_WI_3_validation,2016-04-17,1,0.2285226244618688,Gradient Boosting,0.0,1.4825669456437764,1.2540443211819077,True
HOUSEHOLD_1_001_WI_3_validation,2016-04-18,0,0.1997345672173879,Gradient Boosting,0.0,1.4537788883992955,1.2540443211819077,True
HOUSEHOLD_1_001_WI_3_validation,2016-04-19,0,0.1997345672173879,Gradient Boosting,0.0,1.4537788883992955,1.2540443211819077,True
HOUSEHOLD_1_001_WI_3_validation,2016-04-20,0,0.1646843608396387,Gradient Boosting,0.0,1.4187286820215463,1.2540443211819077,True
HOUSEHOLD_1_001_WI_3_validation,2016-04-21,0,0.1636548308374079,Gradient Boosting,0.0,1.4176991520193156,1.2540443211819077,True
HOUSEHOLD_1_001_WI_3_validation,2016-04-22,0,0.176873118624445,Gradient Boosting,0.0,1.4309174398063527,1.2540443211819077,True
HOUSEHOLD_1_001_WI_3_validation,2016-04-23,0,0.1939700721774332,Gradient Boosting,0.0,1.4480143933593408,1.2540443211819077,True
HOUSEHOLD_1_001_WI_3_validation,2016-04-24,0,0.1872449664617252,Gradient Boosting,0.0,1.441289287643633,1.2540443211819077,True
HOUSEHOLD_1_002_TX_1_validation,2016-03-28,0,0.1374854223246369,Gradient Boosting,0.0,1.3915297435065446,1.2540443211819077,True
HOUSEHOLD_1_002_TX_1_validation,2016-03-29,1,0.1374854223246369,Gradient Boosting,0.0,1.3915297435065446,1.2540443211819077,True
HOUSEHOLD_1_002_TX_1_validation,2016-03-30,0,0.1374854223246369,Gradient Boosting,0.0,1.3915297435065446,1.2540443211819077,True
HOUSEHOLD_1_002_TX_1_validation,2016-03-31,0,0.1374854223246369,Gradient Boosting,0.0,1.3915297435065446,1.2540443211819077,True
HOUSEHOLD_1_002_TX_1_validation,2016-04-01,0,0.1736325122431207,Gradient Boosting,0.0,1.4276768334250285,1.2540443211819077,True
HOUSEHOLD_1_002_TX_1_validation,2016-04-02,0,0.1781912147496218,Gradient Boosting,0.0,1.4322355359315295,1.2540443211819077,True
HOUSEHOLD_1_002_TX_1_validation,2016-04-03,0,0.1714661090339139,Gradient Boosting,0.0,1.4255104302158217,1.2540443211819077,True
HOUSEHOLD_1_002_TX_1_validation,2016-04-04,0,0.1452087184523116,Gradient Boosting,0.0,1.3992530396342193,1.2540443211819077,True
HOUSEHOLD_1_002_TX_1_validation,2016-04-05,0,0.1452087184523116,Gradient Boosting,0.0,1.3992530396342193,1.2540443211819077,True
HOUSEHOLD_1_002_TX_1_validation,2016-04-06,0,0.1452087184523116,Gradient Boosting,0.0,1.3992530396342193,1.2540443211819077,True
HOUSEHOLD_1_002_TX_1_validation,2016-04-07,0,0.1604142244560837,Gradient Boosting,0.0,1.4144585456379914,1.2540443211819077,True
HOUSEHOLD_1_002_TX_1_validation,2016-04-08,0,0.1736325122431207,Gradient Boosting,0.0,1.4276768334250285,1.2540443211819077,True
HOUSEHOLD_1_002_TX_1_validation,2016-04-09,0,0.1781912147496218,Gradient Boosting,0.0,1.4322355359315295,1.2540443211819077,True
HOUSEHOLD_1_002_TX_1_validation,2016-04-10,0,0.1714661090339139,Gradient Boosting,0.0,1.4255104302158217,1.2540443211819077,True
HOUSEHOLD_1_002_TX_1_validation,2016-04-11,1,0.1604142244560837,Gradient Boosting,0.0,1.4144585456379914,1.2540443211819077,True
HOUSEHOLD_1_002_TX_1_validation,2016-04-12,0,0.1604142244560837,Gradient Boosting,0.0,1.4144585456379914,1.2540443211819077,True
HOUSEHOLD_1_002_TX_1_validation,2016-04-13,0,0.1593846944538529,Gradient Boosting,0.0,1.4134290156357605,1.2540443211819077,True
HOUSEHOLD_1_002_TX_1_validation,2016-04-14,0,0.1593846944538529,Gradient Boosting,0.0,1.4134290156357605,1.2540443211819077,True
HOUSEHOLD_1_002_TX_1_validation,2016-04-15,0,0.1726029822408899,Gradient Boosting,0.0,1.4266473034227976,1.2540443211819077,True
HOUSEHOLD_1_002_TX_1_validation,2016-04-16,0,0.177161684747391,Gradient Boosting,0.0,1.4312060059292986,1.2540443211819077,True
HOUSEHOLD_1_002_TX_1_validation,2016-04-17,1,0.1704365790316831,Gradient Boosting,0.0,1.4244809002135908,1.2540443211819077,True
HOUSEHOLD_1_002_TX_1_validation,2016-04-18,0,0.1593846944538529,Gradient Boosting,0.0,1.4134290156357605,1.2540443211819077,True
HOUSEHOLD_1_002_TX_1_validation,2016-04-19,1,0.1593846944538529,Gradient Boosting,0.0,1.4134290156357605,1.2540443211819077,True
HOUSEHOLD_1_002_TX_1_validation,2016-04-20,1,0.1593846944538529,Gradient Boosting,0.0,1.4134290156357605,1.2540443211819077,True
HOUSEHOLD_1_002_TX_1_validation,2016-04-21,0,0.1593846944538529,Gradient Boosting,0.0,1.4134290156357605,1.2540443211819077,True
HOUSEHOLD_1_002_TX_1_validation,2016-04-22,1,0.1726029822408899,Gradient Boosting,0.0,1.4266473034227976,1.2540443211819077,True
HOUSEHOLD_1_002_TX_1_validation,2016-04-23,0,0.177161684747391,Gradient Boosting,0.0,1.4312060059292986,1.2540443211819077,True
HOUSEHOLD_1_002_TX_1_validation,2016-04-24,0,0.1704365790316831,Gradient Boosting,0.0,1.4244809002135908,1.2540443211819077,True
HOUSEHOLD_1_002_WI_1_validation,2016-03-28,2,0.9506450419736054,Gradient Boosting,0.0,2.204689363155513,1.2540443211819077,True
HOUSEHOLD_1_002_WI_1_validation,2016-03-29,0,0.7555749437593838,Gradient Boosting,0.0,2.0096192649412914,1.2540443211819077,True
HOUSEHOLD_1_002_WI_1_validation,2016-03-30,0,0.9042972314225368,Gradient Boosting,0.0,2.1583415526044445,1.2540443211819077,True
HOUSEHOLD_1_002_WI_1_validation,2016-03-31,1,0.8682658420711615,Gradient Boosting,0.0,2.1223101632530694,1.2540443211819077,True
HOUSEHOLD_1_002_WI_1_validation,2016-04-01,0,0.7709509500109045,Gradient Boosting,0.0,2.0249952711928123,1.2540443211819077,True
HOUSEHOLD_1_002_WI_1_validation,2016-04-02,2,0.9779256609388914,Gradient Boosting,0.0,2.2319699821207992,1.2540443211819077,True
HOUSEHOLD_1_002_WI_1_validation,2016-04-03,4,0.8756488087812319,Gradient Boosting,0.0,2.1296931299631394,1.2540443211819077,False
HOUSEHOLD_1_002_WI_1_validation,2016-04-04,1,0.6540499852728866,Gradient Boosting,0.0,1.9080943064547942,1.2540443211819077,True
HOUSEHOLD_1_002_WI_1_validation,2016-04-05,0,0.6572762344710215,Gradient Boosting,0.0,1.9113205556529291,1.2540443211819077,True
HOUSEHOLD_1_002_WI_1_validation,2016-04-06,0,0.6506791468728698,Gradient Boosting,0.0,1.9047234680547773,1.2540443211819077,True
HOUSEHOLD_1_002_WI_1_validation,2016-04-07,0,0.6756410371518341,Gradient Boosting,0.0,1.9296853583337419,1.2540443211819077,True
HOUSEHOLD_1_002_WI_1_validation,2016-04-08,1,0.785754548258947,Gradient Boosting,0.0,2.0397988694408546,1.2540443211819077,True
HOUSEHOLD_1_002_WI_1_validation,2016-04-09,3,0.9977286603526584,Gradient Boosting,0.0,2.251772981534566,1.2540443211819077,False
HOUSEHOLD_1_002_WI_1_validation,2016-04-10,1,0.8929859486110208,Gradient Boosting,0.0,2.1470302697929284,1.2540443211819077,True
HOUSEHOLD_1_002_WI_1_validation,2016-04-11,1,0.6475376914810075,Gradient Boosting,0.0,1.901582012662915,1.2540443211819077,True
HOUSEHOLD_1_002_WI_1_validation,2016-04-12,0,0.5725090035439231,Gradient Boosting,0.0,1.8265533247258308,1.2540443211819077,True
HOUSEHOLD_1_002_WI_1_validation,2016-04-13,3,0.6822471295169723,Gradient Boosting,0.0,1.93629145069888,1.2540443211819077,False
HOUSEHOLD_1_002_WI_1_validation,2016-04-14,1,0.5479839596082371,Gradient Boosting,0.0,1.8020282807901449,1.2540443211819077,True
HOUSEHOLD_1_002_WI_1_validation,2016-04-15,2,0.6452632798529734,Gradient Boosting,0.0,1.899307601034881,1.2540443211819077,False
HOUSEHOLD_1_002_WI_1_validation,2016-04-16,0,0.8489552331863066,Gradient Boosting,0.0,2.102999554368214,1.2540443211819077,True
HOUSEHOLD_1_002_WI_1_validation,2016-04-17,1,0.7070055566595719,Gradient Boosting,0.0,1.9610498778414795,1.2540443211819077,True
HOUSEHOLD_1_002_WI_1_validation,2016-04-18,2,0.534902749122302,Gradient Boosting,0.0,1.7889470703042096,1.2540443211819077,False
HOUSEHOLD_1_002_WI_1_validation,2016-04-19,0,0.5447577104101022,Gradient Boosting,0.0,1.79880203159201,1.2540443211819077,True
HOUSEHOLD_1_002_WI_1_validation,2016-04-20,0,0.5447577104101022,Gradient Boosting,0.0,1.79880203159201,1.2540443211819077,True
HOUSEHOLD_1_002_WI_1_validation,2016-04-21,1,0.5739422770329661,Gradient Boosting,0.0,1.8279865982148737,1.2540443211819077,True
HOUSEHOLD_1_002_WI_1_validation,2016-04-22,1,0.6525299513866827,Gradient Boosting,0.0,1.9065742725685904,1.2540443211819077,True
HOUSEHOLD_1_002_WI_1_validation,2016-04-23,1,0.8570861019429573,Gradient Boosting,0.0,2.111130423124865,1.2540443211819077,True
HOUSEHOLD_1_002_WI_1_validation,2016-04-24,1,0.7193788599622363,Gradient Boosting,0.0,1.973423181144144,1.2540443211819077,True
