product_id,category,date,quantity,prediction,error,abs_error,fold
P001,Electronics,2024-09-04,48.0,54.84463505424289,-6.844635054242893,6.844635054242893,1
P001,Electronics,2024-09-05,64.0,53.194152452418095,10.805847547581905,10.805847547581905,1
P001,Electronics,2024-09-06,65.0,51.294680779421356,13.705319220578644,13.705319220578644,1
P001,Electronics,2024-09-07,60.0,77.47334975636865,-17.47334975636865,17.47334975636865,1
P001,Electronics,2024-09-08,62.0,71.94516956818715,-9.945169568187154,9.945169568187154,1
P001,Electronics,2024-09-09,56.0,50.78889965066697,5.21110034933303,5.21110034933303,1
P001,Electronics,2024-09-10,39.0,53.04374885323069,-14.043748853230689,14.043748853230689,1
P001,Electronics,2024-09-11,55.0,51.90230032453397,3.097699675466032,3.097699675466032,1
P001,Electronics,2024-09-12,45.0,50.01818241048392,-5.0181824104839166,5.0181824104839166,1
P001,Electronics,2024-09-13,33.0,48.35662917743664,-15.356629177436638,15.356629177436638,1
P001,Electronics,2024-09-14,46.0,67.64006077433406,-21.64006077433406,21.64006077433406,1
P001,Electronics,2024-09-15,92.0,67.55481158434311,24.445188415656887,24.445188415656887,1
P001,Electronics,2024-09-16,44.0,51.47472018112179,-7.474720181121789,7.474720181121789,1
P001,Electronics,2024-09-17,68.0,50.45928497033298,17.54071502966702,17.54071502966702,1
P001,Electronics,2024-09-18,39.0,51.71576105894901,-12.715761058949013,12.715761058949013,1
P001,Electronics,2024-09-19,49.0,49.47252720182736,-0.4725272018273614,0.4725272018273614,1
P001,Electronics,2024-09-20,94.0,60.91465757603399,33.08534242396601,33.08534242396601,1
P001,Electronics,2024-09-21,44.0,67.97817622288918,-23.978176222889175,23.978176222889175,1
P001,Electronics,2024-09-22,28.0,71.51292823710017,-43.51292823710017,43.51292823710017,1
P001,Electronics,2024-09-23,62.0,47.275191634296206,14.724808365703794,14.724808365703794,1
P001,Electronics,2024-09-24,34.0,47.640540208611604,-13.640540208611604,13.640540208611604,1
P001,Electronics,2024-09-25,44.0,49.31751098794912,-5.31751098794912,5.31751098794912,1
P001,Electronics,2024-09-26,37.0,48.503528946186634,-11.503528946186634,11.503528946186634,1
P001,Electronics,2024-09-27,48.0,48.038624532247475,-0.038624532247474974,0.038624532247474974,1
P001,Electronics,2024-09-28,45.0,62.19791544989047,-17.197915449890473,17.197915449890473,1
P001,Electronics,2024-09-29,59.0,63.50050913354918,-4.50050913354918,4.50050913354918,1
P001,Electronics,2024-09-30,51.0,46.97328841774834,4.026711582251657,4.026711582251657,1
P001,Electronics,2024-10-01,31.0,48.65446581192511,-17.654465811925107,17.654465811925107,1
P001,Electronics,2024-10-02,35.0,44.89830095623951,-9.89830095623951,9.89830095623951,1
P001,Electronics,2024-10-03,40.0,46.134044644505224,-6.134044644505224,6.134044644505224,1
P001,Electronics,2024-10-04,26.0,46.88226802689535,-20.882268026895353,20.882268026895353,1
P001,Electronics,2024-10-05,55.0,54.94924243256112,0.05075756743887894,0.05075756743887894,1
P001,Electronics,2024-10-06,65.0,55.75232611469876,9.24767388530124,9.24767388530124,1
P001,Electronics,2024-10-07,40.0,45.57472862172955,-5.574728621729548,5.574728621729548,1
P001,Electronics,2024-10-08,41.0,41.05645026292071,-0.056450262920712646,0.056450262920712646,1
P001,Electronics,2024-10-09,45.0,42.545413353779175,2.4545866462208252,2.4545866462208252,1
P001,Electronics,2024-10-10,36.0,42.17680527492231,-6.176805274922309,6.176805274922309,1
P001,Electronics,2024-10-11,54.0,40.69105839017846,13.308941609821538,13.308941609821538,1
P001,Electronics,2024-10-12,91.0,55.97093611410595,35.02906388589405,35.02906388589405,1
P001,Electronics,2024-10-13,55.0,59.0959121887699,-4.095912188769901,4.095912188769901,1
P001,Electronics,2024-10-14,52.0,43.877013867132995,8.122986132867005,8.122986132867005,1
P001,Electronics,2024-10-15,42.0,43.658898264755706,-1.658898264755706,1.658898264755706,1
P001,Electronics,2024-10-16,51.0,43.172293673511426,7.827706326488574,7.827706326488574,1
P001,Electronics,2024-10-17,67.0,43.70295931947843,23.29704068052157,23.29704068052157,1
P001,Electronics,2024-10-18,53.0,46.62953623963287,6.37046376036713,6.37046376036713,1
P001,Electronics,2024-10-19,31.0,61.01412616941234,-30.014126169412343,30.014126169412343,1
P001,Electronics,2024-10-20,74.0,57.52415045371248,16.47584954628752,16.47584954628752,1
P001,Electronics,2024-10-21,105.0,75.72754526823906,29.272454731760945,29.272454731760945,1
P001,Electronics,2024-10-22,44.0,46.896175809759534,-2.8961758097595336,2.8961758097595336,1
P001,Electronics,2024-10-23,61.0,48.56345803804221,12.436541961957793,12.436541961957793,1
P001,Electronics,2024-10-24,38.0,51.05936444753298,-13.059364447532978,13.059364447532978,1
P001,Electronics,2024-10-25,27.0,50.23406085285015,-23.23406085285015,23.23406085285015,1
P001,Electronics,2024-10-26,70.0,60.025321149813564,9.974678850186436,9.974678850186436,1
P001,Electronics,2024-10-27,33.0,64.8139358843533,-31.8139358843533,31.8139358843533,1
P001,Electronics,2024-10-28,45.0,50.23069121397462,-5.230691213974623,5.230691213974623,1
P001,Electronics,2024-10-29,67.0,45.002204519041264,21.997795480958736,21.997795480958736,1
P001,Electronics,2024-10-30,21.0,49.844722485742025,-28.844722485742025,28.844722485742025,1
P001,Electronics,2024-10-31,31.0,46.49144727391332,-15.491447273913323,15.491447273913323,1
P001,Electronics,2024-11-01,35.0,44.768720258071426,-9.768720258071426,9.768720258071426,1
P001,Electronics,2024-11-02,69.0,59.356588812834275,9.643411187165725,9.643411187165725,1
P001,Electronics,2024-11-03,63.0,64.10361560187495,-1.1036156018749494,1.1036156018749494,2
P001,Electronics,2024-11-04,72.0,48.085156987411466,23.914843012588534,23.914843012588534,2
P001,Electronics,2024-11-05,65.0,51.24936717014821,13.750632829851789,13.750632829851789,2
P001,Electronics,2024-11-06,59.0,49.00344986805892,9.996550131941078,9.996550131941078,2
P001,Electronics,2024-11-07,54.0,48.101692548822435,5.8983074511775655,5.8983074511775655,2
P001,Electronics,2024-11-08,58.0,50.76630765798775,7.233692342012247,7.233692342012247,2
P001,Electronics,2024-11-09,55.0,72.18395057357293,-17.18395057357293,17.18395057357293,2
P001,Electronics,2024-11-10,93.0,66.37536620558997,26.62463379441003,26.62463379441003,2
P001,Electronics,2024-11-11,36.0,55.15918092251634,-19.15918092251634,19.15918092251634,2
P001,Electronics,2024-11-12,67.0,51.847293646435446,15.152706353564554,15.152706353564554,2
P001,Electronics,2024-11-13,73.0,51.81156989412632,21.188430105873678,21.188430105873678,2
P001,Electronics,2024-11-14,58.0,54.805928663470524,3.1940713365294755,3.1940713365294755,2
P001,Electronics,2024-11-15,52.0,54.015905570644996,-2.015905570644996,2.015905570644996,2
P001,Electronics,2024-11-16,87.0,70.12409855789542,16.875901442104578,16.875901442104578,2
P001,Electronics,2024-11-17,12.0,78.65744083939468,-66.65744083939468,66.65744083939468,2
P001,Electronics,2024-11-18,61.0,53.079127939587046,7.920872060412954,7.920872060412954,2
P001,Electronics,2024-11-19,55.0,55.317991885679334,-0.31799188567933356,0.31799188567933356,2
P001,Electronics,2024-11-20,56.0,55.86907241901825,0.13092758098174784,0.13092758098174784,2
P001,Electronics,2024-11-21,70.0,53.10910813842767,16.890891861572328,16.890891861572328,2
P001,Electronics,2024-11-22,57.0,53.745989251219214,3.254010748780786,3.254010748780786,2
P001,Electronics,2024-11-23,54.0,74.33542541122124,-20.335425411221237,20.335425411221237,2
P001,Electronics,2024-11-24,79.0,69.90667224454643,9.093327755453572,9.093327755453572,2
P001,Electronics,2024-11-25,61.0,55.43765536786905,5.5623446321309515,5.5623446321309515,2
P001,Electronics,2024-11-26,62.0,55.84658434847378,6.153415651526217,6.153415651526217,2
P001,Electronics,2024-11-27,63.0,56.56260391534161,6.437396084658388,6.437396084658388,2
P001,Electronics,2024-11-28,80.0,57.35160782326286,22.64839217673714,22.64839217673714,2
P001,Electronics,2024-11-29,78.0,126.10027068869073,-48.10027068869073,48.10027068869073,2
P001,Electronics,2024-11-30,92.0,76.86735886461986,15.13264113538014,15.13264113538014,2
P001,Electronics,2024-12-01,121.0,79.15768887660211,41.84231112339789,41.84231112339789,2
P001,Electronics,2024-12-02,31.0,64.09684182670591,-33.09684182670591,33.09684182670591,2
P001,Electronics,2024-12-03,67.0,59.12878635248256,7.871213647517443,7.871213647517443,2
P001,Electronics,2024-12-04,53.0,60.428060115609426,-7.428060115609426,7.428060115609426,2
P001,Electronics,2024-12-05,58.0,61.76891913048314,-3.768919130483141,3.768919130483141,2
P001,Electronics,2024-12-06,48.0,61.44329011786482,-13.44329011786482,13.44329011786482,2
P001,Electronics,2024-12-07,88.0,79.26086631935335,8.739133680646646,8.739133680646646,2
P001,Electronics,2024-12-08,144.0,89.06943926041882,54.93056073958118,54.93056073958118,2
P001,Electronics,2024-12-09,42.0,60.7438659371418,-18.7438659371418,18.7438659371418,2
P001,Electronics,2024-12-10,44.0,64.71539143502054,-20.715391435020535,20.715391435020535,2
P001,Electronics,2024-12-11,42.0,61.50835552301743,-19.50835552301743,19.50835552301743,2
P001,Electronics,2024-12-12,104.0,61.3415493810354,42.6584506189646,42.6584506189646,2
P001,Electronics,2024-12-13,60.0,61.35284730701097,-1.3528473070109683,1.3528473070109683,2
P001,Electronics,2024-12-14,97.0,86.22358893473633,10.776411065263673,10.776411065263673,2
P001,Electronics,2024-12-15,87.0,87.03065619263069,-0.030656192630686974,0.030656192630686974,2
P001,Electronics,2024-12-16,51.0,61.9391504679846,-10.939150467984597,10.939150467984597,2
P001,Electronics,2024-12-17,66.0,61.312882056627686,4.687117943372314,4.687117943372314,2
P001,Electronics,2024-12-18,124.0,62.16237676359078,61.83762323640922,61.83762323640922,2
P001,Electronics,2024-12-19,102.0,71.7013531054801,30.298646894519905,30.298646894519905,2
P001,Electronics,2024-12-20,55.0,67.62158626906304,-12.621586269063044,12.621586269063044,2
P001,Electronics,2024-12-21,123.0,90.29695362130752,32.70304637869248,32.70304637869248,2
P001,Electronics,2024-12-22,79.0,102.85685765540546,-23.856857655405463,23.856857655405463,2
P001,Electronics,2024-12-23,36.0,69.28703353023384,-33.28703353023384,33.28703353023384,2
P001,Electronics,2024-12-24,98.0,68.8551917642602,29.144808235739802,29.144808235739802,2
P001,Electronics,2024-12-25,192.0,161.57510618544362,30.424893814556384,30.424893814556384,2
P001,Electronics,2024-12-26,100.0,76.79978829632509,23.20021170367491,23.20021170367491,2
P001,Electronics,2024-12-27,67.0,74.26635023676575,-7.266350236765746,7.266350236765746,2
P001,Electronics,2024-12-28,104.0,95.19003846952472,8.809961530475277,8.809961530475277,2
P001,Electronics,2024-12-29,216.0,156.46475267696005,59.535247323039954,59.535247323039954,2
P001,Electronics,2024-12-30,88.0,74.63045609561676,13.369543904383235,13.369543904383235,2
P001,Electronics,2024-12-31,70.0,84.23414767717699,-14.234147677176992,14.234147677176992,2
P001,Electronics,2025-01-01,78.0,188.98900079832325,-110.98900079832325,110.98900079832325,2
P001,Electronics,2025-01-02,83.0,82.61433397684068,0.38566602315931675,0.38566602315931675,3
P001,Electronics,2025-01-03,107.0,84.10962788734432,22.890372112655683,22.890372112655683,3
P001,Electronics,2025-01-04,74.0,103.61311349756227,-29.613113497562267,29.613113497562267,3
P001,Electronics,2025-01-05,137.0,116.85956685260133,20.140433147398667,20.140433147398667,3
P001,Electronics,2025-01-06,91.0,84.41520833716511,6.584791662834888,6.584791662834888,3
P001,Electronics,2025-01-07,102.0,89.15917622597291,12.840823774027086,12.840823774027086,3
P001,Electronics,2025-01-08,106.0,91.61004572448228,14.389954275517724,14.389954275517724,3
P001,Electronics,2025-01-09,67.0,90.96793041017484,-23.967930410174844,23.967930410174844,3
P001,Electronics,2025-01-10,44.0,89.88318048343324,-45.883180483433236,45.883180483433236,3
P001,Electronics,2025-01-11,101.0,102.20730386359678,-1.2073038635967777,1.2073038635967777,3
P001,Electronics,2025-01-12,153.0,105.73884220983444,47.261157790165555,47.261157790165555,3
P001,Electronics,2025-01-13,73.0,86.68245076093567,-13.682450760935666,13.682450760935666,3
P001,Electronics,2025-01-14,80.0,102.92884036105478,-22.92884036105478,22.92884036105478,3
P001,Electronics,2025-01-15,41.0,91.94244476156531,-50.94244476156531,50.94244476156531,3
P001,Electronics,2025-01-16,134.0,87.07942112036707,46.92057887963293,46.92057887963293,3
P001,Electronics,2025-01-17,111.0,86.6574578301754,24.342542169824597,24.342542169824597,3
P001,Electronics,2025-01-18,155.0,107.40651752050138,47.59348247949862,47.59348247949862,3
P001,Electronics,2025-01-19,163.0,117.13683560958441,45.86316439041559,45.86316439041559,3
P001,Electronics,2025-01-20,106.0,97.89645238315042,8.103547616849582,8.103547616849582,3
P001,Electronics,2025-01-21,85.0,98.41420618939462,-13.41420618939462,13.41420618939462,3
P001,Electronics,2025-01-22,87.0,98.39650687216802,-11.396506872168018,11.396506872168018,3
P001,Electronics,2025-01-23,81.0,96.26785928772533,-15.26785928772533,15.26785928772533,3
P001,Electronics,2025-01-24,277.0,156.41534988769908,120.58465011230092,120.58465011230092,3
P001,Electronics,2025-01-25,153.0,125.43912047963293,27.560879520367067,27.560879520367067,3
P001,Electronics,2025-01-26,114.0,130.8230727937659,-16.823072793765903,16.823072793765903,3
P001,Electronics,2025-01-27,108.0,99.29556168397352,8.704438316026483,8.704438316026483,3
P001,Electronics,2025-01-28,67.0,102.050691323869,-35.050691323869,35.050691323869,3
P001,Electronics,2025-01-29,138.0,103.31177150750631,34.68822849249369,34.68822849249369,3
P001,Electronics,2025-01-30,77.0,100.78285394166093,-23.78285394166093,23.78285394166093,3
P001,Electronics,2025-01-31,111.0,114.71653617548519,-3.7165361754851887,3.7165361754851887,3
P001,Electronics,2025-02-01,180.0,127.54486050545248,52.455139494547524,52.455139494547524,3
P001,Electronics,2025-02-02,153.0,132.05605757615345,20.94394242384655,20.94394242384655,3
P001,Electronics,2025-02-03,101.0,104.80412631092264,-3.8041263109226406,3.8041263109226406,3
P001,Electronics,2025-02-04,99.0,106.5219505203601,-7.521950520360093,7.521950520360093,3
P001,Electronics,2025-02-05,98.0,110.20809220637591,-12.208092206375909,12.208092206375909,3
P001,Electronics,2025-02-06,83.0,107.73246254052538,-24.732462540525376,24.732462540525376,3
P001,Electronics,2025-02-07,87.0,107.08088181290246,-20.08088181290246,20.08088181290246,3
P001,Electronics,2025-02-08,203.0,140.71700223231923,62.28299776768077,62.28299776768077,3
P001,Electronics,2025-02-09,137.0,156.04060090332788,-19.040600903327885,19.040600903327885,3
P001,Electronics,2025-02-10,78.0,110.13602434940984,-32.13602434940984,32.13602434940984,3
P001,Electronics,2025-02-11,86.0,107.63670898164878,-21.63670898164878,21.63670898164878,3
P001,Electronics,2025-02-12,136.0,110.18926696064801,25.810733039351987,25.810733039351987,3
P001,Electronics,2025-02-13,123.0,114.58824331107293,8.41175668892707,8.41175668892707,3
P001,Electronics,2025-02-14,183.0,159.23894009950084,23.761059900499163,23.761059900499163,3
P001,Electronics,2025-02-15,134.0,153.2680569829017,-19.268056982901697,19.268056982901697,3
P001,Electronics,2025-02-16,171.0,155.63510219613505,15.364897803864949,15.364897803864949,3
P001,Electronics,2025-02-17,85.0,110.91401793854115,-25.91401793854115,25.91401793854115,3
P001,Electronics,2025-02-18,97.0,111.12413657736775,-14.12413657736775,14.12413657736775,3
P001,Electronics,2025-02-19,135.0,115.62660608441817,19.37339391558183,19.37339391558183,3
P001,Electronics,2025-02-20,133.0,113.24340782130326,19.756592178696735,19.756592178696735,3
P001,Electronics,2025-02-21,75.0,125.19521585755415,-50.195215857554146,50.195215857554146,3
P001,Electronics,2025-02-22,112.0,145.11895572274597,-33.118955722745966,33.118955722745966,3
P001,Electronics,2025-02-23,155.0,138.30309349687323,16.69690650312677,16.69690650312677,3
P001,Electronics,2025-02-24,162.0,111.44597293003994,50.55402706996006,50.55402706996006,3
P001,Electronics,2025-02-25,47.0,111.90381548753318,-64.90381548753318,64.90381548753318,3
P001,Electronics,2025-02-26,117.0,122.11883654738726,-5.118836547387261,5.118836547387261,3
P001,Electronics,2025-02-27,64.0,112.0778036375824,-48.077803637582406,48.077803637582406,3
P001,Electronics,2025-02-28,88.0,111.34698851881161,-23.346988518811614,23.346988518811614,3
P001,Electronics,2025-03-01,136.0,135.3275592253401,0.6724407746598899,0.6724407746598899,3
P001,Electronics,2025-03-02,134.0,145.38330662432446,-11.383306624324462,11.383306624324462,3
P001,Electronics,2025-03-03,92.0,109.86460608169436,-17.86460608169436,17.86460608169436,4
P001,Electronics,2025-03-04,110.0,104.12010065164245,5.879899348357554,5.879899348357554,4
P001,Electronics,2025-03-05,92.0,107.09779249410964,-15.09779249410964,15.09779249410964,4
P001,Electronics,2025-03-06,62.0,105.80129393570785,-43.80129393570785,43.80129393570785,4
P001,Electronics,2025-03-07,136.0,103.9314486623075,32.0685513376925,32.0685513376925,4
P001,Electronics,2025-03-08,190.0,140.56135926909047,49.438640730909526,49.438640730909526,4
P001,Electronics,2025-03-09,194.0,137.53756241739507,56.462437582604935,56.462437582604935,4
P001,Electronics,2025-03-10,60.0,111.48057922518157,-51.48057922518157,51.48057922518157,4
P001,Electronics,2025-03-11,121.0,110.39254301867733,10.60745698132267,10.60745698132267,4
P001,Electronics,2025-03-12,197.0,148.26141024734497,48.73858975265503,48.73858975265503,4
P001,Electronics,2025-03-13,77.0,115.6014762662293,-38.6014762662293,38.6014762662293,4
P001,Electronics,2025-03-14,112.0,121.09799703305876,-9.09799703305876,9.09799703305876,4
P001,Electronics,2025-03-15,152.0,150.7835794058546,1.2164205941454043,1.2164205941454043,4
P001,Electronics,2025-03-16,243.0,154.50461602613566,88.49538397386434,88.49538397386434,4
P001,Electronics,2025-03-17,176.0,108.71983747840096,67.28016252159904,67.28016252159904,4
P001,Electronics,2025-03-18,57.0,109.69807195083854,-52.69807195083854,52.69807195083854,4
P001,Electronics,2025-03-19,195.0,115.4404699002188,79.5595300997812,79.5595300997812,4
P001,Electronics,2025-03-20,82.0,112.20045018612859,-30.20045018612859,30.20045018612859,4
P001,Electronics,2025-03-21,145.0,106.7844679407653,38.215532059234704,38.215532059234704,4
P001,Electronics,2025-03-22,204.0,148.88282511497982,55.11717488502018,55.11717488502018,4
P001,Electronics,2025-03-23,112.0,165.3037892199437,-53.303789219943695,53.303789219943695,4
P001,Electronics,2025-03-24,129.0,117.07522188695052,11.924778113049484,11.924778113049484,4
P001,Electronics,2025-03-25,109.0,103.52937987861816,5.470620121381842,5.470620121381842,4
P001,Electronics,2025-03-26,131.0,115.07484506440886,15.925154935591138,15.925154935591138,4
P001,Electronics,2025-03-27,121.0,108.62991665325335,12.370083346746654,12.370083346746654,4
P001,Electronics,2025-03-28,153.0,116.53352382172598,36.46647617827402,36.46647617827402,4
P001,Electronics,2025-03-29,162.0,174.42437302970805,-12.42437302970805,12.42437302970805,4
P001,Electronics,2025-03-30,151.0,161.90608129507726,-10.906081295077257,10.906081295077257,4
P001,Electronics,2025-03-31,150.0,114.22468995998855,35.77531004001145,35.77531004001145,4
P001,Electronics,2025-04-01,132.0,115.21213178671306,16.78786821328694,16.78786821328694,4
P001,Electronics,2025-04-02,138.0,114.17423657150695,23.825763428493048,23.825763428493048,4
P001,Electronics,2025-04-03,91.0,120.7892738376082,-29.789273837608206,29.789273837608206,4
P001,Electronics,2025-04-04,78.0,127.40221721089219,-49.40221721089219,49.40221721089219,4
P001,Electronics,2025-04-05,218.0,291.71749683773925,-73.71749683773925,73.71749683773925,4
P001,Electronics,2025-04-06,129.0,165.40103472223265,-36.40103472223265,36.40103472223265,4
P001,Electronics,2025-04-07,139.0,120.67674427372405,18.323255726275946,18.323255726275946,4
P001,Electronics,2025-04-08,145.0,118.27020291479455,26.729797085205448,26.729797085205448,4
P001,Electronics,2025-04-09,107.0,126.6391838989384,-19.6391838989384,19.6391838989384,4
P001,Electronics,2025-04-10,160.0,113.76724644592883,46.23275355407117,46.23275355407117,4
P001,Electronics,2025-04-11,158.0,115.62337085499148,42.37662914500852,42.37662914500852,4
P001,Electronics,2025-04-12,169.0,154.80444813145888,14.195551868541116,14.195551868541116,4
P001,Electronics,2025-04-13,119.0,141.58059177420245,-22.580591774202446,22.580591774202446,4
P001,Electronics,2025-04-14,164.0,127.22715568789748,36.77284431210252,36.77284431210252,4
P001,Electronics,2025-04-15,110.0,127.23327214690295,-17.233272146902948,17.233272146902948,4
P001,Electronics,2025-04-16,116.0,122.30660379238054,-6.3066037923805425,6.3066037923805425,4
P001,Electronics,2025-04-17,100.0,116.33251864890472,-16.332518648904724,16.332518648904724,4
P001,Electronics,2025-04-18,82.0,120.846544289261,-38.846544289261004,38.846544289261004,4
P001,Electronics,2025-04-19,88.0,147.77604003508296,-59.77604003508296,59.77604003508296,4
P001,Electronics,2025-04-20,185.0,143.55715665062937,41.442843349370634,41.442843349370634,4
P001,Electronics,2025-04-21,85.0,123.15724273375024,-38.15724273375024,38.15724273375024,4
P001,Electronics,2025-04-22,211.0,113.46679555763382,97.53320444236618,97.53320444236618,4
P001,Electronics,2025-04-23,75.0,114.6447701323763,-39.644770132376294,39.644770132376294,4
P001,Electronics,2025-04-24,69.0,115.73729476572753,-46.737294765727526,46.737294765727526,4
P001,Electronics,2025-04-25,126.0,116.30451901615035,9.695480983849649,9.695480983849649,4
P001,Electronics,2025-04-26,224.0,150.99623769694415,73.00376230305585,73.00376230305585,4
P001,Electronics,2025-04-27,157.0,160.78766307296573,-3.787663072965728,3.787663072965728,4
P001,Electronics,2025-04-28,128.0,115.12515179408055,12.874848205919449,12.874848205919449,4
P001,Electronics,2025-04-29,50.0,118.61295292848783,-68.61295292848783,68.61295292848783,4
P001,Electronics,2025-04-30,87.0,111.61193701820113,-24.611937018201132,24.611937018201132,4
P001,Electronics,2025-05-01,74.0,107.27214431668833,-33.272144316688326,33.272144316688326,4
P002,Home & Kitchen,2024-09-04,56.0,81.49727980702109,-25.497279807021087,25.497279807021087,1
P002,Home & Kitchen,2024-09-05,100.0,116.88269082912336,-16.882690829123362,16.882690829123362,1
P002,Home & Kitchen,2024-09-06,69.0,79.52920879809919,-10.52920879809919,10.52920879809919,1
P002,Home & Kitchen,2024-09-07,82.0,101.95717404063707,-19.95717404063707,19.95717404063707,1
P002,Home & Kitchen,2024-09-08,59.0,95.91486794280611,-36.91486794280611,36.91486794280611,1
P002,Home & Kitchen,2024-09-09,113.0,73.6616421821257,39.3383578178743,39.3383578178743,1
P002,Home & Kitchen,2024-09-10,84.0,74.81309080363147,9.186909196368532,9.186909196368532,1
P002,Home & Kitchen,2024-09-11,72.0,73.42133630331485,-1.4213363033148454,1.4213363033148454,1
P002,Home & Kitchen,2024-09-12,113.0,88.02417827688242,24.975821723117576,24.975821723117576,1
P002,Home & Kitchen,2024-09-13,87.0,79.5253956684005,7.474604331599494,7.474604331599494,1
P002,Home & Kitchen,2024-09-14,106.0,102.88908377093033,3.110916229069673,3.110916229069673,1
P002,Home & Kitchen,2024-09-15,118.0,98.48163508845754,19.518364911542463,19.518364911542463,1
P002,Home & Kitchen,2024-09-16,80.0,81.66668268472777,-1.6666826847277747,1.6666826847277747,1
P002,Home & Kitchen,2024-09-17,91.0,81.93183836703886,9.068161632961136,9.068161632961136,1
P002,Home & Kitchen,2024-09-18,93.0,81.53220771118583,11.467792288814167,11.467792288814167,1
P002,Home & Kitchen,2024-09-19,80.0,82.82330974784377,-2.8233097478437656,2.8233097478437656,1
P002,Home & Kitchen,2024-09-20,72.0,81.53092194906144,-9.530921949061437,9.530921949061437,1
P002,Home & Kitchen,2024-09-21,141.0,100.14469651680744,40.85530348319256,40.85530348319256,1
P002,Home & Kitchen,2024-09-22,85.0,99.42175598122502,-14.421755981225019,14.421755981225019,1
P002,Home & Kitchen,2024-09-23,85.0,80.23745221889757,4.762547781102427,4.762547781102427,1
P002,Home & Kitchen,2024-09-24,86.0,82.94777770063571,3.0522222993642885,3.0522222993642885,1
P002,Home & Kitchen,2024-09-25,63.0,83.9283997367318,-20.928399736731805,20.928399736731805,1
P002,Home & Kitchen,2024-09-26,59.0,78.004657708862,-19.004657708862,19.004657708862,1
P002,Home & Kitchen,2024-09-27,69.0,79.76489116673876,-10.764891166738764,10.764891166738764,1
P002,Home & Kitchen,2024-09-28,84.0,104.9458165930451,-20.945816593045095,20.945816593045095,1
P002,Home & Kitchen,2024-09-29,57.0,92.208951640788,-35.208951640788,35.208951640788,1
P002,Home & Kitchen,2024-09-30,62.0,73.40840785510919,-11.40840785510919,11.40840785510919,1
P002,Home & Kitchen,2024-10-01,82.0,74.51253391709142,7.487466082908583,7.487466082908583,1
P002,Home & Kitchen,2024-10-02,180.0,137.50838764725987,42.491612352740134,42.491612352740134,1
P002,Home & Kitchen,2024-10-03,89.0,76.42874183897959,12.57125816102041,12.57125816102041,1
P002,Home & Kitchen,2024-10-04,19.0,76.9607569448878,-57.960756944887805,57.960756944887805,1
P002,Home & Kitchen,2024-10-05,116.0,97.83122283904204,18.16877716095796,18.16877716095796,1
P002,Home & Kitchen,2024-10-06,82.0,93.96309441269128,-11.963094412691277,11.963094412691277,1
P002,Home & Kitchen,2024-10-07,87.0,76.7155480290214,10.284451970978594,10.284451970978594,1
P002,Home & Kitchen,2024-10-08,76.0,76.7155480290214,-0.7155480290214058,0.7155480290214058,1
P002,Home & Kitchen,2024-10-09,72.0,75.98466658130026,-3.98466658130026,3.98466658130026,1
P002,Home & Kitchen,2024-10-10,130.0,135.85213012338576,-5.852130123385763,5.852130123385763,1
P002,Home & Kitchen,2024-10-11,76.0,75.2162205679532,0.7837794320467992,0.7837794320467992,1
P002,Home & Kitchen,2024-10-12,136.0,98.24956710141714,37.75043289858286,37.75043289858286,1
P002,Home & Kitchen,2024-10-13,98.0,99.14324946044145,-1.143249460441453,1.143249460441453,1
P002,Home & Kitchen,2024-10-14,101.0,78.70393175959111,22.296068240408886,22.296068240408886,1
P002,Home & Kitchen,2024-10-15,98.0,78.74016132919692,19.259838670803077,19.259838670803077,1
P002,Home & Kitchen,2024-10-16,92.0,82.23893310016665,9.761066899833352,9.761066899833352,1
P002,Home & Kitchen,2024-10-17,38.0,78.0525400228543,-40.0525400228543,40.0525400228543,1
P002,Home & Kitchen,2024-10-18,102.0,78.3793677034797,23.6206322965203,23.6206322965203,1
P002,Home & Kitchen,2024-10-19,86.0,107.00853951304451,-21.00853951304451,21.00853951304451,1
P002,Home & Kitchen,2024-10-20,119.0,94.74098473604172,24.259015263958275,24.259015263958275,1
P002,Home & Kitchen,2024-10-21,56.0,80.72479184734303,-24.724791847343027,24.724791847343027,1
P002,Home & Kitchen,2024-10-22,51.0,78.56107566138098,-27.561075661380983,27.561075661380983,1
P002,Home & Kitchen,2024-10-23,122.0,74.80677597474484,47.19322402525516,47.19322402525516,1
P002,Home & Kitchen,2024-10-24,56.0,78.5688351817182,-22.5688351817182,22.5688351817182,1
P002,Home & Kitchen,2024-10-25,132.0,94.3147939037366,37.6852060962634,37.6852060962634,1
P002,Home & Kitchen,2024-10-26,103.0,101.0373108637113,1.9626891362887022,1.9626891362887022,1
P002,Home & Kitchen,2024-10-27,110.0,112.44593845951847,-2.445938459518473,2.445938459518473,1
P002,Home & Kitchen,2024-10-28,77.0,83.07623452847614,-6.076234528476135,6.076234528476135,1
P002,Home & Kitchen,2024-10-29,49.0,83.08176761859336,-34.08176761859336,34.08176761859336,1
P002,Home & Kitchen,2024-10-30,78.0,83.00398276460383,-5.003982764603833,5.003982764603833,1
P002,Home & Kitchen,2024-10-31,54.0,78.98401806437462,-24.984018064374624,24.984018064374624,1
P002,Home & Kitchen,2024-11-01,70.0,77.0956578499996,-7.095657849999597,7.095657849999597,1
P002,Home & Kitchen,2024-11-02,127.0,100.51468697144814,26.485313028551857,26.485313028551857,1
P002,Home & Kitchen,2024-11-03,146.0,124.4133179435419,21.586682056458102,21.586682056458102,2
P002,Home & Kitchen,2024-11-04,45.0,82.62160592840787,-37.621605928407874,37.621605928407874,2
P002,Home & Kitchen,2024-11-05,98.0,77.73790938665863,20.26209061334137,20.26209061334137,2
P002,Home & Kitchen,2024-11-06,79.0,79.72483773229442,-0.724837732294418,0.724837732294418,2
P002,Home & Kitchen,2024-11-07,67.0,80.9147550864837,-13.914755086483694,13.914755086483694,2
P002,Home & Kitchen,2024-11-08,97.0,77.18469809324469,19.81530190675531,19.81530190675531,2
P002,Home & Kitchen,2024-11-09,97.0,104.7061208165644,-7.706120816564393,7.706120816564393,2
P002,Home & Kitchen,2024-11-10,95.0,145.57808594450825,-50.578085944508246,50.578085944508246,2
P002,Home & Kitchen,2024-11-11,224.0,77.48291002812475,146.51708997187524,146.51708997187524,2
P002,Home & Kitchen,2024-11-12,80.0,85.5688117387957,-5.568811738795702,5.568811738795702,2
P002,Home & Kitchen,2024-11-13,78.0,86.07011859828108,-8.070118598281084,8.070118598281084,2
P002,Home & Kitchen,2024-11-14,71.0,83.63308545287171,-12.633085452871711,12.633085452871711,2
P002,Home & Kitchen,2024-11-15,108.0,86.68605822653807,21.313941773461934,21.313941773461934,2
P002,Home & Kitchen,2024-11-16,88.0,106.13930767641095,-18.13930767641095,18.13930767641095,2
P002,Home & Kitchen,2024-11-17,58.0,105.08984881053766,-47.08984881053766,47.08984881053766,2
P002,Home & Kitchen,2024-11-18,65.0,76.13309529231944,-11.133095292319439,11.133095292319439,2
P002,Home & Kitchen,2024-11-19,112.0,80.97810001783073,31.021899982169273,31.021899982169273,2
P002,Home & Kitchen,2024-11-20,101.0,85.45042885276364,15.549571147236364,15.549571147236364,2
P002,Home & Kitchen,2024-11-21,123.0,141.1195504817438,-18.1195504817438,18.1195504817438,2
P002,Home & Kitchen,2024-11-22,114.0,89.87381641819641,24.126183581803588,24.126183581803588,2
P002,Home & Kitchen,2024-11-23,128.0,102.65249249307567,25.34750750692433,25.34750750692433,2
P002,Home & Kitchen,2024-11-24,97.0,104.35553347573233,-7.355533475732329,7.355533475732329,2
P002,Home & Kitchen,2024-11-25,79.0,89.05788486083469,-10.05788486083469,10.05788486083469,2
P002,Home & Kitchen,2024-11-26,90.0,83.3561762651623,6.643823734837696,6.643823734837696,2
P002,Home & Kitchen,2024-11-27,63.0,86.06122096648751,-23.06122096648751,23.06122096648751,2
P002,Home & Kitchen,2024-11-28,83.0,83.65686506010245,-0.6568650601024473,0.6568650601024473,2
P002,Home & Kitchen,2024-11-29,249.0,206.68173139497657,42.318268605023434,42.318268605023434,2
P002,Home & Kitchen,2024-11-30,55.0,114.27982766211626,-59.27982766211626,59.27982766211626,2
P002,Home & Kitchen,2024-12-01,101.0,106.1155299945801,-5.1155299945801005,5.1155299945801005,2
P002,Home & Kitchen,2024-12-02,77.0,83.81755972236812,-6.817559722368117,6.817559722368117,2
P002,Home & Kitchen,2024-12-03,109.0,89.46638207765254,19.53361792234746,19.53361792234746,2
P002,Home & Kitchen,2024-12-04,40.0,88.48597903466087,-48.48597903466087,48.48597903466087,2
P002,Home & Kitchen,2024-12-05,75.0,86.81173978264732,-11.811739782647322,11.811739782647322,2
P002,Home & Kitchen,2024-12-06,110.0,124.11042242586785,-14.110422425867853,14.110422425867853,2
P002,Home & Kitchen,2024-12-07,139.0,104.26056213206132,34.739437867938676,34.739437867938676,2
P002,Home & Kitchen,2024-12-08,108.0,106.42438270004915,1.5756172999508493,1.5756172999508493,2
P002,Home & Kitchen,2024-12-09,129.0,86.15662171454474,42.84337828545526,42.84337828545526,2
P002,Home & Kitchen,2024-12-10,102.0,87.06027148943761,14.93972851056239,14.93972851056239,2
P002,Home & Kitchen,2024-12-11,76.0,85.1284603949127,-9.128460394912693,9.128460394912693,2
P002,Home & Kitchen,2024-12-12,92.0,87.18456388789521,4.815436112104791,4.815436112104791,2
P002,Home & Kitchen,2024-12-13,78.0,97.07011986228402,-19.070119862284017,19.070119862284017,2
P002,Home & Kitchen,2024-12-14,138.0,107.15546755717621,30.84453244282379,30.84453244282379,2
P002,Home & Kitchen,2024-12-15,69.0,105.0193812485952,-36.019381248595195,36.019381248595195,2
P002,Home & Kitchen,2024-12-16,66.0,88.35356626149286,-22.35356626149286,22.35356626149286,2
P002,Home & Kitchen,2024-12-17,99.0,89.5998300634751,9.400169936524904,9.400169936524904,2
P002,Home & Kitchen,2024-12-18,118.0,88.27357565983186,29.726424340168137,29.726424340168137,2
P002,Home & Kitchen,2024-12-19,32.0,90.13378270321394,-58.13378270321394,58.13378270321394,2
P002,Home & Kitchen,2024-12-20,123.0,88.82872718474411,34.17127281525589,34.17127281525589,2
P002,Home & Kitchen,2024-12-21,108.0,113.02863137527328,-5.028631375273278,5.028631375273278,2
P002,Home & Kitchen,2024-12-22,52.0,104.43561876668726,-52.435618766687256,52.435618766687256,2
P002,Home & Kitchen,2024-12-23,12.0,85.71855682796337,-73.71855682796337,73.71855682796337,2
P002,Home & Kitchen,2024-12-24,50.0,84.29241045239088,-34.29241045239088,34.29241045239088,2
P002,Home & Kitchen,2024-12-25,244.0,175.8385103205131,68.16148967948689,68.16148967948689,2
P002,Home & Kitchen,2024-12-26,88.0,81.95283741198725,6.047162588012753,6.047162588012753,2
P002,Home & Kitchen,2024-12-27,106.0,82.88420984586676,23.115790154133236,23.115790154133236,2
P002,Home & Kitchen,2024-12-28,97.0,104.14368545884287,-7.143685458842867,7.143685458842867,2
P002,Home & Kitchen,2024-12-29,79.0,98.1515976225443,-19.1515976225443,19.1515976225443,2
P002,Home & Kitchen,2024-12-30,80.0,83.02144809530346,-3.0214480953034553,3.0214480953034553,2
P002,Home & Kitchen,2024-12-31,91.0,85.04606715030268,5.953932849697324,5.953932849697324,2
P002,Home & Kitchen,2025-01-01,352.0,165.25266305153585,186.74733694846415,186.74733694846415,2
P002,Home & Kitchen,2025-01-02,70.0,94.0977541431041,-24.097754143104098,24.097754143104098,3
P002,Home & Kitchen,2025-01-03,115.0,94.6989705998933,20.3010294001067,20.3010294001067,3
P002,Home & Kitchen,2025-01-04,163.0,204.2087806973428,-41.2087806973428,41.2087806973428,3
P002,Home & Kitchen,2025-01-05,88.0,115.66586616222133,-27.665866162221334,27.665866162221334,3
P002,Home & Kitchen,2025-01-06,78.0,95.92124256669616,-17.921242566696165,17.921242566696165,3
P002,Home & Kitchen,2025-01-07,120.0,93.91965658263734,26.080343417362656,26.080343417362656,3
P002,Home & Kitchen,2025-01-08,89.0,107.8733873810255,-18.873387381025495,18.873387381025495,3
P002,Home & Kitchen,2025-01-09,74.0,94.7087103450435,-20.7087103450435,20.7087103450435,3
P002,Home & Kitchen,2025-01-10,117.0,94.39940332949631,22.60059667050369,22.60059667050369,3
P002,Home & Kitchen,2025-01-11,192.0,123.23451691383966,68.76548308616034,68.76548308616034,3
P002,Home & Kitchen,2025-01-12,126.0,117.17545524815004,8.824544751849956,8.824544751849956,3
P002,Home & Kitchen,2025-01-13,127.0,98.55538690689042,28.44461309310958,28.44461309310958,3
P002,Home & Kitchen,2025-01-14,122.0,98.65119160208405,23.348808397915946,23.348808397915946,3
P002,Home & Kitchen,2025-01-15,0.0,98.43225919578165,-98.43225919578165,98.43225919578165,3
P002,Home & Kitchen,2025-01-16,95.0,99.93361900280789,-4.9336190028078875,4.9336190028078875,3
P002,Home & Kitchen,2025-01-17,60.0,99.74469777509972,-39.74469777509972,39.74469777509972,3
P002,Home & Kitchen,2025-01-18,114.0,125.84075996393007,-11.840759963930068,11.840759963930068,3
P002,Home & Kitchen,2025-01-19,100.0,117.30569124043899,-17.30569124043899,17.30569124043899,3
P002,Home & Kitchen,2025-01-20,84.0,96.2861830024514,-12.286183002451395,12.286183002451395,3
P002,Home & Kitchen,2025-01-21,75.0,97.98255386804111,-22.98255386804111,22.98255386804111,3
P002,Home & Kitchen,2025-01-22,140.0,157.81398389174134,-17.813983891741344,17.813983891741344,3
P002,Home & Kitchen,2025-01-23,110.0,96.93482876793014,13.065171232069858,13.065171232069858,3
P002,Home & Kitchen,2025-01-24,93.0,98.58297526808123,-5.582975268081228,5.582975268081228,3
P002,Home & Kitchen,2025-01-25,57.0,120.92955392805348,-63.92955392805348,63.92955392805348,3
P002,Home & Kitchen,2025-01-26,97.0,115.72755854307324,-18.727558543073243,18.727558543073243,3
P002,Home & Kitchen,2025-01-27,55.0,94.11891104078052,-39.11891104078052,39.11891104078052,3
P002,Home & Kitchen,2025-01-28,104.0,94.3597563462644,9.640243653735595,9.640243653735595,3
P002,Home & Kitchen,2025-01-29,111.0,97.74687835246314,13.253121647536858,13.253121647536858,3
P002,Home & Kitchen,2025-01-30,159.0,134.98543560364666,24.014564396353336,24.014564396353336,3
P002,Home & Kitchen,2025-01-31,75.0,95.83384717372448,-20.83384717372448,20.83384717372448,3
P002,Home & Kitchen,2025-02-01,134.0,117.11720199581487,16.882798004185133,16.882798004185133,3
P002,Home & Kitchen,2025-02-02,108.0,115.39714503488227,-7.397145034882271,7.397145034882271,3
P002,Home & Kitchen,2025-02-03,66.0,92.4624991399727,-26.462499139972707,26.462499139972707,3
P002,Home & Kitchen,2025-02-04,119.0,95.18365212316468,23.816347876835323,23.816347876835323,3
P002,Home & Kitchen,2025-02-05,122.0,95.6908033147555,26.3091966852445,26.3091966852445,3
P002,Home & Kitchen,2025-02-06,125.0,99.10971503799472,25.890284962005282,25.890284962005282,3
P002,Home & Kitchen,2025-02-07,82.0,97.13017516963444,-15.130175169634441,15.130175169634441,3
P002,Home & Kitchen,2025-02-08,170.0,123.91095005879936,46.08904994120064,46.08904994120064,3
P002,Home & Kitchen,2025-02-09,109.0,116.98659915409193,-7.986599154091934,7.986599154091934,3
P002,Home & Kitchen,2025-02-10,118.0,99.57204655286999,18.427953447130008,18.427953447130008,3
P002,Home & Kitchen,2025-02-11,85.0,99.59093209542607,-14.59093209542607,14.59093209542607,3
P002,Home & Kitchen,2025-02-12,135.0,143.89408648764612,-8.89408648764612,8.89408648764612,3
P002,Home & Kitchen,2025-02-13,37.0,125.51410987033418,-88.51410987033418,88.51410987033418,3
P002,Home & Kitchen,2025-02-14,91.0,94.82781936481625,-3.82781936481625,3.82781936481625,3
P002,Home & Kitchen,2025-02-15,132.0,123.31518637025654,8.68481362974346,8.68481362974346,3
P002,Home & Kitchen,2025-02-16,113.0,118.53631835209484,-5.536318352094838,5.536318352094838,3
P002,Home & Kitchen,2025-02-17,151.0,96.43536727543612,54.56463272456388,54.56463272456388,3
P002,Home & Kitchen,2025-02-18,67.0,99.09638034586321,-32.09638034586321,32.09638034586321,3
P002,Home & Kitchen,2025-02-19,85.0,103.35110689032179,-18.351106890321788,18.351106890321788,3
P002,Home & Kitchen,2025-02-20,75.0,95.15921155954102,-20.15921155954102,20.15921155954102,3
P002,Home & Kitchen,2025-02-21,85.0,96.71138707050125,-11.711387070501246,11.711387070501246,3
P002,Home & Kitchen,2025-02-22,168.0,118.90338134559012,49.09661865440988,49.09661865440988,3
P002,Home & Kitchen,2025-02-23,185.0,120.34915377481056,64.65084622518944,64.65084622518944,3
P002,Home & Kitchen,2025-02-24,81.0,102.83162184609223,-21.831621846092233,21.831621846092233,3
P002,Home & Kitchen,2025-02-25,81.0,100.0288031101429,-19.028803110142903,19.028803110142903,3
P002,Home & Kitchen,2025-02-26,68.0,99.25575043207897,-31.25575043207897,31.25575043207897,3
P002,Home & Kitchen,2025-02-27,140.0,103.93843133843639,36.06156866156361,36.06156866156361,3
P002,Home & Kitchen,2025-02-28,135.0,100.75412127339054,34.24587872660946,34.24587872660946,3
P002,Home & Kitchen,2025-03-01,203.0,200.14229582848307,2.8577041715169287,2.8577041715169287,3
P002,Home & Kitchen,2025-03-02,104.0,164.44781547162742,-60.44781547162742,60.44781547162742,3
P002,Home & Kitchen,2025-03-03,64.0,103.33553663328898,-39.33553663328898,39.33553663328898,4
P002,Home & Kitchen,2025-03-04,108.0,102.10829487295783,5.891705127042172,5.891705127042172,4
P002,Home & Kitchen,2025-03-05,119.0,105.18900059034226,13.81099940965774,13.81099940965774,4
P002,Home & Kitchen,2025-03-06,42.0,108.55280626353229,-66.55280626353229,66.55280626353229,4
P002,Home & Kitchen,2025-03-07,94.0,109.52475739983701,-15.524757399837014,15.524757399837014,4
P002,Home & Kitchen,2025-03-08,193.0,135.27941253622393,57.72058746377607,57.72058746377607,4
P002,Home & Kitchen,2025-03-09,124.0,123.88192123600327,0.11807876399673489,0.11807876399673489,4
P002,Home & Kitchen,2025-03-10,147.0,100.3486064710083,46.651393528991704,46.651393528991704,4
P002,Home & Kitchen,2025-03-11,178.0,141.38161355974844,36.618386440251555,36.618386440251555,4
P002,Home & Kitchen,2025-03-12,71.0,110.95112716000835,-39.951127160008355,39.951127160008355,4
P002,Home & Kitchen,2025-03-13,95.0,99.68596098493249,-4.685960984932493,4.685960984932493,4
P002,Home & Kitchen,2025-03-14,100.0,107.53640870895676,-7.536408708956756,7.536408708956756,4
P002,Home & Kitchen,2025-03-15,96.0,143.6900399192795,-47.69003991927951,47.69003991927951,4
P002,Home & Kitchen,2025-03-16,96.0,128.81503729028557,-32.815037290285574,32.815037290285574,4
P002,Home & Kitchen,2025-03-17,149.0,108.6006079912572,40.399392008742794,40.399392008742794,4
P002,Home & Kitchen,2025-03-18,75.0,110.1553921328607,-35.1553921328607,35.1553921328607,4
P002,Home & Kitchen,2025-03-19,136.0,103.5656769160134,32.4343230839866,32.4343230839866,4
P002,Home & Kitchen,2025-03-20,91.0,102.75104572281253,-11.751045722812535,11.751045722812535,4
P002,Home & Kitchen,2025-03-21,103.0,105.25406505871001,-2.2540650587100117,2.2540650587100117,4
P002,Home & Kitchen,2025-03-22,155.0,133.86401327649523,21.13598672350477,21.13598672350477,4
P002,Home & Kitchen,2025-03-23,110.0,129.5371749757779,-19.5371749757779,19.5371749757779,4
P002,Home & Kitchen,2025-03-24,121.0,108.11982011891406,12.880179881085937,12.880179881085937,4
P002,Home & Kitchen,2025-03-25,43.0,105.17153223561358,-62.17153223561358,62.17153223561358,4
P002,Home & Kitchen,2025-03-26,117.0,109.77384428187064,7.2261557181293625,7.2261557181293625,4
P002,Home & Kitchen,2025-03-27,30.0,106.43109635699881,-76.43109635699881,76.43109635699881,4
P002,Home & Kitchen,2025-03-28,98.0,101.95333998558552,-3.953339985585515,3.953339985585515,4
P002,Home & Kitchen,2025-03-29,166.0,129.65621690444817,36.34378309555183,36.34378309555183,4
P002,Home & Kitchen,2025-03-30,157.0,120.75963261729419,36.24036738270581,36.24036738270581,4
P002,Home & Kitchen,2025-03-31,66.0,96.72838414519006,-30.728384145190063,30.728384145190063,4
P002,Home & Kitchen,2025-04-01,69.0,94.61420038954864,-25.614200389548643,25.614200389548643,4
P002,Home & Kitchen,2025-04-02,84.0,98.1566571794498,-14.156657179449795,14.156657179449795,4
P002,Home & Kitchen,2025-04-03,110.0,94.17473887031309,15.825261129686908,15.825261129686908,4
P002,Home & Kitchen,2025-04-04,44.0,99.71487216987745,-55.71487216987745,55.71487216987745,4
P002,Home & Kitchen,2025-04-05,133.0,133.62882965416404,-0.6288296541640364,0.6288296541640364,4
P002,Home & Kitchen,2025-04-06,146.0,121.55554614955454,24.444453850445456,24.444453850445456,4
P002,Home & Kitchen,2025-04-07,96.0,98.64601256158052,-2.6460125615805197,2.6460125615805197,4
P002,Home & Kitchen,2025-04-08,120.0,103.45382827183536,16.546171728164637,16.546171728164637,4
P002,Home & Kitchen,2025-04-09,111.0,96.47346191875836,14.52653808124164,14.52653808124164,4
P002,Home & Kitchen,2025-04-10,88.0,101.85056606111176,-13.850566061111763,13.850566061111763,4
P002,Home & Kitchen,2025-04-11,46.0,95.18036313069057,-49.180363130690566,49.180363130690566,4
P002,Home & Kitchen,2025-04-12,138.0,119.80167995805114,18.19832004194886,18.19832004194886,4
P002,Home & Kitchen,2025-04-13,97.0,123.08827998204977,-26.08827998204977,26.08827998204977,4
P002,Home & Kitchen,2025-04-14,87.0,96.43317764182044,-9.433177641820436,9.433177641820436,4
P002,Home & Kitchen,2025-04-15,118.0,93.22012499255119,24.77987500744881,24.77987500744881,4
P002,Home & Kitchen,2025-04-16,146.0,96.82294189045471,49.177058109545285,49.177058109545285,4
P002,Home & Kitchen,2025-04-17,103.0,95.04961326041766,7.950386739582342,7.950386739582342,4
P002,Home & Kitchen,2025-04-18,154.0,120.14115265820179,33.85884734179821,33.85884734179821,4
P002,Home & Kitchen,2025-04-19,97.0,150.57270296374531,-53.572702963745314,53.572702963745314,4
P002,Home & Kitchen,2025-04-20,142.0,118.23106232628064,23.768937673719364,23.768937673719364,4
P002,Home & Kitchen,2025-04-21,102.0,94.05180404862355,7.948195951376448,7.948195951376448,4
P002,Home & Kitchen,2025-04-22,140.0,93.32642676148369,46.67357323851631,46.67357323851631,4
P002,Home & Kitchen,2025-04-23,87.0,98.42453678458548,-11.424536784585484,11.424536784585484,4
P002,Home & Kitchen,2025-04-24,96.0,93.36249111601836,2.6375088839816385,2.6375088839816385,4
P002,Home & Kitchen,2025-04-25,135.0,98.75368363343577,36.24631636656423,36.24631636656423,4
P002,Home & Kitchen,2025-04-26,219.0,237.53098842661805,-18.530988426618052,18.530988426618052,4
P002,Home & Kitchen,2025-04-27,90.0,136.9792629397975,-46.97926293979751,46.97926293979751,4
P002,Home & Kitchen,2025-04-28,179.0,95.7887301000825,83.2112698999175,83.2112698999175,4
P002,Home & Kitchen,2025-04-29,71.0,106.3267507824357,-35.326750782435695,35.326750782435695,4
P002,Home & Kitchen,2025-04-30,101.0,101.73510953672107,-0.7351095367210689,0.7351095367210689,4
P002,Home & Kitchen,2025-05-01,113.0,101.77719276954119,11.222807230458812,11.222807230458812,4
P003,Apparel,2024-09-04,80.0,66.62054374707161,13.379456252928392,13.379456252928392,1
P003,Apparel,2024-09-05,69.0,68.91474330396602,0.08525669603398,0.08525669603398,1
P003,Apparel,2024-09-06,85.0,68.21603711224697,16.783962887753034,16.783962887753034,1
P003,Apparel,2024-09-07,167.0,84.56437289363333,82.43562710636667,82.43562710636667,1
P003,Apparel,2024-09-08,94.0,88.93798252324204,5.062017476757958,5.062017476757958,1
P003,Apparel,2024-09-09,75.0,69.37519694707301,5.624803052926993,5.624803052926993,1
P003,Apparel,2024-09-10,71.0,69.41748137657038,1.5825186234296211,1.5825186234296211,1
P003,Apparel,2024-09-11,63.0,69.67160694720457,-6.671606947204566,6.671606947204566,1
P003,Apparel,2024-09-12,71.0,71.94862689676214,-0.9486268967621356,0.9486268967621356,1
P003,Apparel,2024-09-13,80.0,70.23668239902672,9.76331760097328,9.76331760097328,1
P003,Apparel,2024-09-14,79.0,90.36408287477671,-11.364082874776713,11.364082874776713,1
P003,Apparel,2024-09-15,89.0,88.8899983744544,0.11000162554560688,0.11000162554560688,1
P003,Apparel,2024-09-16,61.0,70.84187642738293,-9.841876427382928,9.841876427382928,1
P003,Apparel,2024-09-17,79.0,70.243962624749,8.756037375250997,8.756037375250997,1
P003,Apparel,2024-09-18,74.0,70.42143013021618,3.57856986978382,3.57856986978382,1
P003,Apparel,2024-09-19,60.0,70.47118964410039,-10.471189644100392,10.471189644100392,1
P003,Apparel,2024-09-20,69.0,70.77187520486838,-1.7718752048683797,1.7718752048683797,1
P003,Apparel,2024-09-21,94.0,90.6574378792831,3.342562120716906,3.342562120716906,1
P003,Apparel,2024-09-22,70.0,86.37421689299411,-16.374216892994113,16.374216892994113,1
P003,Apparel,2024-09-23,61.0,68.76173470548439,-7.761734705484386,7.761734705484386,1
P003,Apparel,2024-09-24,71.0,67.93302024973043,3.0669797502695673,3.0669797502695673,1
P003,Apparel,2024-09-25,91.0,66.75050674292946,24.24949325707054,24.24949325707054,1
P003,Apparel,2024-09-26,65.0,69.99045250360433,-4.990452503604331,4.990452503604331,1
P003,Apparel,2024-09-27,76.0,69.89581690223886,6.104183097761137,6.104183097761137,1
P003,Apparel,2024-09-28,86.0,86.71717103254736,-0.7171710325473555,0.7171710325473555,1
P003,Apparel,2024-09-29,77.0,86.465157284305,-9.465157284304993,9.465157284304993,1
P003,Apparel,2024-09-30,73.0,69.60951001193433,3.390489988065667,3.390489988065667,1
P003,Apparel,2024-10-01,67.0,70.29455219435422,-3.2945521943542246,3.2945521943542246,1
P003,Apparel,2024-10-02,68.0,70.48698578196601,-2.4869857819660126,2.4869857819660126,1
P003,Apparel,2024-10-03,56.0,68.75134785161349,-12.751347851613488,12.751347851613488,1
P003,Apparel,2024-10-04,71.0,68.81237090675842,2.1876290932415827,2.1876290932415827,1
P003,Apparel,2024-10-05,94.0,84.24202829846277,9.75797170153723,9.75797170153723,1
P003,Apparel,2024-10-06,84.0,80.65191039774918,3.3480896022508233,3.3480896022508233,1
P003,Apparel,2024-10-07,82.0,66.0966085284491,15.903391471550904,15.903391471550904,1
P003,Apparel,2024-10-08,77.0,66.0966085284491,10.903391471550904,10.903391471550904,1
P003,Apparel,2024-10-09,71.0,66.24649999041486,4.753500009585139,4.753500009585139,1
P003,Apparel,2024-10-10,66.0,68.29044768439543,-2.2904476843954313,2.2904476843954313,1
P003,Apparel,2024-10-11,67.0,68.73517510397716,-1.7351751039771557,1.7351751039771557,1
P003,Apparel,2024-10-12,68.0,82.60862152702497,-14.608621527024965,14.608621527024965,1
P003,Apparel,2024-10-13,82.0,80.91978587857491,1.0802141214250867,1.0802141214250867,1
P003,Apparel,2024-10-14,74.0,65.10469896042947,8.895301039570526,8.895301039570526,1
P003,Apparel,2024-10-15,89.0,64.85177853248408,24.148221467515924,24.148221467515924,1
P003,Apparel,2024-10-16,78.0,66.0966085284491,11.903391471550904,11.903391471550904,1
P003,Apparel,2024-10-17,64.0,65.64615949409021,-1.6461594940902131,1.6461594940902131,1
P003,Apparel,2024-10-18,59.0,68.4879239257302,-9.4879239257302,9.4879239257302,1
P003,Apparel,2024-10-19,83.0,80.96624853582559,2.033751464174415,2.033751464174415,1
P003,Apparel,2024-10-20,95.0,82.01650661750233,12.98349338249767,12.98349338249767,1
P003,Apparel,2024-10-21,71.0,69.66257090162797,1.3374290983720272,1.3374290983720272,1
P003,Apparel,2024-10-22,79.0,71.10653320011967,7.893466799880329,7.893466799880329,1
P003,Apparel,2024-10-23,72.0,72.42541753627863,-0.4254175362786299,0.4254175362786299,1
P003,Apparel,2024-10-24,81.0,69.042355376855,11.957644623145,11.957644623145,1
P003,Apparel,2024-10-25,59.0,70.01018546447227,-11.010185464472272,11.010185464472272,1
P003,Apparel,2024-10-26,106.0,85.52921556557105,20.47078443442895,20.47078443442895,1
P003,Apparel,2024-10-27,75.0,89.80390894546584,-14.803908945465835,14.803908945465835,1
P003,Apparel,2024-10-28,83.0,71.94167081270189,11.058329187298114,11.058329187298114,1
P003,Apparel,2024-10-29,72.0,72.19691204693554,-0.19691204693553743,0.19691204693553743,1
P003,Apparel,2024-10-30,74.0,71.94167081270189,2.0583291872981135,2.0583291872981135,1
P003,Apparel,2024-10-31,73.0,71.51782076080883,1.4821792391911686,1.4821792391911686,1
P003,Apparel,2024-11-01,79.0,73.14552130995297,5.854478690047031,5.854478690047031,1
P003,Apparel,2024-11-02,95.0,91.7883773949504,3.211622605049598,3.211622605049598,1
P003,Apparel,2024-11-03,102.0,89.95802406756975,12.041975932430248,12.041975932430248,2
P003,Apparel,2024-11-04,91.0,74.83950950822887,16.160490491771128,16.160490491771128,2
P003,Apparel,2024-11-05,80.0,74.73320152602003,5.266798473979975,5.266798473979975,2
P003,Apparel,2024-11-06,95.0,74.49651773394626,20.503482266053737,20.503482266053737,2
P003,Apparel,2024-11-07,79.0,74.54475939134919,4.455240608650811,4.455240608650811,2
P003,Apparel,2024-11-08,89.0,74.46392051947944,14.536079480520556,14.536079480520556,2
P003,Apparel,2024-11-09,97.0,94.5570826843704,2.4429173156296002,2.4429173156296002,2
P003,Apparel,2024-11-10,86.0,96.88297287954472,-10.882972879544724,10.882972879544724,2
P003,Apparel,2024-11-11,81.0,77.29045622284205,3.709543777157947,3.709543777157947,2
P003,Apparel,2024-11-12,85.0,78.02457595073312,6.975424049266877,6.975424049266877,2
P003,Apparel,2024-11-13,79.0,78.42395862328922,0.5760413767107764,0.5760413767107764,2
P003,Apparel,2024-11-14,84.0,77.0579403233119,6.942059676688103,6.942059676688103,2
P003,Apparel,2024-11-15,90.0,77.25386811387848,12.746131886121518,12.746131886121518,2
P003,Apparel,2024-11-16,95.0,93.25923377944159,1.7407662205584131,1.7407662205584131,2
P003,Apparel,2024-11-17,76.0,116.32607495581038,-40.326074955810384,40.326074955810384,2
P003,Apparel,2024-11-18,100.0,78.00094146642552,21.999058533574484,21.999058533574484,2
P003,Apparel,2024-11-19,79.0,78.37511290439427,0.6248870956057289,0.6248870956057289,2
P003,Apparel,2024-11-20,73.0,78.00094146642552,-5.000941466425516,5.000941466425516,2
P003,Apparel,2024-11-21,71.0,78.37683403830262,-7.3768340383026185,7.3768340383026185,2
P003,Apparel,2024-11-22,79.0,77.26506952407183,1.7349304759281665,1.7349304759281665,2
P003,Apparel,2024-11-23,91.0,95.0275988359241,-4.0275988359240955,4.0275988359240955,2
P003,Apparel,2024-11-24,89.0,92.62079132016365,-3.6207913201636472,3.6207913201636472,2
P003,Apparel,2024-11-25,77.0,79.65107638132174,-2.6510763813217437,2.6510763813217437,2
P003,Apparel,2024-11-26,91.0,78.00094146642552,12.999058533574484,12.999058533574484,2
P003,Apparel,2024-11-27,108.0,78.07293817082052,29.92706182917948,29.92706182917948,2
P003,Apparel,2024-11-28,95.0,79.20462082637097,15.79537917362903,15.79537917362903,2
P003,Apparel,2024-11-29,243.0,169.89739939997636,73.10260060002364,73.10260060002364,2
P003,Apparel,2024-11-30,97.0,102.19773241432246,-5.197732414322459,5.197732414322459,2
P003,Apparel,2024-12-01,103.0,97.57569289566904,5.424307104330964,5.424307104330964,2
P003,Apparel,2024-12-02,92.0,86.89396372660148,5.106036273398516,5.106036273398516,2
P003,Apparel,2024-12-03,80.0,86.61843307472266,-6.61843307472266,6.61843307472266,2
P003,Apparel,2024-12-04,83.0,87.92685841555891,-4.926858415558911,4.926858415558911,2
P003,Apparel,2024-12-05,99.0,85.89910881743134,13.10089118256866,13.10089118256866,2
P003,Apparel,2024-12-06,102.0,88.7699354502187,13.230064549781304,13.230064549781304,2
P003,Apparel,2024-12-07,106.0,104.79279184608185,1.2072081539181454,1.2072081539181454,2
P003,Apparel,2024-12-08,89.0,106.23163574337151,-17.231635743371513,17.231635743371513,2
P003,Apparel,2024-12-09,87.0,88.19442679468597,-1.1944267946859668,1.1944267946859668,2
P003,Apparel,2024-12-10,74.0,87.22271757541269,-13.222717575412688,13.222717575412688,2
P003,Apparel,2024-12-11,93.0,88.49988956669614,4.50011043330386,4.50011043330386,2
P003,Apparel,2024-12-12,129.0,124.7823493023692,4.217650697630802,4.217650697630802,2
P003,Apparel,2024-12-13,89.0,94.78912895546456,-5.789128955464562,5.789128955464562,2
P003,Apparel,2024-12-14,113.0,103.65525089703273,9.34474910296727,9.34474910296727,2
P003,Apparel,2024-12-15,116.0,103.54501302124758,12.454986978752416,12.454986978752416,2
P003,Apparel,2024-12-16,97.0,87.13820505790005,9.861794942099948,9.861794942099948,2
P003,Apparel,2024-12-17,80.0,86.95124693724902,-6.951246937249024,6.951246937249024,2
P003,Apparel,2024-12-18,92.0,87.52482348839122,4.47517651160878,4.47517651160878,2
P003,Apparel,2024-12-19,101.0,88.71904536394807,12.28095463605193,12.28095463605193,2
P003,Apparel,2024-12-20,116.0,89.30974641836231,26.69025358163769,26.69025358163769,2
P003,Apparel,2024-12-21,109.0,106.0869500593778,2.9130499406222015,2.9130499406222015,2
P003,Apparel,2024-12-22,122.0,105.48509270292809,16.514907297071915,16.514907297071915,2
P003,Apparel,2024-12-23,109.0,91.5914660715063,17.408533928493696,17.408533928493696,2
P003,Apparel,2024-12-24,96.0,90.33356681113733,5.666433188862669,5.666433188862669,2
P003,Apparel,2024-12-25,279.0,206.1893197650268,72.8106802349732,72.8106802349732,2
P003,Apparel,2024-12-26,115.0,99.534203387988,15.465796612012,15.465796612012,2
P003,Apparel,2024-12-27,118.0,97.07016166300622,20.929838336993782,20.929838336993782,2
P003,Apparel,2024-12-28,125.0,116.1370761993536,8.8629238006464,8.8629238006464,2
P003,Apparel,2024-12-29,155.0,116.60193118449615,38.39806881550385,38.39806881550385,2
P003,Apparel,2024-12-30,93.0,95.6701998780295,-2.670199878029507,2.670199878029507,2
P003,Apparel,2024-12-31,130.0,95.94291471909501,34.057085280904985,34.057085280904985,2
P003,Apparel,2025-01-01,275.0,170.26743666158137,104.73256333841863,104.73256333841863,2
P003,Apparel,2025-01-02,120.0,107.07964645543255,12.920353544567448,12.920353544567448,3
P003,Apparel,2025-01-03,99.0,106.27500863476946,-7.275008634769463,7.275008634769463,3
P003,Apparel,2025-01-04,135.0,135.18733106625658,-0.1873310662565757,0.1873310662565757,3
P003,Apparel,2025-01-05,145.0,141.57352786402657,3.4264721359734267,3.4264721359734267,3
P003,Apparel,2025-01-06,89.0,109.13533310689077,-20.13533310689077,20.13533310689077,3
P003,Apparel,2025-01-07,103.0,110.58854679016251,-7.5885467901625105,7.5885467901625105,3
P003,Apparel,2025-01-08,76.0,125.71857025039367,-49.71857025039367,49.71857025039367,3
P003,Apparel,2025-01-09,103.0,112.86920750256692,-9.869207502566923,9.869207502566923,3
P003,Apparel,2025-01-10,95.0,110.41888743966463,-15.41888743966463,15.41888743966463,3
P003,Apparel,2025-01-11,122.0,138.89535956335865,-16.895359563358653,16.895359563358653,3
P003,Apparel,2025-01-12,175.0,137.99441950186232,37.005580498137675,37.005580498137675,3
P003,Apparel,2025-01-13,132.0,110.22601891618123,21.773981083818768,21.773981083818768,3
P003,Apparel,2025-01-14,88.0,111.35364093326551,-23.35364093326551,23.35364093326551,3
P003,Apparel,2025-01-15,117.0,112.61333067495363,4.38666932504637,4.38666932504637,3
P003,Apparel,2025-01-16,121.0,110.71760693995635,10.282393060043646,10.282393060043646,3
P003,Apparel,2025-01-17,105.0,111.79816571801466,-6.798165718014658,6.798165718014658,3
P003,Apparel,2025-01-18,133.0,130.2481443745441,2.751855625455903,2.751855625455903,3
P003,Apparel,2025-01-19,135.0,143.3202203398829,-8.320220339882894,8.320220339882894,3
P003,Apparel,2025-01-20,92.0,113.1510908668891,-21.151090866889106,21.151090866889106,3
P003,Apparel,2025-01-21,97.0,113.02708387896419,-16.02708387896419,16.02708387896419,3
P003,Apparel,2025-01-22,115.0,122.26626833836882,-7.266268338368818,7.266268338368818,3
P003,Apparel,2025-01-23,114.0,111.76379660597185,2.236203394028152,2.236203394028152,3
P003,Apparel,2025-01-24,103.0,111.80314055165567,-8.803140551655673,8.803140551655673,3
P003,Apparel,2025-01-25,120.0,132.3531467803322,-12.353146780332196,12.353146780332196,3
P003,Apparel,2025-01-26,133.0,143.7174730405548,-10.717473040554808,10.717473040554808,3
P003,Apparel,2025-01-27,128.0,109.97616013259875,18.02383986740125,18.02383986740125,3
P003,Apparel,2025-01-28,114.0,115.18042516845728,-1.1804251684572762,1.1804251684572762,3
P003,Apparel,2025-01-29,141.0,117.64435701712895,23.355642982871046,23.355642982871046,3
P003,Apparel,2025-01-30,106.0,106.99644635353215,-0.9964463535321499,0.9964463535321499,3
P003,Apparel,2025-01-31,120.0,107.53093303332948,12.469066966670525,12.469066966670525,3
P003,Apparel,2025-02-01,131.0,135.38459095226435,-4.384590952264347,4.384590952264347,3
P003,Apparel,2025-02-02,149.0,135.34515153985808,13.65484846014192,13.65484846014192,3
P003,Apparel,2025-02-03,106.0,107.19184230606169,-1.1918423060616874,1.1918423060616874,3
P003,Apparel,2025-02-04,149.0,109.0587586876819,39.9412413123181,39.9412413123181,3
P003,Apparel,2025-02-05,93.0,115.69166463425138,-22.69166463425138,22.69166463425138,3
P003,Apparel,2025-02-06,146.0,112.76654764275365,33.23345235724635,33.23345235724635,3
P003,Apparel,2025-02-07,121.0,113.7459405464825,7.254059453517499,7.254059453517499,3
P003,Apparel,2025-02-08,151.0,135.58320996240312,15.416790037596883,15.416790037596883,3
P003,Apparel,2025-02-09,166.0,149.73016035632764,16.269839643672356,16.269839643672356,3
P003,Apparel,2025-02-10,135.0,115.01191898536746,19.98808101463254,19.98808101463254,3
P003,Apparel,2025-02-11,110.0,116.08687833822336,-6.086878338223357,6.086878338223357,3
P003,Apparel,2025-02-12,131.0,112.61503101207025,18.384968987929753,18.384968987929753,3
P003,Apparel,2025-02-13,152.0,117.3526458356867,34.6473541643133,34.6473541643133,3
P003,Apparel,2025-02-14,108.0,114.51096521807867,-6.510965218078667,6.510965218078667,3
P003,Apparel,2025-02-15,185.0,145.45116933832074,39.54883066167926,39.54883066167926,3
P003,Apparel,2025-02-16,152.0,145.11940943476444,6.880590565235565,6.880590565235565,3
P003,Apparel,2025-02-17,117.0,116.64269142439623,0.35730857560376705,0.35730857560376705,3
P003,Apparel,2025-02-18,140.0,155.24246424278215,-15.242464242782148,15.242464242782148,3
P003,Apparel,2025-02-19,121.0,115.2456505866797,5.754349413320298,5.754349413320298,3
P003,Apparel,2025-02-20,148.0,209.56093549887183,-61.56093549887183,61.56093549887183,3
P003,Apparel,2025-02-21,118.0,110.31197566687248,7.688024333127515,7.688024333127515,3
P003,Apparel,2025-02-22,142.0,145.1463910762601,-3.1463910762601017,3.1463910762601017,3
P003,Apparel,2025-02-23,127.0,153.05336191220434,-26.053361912204338,26.053361912204338,3
P003,Apparel,2025-02-24,139.0,117.45261158075313,21.54738841924687,21.54738841924687,3
P003,Apparel,2025-02-25,123.0,118.60095411515283,4.399045884847169,4.399045884847169,3
P003,Apparel,2025-02-26,116.0,118.54660703654339,-2.546607036543392,2.546607036543392,3
P003,Apparel,2025-02-27,122.0,118.54969405066625,3.450305949333753,3.450305949333753,3
P003,Apparel,2025-02-28,133.0,115.83111279450266,17.16888720549734,17.16888720549734,3
P003,Apparel,2025-03-01,151.0,152.76409882824223,-1.7640988282422256,1.7640988282422256,3
P003,Apparel,2025-03-02,136.0,149.75039480133876,-13.750394801338757,13.750394801338757,3
P003,Apparel,2025-03-03,130.0,120.8896399236846,9.110360076315402,9.110360076315402,4
P003,Apparel,2025-03-04,128.0,121.56096930981455,6.439030690185447,6.439030690185447,4
P003,Apparel,2025-03-05,110.0,117.1917717683409,-7.1917717683408995,7.1917717683408995,4
P003,Apparel,2025-03-06,124.0,119.72369569085367,4.276304309146326,4.276304309146326,4
P003,Apparel,2025-03-07,139.0,119.34341820402784,19.65658179597216,19.65658179597216,4
P003,Apparel,2025-03-08,164.0,160.64753746087783,3.352462539122172,3.352462539122172,4
P003,Apparel,2025-03-09,148.0,158.84947813448406,-10.849478134484059,10.849478134484059,4
P003,Apparel,2025-03-10,142.0,120.44919829767097,21.550801702329025,21.550801702329025,4
P003,Apparel,2025-03-11,114.0,117.66564873908463,-3.665648739084631,3.665648739084631,4
P003,Apparel,2025-03-12,114.0,119.42282826545744,-5.42282826545744,5.42282826545744,4
P003,Apparel,2025-03-13,126.0,123.70620022091744,2.293799779082562,2.293799779082562,4
P003,Apparel,2025-03-14,157.0,121.37663665142668,35.62336334857332,35.62336334857332,4
P003,Apparel,2025-03-15,157.0,159.79334948936943,-2.793349489369433,2.793349489369433,4
P003,Apparel,2025-03-16,149.0,162.04265095425188,-13.042650954251883,13.042650954251883,4
P003,Apparel,2025-03-17,158.0,121.12479752408026,36.875202475919735,36.875202475919735,4
P003,Apparel,2025-03-18,127.0,117.31071303909793,9.689286960902066,9.689286960902066,4
P003,Apparel,2025-03-19,171.0,116.33701880533414,54.66298119466586,54.66298119466586,4
P003,Apparel,2025-03-20,123.0,118.54477639712051,4.455223602879485,4.455223602879485,4
P003,Apparel,2025-03-21,114.0,118.51761250190123,-4.517612501901226,4.517612501901226,4
P003,Apparel,2025-03-22,152.0,155.81099140748728,-3.810991407487279,3.810991407487279,4
P003,Apparel,2025-03-23,150.0,156.97911030239962,-6.979110302399619,6.979110302399619,4
P003,Apparel,2025-03-24,118.0,128.058866736194,-10.058866736194005,10.058866736194005,4
P003,Apparel,2025-03-25,178.0,119.12128756869431,58.878712431305686,58.878712431305686,4
P003,Apparel,2025-03-26,138.0,123.69775329891382,14.302246701086176,14.302246701086176,4
P003,Apparel,2025-03-27,141.0,122.17316913830211,18.826830861697886,18.826830861697886,4
P003,Apparel,2025-03-28,125.0,121.57423145255359,3.4257685474464097,3.4257685474464097,4
P003,Apparel,2025-03-29,144.0,159.84487752788576,-15.844877527885757,15.844877527885757,4
P003,Apparel,2025-03-30,177.0,157.65658451381168,19.34341548618832,19.34341548618832,4
P003,Apparel,2025-03-31,104.0,122.34159689162885,-18.341596891628853,18.341596891628853,4
P003,Apparel,2025-04-01,113.0,127.13983903715186,-14.139839037151859,14.139839037151859,4
P003,Apparel,2025-04-02,129.0,122.86666854776685,6.133331452233151,6.133331452233151,4
P003,Apparel,2025-04-03,157.0,125.05320836694342,31.946791633056577,31.946791633056577,4
P003,Apparel,2025-04-04,127.0,122.62309644186088,4.376903558139119,4.376903558139119,4
P003,Apparel,2025-04-05,165.0,160.49972541761042,4.500274582389579,4.500274582389579,4
P003,Apparel,2025-04-06,0.0,157.89749157080328,-157.89749157080328,157.89749157080328,4
P003,Apparel,2025-04-07,156.0,122.5011192540973,33.498880745902696,33.498880745902696,4
P003,Apparel,2025-04-08,155.0,198.31342107845296,-43.31342107845296,43.31342107845296,4
P003,Apparel,2025-04-09,146.0,115.84148966754313,30.15851033245687,30.15851033245687,4
P003,Apparel,2025-04-10,130.0,124.88225087163659,5.117749128363414,5.117749128363414,4
P003,Apparel,2025-04-11,149.0,127.38758767854479,21.61241232145521,21.61241232145521,4
P003,Apparel,2025-04-12,202.0,248.41190309042327,-46.411903090423266,46.411903090423266,4
P003,Apparel,2025-04-13,157.0,157.05085682781544,-0.0508568278154371,0.0508568278154371,4
P003,Apparel,2025-04-14,131.0,127.88159336287146,3.118406637128544,3.118406637128544,4
P003,Apparel,2025-04-15,115.0,125.29060579541493,-10.290605795414933,10.290605795414933,4
P003,Apparel,2025-04-16,110.0,127.92529658071784,-17.92529658071784,17.92529658071784,4
P003,Apparel,2025-04-17,123.0,116.55345122054004,6.44654877945996,6.44654877945996,4
P003,Apparel,2025-04-18,135.0,117.43832759380749,17.561672406192514,17.561672406192514,4
P003,Apparel,2025-04-19,140.0,160.4252282159874,-20.425228215987403,20.425228215987403,4
P003,Apparel,2025-04-20,0.0,159.71433601951554,-159.71433601951554,159.71433601951554,4
P003,Apparel,2025-04-21,99.0,125.17356229146709,-26.173562291467093,26.173562291467093,4
P003,Apparel,2025-04-22,126.0,116.21384166968957,9.786158330310428,9.786158330310428,4
P003,Apparel,2025-04-23,150.0,113.11066836288295,36.88933163711705,36.88933163711705,4
P003,Apparel,2025-04-24,144.0,115.18210613034154,28.817893869658462,28.817893869658462,4
P003,Apparel,2025-04-25,130.0,118.78497379590898,11.215026204091018,11.215026204091018,4
P003,Apparel,2025-04-26,159.0,158.01158584509838,0.9884141549016192,0.9884141549016192,4
P003,Apparel,2025-04-27,137.0,150.25238537660894,-13.252385376608942,13.252385376608942,4
P003,Apparel,2025-04-28,159.0,108.81681799903555,50.18318200096445,50.18318200096445,4
P003,Apparel,2025-04-29,167.0,110.13285074701182,56.867149252988185,56.867149252988185,4
P003,Apparel,2025-04-30,134.0,116.19706745566633,17.80293254433367,17.80293254433367,4
P003,Apparel,2025-05-01,210.0,135.355502525173,74.644497474827,74.644497474827,4
P004,Beauty,2024-09-04,90.0,83.61860394015196,6.3813960598480435,6.3813960598480435,1
P004,Beauty,2024-09-05,92.0,69.08888293627466,22.911117063725342,22.911117063725342,1
P004,Beauty,2024-09-06,60.0,68.06319755048604,-8.063197550486038,8.063197550486038,1
P004,Beauty,2024-09-07,101.0,85.22782567294696,15.772174327053037,15.772174327053037,1
P004,Beauty,2024-09-08,59.0,84.53065715627955,-25.530657156279545,25.530657156279545,1
P004,Beauty,2024-09-09,69.0,69.1324499379598,-0.1324499379598052,0.1324499379598052,1
P004,Beauty,2024-09-10,19.0,73.4804539981778,-54.48045399817779,54.48045399817779,1
P004,Beauty,2024-09-11,46.0,68.06253548415494,-22.062535484154935,22.062535484154935,1
P004,Beauty,2024-09-12,62.0,67.88016490746043,-5.880164907460426,5.880164907460426,1
P004,Beauty,2024-09-13,56.0,68.5118019805378,-12.511801980537797,12.511801980537797,1
P004,Beauty,2024-09-14,48.0,82.14917706406884,-34.14917706406884,34.14917706406884,1
P004,Beauty,2024-09-15,65.0,79.92401177999729,-14.924011779997286,14.924011779997286,1
P004,Beauty,2024-09-16,90.0,77.93449239184594,12.065507608154064,12.065507608154064,1
P004,Beauty,2024-09-17,60.0,61.90334169824814,-1.9033416982481413,1.9033416982481413,1
P004,Beauty,2024-09-18,62.0,69.47675625441916,-7.476756254419158,7.476756254419158,1
P004,Beauty,2024-09-19,73.0,66.71361712916004,6.286382870839958,6.286382870839958,1
P004,Beauty,2024-09-20,55.0,63.711521111325304,-8.711521111325304,8.711521111325304,1
P004,Beauty,2024-09-21,103.0,83.050543546796,19.949456453203993,19.949456453203993,1
P004,Beauty,2024-09-22,54.0,76.53845302182566,-22.53845302182566,22.53845302182566,1
P004,Beauty,2024-09-23,93.0,66.5528706257299,26.447129374270105,26.447129374270105,1
P004,Beauty,2024-09-24,79.0,66.75567608117235,12.244323918827646,12.244323918827646,1
P004,Beauty,2024-09-25,54.0,66.47516176102532,-12.47516176102532,12.47516176102532,1
P004,Beauty,2024-09-26,55.0,65.49820251973009,-10.498202519730086,10.498202519730086,1
P004,Beauty,2024-09-27,64.0,70.75620678085788,-6.75620678085788,6.75620678085788,1
P004,Beauty,2024-09-28,87.0,74.9075338621818,12.092466137818207,12.092466137818207,1
P004,Beauty,2024-09-29,97.0,77.53268341573065,19.467316584269355,19.467316584269355,1
P004,Beauty,2024-09-30,38.0,63.29298690951825,-25.29298690951825,25.29298690951825,1
P004,Beauty,2024-10-01,68.0,60.49120516058598,7.508794839414023,7.508794839414023,1
P004,Beauty,2024-10-02,24.0,65.34141749632103,-41.34141749632103,41.34141749632103,1
P004,Beauty,2024-10-03,57.0,64.6042326305732,-7.604232630573193,7.604232630573193,1
P004,Beauty,2024-10-04,85.0,57.58998739585408,27.41001260414592,27.41001260414592,1
P004,Beauty,2024-10-05,45.0,75.55317328982082,-30.55317328982082,30.55317328982082,1
P004,Beauty,2024-10-06,41.0,73.45057739731868,-32.45057739731868,32.45057739731868,1
P004,Beauty,2024-10-07,64.0,61.04411110975131,2.955888890248687,2.955888890248687,1
P004,Beauty,2024-10-08,84.0,55.285652110967995,28.714347889032005,28.714347889032005,1
P004,Beauty,2024-10-09,66.0,61.661285043188265,4.338714956811735,4.338714956811735,1
P004,Beauty,2024-10-10,28.0,59.602914634110256,-31.602914634110256,31.602914634110256,1
P004,Beauty,2024-10-11,32.0,58.20082744791932,-26.200827447919323,26.200827447919323,1
P004,Beauty,2024-10-12,78.0,72.0097750663584,5.990224933641599,5.990224933641599,1
P004,Beauty,2024-10-13,51.0,73.2903770094111,-22.290377009411102,22.290377009411102,1
P004,Beauty,2024-10-14,64.0,54.268819660018835,9.731180339981165,9.731180339981165,1
P004,Beauty,2024-10-15,65.0,55.07415014631545,9.925849853684547,9.925849853684547,1
P004,Beauty,2024-10-16,53.0,53.11545520244338,-0.11545520244337837,0.11545520244337837,1
P004,Beauty,2024-10-17,94.0,58.729260812665416,35.270739187334584,35.270739187334584,1
P004,Beauty,2024-10-18,73.0,60.93006686952636,12.069933130473643,12.069933130473643,1
P004,Beauty,2024-10-19,103.0,70.61110645787161,32.388893542128386,32.388893542128386,1
P004,Beauty,2024-10-20,97.0,73.53277992595237,23.46722007404763,23.46722007404763,1
P004,Beauty,2024-10-21,60.0,63.48448113569781,-3.4844811356978127,3.4844811356978127,1
P004,Beauty,2024-10-22,73.0,76.22150499317543,-3.2215049931754294,3.2215049931754294,1
P004,Beauty,2024-10-23,58.0,64.09304125462143,-6.093041254621426,6.093041254621426,1
P004,Beauty,2024-10-24,76.0,61.51348229525809,14.486517704741907,14.486517704741907,1
P004,Beauty,2024-10-25,52.0,62.06637170658999,-10.06637170658999,10.06637170658999,1
P004,Beauty,2024-10-26,118.0,76.72398487059942,41.27601512940058,41.27601512940058,1
P004,Beauty,2024-10-27,63.0,78.99907925270496,-15.99907925270496,15.99907925270496,1
P004,Beauty,2024-10-28,69.0,61.876194633004246,7.123805366995754,7.123805366995754,1
P004,Beauty,2024-10-29,61.0,64.15607222036878,-3.1560722203687845,3.1560722203687845,1
P004,Beauty,2024-10-30,57.0,61.23232790174392,-4.232327901743922,4.232327901743922,1
P004,Beauty,2024-10-31,106.0,64.5190547470509,41.4809452529491,41.4809452529491,1
P004,Beauty,2024-11-01,58.0,69.02260948573645,-11.022609485736453,11.022609485736453,1
P004,Beauty,2024-11-02,75.0,78.86003664063477,-3.8600366406347746,3.8600366406347746,1
P004,Beauty,2024-11-03,67.0,75.47403054077661,-8.47403054077661,8.47403054077661,2
P004,Beauty,2024-11-04,68.0,67.12906496497374,0.8709350350262639,0.8709350350262639,2
P004,Beauty,2024-11-05,66.0,66.85274272119706,-0.8527427211970604,0.8527427211970604,2
P004,Beauty,2024-11-06,47.0,66.6410172591242,-19.641017259124197,19.641017259124197,2
P004,Beauty,2024-11-07,61.0,66.47877849273183,-5.478778492731834,5.478778492731834,2
P004,Beauty,2024-11-08,81.0,63.71574769733417,17.284252302665827,17.284252302665827,2
P004,Beauty,2024-11-09,111.0,80.52918763767065,30.470812362329355,30.470812362329355,2
P004,Beauty,2024-11-10,87.0,77.55784810431676,9.442151895683239,9.442151895683239,2
P004,Beauty,2024-11-11,72.0,70.27325783113638,1.7267421688636233,1.7267421688636233,2
P004,Beauty,2024-11-12,64.0,70.11231510989857,-6.112315109898574,6.112315109898574,2
P004,Beauty,2024-11-13,62.0,66.90482360380406,-4.904823603804061,4.904823603804061,2
P004,Beauty,2024-11-14,53.0,70.04395775665914,-17.04395775665914,17.04395775665914,2
P004,Beauty,2024-11-15,41.0,68.84479798789172,-27.844797987891724,27.844797987891724,2
P004,Beauty,2024-11-16,72.0,83.15376009104024,-11.15376009104024,11.15376009104024,2
P004,Beauty,2024-11-17,114.0,79.9682802950072,34.031719704992796,34.031719704992796,2
P004,Beauty,2024-11-18,65.0,67.69956002713407,-2.699560027134069,2.699560027134069,2
P004,Beauty,2024-11-19,67.0,66.72318851004735,0.2768114899526495,0.2768114899526495,2
P004,Beauty,2024-11-20,68.0,65.41329252299705,2.586707477002946,2.586707477002946,2
P004,Beauty,2024-11-21,102.0,65.68850961537377,36.311490384626225,36.311490384626225,2
P004,Beauty,2024-11-22,56.0,66.87112327822479,-10.871123278224786,10.871123278224786,2
P004,Beauty,2024-11-23,102.0,84.32153993261406,17.67846006738594,17.67846006738594,2
P004,Beauty,2024-11-24,94.0,86.20032097156692,7.799679028433076,7.799679028433076,2
P004,Beauty,2024-11-25,80.0,69.10871482987275,10.891285170127247,10.891285170127247,2
P004,Beauty,2024-11-26,84.0,69.71818409717922,14.281815902820782,14.281815902820782,2
P004,Beauty,2024-11-27,81.0,70.77753463628603,10.222465363713965,10.222465363713965,2
P004,Beauty,2024-11-28,98.0,76.12462958104383,21.875370418956166,21.875370418956166,2
P004,Beauty,2024-11-29,166.0,157.05621836465886,8.94378163534114,8.94378163534114,2
P004,Beauty,2024-11-30,149.0,95.24972556217159,53.75027443782841,53.75027443782841,2
P004,Beauty,2024-12-01,102.0,92.25816526694784,9.741834733052158,9.741834733052158,2
P004,Beauty,2024-12-02,43.0,76.58624733437419,-33.58624733437419,33.58624733437419,2
P004,Beauty,2024-12-03,98.0,78.67483513167544,19.325164868324563,19.325164868324563,2
P004,Beauty,2024-12-04,93.0,75.36602845937344,17.63397154062656,17.63397154062656,2
P004,Beauty,2024-12-05,85.0,76.88410804370145,8.115891956298555,8.115891956298555,2
P004,Beauty,2024-12-06,79.0,77.19398926519796,1.8060107348020438,1.8060107348020438,2
P004,Beauty,2024-12-07,43.0,94.7120075697945,-51.712007569794494,51.712007569794494,2
P004,Beauty,2024-12-08,48.0,93.11435756048934,-45.11435756048934,45.11435756048934,2
P004,Beauty,2024-12-09,127.0,74.60626631476362,52.393733685236384,52.393733685236384,2
P004,Beauty,2024-12-10,73.0,77.83666398152242,-4.83666398152242,4.83666398152242,2
P004,Beauty,2024-12-11,112.0,77.36740611039596,34.63259388960404,34.63259388960404,2
P004,Beauty,2024-12-12,49.0,74.14352605811708,-25.143526058117075,25.143526058117075,2
P004,Beauty,2024-12-13,63.0,75.21970345253143,-12.219703452531434,12.219703452531434,2
P004,Beauty,2024-12-14,166.0,111.58043251972332,54.41956748027668,54.41956748027668,2
P004,Beauty,2024-12-15,133.0,113.18944503522174,19.810554964778262,19.810554964778262,2
P004,Beauty,2024-12-16,105.0,79.85279115921173,25.147208840788267,25.147208840788267,2
P004,Beauty,2024-12-17,92.0,83.44805362134362,8.551946378656382,8.551946378656382,2
P004,Beauty,2024-12-18,88.0,84.2046447933008,3.795355206699199,3.795355206699199,2
P004,Beauty,2024-12-19,76.0,81.47810816903075,-5.478108169030747,5.478108169030747,2
P004,Beauty,2024-12-20,63.0,82.87652426016346,-19.876524260163464,19.876524260163464,2
P004,Beauty,2024-12-21,164.0,101.25131758853665,62.74868241146335,62.74868241146335,2
P004,Beauty,2024-12-22,170.0,104.65136004847948,65.34863995152052,65.34863995152052,2
P004,Beauty,2024-12-23,68.0,94.52237041376604,-26.52237041376604,26.52237041376604,2
P004,Beauty,2024-12-24,67.0,90.74869567857104,-23.74869567857104,23.74869567857104,2
P004,Beauty,2024-12-25,184.0,199.8364741841821,-15.836474184182094,15.836474184182094,2
P004,Beauty,2024-12-26,108.0,94.93657815017298,13.063421849827023,13.063421849827023,2
P004,Beauty,2024-12-27,94.0,90.98194303085592,3.0180569691440837,3.0180569691440837,2
P004,Beauty,2024-12-28,141.0,117.98886188007762,23.01113811992238,23.01113811992238,2
P004,Beauty,2024-12-29,123.0,109.47994398253677,13.520056017463233,13.520056017463233,2
P004,Beauty,2024-12-30,98.0,92.40999818253515,5.590001817464852,5.590001817464852,2
P004,Beauty,2024-12-31,171.0,97.99450222721495,73.00549777278505,73.00549777278505,2
P004,Beauty,2025-01-01,268.0,161.53108583858105,106.46891416141895,106.46891416141895,2
P004,Beauty,2025-01-02,151.0,108.75515013409509,42.24484986590491,42.24484986590491,3
P004,Beauty,2025-01-03,146.0,105.88395850635068,40.11604149364932,40.11604149364932,3
P004,Beauty,2025-01-04,147.0,146.1223730755576,0.87762692444241,0.87762692444241,3
P004,Beauty,2025-01-05,60.0,141.82490598792987,-81.82490598792987,81.82490598792987,3
P004,Beauty,2025-01-06,107.0,121.83697291666508,-14.836972916665076,14.836972916665076,3
P004,Beauty,2025-01-07,114.0,139.02898375014917,-25.028983750149166,25.028983750149166,3
P004,Beauty,2025-01-08,108.0,130.6274896412736,-22.6274896412736,22.6274896412736,3
P004,Beauty,2025-01-09,76.0,120.8060672222846,-44.8060672222846,44.8060672222846,3
P004,Beauty,2025-01-10,132.0,122.56921236807334,9.430787631926663,9.430787631926663,3
P004,Beauty,2025-01-11,172.0,155.51669641643852,16.48330358356148,16.48330358356148,3
P004,Beauty,2025-01-12,181.0,145.6646748700964,35.335325129903595,35.335325129903595,3
P004,Beauty,2025-01-13,99.0,114.35062910419519,-15.350629104195193,15.350629104195193,3
P004,Beauty,2025-01-14,78.0,118.82451388626933,-40.82451388626933,40.82451388626933,3
P004,Beauty,2025-01-15,123.0,121.54568479329437,1.4543152067056297,1.4543152067056297,3
P004,Beauty,2025-01-16,169.0,122.76954460552116,46.23045539447884,46.23045539447884,3
P004,Beauty,2025-01-17,116.0,118.44036259570329,-2.4403625957032915,2.4403625957032915,3
P004,Beauty,2025-01-18,159.0,158.60202004233747,0.39797995766252825,0.39797995766252825,3
P004,Beauty,2025-01-19,133.0,168.21760392454433,-35.217603924544335,35.217603924544335,3
P004,Beauty,2025-01-20,99.0,118.40616226456676,-19.40616226456676,19.40616226456676,3
P004,Beauty,2025-01-21,138.0,118.96971122975329,19.030288770246713,19.030288770246713,3
P004,Beauty,2025-01-22,114.0,125.88298207863035,-11.882982078630349,11.882982078630349,3
P004,Beauty,2025-01-23,131.0,121.76215197467704,9.237848025322961,9.237848025322961,3
P004,Beauty,2025-01-24,135.0,123.18422368487457,11.815776315125433,11.815776315125433,3
P004,Beauty,2025-01-25,161.0,159.76852374012583,1.2314762598741709,1.2314762598741709,3
P004,Beauty,2025-01-26,171.0,145.3969883419293,25.6030116580707,25.6030116580707,3
P004,Beauty,2025-01-27,92.0,116.6702525983868,-24.670252598386796,24.670252598386796,3
P004,Beauty,2025-01-28,153.0,246.8163480286868,-93.8163480286868,93.8163480286868,3
P004,Beauty,2025-01-29,120.0,125.21787291078635,-5.217872910786355,5.217872910786355,3
P004,Beauty,2025-01-30,122.0,129.1683947714441,-7.168394771444099,7.168394771444099,3
P004,Beauty,2025-01-31,105.0,124.56996923027404,-19.56996923027404,19.56996923027404,3
P004,Beauty,2025-02-01,163.0,146.26356895642286,16.73643104357714,16.73643104357714,3
P004,Beauty,2025-02-02,192.0,137.24014529744463,54.75985470255537,54.75985470255537,3
P004,Beauty,2025-02-03,166.0,112.95212802183694,53.04787197816306,53.04787197816306,3
P004,Beauty,2025-02-04,175.0,114.42516980308946,60.57483019691054,60.57483019691054,3
P004,Beauty,2025-02-05,107.0,165.1242600909476,-58.12426009094759,58.12426009094759,3
P004,Beauty,2025-02-06,85.0,117.20866770719448,-32.20866770719448,32.20866770719448,3
P004,Beauty,2025-02-07,117.0,121.2767005750447,-4.2767005750447,4.2767005750447,3
P004,Beauty,2025-02-08,161.0,163.9628521071083,-2.96285210710829,2.96285210710829,3
P004,Beauty,2025-02-09,147.0,162.17537303332958,-15.175373033329578,15.175373033329578,3
P004,Beauty,2025-02-10,109.0,118.28792180690198,-9.287921806901977,9.287921806901977,3
P004,Beauty,2025-02-11,118.0,117.7275003533823,0.2724996466177032,0.2724996466177032,3
P004,Beauty,2025-02-12,147.0,121.60020752661386,25.399792473386142,25.399792473386142,3
P004,Beauty,2025-02-13,100.0,164.01288406867732,-64.01288406867732,64.01288406867732,3
P004,Beauty,2025-02-14,217.0,118.52900470926141,98.47099529073859,98.47099529073859,3
P004,Beauty,2025-02-15,163.0,170.15910774994512,-7.159107749945122,7.159107749945122,3
P004,Beauty,2025-02-16,211.0,159.02409494606724,51.97590505393276,51.97590505393276,3
P004,Beauty,2025-02-17,111.0,122.98591852122163,-11.985918521221635,11.985918521221635,3
P004,Beauty,2025-02-18,154.0,130.38507964961636,23.614920350383642,23.614920350383642,3
P004,Beauty,2025-02-19,137.0,125.31946381325723,11.68053618674277,11.68053618674277,3
P004,Beauty,2025-02-20,166.0,129.42636371209926,36.57363628790074,36.57363628790074,3
P004,Beauty,2025-02-21,127.0,124.75330355602001,2.2466964439799852,2.2466964439799852,3
P004,Beauty,2025-02-22,239.0,161.03440631398655,77.96559368601345,77.96559368601345,3
P004,Beauty,2025-02-23,97.0,182.37878382400177,-85.37878382400177,85.37878382400177,3
P004,Beauty,2025-02-24,172.0,125.70883271638326,46.291167283616744,46.291167283616744,3
P004,Beauty,2025-02-25,141.0,139.59090358999086,1.4090964100091412,1.4090964100091412,3
P004,Beauty,2025-02-26,97.0,127.59322438361285,-30.59322438361285,30.59322438361285,3
P004,Beauty,2025-02-27,212.0,131.9770111404932,80.0229888595068,80.0229888595068,3
P004,Beauty,2025-02-28,208.0,130.65963751478776,77.34036248521224,77.34036248521224,3
P004,Beauty,2025-03-01,71.0,181.0886623555993,-110.0886623555993,110.0886623555993,3
P004,Beauty,2025-03-02,179.0,172.23339151706497,6.766608482935027,6.766608482935027,3
P004,Beauty,2025-03-03,166.0,139.34892562586404,26.65107437413596,26.65107437413596,4
P004,Beauty,2025-03-04,156.0,139.98756582509137,16.012434174908634,16.012434174908634,4
P004,Beauty,2025-03-05,198.0,135.28803352396764,62.71196647603236,62.71196647603236,4
P004,Beauty,2025-03-06,190.0,147.39517828790244,42.60482171209756,42.60482171209756,4
P004,Beauty,2025-03-07,150.0,139.13867236728316,10.861327632716836,10.861327632716836,4
P004,Beauty,2025-03-08,283.0,166.16046364281277,116.83953635718723,116.83953635718723,4
P004,Beauty,2025-03-09,218.0,169.4715540323943,48.528445967605705,48.528445967605705,4
P004,Beauty,2025-03-10,127.0,133.75945288262085,-6.759452882620849,6.759452882620849,4
P004,Beauty,2025-03-11,119.0,132.57832273750287,-13.578322737502873,13.578322737502873,4
P004,Beauty,2025-03-12,190.0,136.93695876608444,53.063041233915555,53.063041233915555,4
P004,Beauty,2025-03-13,110.0,145.53784990943427,-35.53784990943427,35.53784990943427,4
P004,Beauty,2025-03-14,125.0,145.03463479483122,-20.03463479483122,20.03463479483122,4
P004,Beauty,2025-03-15,163.0,184.0213136473642,-21.021313647364195,21.021313647364195,4
P004,Beauty,2025-03-16,193.0,170.14131902930143,22.858680970698572,22.858680970698572,4
P004,Beauty,2025-03-17,134.0,128.55093936418572,5.449060635814277,5.449060635814277,4
P004,Beauty,2025-03-18,90.0,138.07873632783742,-48.07873632783742,48.07873632783742,4
P004,Beauty,2025-03-19,189.0,134.05683368398394,54.94316631601606,54.94316631601606,4
P004,Beauty,2025-03-20,127.0,141.35845605008072,-14.358456050080719,14.358456050080719,4
P004,Beauty,2025-03-21,224.0,140.14881879303795,83.85118120696205,83.85118120696205,4
P004,Beauty,2025-03-22,191.0,166.89540965583834,24.104590344161664,24.104590344161664,4
P004,Beauty,2025-03-23,239.0,164.43572484395605,74.56427515604395,74.56427515604395,4
P004,Beauty,2025-03-24,169.0,132.76769776561997,36.23230223438003,36.23230223438003,4
P004,Beauty,2025-03-25,196.0,141.50696121147882,54.493038788521176,54.493038788521176,4
P004,Beauty,2025-03-26,166.0,132.50972424488407,33.49027575511593,33.49027575511593,4
P004,Beauty,2025-03-27,153.0,128.77108875402814,24.228911245971858,24.228911245971858,4
P004,Beauty,2025-03-28,188.0,132.41696186341312,55.58303813658688,55.58303813658688,4
P004,Beauty,2025-03-29,301.0,169.41366165185838,131.58633834814162,131.58633834814162,4
P004,Beauty,2025-03-30,164.0,175.9751167431409,-11.975116743140887,11.975116743140887,4
P004,Beauty,2025-03-31,176.0,139.60276448949298,36.397235510507016,36.397235510507016,4
P004,Beauty,2025-04-01,144.0,139.38014421283128,4.619855787168717,4.619855787168717,4
P004,Beauty,2025-04-02,164.0,139.22190204402597,24.778097955974033,24.778097955974033,4
P004,Beauty,2025-04-03,145.0,137.75706190779871,7.242938092201285,7.242938092201285,4
P004,Beauty,2025-04-04,57.0,140.3210188530161,-83.32101885301611,83.32101885301611,4
P004,Beauty,2025-04-05,167.0,184.8164015156522,-17.81640151565219,17.81640151565219,4
P004,Beauty,2025-04-06,227.0,170.59588354305885,56.40411645694115,56.40411645694115,4
P004,Beauty,2025-04-07,180.0,215.91584992529488,-35.91584992529488,35.91584992529488,4
P004,Beauty,2025-04-08,239.0,178.5219579382144,60.4780420617856,60.4780420617856,4
P004,Beauty,2025-04-09,151.0,140.66341322400962,10.336586775990384,10.336586775990384,4
P004,Beauty,2025-04-10,136.0,141.14085187906295,-5.14085187906295,5.14085187906295,4
P004,Beauty,2025-04-11,180.0,146.2928129295318,33.707187070468194,33.707187070468194,4
P004,Beauty,2025-04-12,210.0,166.03832041356827,43.96167958643173,43.96167958643173,4
P004,Beauty,2025-04-13,197.0,164.89430932264725,32.105690677352754,32.105690677352754,4
P004,Beauty,2025-04-14,184.0,135.06072546838078,48.93927453161922,48.93927453161922,4
P004,Beauty,2025-04-15,264.0,213.30649779140623,50.69350220859377,50.69350220859377,4
P004,Beauty,2025-04-16,77.0,136.43471563846214,-59.43471563846214,59.43471563846214,4
P004,Beauty,2025-04-17,127.0,139.44921831529135,-12.449218315291347,12.449218315291347,4
P004,Beauty,2025-04-18,70.0,137.6424310827128,-67.64243108271279,67.64243108271279,4
P004,Beauty,2025-04-19,208.0,181.09334722663715,26.90665277336285,26.90665277336285,4
P004,Beauty,2025-04-20,219.0,178.80685936911917,40.19314063088083,40.19314063088083,4
P004,Beauty,2025-04-21,179.0,139.37564134352832,39.624358656471685,39.624358656471685,4
P004,Beauty,2025-04-22,161.0,137.4418561794626,23.558143820537396,23.558143820537396,4
P004,Beauty,2025-04-23,180.0,139.93441801729074,40.06558198270926,40.06558198270926,4
P004,Beauty,2025-04-24,79.0,136.7946395813598,-57.7946395813598,57.7946395813598,4
P004,Beauty,2025-04-25,136.0,142.21644464988722,-6.216444649887222,6.216444649887222,4
P004,Beauty,2025-04-26,104.0,166.84798805530997,-62.84798805530997,62.84798805530997,4
P004,Beauty,2025-04-27,155.0,171.63247300723225,-16.63247300723225,16.63247300723225,4
P004,Beauty,2025-04-28,203.0,131.1855650811214,71.81443491887859,71.81443491887859,4
P004,Beauty,2025-04-29,182.0,132.6899113198696,49.310088680130406,49.310088680130406,4
P004,Beauty,2025-04-30,165.0,134.6744270705506,30.325572929449407,30.325572929449407,4
P004,Beauty,2025-05-01,132.0,139.9394875530676,-7.9394875530676075,7.9394875530676075,4
P005,Sports,2024-09-04,58.0,63.51210786414568,-5.512107864145683,5.512107864145683,1
P005,Sports,2024-09-05,103.0,63.01004983608704,39.98995016391296,39.98995016391296,1
P005,Sports,2024-09-06,73.0,63.67317824325429,9.326821756745709,9.326821756745709,1
P005,Sports,2024-09-07,73.0,79.530062975619,-6.530062975619003,6.530062975619003,1
P005,Sports,2024-09-08,78.0,79.4150480259377,-1.4150480259376934,1.4150480259376934,1
P005,Sports,2024-09-09,85.0,64.7022456090654,20.2977543909346,20.2977543909346,1
P005,Sports,2024-09-10,58.0,67.24535186694688,-9.245351866946876,9.245351866946876,1
P005,Sports,2024-09-11,209.0,63.38081526829667,145.61918473170334,145.61918473170334,1
P005,Sports,2024-09-12,81.0,68.2786370222697,12.721362977730294,12.721362977730294,1
P005,Sports,2024-09-13,128.0,67.93222453872112,60.067775461278885,60.067775461278885,1
P005,Sports,2024-09-14,94.0,89.15637715032254,4.843622849677459,4.843622849677459,1
P005,Sports,2024-09-15,46.0,85.87868917421271,-39.87868917421271,39.87868917421271,1
P005,Sports,2024-09-16,65.0,68.97121648839381,-3.9712164883938073,3.9712164883938073,1
P005,Sports,2024-09-17,42.0,65.09861728841132,-23.09861728841132,23.09861728841132,1
P005,Sports,2024-09-18,51.0,67.62661157039305,-16.626611570393052,16.626611570393052,1
P005,Sports,2024-09-19,91.0,68.99492813632449,22.00507186367551,22.00507186367551,1
P005,Sports,2024-09-20,86.0,68.60898522791994,17.391014772080055,17.391014772080055,1
P005,Sports,2024-09-21,96.0,89.71515564399193,6.284844356008065,6.284844356008065,1
P005,Sports,2024-09-22,49.0,86.0714907700064,-37.071490770006406,37.071490770006406,1
P005,Sports,2024-09-23,51.0,70.01485701243719,-19.01485701243719,19.01485701243719,1
P005,Sports,2024-09-24,74.0,67.66202957827888,6.337970421721124,6.337970421721124,1
P005,Sports,2024-09-25,81.0,69.14243220852747,11.857567791472533,11.857567791472533,1
P005,Sports,2024-09-26,55.0,70.03000671042716,-15.030006710427159,15.030006710427159,1
P005,Sports,2024-09-27,59.0,67.89135485422484,-8.891354854224844,8.891354854224844,1
P005,Sports,2024-09-28,54.0,84.59931262819929,-30.599312628199286,30.599312628199286,1
P005,Sports,2024-09-29,105.0,79.22264389129536,25.777356108704637,25.777356108704637,1
P005,Sports,2024-09-30,61.0,66.55961448529297,-5.559614485292968,5.559614485292968,1
P005,Sports,2024-10-01,69.0,67.24218496065667,1.7578150393433276,1.7578150393433276,1
P005,Sports,2024-10-02,70.0,67.35183261339012,2.6481673866098845,2.6481673866098845,1
P005,Sports,2024-10-03,87.0,67.38721039945081,19.612789600549192,19.612789600549192,1
P005,Sports,2024-10-04,53.0,68.23976618318773,-15.239766183187726,15.239766183187726,1
P005,Sports,2024-10-05,96.0,82.17757722681867,13.82242277318133,13.82242277318133,1
P005,Sports,2024-10-06,52.0,85.1794237355562,-33.1794237355562,33.1794237355562,1
P005,Sports,2024-10-07,135.0,106.40303367084584,28.596966329154156,28.596966329154156,1
P005,Sports,2024-10-08,40.0,69.93698561895718,-29.93698561895718,29.93698561895718,1
P005,Sports,2024-10-09,67.0,69.73234997520447,-2.732349975204471,2.732349975204471,1
P005,Sports,2024-10-10,96.0,64.75918225070039,31.24081774929961,31.24081774929961,1
P005,Sports,2024-10-11,81.0,64.46026140182092,16.539738598179085,16.539738598179085,1
P005,Sports,2024-10-12,83.0,82.49909683670192,0.5009031632980765,0.5009031632980765,1
P005,Sports,2024-10-13,56.0,78.37521450448504,-22.375214504485044,22.375214504485044,1
P005,Sports,2024-10-14,57.0,65.659440854374,-8.659440854373997,8.659440854373997,1
P005,Sports,2024-10-15,92.0,61.53015289780686,30.469847102193143,30.469847102193143,1
P005,Sports,2024-10-16,78.0,65.14462043078859,12.855379569211408,12.855379569211408,1
P005,Sports,2024-10-17,85.0,68.1154651508926,16.884534849107396,16.884534849107396,1
P005,Sports,2024-10-18,71.0,66.08825250087135,4.911747499128651,4.911747499128651,1
P005,Sports,2024-10-19,82.0,88.9651906370764,-6.965190637076404,6.965190637076404,1
P005,Sports,2024-10-20,91.0,80.875959496933,10.124040503066993,10.124040503066993,1
P005,Sports,2024-10-21,75.0,66.65685844175614,8.343141558243858,8.343141558243858,1
P005,Sports,2024-10-22,68.0,69.86939493801628,-1.8693949380162849,1.8693949380162849,1
P005,Sports,2024-10-23,46.0,70.30550134394714,-24.305501343947142,24.305501343947142,1
P005,Sports,2024-10-24,87.0,67.16593167958159,19.83406832041841,19.83406832041841,1
P005,Sports,2024-10-25,79.0,69.66257090162797,9.337429098372027,9.337429098372027,1
P005,Sports,2024-10-26,66.0,87.13465118174065,-21.13465118174065,21.13465118174065,1
P005,Sports,2024-10-27,100.0,87.57771845854155,12.422281541458446,12.422281541458446,1
P005,Sports,2024-10-28,76.0,71.68746677214992,4.312533227850082,4.312533227850082,1
P005,Sports,2024-10-29,141.0,71.9779003823077,69.0220996176923,69.0220996176923,1
P005,Sports,2024-10-30,88.0,71.38599684961088,16.614003150389124,16.614003150389124,1
P005,Sports,2024-10-31,84.0,73.98900923525562,10.010990764744378,10.010990764744378,1
P005,Sports,2024-11-01,78.0,73.89113329991316,4.1088667000868355,4.1088667000868355,1
P005,Sports,2024-11-02,76.0,92.77457051665115,-16.774570516651153,16.774570516651153,1
P005,Sports,2024-11-03,118.0,91.51318884515452,26.486811154845483,26.486811154845483,2
P005,Sports,2024-11-04,60.0,77.17055483926079,-17.170554839260788,17.170554839260788,2
P005,Sports,2024-11-05,87.0,74.06305393285443,12.93694606714557,12.93694606714557,2
P005,Sports,2024-11-06,73.0,75.68973517098867,-2.689735170988669,2.689735170988669,2
P005,Sports,2024-11-07,83.0,76.74426866119049,6.255731338809511,6.255731338809511,2
P005,Sports,2024-11-08,97.0,75.75072022422835,21.249279775771654,21.249279775771654,2
P005,Sports,2024-11-09,164.0,90.65231150914792,73.34768849085208,73.34768849085208,2
P005,Sports,2024-11-10,94.0,92.40532222858562,1.594677771414382,1.594677771414382,2
P005,Sports,2024-11-11,80.0,76.54028110087296,3.45971889912704,3.45971889912704,2
P005,Sports,2024-11-12,64.0,83.93001640602337,-19.93001640602337,19.93001640602337,2
P005,Sports,2024-11-13,100.0,77.45941055389406,22.54058944610594,22.54058944610594,2
P005,Sports,2024-11-14,90.0,80.24880864147681,9.751191358523187,9.751191358523187,2
P005,Sports,2024-11-15,69.0,80.8676853320236,-11.867685332023598,11.867685332023598,2
P005,Sports,2024-11-16,107.0,95.21410972832491,11.785890271675086,11.785890271675086,2
P005,Sports,2024-11-17,68.0,100.53642619766983,-32.536426197669826,32.536426197669826,2
P005,Sports,2024-11-18,77.0,79.02138112391442,-2.0213811239144235,2.0213811239144235,2
P005,Sports,2024-11-19,70.0,79.43267017884544,-9.432670178845441,9.432670178845441,2
P005,Sports,2024-11-20,93.0,79.29258081393466,13.707419186065337,13.707419186065337,2
P005,Sports,2024-11-21,70.0,80.73880966061576,-10.738809660615757,10.738809660615757,2
P005,Sports,2024-11-22,94.0,80.28954198521724,13.710458014782759,13.710458014782759,2
P005,Sports,2024-11-23,100.0,105.52694831337756,-5.526948313377559,5.526948313377559,2
P005,Sports,2024-11-24,79.0,96.77522674732546,-17.775226747325462,17.775226747325462,2
P005,Sports,2024-11-25,116.0,79.6905106928306,36.3094893071694,36.3094893071694,2
P005,Sports,2024-11-26,66.0,80.99269268949303,-14.992692689493026,14.992692689493026,2
P005,Sports,2024-11-27,68.0,103.0569389858428,-35.056938985842805,35.056938985842805,2
P005,Sports,2024-11-28,99.0,79.49030222490666,19.509697775093343,19.509697775093343,2
P005,Sports,2024-11-29,95.0,170.83488556726473,-75.83488556726473,75.83488556726473,2
P005,Sports,2024-11-30,123.0,99.866608852245,23.133391147755006,23.133391147755006,2
P005,Sports,2024-12-01,93.0,98.18076562761166,-5.180765627611663,5.180765627611663,2
P005,Sports,2024-12-02,54.0,79.74797031683721,-25.74797031683721,25.74797031683721,2
P005,Sports,2024-12-03,65.0,79.5576848712043,-14.557684871204302,14.557684871204302,2
P005,Sports,2024-12-04,51.0,80.53327836115085,-29.53327836115085,29.53327836115085,2
P005,Sports,2024-12-05,93.0,81.26995934508363,11.730040654916365,11.730040654916365,2
P005,Sports,2024-12-06,58.0,81.32487430580255,-23.324874305802552,23.324874305802552,2
P005,Sports,2024-12-07,105.0,96.04070216035674,8.959297839643256,8.959297839643256,2
P005,Sports,2024-12-08,87.0,94.26422863395864,-7.264228633958638,7.264228633958638,2
P005,Sports,2024-12-09,76.0,77.95370445554141,-1.9537044555414127,1.9537044555414127,2
P005,Sports,2024-12-10,98.0,76.79936414707903,21.200635852920968,21.200635852920968,2
P005,Sports,2024-12-11,101.0,75.91655475553895,25.083445244461046,25.083445244461046,2
P005,Sports,2024-12-12,188.0,144.45292096610203,43.54707903389797,43.54707903389797,2
P005,Sports,2024-12-13,75.0,78.91330749320417,-3.9133074932041723,3.9133074932041723,2
P005,Sports,2024-12-14,96.0,101.10422086706136,-5.104220867061358,5.104220867061358,2
P005,Sports,2024-12-15,82.0,95.48581602006209,-13.485816020062089,13.485816020062089,2
P005,Sports,2024-12-16,93.0,78.85043512407668,14.149564875923318,14.149564875923318,2
P005,Sports,2024-12-17,73.0,80.4280135639881,-7.428013563988102,7.428013563988102,2
P005,Sports,2024-12-18,81.0,81.89385420433359,-0.8938542043335929,0.8938542043335929,2
P005,Sports,2024-12-19,82.0,78.46282215563231,3.5371778443676902,3.5371778443676902,2
P005,Sports,2024-12-20,98.0,81.53224162042305,16.46775837957695,16.46775837957695,2
P005,Sports,2024-12-21,133.0,138.34165585968097,-5.341655859680969,5.341655859680969,2
P005,Sports,2024-12-22,113.0,99.01401236179458,13.985987638205415,13.985987638205415,2
P005,Sports,2024-12-23,91.0,87.99326296628871,3.006737033711289,3.006737033711289,2
P005,Sports,2024-12-24,80.0,85.41212615517067,-5.412126155170668,5.412126155170668,2
P005,Sports,2024-12-25,237.0,196.70772430233558,40.29227569766442,40.29227569766442,2
P005,Sports,2024-12-26,73.0,97.44403061252969,-24.444030612529687,24.444030612529687,2
P005,Sports,2024-12-27,108.0,89.40598203166458,18.59401796833542,18.59401796833542,2
P005,Sports,2024-12-28,97.0,105.25740373023645,-8.257403730236447,8.257403730236447,2
P005,Sports,2024-12-29,110.0,100.32491404979173,9.67508595020827,9.67508595020827,2
P005,Sports,2024-12-30,101.0,86.94393200129282,14.056067998707178,14.056067998707178,2
P005,Sports,2024-12-31,134.0,87.79661708715714,46.203382912842855,46.203382912842855,2
P005,Sports,2025-01-01,255.0,198.37777441231665,56.622225587683346,56.622225587683346,2
P005,Sports,2025-01-02,99.0,100.22654614868762,-1.2265461486876177,1.2265461486876177,3
P005,Sports,2025-01-03,81.0,99.64951894501311,-18.649518945013114,18.649518945013114,3
P005,Sports,2025-01-04,128.0,113.036104432111,14.963895567888997,14.963895567888997,3
P005,Sports,2025-01-05,101.0,112.29192340327388,-11.291923403273884,11.291923403273884,3
P005,Sports,2025-01-06,62.0,101.33018883899784,-39.33018883899784,39.33018883899784,3
P005,Sports,2025-01-07,95.0,102.19093740034477,-7.190937400344765,7.190937400344765,3
P005,Sports,2025-01-08,105.0,111.85659303725645,-6.856593037256445,6.856593037256445,3
P005,Sports,2025-01-09,81.0,102.68901470233983,-21.689014702339833,21.689014702339833,3
P005,Sports,2025-01-10,128.0,130.89606851311592,-2.896068513115921,2.896068513115921,3
P005,Sports,2025-01-11,109.0,121.08663197596745,-12.08663197596745,12.08663197596745,3
P005,Sports,2025-01-12,110.0,120.01766052245922,-10.017660522459224,10.017660522459224,3
P005,Sports,2025-01-13,133.0,99.14515512246898,33.85484487753102,33.85484487753102,3
P005,Sports,2025-01-14,70.0,97.95236432031685,-27.952364320316846,27.952364320316846,3
P005,Sports,2025-01-15,155.0,98.70347751270883,56.29652248729117,56.29652248729117,3
P005,Sports,2025-01-16,103.0,102.94494346957771,0.055056530422291416,0.055056530422291416,3
P005,Sports,2025-01-17,119.0,105.90602223198934,13.09397776801066,13.09397776801066,3
P005,Sports,2025-01-18,118.0,131.2768384994023,-13.276838499402288,13.276838499402288,3
P005,Sports,2025-01-19,67.0,126.7595215863935,-59.759521586393504,59.759521586393504,3
P005,Sports,2025-01-20,79.0,99.38598412648575,-20.385984126485752,20.385984126485752,3
P005,Sports,2025-01-21,93.0,100.65952519848895,-7.65952519848895,7.65952519848895,3
P005,Sports,2025-01-22,132.0,105.46703271259845,26.532967287401547,26.532967287401547,3
P005,Sports,2025-01-23,71.0,99.17974941846202,-28.179749418462023,28.179749418462023,3
P005,Sports,2025-01-24,85.0,99.75875239714622,-14.758752397146225,14.758752397146225,3
P005,Sports,2025-01-25,123.0,123.7677088835823,-0.7677088835823014,0.7677088835823014,3
P005,Sports,2025-01-26,132.0,122.98843284302714,9.011567156972859,9.011567156972859,3
P005,Sports,2025-01-27,121.0,100.20265855335772,20.797341446642278,20.797341446642278,3
P005,Sports,2025-01-28,83.0,101.57984938794993,-18.579849387949935,18.579849387949935,3
P005,Sports,2025-01-29,67.0,101.26618670447432,-34.26618670447432,34.26618670447432,3
P005,Sports,2025-01-30,125.0,96.7829465840867,28.2170534159133,28.2170534159133,3
P005,Sports,2025-01-31,149.0,98.33178088689428,50.66821911310572,50.66821911310572,3
P005,Sports,2025-02-01,111.0,125.34770131203385,-14.347701312033848,14.347701312033848,3
P005,Sports,2025-02-02,88.0,120.19978630655304,-32.19978630655304,32.19978630655304,3
P005,Sports,2025-02-03,100.0,96.68489664448583,3.315103355514168,3.315103355514168,3
P005,Sports,2025-02-04,163.0,135.3090772402578,27.690922759742193,27.690922759742193,3
P005,Sports,2025-02-05,106.0,101.33666474219964,4.663335257800355,4.663335257800355,3
P005,Sports,2025-02-06,152.0,100.98097674771947,51.01902325228053,51.01902325228053,3
P005,Sports,2025-02-07,139.0,108.91014752330007,30.08985247669993,30.08985247669993,3
P005,Sports,2025-02-08,198.0,207.79137532895714,-9.791375328957145,9.791375328957145,3
P005,Sports,2025-02-09,65.0,120.17412482442316,-55.17412482442316,55.17412482442316,3
P005,Sports,2025-02-10,95.0,104.31780643468521,-9.31780643468521,9.31780643468521,3
P005,Sports,2025-02-11,137.0,138.42448721369763,-1.4244872136976312,1.4244872136976312,3
P005,Sports,2025-02-12,94.0,110.75139630202466,-16.75139630202466,16.75139630202466,3
P005,Sports,2025-02-13,121.0,106.45018906587622,14.549810934123784,14.549810934123784,3
P005,Sports,2025-02-14,122.0,106.44928518196795,15.550714818032048,15.550714818032048,3
P005,Sports,2025-02-15,75.0,123.05674800368061,-48.05674800368061,48.05674800368061,3
P005,Sports,2025-02-16,152.0,121.52971142028089,30.47028857971911,30.47028857971911,3
P005,Sports,2025-02-17,117.0,106.4898145932718,10.510185406728198,10.510185406728198,3
P005,Sports,2025-02-18,127.0,110.90413725928397,16.09586274071603,16.09586274071603,3
P005,Sports,2025-02-19,139.0,110.51143786379444,28.48856213620556,28.48856213620556,3
P005,Sports,2025-02-20,96.0,108.03867134352376,-12.03867134352376,12.03867134352376,3
P005,Sports,2025-02-21,154.0,109.94483710452614,44.055162895473856,44.055162895473856,3
P005,Sports,2025-02-22,125.0,130.53764268846012,-5.537642688460124,5.537642688460124,3
P005,Sports,2025-02-23,177.0,141.8726646359964,35.12733536400361,35.12733536400361,3
P005,Sports,2025-02-24,93.0,114.61489753595183,-21.614897535951826,21.614897535951826,3
P005,Sports,2025-02-25,161.0,112.8759401445095,48.1240598554905,48.1240598554905,3
P005,Sports,2025-02-26,93.0,115.25195851324159,-22.25195851324159,22.25195851324159,3
P005,Sports,2025-02-27,194.0,114.46483618888065,79.53516381111935,79.53516381111935,3
P005,Sports,2025-02-28,92.0,120.96035076533558,-28.960350765335576,28.960350765335576,3
P005,Sports,2025-03-01,165.0,123.59990277367977,41.40009722632023,41.40009722632023,3
P005,Sports,2025-03-02,120.0,131.2031620383636,-11.203162038363587,11.203162038363587,3
P005,Sports,2025-03-03,188.0,138.9226497277669,49.077350272233105,49.077350272233105,4
P005,Sports,2025-03-04,120.0,123.79559377529623,-3.7955937752962257,3.7955937752962257,4
P005,Sports,2025-03-05,89.0,113.69165074783851,-24.69165074783851,24.69165074783851,4
P005,Sports,2025-03-06,39.0,126.6585897568103,-87.6585897568103,87.6585897568103,4
P005,Sports,2025-03-07,196.0,116.48577801526362,79.51422198473638,79.51422198473638,4
P005,Sports,2025-03-08,135.0,148.13544912505148,-13.13544912505148,13.13544912505148,4
P005,Sports,2025-03-09,38.0,131.30179712364242,-93.30179712364242,93.30179712364242,4
P005,Sports,2025-03-10,131.0,122.85956716343107,8.140432836568934,8.140432836568934,4
P005,Sports,2025-03-11,143.0,113.84578723887464,29.154212761125365,29.154212761125365,4
P005,Sports,2025-03-12,101.0,110.98997071511977,-9.989970715119767,9.989970715119767,4
P005,Sports,2025-03-13,102.0,107.68704518977945,-5.687045189779454,5.687045189779454,4
P005,Sports,2025-03-14,122.0,118.04498358909386,3.95501641090614,3.95501641090614,4
P005,Sports,2025-03-15,217.0,148.14359027164474,68.85640972835526,68.85640972835526,4
P005,Sports,2025-03-16,138.0,147.1827363758375,-9.182736375837493,9.182736375837493,4
P005,Sports,2025-03-17,167.0,114.08343210061594,52.91656789938406,52.91656789938406,4
P005,Sports,2025-03-18,157.0,118.35858589024134,38.64141410975866,38.64141410975866,4
P005,Sports,2025-03-19,117.0,114.9468038051238,2.053196194876193,2.053196194876193,4
P005,Sports,2025-03-20,77.0,111.52375334286867,-34.52375334286867,34.52375334286867,4
P005,Sports,2025-03-21,117.0,120.42733287468529,-3.427332874685291,3.427332874685291,4
P005,Sports,2025-03-22,152.0,153.3598140672673,-1.3598140672673082,1.3598140672673082,4
P005,Sports,2025-03-23,137.0,162.89860488443534,-25.898604884435343,25.898604884435343,4
P005,Sports,2025-03-24,143.0,116.98345433677277,26.016545663227234,26.016545663227234,4
P005,Sports,2025-03-25,150.0,121.575891895318,28.424108104682006,28.424108104682006,4
P005,Sports,2025-03-26,140.0,111.88617736885578,28.113822631144217,28.113822631144217,4
P005,Sports,2025-03-27,116.0,117.1530991238919,-1.1530991238919057,1.1530991238919057,4
P005,Sports,2025-03-28,140.0,111.18619462619311,28.813805373806886,28.813805373806886,4
P005,Sports,2025-03-29,209.0,156.00387152298936,52.99612847701064,52.99612847701064,4
P005,Sports,2025-03-30,125.0,221.36382608724776,-96.36382608724776,96.36382608724776,4
P005,Sports,2025-03-31,139.0,122.27848657796332,16.72151342203668,16.72151342203668,4
P005,Sports,2025-04-01,180.0,114.97447244694521,65.02552755305479,65.02552755305479,4
P005,Sports,2025-04-02,89.0,118.78543784453939,-29.785437844539388,29.785437844539388,4
P005,Sports,2025-04-03,155.0,112.16253005855944,42.83746994144056,42.83746994144056,4
P005,Sports,2025-04-04,159.0,121.1643198133601,37.835680186639905,37.835680186639905,4
P005,Sports,2025-04-05,87.0,146.9225747029312,-59.9225747029312,59.9225747029312,4
P005,Sports,2025-04-06,159.0,132.84077028176773,26.159229718232268,26.159229718232268,4
P005,Sports,2025-04-07,116.0,125.68173237814962,-9.681732378149619,9.681732378149619,4
P005,Sports,2025-04-08,122.0,124.53286404104615,-2.532864041046153,2.532864041046153,4
P005,Sports,2025-04-09,114.0,113.23456238037942,0.7654376196205845,0.7654376196205845,4
P005,Sports,2025-04-10,164.0,120.90276696398622,43.097233036013776,43.097233036013776,4
P005,Sports,2025-04-11,121.0,125.6204618960545,-4.620461896054493,4.620461896054493,4
P005,Sports,2025-04-12,120.0,145.2204847155233,-25.2204847155233,25.2204847155233,4
P005,Sports,2025-04-13,120.0,150.7926501808578,-30.792650180857805,30.792650180857805,4
P005,Sports,2025-04-14,114.0,118.35460951264382,-4.354609512643819,4.354609512643819,4
P005,Sports,2025-04-15,91.0,119.94910648451624,-28.949106484516236,28.949106484516236,4
P005,Sports,2025-04-16,109.0,113.28236663979756,-4.282366639797559,4.282366639797559,4
P005,Sports,2025-04-17,127.0,117.28736691400704,9.712633085992962,9.712633085992962,4
P005,Sports,2025-04-18,135.0,116.9897898142718,18.010210185728198,18.010210185728198,4
P005,Sports,2025-04-19,174.0,144.01512025101482,29.98487974898518,29.98487974898518,4
P005,Sports,2025-04-20,142.0,142.88683332821392,-0.8868333282139247,0.8868333282139247,4
P005,Sports,2025-04-21,109.0,115.91029918915,-6.910299189149995,6.910299189149995,4
P005,Sports,2025-04-22,93.0,117.09806825804465,-24.09806825804465,24.09806825804465,4
P005,Sports,2025-04-23,131.0,115.11903105430699,15.880968945693013,15.880968945693013,4
P005,Sports,2025-04-24,119.0,114.71455091634039,4.285449083659614,4.285449083659614,4
P005,Sports,2025-04-25,120.0,120.48868199665797,-0.4886819966579736,0.4886819966579736,4
P005,Sports,2025-04-26,142.0,146.8773939688822,-4.877393968882188,4.877393968882188,4
P005,Sports,2025-04-27,262.0,257.56925254032586,4.430747459674137,4.430747459674137,4
P005,Sports,2025-04-28,130.0,110.46861482477273,19.53138517522727,19.53138517522727,4
P005,Sports,2025-04-29,116.0,113.7787851615645,2.2212148384355004,2.2212148384355004,4
P005,Sports,2025-04-30,98.0,110.24399891775968,-12.243998917759683,12.243998917759683,4
P005,Sports,2025-05-01,103.0,112.86420348881651,-9.864203488816514,9.864203488816514,4
P006,Electronics,2024-09-04,80.0,70.66418349011461,9.33581650988539,9.33581650988539,1
P006,Electronics,2024-09-05,80.0,70.47174990250282,9.528250097497178,9.528250097497178,1
P006,Electronics,2024-09-06,60.0,69.85500533671836,-9.855005336718364,9.855005336718364,1
P006,Electronics,2024-09-07,99.0,87.90228487434028,11.097715125659718,11.097715125659718,1
P006,Electronics,2024-09-08,90.0,89.15789191272026,0.8421080872797404,0.8421080872797404,1
P006,Electronics,2024-09-09,63.0,70.14442833988747,-7.144428339887469,7.144428339887469,1
P006,Electronics,2024-09-10,67.0,70.39352316468234,-3.3935231646823354,3.3935231646823354,1
P006,Electronics,2024-09-11,124.0,125.99656927329707,-1.9965692732970695,1.9965692732970695,1
P006,Electronics,2024-09-12,62.0,71.2020848342051,-9.202084834205095,9.202084834205095,1
P006,Electronics,2024-09-13,72.0,70.1801903118629,1.8198096881370986,1.8198096881370986,1
P006,Electronics,2024-09-14,104.0,87.93834668704427,16.061653312955727,16.061653312955727,1
P006,Electronics,2024-09-15,98.0,90.09863169033086,7.901368309669138,7.901368309669138,1
P006,Electronics,2024-09-16,69.0,70.80857903209163,-1.8085790320916288,1.8085790320916288,1
P006,Electronics,2024-09-17,71.0,71.36250420076892,-0.36250420076892453,0.36250420076892453,1
P006,Electronics,2024-09-18,63.0,71.58536088143833,-8.585360881438334,8.585360881438334,1
P006,Electronics,2024-09-19,63.0,71.19415733782904,-8.19415733782904,8.19415733782904,1
P006,Electronics,2024-09-20,52.0,70.34126835181758,-18.341268351817575,18.341268351817575,1
P006,Electronics,2024-09-21,88.0,88.69091852448967,-0.6909185244896747,0.6909185244896747,1
P006,Electronics,2024-09-22,93.0,88.84981468891954,4.150185311080463,4.150185311080463,1
P006,Electronics,2024-09-23,67.0,70.89789856462379,-3.8978985646237874,3.8978985646237874,1
P006,Electronics,2024-09-24,59.0,70.22289630948886,-11.22289630948886,11.22289630948886,1
P006,Electronics,2024-09-25,69.0,69.33884051882049,-0.33884051882048993,0.33884051882048993,1
P006,Electronics,2024-09-26,82.0,67.31770611688638,14.682293883113616,14.682293883113616,1
P006,Electronics,2024-09-27,77.0,68.18027076774791,8.819729232252087,8.819729232252087,1
P006,Electronics,2024-09-28,84.0,86.00665061043622,-2.0066506104362247,2.0066506104362247,1
P006,Electronics,2024-09-29,111.0,86.88825421971266,24.111745780287336,24.111745780287336,1
P006,Electronics,2024-09-30,96.0,69.81619572697407,26.183804273025928,26.183804273025928,1
P006,Electronics,2024-10-01,63.0,71.39015318290942,-8.390153182909415,8.390153182909415,1
P006,Electronics,2024-10-02,65.0,70.29417982860268,-5.2941798286026795,5.2941798286026795,1
P006,Electronics,2024-10-03,75.0,70.29417982860268,4.7058201713973205,4.7058201713973205,1
P006,Electronics,2024-10-04,58.0,70.8407894834554,-12.840789483455396,12.840789483455396,1
P006,Electronics,2024-10-05,96.0,88.82650637865966,7.1734936213403415,7.1734936213403415,1
P006,Electronics,2024-10-06,86.0,89.01973143113875,-3.0197314311387515,3.0197314311387515,1
P006,Electronics,2024-10-07,72.0,71.127878773361,0.8721212266389955,0.8721212266389955,1
P006,Electronics,2024-10-08,62.0,70.69714939896522,-8.697149398965223,8.697149398965223,1
P006,Electronics,2024-10-09,84.0,105.87171433727825,-21.87171433727825,21.87171433727825,1
P006,Electronics,2024-10-10,47.0,70.70290142296686,-23.70290142296686,23.70290142296686,1
P006,Electronics,2024-10-11,84.0,69.9561666480865,14.043833351913506,14.043833351913506,1
P006,Electronics,2024-10-12,97.0,89.07791822520407,7.922081774795927,7.922081774795927,1
P006,Electronics,2024-10-13,94.0,89.33507379354064,4.664926206459356,4.664926206459356,1
P006,Electronics,2024-10-14,72.0,70.89323496751395,1.1067650324860523,1.1067650324860523,1
P006,Electronics,2024-10-15,44.0,69.20444161516811,-25.204441615168108,25.204441615168108,1
P006,Electronics,2024-10-16,61.0,68.08623431272906,-7.0862343127290615,7.0862343127290615,1
P006,Electronics,2024-10-17,66.0,67.7333524118405,-1.7333524118404995,1.7333524118404995,1
P006,Electronics,2024-10-18,57.0,67.37061414837216,-10.370614148372155,10.370614148372155,1
P006,Electronics,2024-10-19,63.0,85.017048652819,-22.017048652819,22.017048652819,1
P006,Electronics,2024-10-20,73.0,81.17257230490212,-8.172572304902118,8.172572304902118,1
P006,Electronics,2024-10-21,70.0,65.3439785833208,4.656021416679195,4.656021416679195,1
P006,Electronics,2024-10-22,70.0,63.61616517092239,6.383834829077607,6.383834829077607,1
P006,Electronics,2024-10-23,79.0,65.3502299607964,13.649770039203602,13.649770039203602,1
P006,Electronics,2024-10-24,92.0,65.38394513324846,26.61605486675154,26.61605486675154,1
P006,Electronics,2024-10-25,77.0,68.19434769213038,8.805652307869622,8.805652307869622,1
P006,Electronics,2024-10-26,85.0,82.69085483923917,2.309145160760835,2.309145160760835,1
P006,Electronics,2024-10-27,111.0,84.61594949935697,26.384050500643028,26.384050500643028,1
P006,Electronics,2024-10-28,53.0,69.83759959016008,-16.83759959016008,16.83759959016008,1
P006,Electronics,2024-10-29,48.0,65.55670646712034,-17.556706467120335,17.556706467120335,1
P006,Electronics,2024-10-30,61.0,65.56815688232624,-4.568156882326235,4.568156882326235,1
P006,Electronics,2024-10-31,80.0,66.40463345817754,13.595366541822457,13.595366541822457,1
P006,Electronics,2024-11-01,73.0,67.73992623063359,5.260073769366414,5.260073769366414,1
P006,Electronics,2024-11-02,73.0,85.32729793855937,-12.327297938559369,12.327297938559369,1
P006,Electronics,2024-11-03,79.0,90.33834202017275,-11.338342020172746,11.338342020172746,2
P006,Electronics,2024-11-04,58.0,67.46384213751546,-9.463842137515456,9.463842137515456,2
P006,Electronics,2024-11-05,58.0,65.81562625958297,-7.81562625958297,7.81562625958297,2
P006,Electronics,2024-11-06,154.0,127.5217016490279,26.478298350972096,26.478298350972096,2
P006,Electronics,2024-11-07,71.0,69.64782788242864,1.3521721175713566,1.3521721175713566,2
P006,Electronics,2024-11-08,92.0,73.16830222944392,18.831697770556076,18.831697770556076,2
P006,Electronics,2024-11-09,0.0,88.1409120089394,-88.1409120089394,88.1409120089394,2
P006,Electronics,2024-11-10,97.0,87.52987146441669,9.470128535583314,9.470128535583314,2
P006,Electronics,2024-11-11,76.0,67.38232598086337,8.61767401913663,8.61767401913663,2
P006,Electronics,2024-11-12,83.0,65.73056996669739,17.269430033302612,17.269430033302612,2
P006,Electronics,2024-11-13,76.0,67.90430769043735,8.09569230956265,8.09569230956265,2
P006,Electronics,2024-11-14,85.0,70.32614348896804,14.673856511031957,14.673856511031957,2
P006,Electronics,2024-11-15,80.0,72.30208034635218,7.697919653647816,7.697919653647816,2
P006,Electronics,2024-11-16,77.0,85.50488610931457,-8.504886109314569,8.504886109314569,2
P006,Electronics,2024-11-17,103.0,92.49220679736975,10.507793202630253,10.507793202630253,2
P006,Electronics,2024-11-18,74.0,73.95708799494004,0.042912005059960734,0.042912005059960734,2
P006,Electronics,2024-11-19,107.0,136.10434423818458,-29.10434423818458,29.10434423818458,2
P006,Electronics,2024-11-20,83.0,74.64585535736619,8.354144642633813,8.354144642633813,2
P006,Electronics,2024-11-21,86.0,75.7305370813171,10.269462918682905,10.269462918682905,2
P006,Electronics,2024-11-22,127.0,88.49610374259994,38.50389625740006,38.50389625740006,2
P006,Electronics,2024-11-23,90.0,92.4610256064161,-2.4610256064161007,2.4610256064161007,2
P006,Electronics,2024-11-24,75.0,98.00424695260985,-23.004246952609847,23.004246952609847,2
P006,Electronics,2024-11-25,55.0,73.55629046918406,-18.556290469184063,18.556290469184063,2
P006,Electronics,2024-11-26,74.0,74.41422851270515,-0.4142285127051508,0.4142285127051508,2
P006,Electronics,2024-11-27,87.0,75.48263380399352,11.517366196006478,11.517366196006478,2
P006,Electronics,2024-11-28,71.0,77.54508690716874,-6.545086907168738,6.545086907168738,2
P006,Electronics,2024-11-29,204.0,168.6420902635463,35.357909736453706,35.357909736453706,2
P006,Electronics,2024-11-30,94.0,92.30946303173891,1.6905369682610853,1.6905369682610853,2
P006,Electronics,2024-12-01,95.0,95.21265281691339,-0.21265281691339055,0.21265281691339055,2
P006,Electronics,2024-12-02,75.0,77.02582062467552,-2.025820624675518,2.025820624675518,2
P006,Electronics,2024-12-03,91.0,79.87409861674593,11.125901383254075,11.125901383254075,2
P006,Electronics,2024-12-04,68.0,82.71809168602742,-14.718091686027421,14.718091686027421,2
P006,Electronics,2024-12-05,78.0,76.98040664021403,1.019593359785972,1.019593359785972,2
P006,Electronics,2024-12-06,97.0,108.4278389751888,-11.427838975188806,11.427838975188806,2
P006,Electronics,2024-12-07,91.0,97.24274445200116,-6.242744452001162,6.242744452001162,2
P006,Electronics,2024-12-08,101.0,100.32569411272013,0.6743058872798713,0.6743058872798713,2
P006,Electronics,2024-12-09,80.0,80.85608848739774,-0.8560884873977415,0.8560884873977415,2
P006,Electronics,2024-12-10,95.0,82.64036990454136,12.359630095458641,12.359630095458641,2
P006,Electronics,2024-12-11,82.0,82.3371741245676,-0.3371741245675963,0.3371741245675963,2
P006,Electronics,2024-12-12,89.0,82.16540232029621,6.834597679703791,6.834597679703791,2
P006,Electronics,2024-12-13,85.0,90.56192017164965,-5.561920171649646,5.561920171649646,2
P006,Electronics,2024-12-14,125.0,99.51806706723394,25.481932932766057,25.481932932766057,2
P006,Electronics,2024-12-15,98.0,101.4818638540104,-3.481863854010399,3.481863854010399,2
P006,Electronics,2024-12-16,80.0,83.53876239696064,-3.538762396960635,3.538762396960635,2
P006,Electronics,2024-12-17,93.0,85.18493655282664,7.815063447173358,7.815063447173358,2
P006,Electronics,2024-12-18,80.0,83.89559547965834,-3.89559547965834,3.89559547965834,2
P006,Electronics,2024-12-19,91.0,84.08731270776748,6.912687292232519,6.912687292232519,2
P006,Electronics,2024-12-20,115.0,85.0368859412259,29.963114058774096,29.963114058774096,2
P006,Electronics,2024-12-21,90.0,104.21420283888304,-14.21420283888304,14.21420283888304,2
P006,Electronics,2024-12-22,131.0,101.56480226705389,29.435197732946108,29.435197732946108,2
P006,Electronics,2024-12-23,79.0,84.62462162673904,-5.624621626739042,5.624621626739042,2
P006,Electronics,2024-12-24,104.0,86.16984146459546,17.830158535404536,17.830158535404536,2
P006,Electronics,2024-12-25,205.0,196.34260158552502,8.657398414474983,8.657398414474983,2
P006,Electronics,2024-12-26,95.0,93.25186930379611,1.7481306962038872,1.7481306962038872,2
P006,Electronics,2024-12-27,85.0,94.35200835110066,-9.352008351100665,9.352008351100665,2
P006,Electronics,2024-12-28,105.0,112.04252067710789,-7.042520677107888,7.042520677107888,2
P006,Electronics,2024-12-29,97.0,108.73188386749926,-11.731883867499263,11.731883867499263,2
P006,Electronics,2024-12-30,88.0,91.24514415341106,-3.2451441534110614,3.2451441534110614,2
P006,Electronics,2024-12-31,86.0,91.5207908998242,-5.520790899824206,5.520790899824206,2
P006,Electronics,2025-01-01,196.0,200.48444965774348,-4.4844496577434825,4.4844496577434825,2
P006,Electronics,2025-01-02,70.0,94.51541277516834,-24.515412775168343,24.515412775168343,3
P006,Electronics,2025-01-03,90.0,93.8249318918666,-3.8249318918665978,3.8249318918665978,3
P006,Electronics,2025-01-04,133.0,113.31450939183512,19.685490608164883,19.685490608164883,3
P006,Electronics,2025-01-05,128.0,116.89006644380503,11.109933556194974,11.109933556194974,3
P006,Electronics,2025-01-06,91.0,97.19017019421625,-6.19017019421625,6.19017019421625,3
P006,Electronics,2025-01-07,127.0,97.64766267425867,29.35233732574133,29.35233732574133,3
P006,Electronics,2025-01-08,83.0,104.86041292071774,-21.860412920717735,21.860412920717735,3
P006,Electronics,2025-01-09,90.0,99.013549959423,-9.013549959423003,9.013549959423003,3
P006,Electronics,2025-01-10,71.0,99.02467101154511,-28.02467101154511,28.02467101154511,3
P006,Electronics,2025-01-11,107.0,123.83173198722982,-16.831731987229816,16.831731987229816,3
P006,Electronics,2025-01-12,147.0,117.6450896877549,29.354910312245096,29.354910312245096,3
P006,Electronics,2025-01-13,88.0,98.93141271505135,-10.931412715051351,10.931412715051351,3
P006,Electronics,2025-01-14,71.0,98.03443730090558,-27.03443730090558,27.03443730090558,3
P006,Electronics,2025-01-15,106.0,98.80977759108,7.190222408919993,7.190222408919993,3
P006,Electronics,2025-01-16,100.0,98.82029257449491,1.179707425505086,1.179707425505086,3
P006,Electronics,2025-01-17,106.0,99.472046907167,6.527953092833002,6.527953092833002,3
P006,Electronics,2025-01-18,112.0,122.26836073779184,-10.268360737791838,10.268360737791838,3
P006,Electronics,2025-01-19,100.0,132.91958406661954,-32.919584066619535,32.919584066619535,3
P006,Electronics,2025-01-20,93.0,98.65775254409023,-5.657752544090229,5.657752544090229,3
P006,Electronics,2025-01-21,104.0,99.39192868323181,4.608071316768189,4.608071316768189,3
P006,Electronics,2025-01-22,162.0,104.69384121438178,57.30615878561822,57.30615878561822,3
P006,Electronics,2025-01-23,102.0,99.11411769472002,2.885882305279978,2.885882305279978,3
P006,Electronics,2025-01-24,89.0,99.94716283503983,-10.947162835039833,10.947162835039833,3
P006,Electronics,2025-01-25,128.0,121.99588296195131,6.00411703804869,6.00411703804869,3
P006,Electronics,2025-01-26,121.0,121.63368802809856,-0.6336880280985611,0.6336880280985611,3
P006,Electronics,2025-01-27,87.0,100.55982251796623,-13.559822517966225,13.559822517966225,3
P006,Electronics,2025-01-28,100.0,100.34034943415881,-0.34034943415881,0.34034943415881,3
P006,Electronics,2025-01-29,92.0,112.04856277284844,-20.04856277284844,20.04856277284844,3
P006,Electronics,2025-01-30,108.0,96.74655966089834,11.253440339101658,11.253440339101658,3
P006,Electronics,2025-01-31,112.0,100.0057523660129,11.9942476339871,11.9942476339871,3
P006,Electronics,2025-02-01,133.0,126.4592324856021,6.540767514397899,6.540767514397899,3
P006,Electronics,2025-02-02,92.0,124.59607033741011,-32.59607033741011,32.59607033741011,3
P006,Electronics,2025-02-03,85.0,98.56694253386873,-13.566942533868726,13.566942533868726,3
P006,Electronics,2025-02-04,90.0,100.00915685675022,-10.009156856750224,10.009156856750224,3
P006,Electronics,2025-02-05,88.0,97.04374104830704,-9.04374104830704,9.04374104830704,3
P006,Electronics,2025-02-06,92.0,97.08422481742743,-5.084224817427426,5.084224817427426,3
P006,Electronics,2025-02-07,115.0,96.97306001969949,18.02693998030051,18.02693998030051,3
P006,Electronics,2025-02-08,139.0,121.99264766437564,17.00735233562436,17.00735233562436,3
P006,Electronics,2025-02-09,118.0,124.31707843734476,-6.317078437344762,6.317078437344762,3
P006,Electronics,2025-02-10,111.0,99.62165944351548,11.378340556484517,11.378340556484517,3
P006,Electronics,2025-02-11,107.0,99.3943905491032,7.605609450896793,7.605609450896793,3
P006,Electronics,2025-02-12,102.0,99.49181975061128,2.5081802493887153,2.5081802493887153,3
P006,Electronics,2025-02-13,121.0,100.47956254274345,20.52043745725655,20.52043745725655,3
P006,Electronics,2025-02-14,150.0,156.55138472853358,-6.551384728533577,6.551384728533577,3
P006,Electronics,2025-02-15,129.0,127.93456225006555,1.0654377499344463,1.0654377499344463,3
P006,Electronics,2025-02-16,107.0,120.36016072024654,-13.36016072024654,13.36016072024654,3
P006,Electronics,2025-02-17,123.0,137.2578124233124,-14.257812423312402,14.257812423312402,3
P006,Electronics,2025-02-18,82.0,102.64215907488128,-20.642159074881278,20.642159074881278,3
P006,Electronics,2025-02-19,88.0,107.63925349470202,-19.639253494702018,19.639253494702018,3
P006,Electronics,2025-02-20,106.0,101.47741775480411,4.522582245195892,4.522582245195892,3
P006,Electronics,2025-02-21,100.0,104.55559208752229,-4.555592087522285,4.555592087522285,3
P006,Electronics,2025-02-22,125.0,126.42672800551111,-1.4267280055111087,1.4267280055111087,3
P006,Electronics,2025-02-23,124.0,123.25303327169486,0.7469667283051393,0.7469667283051393,3
P006,Electronics,2025-02-24,134.0,100.10648951096786,33.89351048903214,33.89351048903214,3
P006,Electronics,2025-02-25,87.0,99.94288829729953,-12.942888297299532,12.942888297299532,3
P006,Electronics,2025-02-26,85.0,99.55753107498604,-14.557531074986045,14.557531074986045,3
P006,Electronics,2025-02-27,92.0,99.99370794242981,-7.993707942429808,7.993707942429808,3
P006,Electronics,2025-02-28,105.0,100.11255957602657,4.88744042397343,4.88744042397343,3
P006,Electronics,2025-03-01,142.0,127.05429303456641,14.945706965433587,14.945706965433587,3
P006,Electronics,2025-03-02,144.0,122.35901589772719,21.64098410227281,21.64098410227281,3
P006,Electronics,2025-03-03,122.0,103.53586590075342,18.46413409924658,18.46413409924658,4
P006,Electronics,2025-03-04,105.0,104.02903490940558,0.9709650905944187,0.9709650905944187,4
P006,Electronics,2025-03-05,100.0,104.52555671602644,-4.525556716026443,4.525556716026443,4
P006,Electronics,2025-03-06,134.0,106.91974892649206,27.080251073507938,27.080251073507938,4
P006,Electronics,2025-03-07,61.0,108.4061633635009,-47.406163363500895,47.406163363500895,4
P006,Electronics,2025-03-08,134.0,134.96280226839573,-0.962802268395734,0.962802268395734,4
P006,Electronics,2025-03-09,142.0,129.74661646597016,12.253383534029837,12.253383534029837,4
P006,Electronics,2025-03-10,139.0,107.3225137629397,31.677486237060293,31.677486237060293,4
P006,Electronics,2025-03-11,80.0,107.03101323932236,-27.031013239322363,27.031013239322363,4
P006,Electronics,2025-03-12,101.0,105.80630975917245,-4.80630975917245,4.80630975917245,4
P006,Electronics,2025-03-13,85.0,107.51202217466434,-22.512022174664338,22.512022174664338,4
P006,Electronics,2025-03-14,78.0,108.07241378191235,-30.072413781912346,30.072413781912346,4
P006,Electronics,2025-03-15,185.0,187.60994275466464,-2.609942754664644,2.609942754664644,4
P006,Electronics,2025-03-16,152.0,130.7120571873582,21.287942812641802,21.287942812641802,4
P006,Electronics,2025-03-17,128.0,114.17848343393476,13.821516566065242,13.821516566065242,4
P006,Electronics,2025-03-18,100.0,106.13702580325665,-6.137025803256648,6.137025803256648,4
P006,Electronics,2025-03-19,120.0,105.84910312557564,14.150896874424362,14.150896874424362,4
P006,Electronics,2025-03-20,105.0,106.83479721572984,-1.8347972157298358,1.8347972157298358,4
P006,Electronics,2025-03-21,118.0,105.8646555183424,12.135344481657597,12.135344481657597,4
P006,Electronics,2025-03-22,159.0,137.83617996764661,21.163820032353385,21.163820032353385,4
P006,Electronics,2025-03-23,131.0,142.33437527158992,-11.33437527158992,11.33437527158992,4
P006,Electronics,2025-03-24,127.0,111.37887667886996,15.621123321130042,15.621123321130042,4
P006,Electronics,2025-03-25,89.0,105.57405643890418,-16.57405643890418,16.57405643890418,4
P006,Electronics,2025-03-26,120.0,107.46826004556993,12.531739954430066,12.531739954430066,4
P006,Electronics,2025-03-27,126.0,106.90560899050091,19.09439100949909,19.09439100949909,4
P006,Electronics,2025-03-28,125.0,110.59602696261373,14.403973037386265,14.403973037386265,4
P006,Electronics,2025-03-29,111.0,143.2852162879404,-32.285216287940386,32.285216287940386,4
P006,Electronics,2025-03-30,131.0,136.3704678384626,-5.370467838462588,5.370467838462588,4
P006,Electronics,2025-03-31,114.0,111.50243797722979,2.497562022770211,2.497562022770211,4
P006,Electronics,2025-04-01,116.0,108.05932710183393,7.940672898166071,7.940672898166071,4
P006,Electronics,2025-04-02,111.0,108.94374955317925,2.056250446820755,2.056250446820755,4
P006,Electronics,2025-04-03,133.0,114.65428473480644,18.34571526519356,18.34571526519356,4
P006,Electronics,2025-04-04,87.0,110.5704485850867,-23.570448585086694,23.570448585086694,4
P006,Electronics,2025-04-05,130.0,133.06696384359307,-3.066963843593072,3.066963843593072,4
P006,Electronics,2025-04-06,100.0,135.50940095826473,-35.509400958264735,35.509400958264735,4
P006,Electronics,2025-04-07,119.0,110.821022493066,8.178977506934004,8.178977506934004,4
P006,Electronics,2025-04-08,148.0,139.40679197972676,8.593208020273238,8.593208020273238,4
P006,Electronics,2025-04-09,165.0,111.30898835130053,53.69101164869947,53.69101164869947,4
P006,Electronics,2025-04-10,126.0,113.61547076755456,12.384529232445445,12.384529232445445,4
P006,Electronics,2025-04-11,114.0,113.05235368761365,0.9476463123863539,0.9476463123863539,4
P006,Electronics,2025-04-12,140.0,142.79107371235463,-2.791073712354631,2.791073712354631,4
P006,Electronics,2025-04-13,128.0,140.65523102152758,-12.655231021527584,12.655231021527584,4
P006,Electronics,2025-04-14,111.0,113.77894236418608,-2.7789423641860793,2.7789423641860793,4
P006,Electronics,2025-04-15,113.0,115.27250982534721,-2.272509825347214,2.272509825347214,4
P006,Electronics,2025-04-16,76.0,115.27250982534721,-39.272509825347214,39.272509825347214,4
P006,Electronics,2025-04-17,112.0,111.09628254206255,0.9037174579374465,0.9037174579374465,4
P006,Electronics,2025-04-18,110.0,110.97550480761775,-0.975504807617753,0.975504807617753,4
P006,Electronics,2025-04-19,171.0,139.5238027485516,31.47619725144841,31.47619725144841,4
P006,Electronics,2025-04-20,131.0,131.52653006173685,-0.5265300617368496,0.5265300617368496,4
P006,Electronics,2025-04-21,95.0,110.74654519109261,-15.746545191092608,15.746545191092608,4
P006,Electronics,2025-04-22,112.0,107.94460622391493,4.055393776085069,4.055393776085069,4
P006,Electronics,2025-04-23,109.0,110.97824730741965,-1.9782473074196503,1.9782473074196503,4
P006,Electronics,2025-04-24,105.0,110.62209055531488,-5.622090555314884,5.622090555314884,4
P006,Electronics,2025-04-25,86.0,109.66179953510938,-23.66179953510938,23.66179953510938,4
P006,Electronics,2025-04-26,182.0,194.57263304883864,-12.57263304883864,12.57263304883864,4
P006,Electronics,2025-04-27,121.0,131.53494856884134,-10.534948568841344,10.534948568841344,4
P006,Electronics,2025-04-28,163.0,165.37811858813623,-2.378118588136232,2.378118588136232,4
P006,Electronics,2025-04-29,199.0,180.72291156922918,18.277088430770817,18.277088430770817,4
P006,Electronics,2025-04-30,96.0,105.8601619260887,-9.860161926088693,9.860161926088693,4
P006,Electronics,2025-05-01,103.0,109.76263665621096,-6.762636656210958,6.762636656210958,4
P007,Home & Kitchen,2024-09-04,14.0,19.940537652857202,-5.940537652857202,5.940537652857202,1
P007,Home & Kitchen,2024-09-05,14.0,20.13971778797522,-6.1397177879752185,6.1397177879752185,1
P007,Home & Kitchen,2024-09-06,21.0,19.818912336045397,1.181087663954603,1.181087663954603,1
P007,Home & Kitchen,2024-09-07,29.0,23.551238867429575,5.448761132570425,5.448761132570425,1
P007,Home & Kitchen,2024-09-08,23.0,23.938619789503466,-0.9386197895034663,0.9386197895034663,1
P007,Home & Kitchen,2024-09-09,10.0,20.090891463482457,-10.090891463482457,10.090891463482457,1
P007,Home & Kitchen,2024-09-10,24.0,20.090891463482457,3.909108536517543,3.909108536517543,1
P007,Home & Kitchen,2024-09-11,16.0,19.44144981936221,-3.4414498193622087,3.4414498193622087,1
P007,Home & Kitchen,2024-09-12,49.0,28.462263618427883,20.537736381572117,20.537736381572117,1
P007,Home & Kitchen,2024-09-13,17.0,22.016838819462034,-5.016838819462034,5.016838819462034,1
P007,Home & Kitchen,2024-09-14,26.0,25.54652832004119,0.45347167995880966,0.45347167995880966,1
P007,Home & Kitchen,2024-09-15,22.0,26.18099329800214,-4.180993298002139,4.180993298002139,1
P007,Home & Kitchen,2024-09-16,19.0,21.67836945818715,-2.6783694581871487,2.6783694581871487,1
P007,Home & Kitchen,2024-09-17,35.0,21.40639033075009,13.593609669249911,13.593609669249911,1
P007,Home & Kitchen,2024-09-18,16.0,22.892929285136645,-6.8929292851366455,6.8929292851366455,1
P007,Home & Kitchen,2024-09-19,24.0,24.865887040297675,-0.8658870402976753,0.8658870402976753,1
P007,Home & Kitchen,2024-09-20,18.0,21.13134681141828,-3.131346811418279,3.131346811418279,1
P007,Home & Kitchen,2024-09-21,33.0,26.906784044205764,6.093215955794236,6.093215955794236,1
P007,Home & Kitchen,2024-09-22,16.0,33.390013346320316,-17.390013346320316,17.390013346320316,1
P007,Home & Kitchen,2024-09-23,27.0,21.508809328101467,5.491190671898533,5.491190671898533,1
P007,Home & Kitchen,2024-09-24,19.0,23.27901998557129,-4.2790199855712885,4.2790199855712885,1
P007,Home & Kitchen,2024-09-25,16.0,21.508809328101467,-5.508809328101467,5.508809328101467,1
P007,Home & Kitchen,2024-09-26,22.0,22.93026777383406,-0.9302677738340606,0.9302677738340606,1
P007,Home & Kitchen,2024-09-27,28.0,28.057674670865353,-0.05767467086535305,0.05767467086535305,1
P007,Home & Kitchen,2024-09-28,17.0,27.313288400088734,-10.313288400088734,10.313288400088734,1
P007,Home & Kitchen,2024-09-29,9.0,24.839107791344485,-15.839107791344485,15.839107791344485,1
P007,Home & Kitchen,2024-09-30,26.0,21.032835733582306,4.967164266417694,4.967164266417694,1
P007,Home & Kitchen,2024-10-01,17.0,21.09314045596417,-4.093140455964171,4.093140455964171,1
P007,Home & Kitchen,2024-10-02,15.0,20.199554079826523,-5.199554079826523,5.199554079826523,1
P007,Home & Kitchen,2024-10-03,15.0,20.199554079826523,-5.199554079826523,5.199554079826523,1
P007,Home & Kitchen,2024-10-04,25.0,20.60532723414424,4.394672765855759,4.394672765855759,1
P007,Home & Kitchen,2024-10-05,21.0,25.61716941826812,-4.617169418268119,4.617169418268119,1
P007,Home & Kitchen,2024-10-06,50.0,37.95135027929138,12.048649720708617,12.048649720708617,1
P007,Home & Kitchen,2024-10-07,16.0,22.26515450799701,-6.265154507997011,6.265154507997011,1
P007,Home & Kitchen,2024-10-08,12.0,21.059682183527546,-9.059682183527546,9.059682183527546,1
P007,Home & Kitchen,2024-10-09,22.0,20.422593940920205,1.5774060590797951,1.5774060590797951,1
P007,Home & Kitchen,2024-10-10,23.0,22.513236413742597,0.48676358625740335,0.48676358625740335,1
P007,Home & Kitchen,2024-10-11,18.0,24.433130291024717,-6.4331302910247175,6.4331302910247175,1
P007,Home & Kitchen,2024-10-12,24.0,25.123583070504626,-1.1235830705046261,1.1235830705046261,1
P007,Home & Kitchen,2024-10-13,25.0,28.216803755037773,-3.2168037550377733,3.2168037550377733,1
P007,Home & Kitchen,2024-10-14,20.0,21.09314045596417,-1.0931404559641713,1.0931404559641713,1
P007,Home & Kitchen,2024-10-15,39.0,27.816495619631407,11.183504380368593,11.183504380368593,1
P007,Home & Kitchen,2024-10-16,16.0,22.140069718728117,-6.1400697187281175,6.1400697187281175,1
P007,Home & Kitchen,2024-10-17,16.0,22.27759216626992,-6.277592166269919,6.277592166269919,1
P007,Home & Kitchen,2024-10-18,17.0,21.301051377569394,-4.301051377569394,4.301051377569394,1
P007,Home & Kitchen,2024-10-19,18.0,26.769602157606112,-8.769602157606112,8.769602157606112,1
P007,Home & Kitchen,2024-10-20,13.0,27.67452268966701,-14.674522689667011,14.674522689667011,1
P007,Home & Kitchen,2024-10-21,19.0,20.68176234338691,-1.6817623433869109,1.6817623433869109,1
P007,Home & Kitchen,2024-10-22,20.0,21.63462424119106,-1.6346242411910588,1.6346242411910588,1
P007,Home & Kitchen,2024-10-23,18.0,20.199554079826523,-2.199554079826523,2.199554079826523,1
P007,Home & Kitchen,2024-10-24,18.0,20.57701659650971,-2.5770165965097114,2.5770165965097114,1
P007,Home & Kitchen,2024-10-25,14.0,20.68176234338691,-6.681762343386911,6.681762343386911,1
P007,Home & Kitchen,2024-10-26,27.0,23.289819384956544,3.7101806150434555,3.7101806150434555,1
P007,Home & Kitchen,2024-10-27,37.0,28.83791575364467,8.162084246355331,8.162084246355331,1
P007,Home & Kitchen,2024-10-28,23.0,24.61192808375345,-1.611928083753451,1.611928083753451,1
P007,Home & Kitchen,2024-10-29,20.0,21.119990017643033,-1.1199900176430333,1.1199900176430333,1
P007,Home & Kitchen,2024-10-30,31.0,25.628325247681396,5.371674752318604,5.371674752318604,1
P007,Home & Kitchen,2024-10-31,25.0,21.312157120989156,3.6878428790108444,3.6878428790108444,1
P007,Home & Kitchen,2024-11-01,21.0,21.772285196316023,-0.7722851963160231,0.7722851963160231,1
P007,Home & Kitchen,2024-11-02,29.0,27.127005943769237,1.8729940562307625,1.8729940562307625,1
P007,Home & Kitchen,2024-11-03,13.0,30.770264129607373,-17.770264129607373,17.770264129607373,2
P007,Home & Kitchen,2024-11-04,23.0,20.42252443447829,2.577475565521709,2.577475565521709,2
P007,Home & Kitchen,2024-11-05,17.0,20.194236787260948,-3.194236787260948,3.194236787260948,2
P007,Home & Kitchen,2024-11-06,19.0,21.737912443869863,-2.737912443869863,2.737912443869863,2
P007,Home & Kitchen,2024-11-07,15.0,28.37657364257067,-13.37657364257067,13.37657364257067,2
P007,Home & Kitchen,2024-11-08,46.0,27.59397424283083,18.40602575716917,18.40602575716917,2
P007,Home & Kitchen,2024-11-09,9.0,28.144573714450395,-19.144573714450395,19.144573714450395,2
P007,Home & Kitchen,2024-11-10,36.0,25.960715548335077,10.039284451664923,10.039284451664923,2
P007,Home & Kitchen,2024-11-11,21.0,21.564291396715273,-0.564291396715273,0.564291396715273,2
P007,Home & Kitchen,2024-11-12,9.0,22.913356897503693,-13.913356897503693,13.913356897503693,2
P007,Home & Kitchen,2024-11-13,29.0,20.708327603774585,8.291672396225415,8.291672396225415,2
P007,Home & Kitchen,2024-11-14,21.0,20.47929005115403,0.520709948845969,0.520709948845969,2
P007,Home & Kitchen,2024-11-15,12.0,38.19170210806375,-26.19170210806375,26.19170210806375,2
P007,Home & Kitchen,2024-11-16,23.0,24.51853626031453,-1.51853626031453,1.51853626031453,2
P007,Home & Kitchen,2024-11-17,30.0,25.843025698826764,4.156974301173236,4.156974301173236,2
P007,Home & Kitchen,2024-11-18,28.0,20.971477061663382,7.028522938336618,7.028522938336618,2
P007,Home & Kitchen,2024-11-19,17.0,20.86243281273808,-3.8624328127380814,3.8624328127380814,2
P007,Home & Kitchen,2024-11-20,5.0,21.19827601898447,-16.19827601898447,16.19827601898447,2
P007,Home & Kitchen,2024-11-21,26.0,20.78889657978289,5.2111034202171105,5.2111034202171105,2
P007,Home & Kitchen,2024-11-22,22.0,21.727177556693043,0.27282244330695704,0.27282244330695704,2
P007,Home & Kitchen,2024-11-23,11.0,26.70137362982082,-15.701373629820822,15.701373629820822,2
P007,Home & Kitchen,2024-11-24,29.0,27.922832191070118,1.0771678089298824,1.0771678089298824,2
P007,Home & Kitchen,2024-11-25,22.0,21.715087178252105,0.2849128217478949,0.2849128217478949,2
P007,Home & Kitchen,2024-11-26,18.0,19.93758297112203,-1.9375829711220298,1.9375829711220298,2
P007,Home & Kitchen,2024-11-27,15.0,21.81943436494398,-6.81943436494398,6.81943436494398,2
P007,Home & Kitchen,2024-11-28,16.0,21.427541070772342,-5.427541070772342,5.427541070772342,2
P007,Home & Kitchen,2024-11-29,36.0,43.85196415804783,-7.851964158047828,7.851964158047828,2
P007,Home & Kitchen,2024-11-30,36.0,29.652818497532916,6.347181502467084,6.347181502467084,2
P007,Home & Kitchen,2024-12-01,33.0,25.91142030582951,7.088579694170491,7.088579694170491,2
P007,Home & Kitchen,2024-12-02,8.0,22.78267265562484,-14.78267265562484,14.78267265562484,2
P007,Home & Kitchen,2024-12-03,21.0,19.977150896152825,1.0228491038471752,1.0228491038471752,2
P007,Home & Kitchen,2024-12-04,22.0,20.67985233085759,1.3201476691424112,1.3201476691424112,2
P007,Home & Kitchen,2024-12-05,21.0,21.25756848072449,-0.25756848072449046,0.25756848072449046,2
P007,Home & Kitchen,2024-12-06,18.0,24.69051469095585,-6.690514690955851,6.690514690955851,2
P007,Home & Kitchen,2024-12-07,38.0,25.990635266040382,12.009364733959618,12.009364733959618,2
P007,Home & Kitchen,2024-12-08,38.0,28.899493514766103,9.100506485233897,9.100506485233897,2
P007,Home & Kitchen,2024-12-09,18.0,21.74765460268001,-3.7476546026800115,3.7476546026800115,2
P007,Home & Kitchen,2024-12-10,20.0,21.442100725986062,-1.4421007259860623,1.4421007259860623,2
P007,Home & Kitchen,2024-12-11,24.0,22.740384979399877,1.2596150206001226,1.2596150206001226,2
P007,Home & Kitchen,2024-12-12,27.0,21.962795828093444,5.037204171906556,5.037204171906556,2
P007,Home & Kitchen,2024-12-13,16.0,23.61415077463557,-7.6141507746355686,7.6141507746355686,2
P007,Home & Kitchen,2024-12-14,20.0,28.910851343794906,-8.910851343794906,8.910851343794906,2
P007,Home & Kitchen,2024-12-15,30.0,28.94193921862461,1.0580607813753886,1.0580607813753886,2
P007,Home & Kitchen,2024-12-16,14.0,22.48567582895565,-8.48567582895565,8.48567582895565,2
P007,Home & Kitchen,2024-12-17,10.0,21.113855342586643,-11.113855342586643,11.113855342586643,2
P007,Home & Kitchen,2024-12-18,16.0,21.19076391300151,-5.190763913001511,5.190763913001511,2
P007,Home & Kitchen,2024-12-19,40.0,38.79169526313538,1.2083047368646191,1.2083047368646191,2
P007,Home & Kitchen,2024-12-20,29.0,22.315593488237187,6.684406511762813,6.684406511762813,2
P007,Home & Kitchen,2024-12-21,23.0,26.507912231491808,-3.507912231491808,3.507912231491808,2
P007,Home & Kitchen,2024-12-22,28.0,28.92716565651998,-0.9271656565199784,0.9271656565199784,2
P007,Home & Kitchen,2024-12-23,22.0,22.342193346135343,-0.3421933461353426,0.3421933461353426,2
P007,Home & Kitchen,2024-12-24,17.0,21.41413655012793,-4.414136550127932,4.414136550127932,2
P007,Home & Kitchen,2024-12-25,35.0,44.344832079624325,-9.344832079624325,9.344832079624325,2
P007,Home & Kitchen,2024-12-26,23.0,25.460097833809026,-2.4600978338090265,2.4600978338090265,2
P007,Home & Kitchen,2024-12-27,14.0,24.494310188300336,-10.494310188300336,10.494310188300336,2
P007,Home & Kitchen,2024-12-28,23.0,28.55805565456788,-5.55805565456788,5.55805565456788,2
P007,Home & Kitchen,2024-12-29,28.0,28.285098089659034,-0.2850980896590336,0.2850980896590336,2
P007,Home & Kitchen,2024-12-30,23.0,22.00581868131223,0.9941813186877688,0.9941813186877688,2
P007,Home & Kitchen,2024-12-31,13.0,22.69516208202685,-9.695162082026851,9.695162082026851,2
P007,Home & Kitchen,2025-01-01,42.0,47.76991002516581,-5.769910025165807,5.769910025165807,2
P007,Home & Kitchen,2025-01-02,14.0,23.713111437944537,-9.713111437944537,9.713111437944537,3
P007,Home & Kitchen,2025-01-03,18.0,22.725740667449294,-4.725740667449294,4.725740667449294,3
P007,Home & Kitchen,2025-01-04,36.0,28.27059717595228,7.729402824047721,7.729402824047721,3
P007,Home & Kitchen,2025-01-05,29.0,30.12998100835595,-1.1299810083559514,1.1299810083559514,3
P007,Home & Kitchen,2025-01-06,31.0,22.10663633181394,8.893363668186058,8.893363668186058,3
P007,Home & Kitchen,2025-01-07,21.0,22.916475447369947,-1.9164754473699475,1.9164754473699475,3
P007,Home & Kitchen,2025-01-08,28.0,25.430900207294503,2.5690997927054973,2.5690997927054973,3
P007,Home & Kitchen,2025-01-09,27.0,23.65636725132811,3.34363274867189,3.34363274867189,3
P007,Home & Kitchen,2025-01-10,31.0,31.504856177332673,-0.5048561773326732,0.5048561773326732,3
P007,Home & Kitchen,2025-01-11,20.0,31.00285007743532,-11.002850077435319,11.002850077435319,3
P007,Home & Kitchen,2025-01-12,30.0,30.98932891135844,-0.9893289113584416,0.9893289113584416,3
P007,Home & Kitchen,2025-01-13,19.0,24.605310609347118,-5.605310609347118,5.605310609347118,3
P007,Home & Kitchen,2025-01-14,19.0,22.544392048481555,-3.544392048481555,3.544392048481555,3
P007,Home & Kitchen,2025-01-15,23.0,24.205315767152786,-1.2053157671527863,1.2053157671527863,3
P007,Home & Kitchen,2025-01-16,14.0,23.63964431314313,-9.63964431314313,9.63964431314313,3
P007,Home & Kitchen,2025-01-17,17.0,23.722466738025965,-6.722466738025965,6.722466738025965,3
P007,Home & Kitchen,2025-01-18,23.0,28.138129647488164,-5.138129647488164,5.138129647488164,3
P007,Home & Kitchen,2025-01-19,29.0,29.158914119803143,-0.15891411980314274,0.15891411980314274,3
P007,Home & Kitchen,2025-01-20,18.0,23.61822208930174,-5.618222089301739,5.618222089301739,3
P007,Home & Kitchen,2025-01-21,18.0,21.856367620143818,-3.8563676201438177,3.8563676201438177,3
P007,Home & Kitchen,2025-01-22,23.0,23.84951221861118,-0.8495122186111814,0.8495122186111814,3
P007,Home & Kitchen,2025-01-23,20.0,22.33998705003609,-2.3399870500360898,2.3399870500360898,3
P007,Home & Kitchen,2025-01-24,23.0,21.426463235322863,1.5735367646771365,1.5735367646771365,3
P007,Home & Kitchen,2025-01-25,22.0,26.074842850367812,-4.074842850367812,4.074842850367812,3
P007,Home & Kitchen,2025-01-26,25.0,27.774493245413204,-2.774493245413204,2.774493245413204,3
P007,Home & Kitchen,2025-01-27,36.0,21.906951875799997,14.093048124200003,14.093048124200003,3
P007,Home & Kitchen,2025-01-28,19.0,21.54080336518336,-2.5408033651833613,2.5408033651833613,3
P007,Home & Kitchen,2025-01-29,10.0,22.642337296273443,-12.642337296273443,12.642337296273443,3
P007,Home & Kitchen,2025-01-30,25.0,20.658271312368544,4.341728687631456,4.341728687631456,3
P007,Home & Kitchen,2025-01-31,19.0,21.346743053690226,-2.3467430536902256,2.3467430536902256,3
P007,Home & Kitchen,2025-02-01,34.0,27.17392176816181,6.8260782318381885,6.8260782318381885,3
P007,Home & Kitchen,2025-02-02,32.0,29.521604004234547,2.478395995765453,2.478395995765453,3
P007,Home & Kitchen,2025-02-03,27.0,25.50938130684071,1.4906186931592913,1.4906186931592913,3
P007,Home & Kitchen,2025-02-04,23.0,22.178669185180283,0.8213308148197171,0.8213308148197171,3
P007,Home & Kitchen,2025-02-05,22.0,23.977955260388434,-1.977955260388434,1.977955260388434,3
P007,Home & Kitchen,2025-02-06,31.0,23.15376547887952,7.846234521120479,7.846234521120479,3
P007,Home & Kitchen,2025-02-07,9.0,23.974677472527834,-14.974677472527834,14.974677472527834,3
P007,Home & Kitchen,2025-02-08,21.0,28.464263527152823,-7.4642635271528235,7.4642635271528235,3
P007,Home & Kitchen,2025-02-09,26.0,28.364107106726568,-2.3641071067265678,2.3641071067265678,3
P007,Home & Kitchen,2025-02-10,13.0,22.738755881350674,-9.738755881350674,9.738755881350674,3
P007,Home & Kitchen,2025-02-11,21.0,20.46535866149234,0.5346413385076616,0.5346413385076616,3
P007,Home & Kitchen,2025-02-12,20.0,21.002084263257426,-1.0020842632574265,1.0020842632574265,3
P007,Home & Kitchen,2025-02-13,30.0,22.193287396303237,7.806712603696763,7.806712603696763,3
P007,Home & Kitchen,2025-02-14,23.0,22.36397406304138,0.636025936958621,0.636025936958621,3
P007,Home & Kitchen,2025-02-15,31.0,27.52050824498693,3.4794917550130684,3.4794917550130684,3
P007,Home & Kitchen,2025-02-16,30.0,28.958726386824463,1.0412736131755373,1.0412736131755373,3
P007,Home & Kitchen,2025-02-17,17.0,22.998881077081617,-5.9988810770816166,5.9988810770816166,3
P007,Home & Kitchen,2025-02-18,30.0,21.980832772313487,8.019167227686513,8.019167227686513,3
P007,Home & Kitchen,2025-02-19,32.0,23.423573647238083,8.576426352761917,8.576426352761917,3
P007,Home & Kitchen,2025-02-20,16.0,24.38333223832531,-8.383332238325309,8.383332238325309,3
P007,Home & Kitchen,2025-02-21,35.0,23.476108944788763,11.523891055211237,11.523891055211237,3
P007,Home & Kitchen,2025-02-22,27.0,28.973939841669345,-1.9739398416693454,1.9739398416693454,3
P007,Home & Kitchen,2025-02-23,27.0,29.63464047198139,-2.6346404719813883,2.6346404719813883,3
P007,Home & Kitchen,2025-02-24,27.0,25.116776595800417,1.8832234041995832,1.8832234041995832,3
P007,Home & Kitchen,2025-02-25,28.0,24.86737814088712,3.1326218591128807,3.1326218591128807,3
P007,Home & Kitchen,2025-02-26,24.0,25.181717087861312,-1.181717087861312,1.181717087861312,3
P007,Home & Kitchen,2025-02-27,22.0,25.333785256772018,-3.3337852567720176,3.3337852567720176,3
P007,Home & Kitchen,2025-02-28,32.0,25.83887383495251,6.1611261650474916,6.1611261650474916,3
P007,Home & Kitchen,2025-03-01,28.0,31.499400681889483,-3.499400681889483,3.499400681889483,3
P007,Home & Kitchen,2025-03-02,33.0,31.499400681889483,1.5005993181105168,1.5005993181105168,3
P007,Home & Kitchen,2025-03-03,60.0,39.106163010345696,20.893836989654304,20.893836989654304,4
P007,Home & Kitchen,2025-03-04,16.0,28.120121720376503,-12.120121720376503,12.120121720376503,4
P007,Home & Kitchen,2025-03-05,21.0,26.281562890664667,-5.2815628906646666,5.2815628906646666,4
P007,Home & Kitchen,2025-03-06,31.0,26.355591923906864,4.644408076093136,4.644408076093136,4
P007,Home & Kitchen,2025-03-07,28.0,27.680653339034915,0.3193466609650848,0.3193466609650848,4
P007,Home & Kitchen,2025-03-08,42.0,34.443802836395825,7.556197163604175,7.556197163604175,4
P007,Home & Kitchen,2025-03-09,22.0,35.96627390844328,-13.966273908443277,13.966273908443277,4
P007,Home & Kitchen,2025-03-10,27.0,29.76996634663588,-2.7699663466358793,2.7699663466358793,4
P007,Home & Kitchen,2025-03-11,23.0,26.027273583226595,-3.027273583226595,3.027273583226595,4
P007,Home & Kitchen,2025-03-12,40.0,24.580151784206954,15.419848215793046,15.419848215793046,4
P007,Home & Kitchen,2025-03-13,30.0,27.696529488225664,2.3034705117743357,2.3034705117743357,4
P007,Home & Kitchen,2025-03-14,24.0,27.525434598567212,-3.5254345985672124,3.5254345985672124,4
P007,Home & Kitchen,2025-03-15,37.0,35.373314308581385,1.626685691418615,1.626685691418615,4
P007,Home & Kitchen,2025-03-16,35.0,34.330529245718395,0.6694707542816047,0.6694707542816047,4
P007,Home & Kitchen,2025-03-17,29.0,27.63369530141826,1.3663046985817395,1.3663046985817395,4
P007,Home & Kitchen,2025-03-18,19.0,27.28412746459597,-8.284127464595969,8.284127464595969,4
P007,Home & Kitchen,2025-03-19,42.0,33.22655299247704,8.773447007522961,8.773447007522961,4
P007,Home & Kitchen,2025-03-20,16.0,27.78297121793426,-11.78297121793426,11.78297121793426,4
P007,Home & Kitchen,2025-03-21,26.0,27.541729934341728,-1.5417299343417277,1.5417299343417277,4
P007,Home & Kitchen,2025-03-22,27.0,35.61500024143607,-8.615000241436071,8.615000241436071,4
P007,Home & Kitchen,2025-03-23,35.0,34.62519235056454,0.37480764943546063,0.37480764943546063,4
P007,Home & Kitchen,2025-03-24,31.0,27.36903295849127,3.630967041508729,3.630967041508729,4
P007,Home & Kitchen,2025-03-25,13.0,27.28843512445957,-14.288435124459571,14.288435124459571,4
P007,Home & Kitchen,2025-03-26,24.0,27.18913023294448,-3.1891302329444784,3.1891302329444784,4
P007,Home & Kitchen,2025-03-27,15.0,24.54503554159213,-9.545035541592132,9.545035541592132,4
P007,Home & Kitchen,2025-03-28,23.0,24.733693940576497,-1.7336939405764973,1.7336939405764973,4
P007,Home & Kitchen,2025-03-29,21.0,30.735412732046857,-9.735412732046857,9.735412732046857,4
P007,Home & Kitchen,2025-03-30,36.0,31.47294304504157,4.527056954958429,4.527056954958429,4
P007,Home & Kitchen,2025-03-31,22.0,26.942590817854814,-4.942590817854814,4.942590817854814,4
P007,Home & Kitchen,2025-04-01,30.0,22.60694953376085,7.393050466239149,7.393050466239149,4
P007,Home & Kitchen,2025-04-02,33.0,24.514519614142966,8.485480385857034,8.485480385857034,4
P007,Home & Kitchen,2025-04-03,25.0,24.86331463355405,0.13668536644594909,0.13668536644594909,4
P007,Home & Kitchen,2025-04-04,31.0,25.481511875666794,5.5184881243332065,5.5184881243332065,4
P007,Home & Kitchen,2025-04-05,47.0,31.35582845554371,15.644171544456292,15.644171544456292,4
P007,Home & Kitchen,2025-04-06,26.0,33.777696465056636,-7.777696465056636,7.777696465056636,4
P007,Home & Kitchen,2025-04-07,34.0,25.839233846287744,8.160766153712256,8.160766153712256,4
P007,Home & Kitchen,2025-04-08,24.0,25.633331040422007,-1.6333310404220072,1.6333310404220072,4
P007,Home & Kitchen,2025-04-09,18.0,27.713210255459632,-9.713210255459632,9.713210255459632,4
P007,Home & Kitchen,2025-04-10,27.0,25.33642759029659,1.6635724097034092,1.6635724097034092,4
P007,Home & Kitchen,2025-04-11,24.0,26.73367280445383,-2.7336728044538283,2.7336728044538283,4
P007,Home & Kitchen,2025-04-12,21.0,35.293515644295546,-14.293515644295546,14.293515644295546,4
P007,Home & Kitchen,2025-04-13,24.0,32.954962406397286,-8.954962406397286,8.954962406397286,4
P007,Home & Kitchen,2025-04-14,35.0,26.13259128315801,8.86740871684199,8.86740871684199,4
P007,Home & Kitchen,2025-04-15,26.0,24.953987712117122,1.0460122878828777,1.0460122878828777,4
P007,Home & Kitchen,2025-04-16,34.0,26.074776064419577,7.925223935580423,7.925223935580423,4
P007,Home & Kitchen,2025-04-17,22.0,25.805943461809285,-3.805943461809285,3.805943461809285,4
P007,Home & Kitchen,2025-04-18,19.0,25.817943282501044,-6.817943282501044,6.817943282501044,4
P007,Home & Kitchen,2025-04-19,19.0,30.586829204967565,-11.586829204967565,11.586829204967565,4
P007,Home & Kitchen,2025-04-20,43.0,29.82283510312429,13.17716489687571,13.17716489687571,4
P007,Home & Kitchen,2025-04-21,27.0,27.46760608426687,-0.467606084266869,0.467606084266869,4
P007,Home & Kitchen,2025-04-22,22.0,24.425304371447144,-2.425304371447144,2.425304371447144,4
P007,Home & Kitchen,2025-04-23,19.0,25.465268924294215,-6.4652689242942145,6.4652689242942145,4
P007,Home & Kitchen,2025-04-24,32.0,23.398212935686605,8.601787064313395,8.601787064313395,4
P007,Home & Kitchen,2025-04-25,23.0,24.196482764210693,-1.1964827642106926,1.1964827642106926,4
P007,Home & Kitchen,2025-04-26,32.0,28.487193835226414,3.512806164773586,3.512806164773586,4
P007,Home & Kitchen,2025-04-27,28.0,32.70620002902746,-4.706200029027457,4.706200029027457,4
P007,Home & Kitchen,2025-04-28,21.0,25.248786491912426,-4.248786491912426,4.248786491912426,4
P007,Home & Kitchen,2025-04-29,28.0,24.459944489334376,3.540055510665624,3.540055510665624,4
P007,Home & Kitchen,2025-04-30,24.0,37.12810828967757,-13.12810828967757,13.12810828967757,4
P007,Home & Kitchen,2025-05-01,25.0,25.368913896828357,-0.3689138968283565,0.3689138968283565,4
P008,Apparel,2024-09-04,66.0,59.21301929655013,6.786980703449871,6.786980703449871,1
P008,Apparel,2024-09-05,88.0,85.56716944610793,2.4328305538920745,2.4328305538920745,1
P008,Apparel,2024-09-06,54.0,60.666647000404645,-6.6666470004046445,6.6666470004046445,1
P008,Apparel,2024-09-07,93.0,74.58623423386719,18.413765766132812,18.413765766132812,1
P008,Apparel,2024-09-08,74.0,77.2405416579729,-3.240541657972898,3.240541657972898,1
P008,Apparel,2024-09-09,53.0,60.45168285234625,-7.451682852346252,7.451682852346252,1
P008,Apparel,2024-09-10,54.0,57.66548772992463,-3.665487729924628,3.665487729924628,1
P008,Apparel,2024-09-11,52.0,59.515990476141496,-7.515990476141496,7.515990476141496,1
P008,Apparel,2024-09-12,63.0,59.628862754370815,3.3711372456291855,3.3711372456291855,1
P008,Apparel,2024-09-13,46.0,57.94124514310853,-11.941245143108532,11.941245143108532,1
P008,Apparel,2024-09-14,66.0,75.84049379786993,-9.840493797869925,9.840493797869925,1
P008,Apparel,2024-09-15,62.0,74.30137559248838,-12.301375592488384,12.301375592488384,1
P008,Apparel,2024-09-16,33.0,60.19474936799037,-27.19474936799037,27.19474936799037,1
P008,Apparel,2024-09-17,65.0,56.13802382494501,8.861976175054991,8.861976175054991,1
P008,Apparel,2024-09-18,44.0,55.04145249697088,-11.041452496970876,11.041452496970876,1
P008,Apparel,2024-09-19,49.0,56.49954480570674,-7.499544805706741,7.499544805706741,1
P008,Apparel,2024-09-20,65.0,54.32315313900264,10.676846860997358,10.676846860997358,1
P008,Apparel,2024-09-21,73.0,70.4478804091359,2.552119590864095,2.552119590864095,1
P008,Apparel,2024-09-22,82.0,69.36998224410306,12.630017755896944,12.630017755896944,1
P008,Apparel,2024-09-23,39.0,51.88622099703598,-12.886220997035977,12.886220997035977,1
P008,Apparel,2024-09-24,63.0,54.26658367740584,8.73341632259416,8.73341632259416,1
P008,Apparel,2024-09-25,50.0,53.83176747808621,-3.8317674780862134,3.8317674780862134,1
P008,Apparel,2024-09-26,42.0,51.21611411139039,-9.21611411139039,9.21611411139039,1
P008,Apparel,2024-09-27,42.0,51.748222748126054,-9.748222748126054,9.748222748126054,1
P008,Apparel,2024-09-28,96.0,64.88685500377227,31.11314499622773,31.11314499622773,1
P008,Apparel,2024-09-29,67.0,71.18114382193863,-4.181143821938633,4.181143821938633,1
P008,Apparel,2024-09-30,42.0,53.05196050502955,-11.051960505029548,11.051960505029548,1
P008,Apparel,2024-10-01,47.0,54.52500794712043,-7.525007947120429,7.525007947120429,1
P008,Apparel,2024-10-02,51.0,52.6951335097691,-1.6951335097691,1.6951335097691,1
P008,Apparel,2024-10-03,52.0,53.23413005954209,-1.234130059542089,1.234130059542089,1
P008,Apparel,2024-10-04,55.0,52.62360797597637,2.3763920240236303,2.3763920240236303,1
P008,Apparel,2024-10-05,78.0,69.51675304649167,8.483246953508328,8.483246953508328,1
P008,Apparel,2024-10-06,83.0,67.40276330557805,15.597236694421952,15.597236694421952,1
P008,Apparel,2024-10-07,49.0,51.27771555146381,-2.2777155514638068,2.2777155514638068,1
P008,Apparel,2024-10-08,70.0,53.083514112510116,16.916485887489884,16.916485887489884,1
P008,Apparel,2024-10-09,47.0,52.40501166376312,-5.405011663763119,5.405011663763119,1
P008,Apparel,2024-10-10,64.0,52.52869823922728,11.471301760772718,11.471301760772718,1
P008,Apparel,2024-10-11,47.0,52.70936390015549,-5.709363900155488,5.709363900155488,1
P008,Apparel,2024-10-12,57.0,68.89847836534175,-11.898478365341745,11.898478365341745,1
P008,Apparel,2024-10-13,54.0,68.44218581021643,-14.44218581021643,14.44218581021643,1
P008,Apparel,2024-10-14,55.0,51.76877429438652,3.2312257056134825,3.2312257056134825,1
P008,Apparel,2024-10-15,63.0,53.854960508073795,9.145039491926205,9.145039491926205,1
P008,Apparel,2024-10-16,42.0,52.28074970957254,-10.28074970957254,10.28074970957254,1
P008,Apparel,2024-10-17,67.0,80.37672294398674,-13.376722943986735,13.376722943986735,1
P008,Apparel,2024-10-18,96.0,90.85905672507945,5.140943274920545,5.140943274920545,1
P008,Apparel,2024-10-19,78.0,70.18005297553253,7.819947024467467,7.819947024467467,1
P008,Apparel,2024-10-20,70.0,70.5259734837589,-0.5259734837589036,0.5259734837589036,1
P008,Apparel,2024-10-21,42.0,52.6836791910723,-10.6836791910723,10.6836791910723,1
P008,Apparel,2024-10-22,57.0,55.41097702519792,1.5890229748020772,1.5890229748020772,1
P008,Apparel,2024-10-23,60.0,52.60215790542374,7.397842094576262,7.397842094576262,1
P008,Apparel,2024-10-24,59.0,56.44786891711634,2.552131082883662,2.552131082883662,1
P008,Apparel,2024-10-25,63.0,58.510188890644535,4.489811109355465,4.489811109355465,1
P008,Apparel,2024-10-26,66.0,73.10913901069183,-7.109139010691834,7.109139010691834,1
P008,Apparel,2024-10-27,100.0,77.6889332443833,22.311066755616693,22.311066755616693,1
P008,Apparel,2024-10-28,58.0,55.301491310745774,2.6985086892542256,2.6985086892542256,1
P008,Apparel,2024-10-29,43.0,57.667497345924936,-14.667497345924936,14.667497345924936,1
P008,Apparel,2024-10-30,54.0,56.774551511524415,-2.7745515115244146,2.7745515115244146,1
P008,Apparel,2024-10-31,60.0,57.57622353795413,2.423776462045872,2.423776462045872,1
P008,Apparel,2024-11-01,56.0,59.193067971766375,-3.193067971766375,3.193067971766375,1
P008,Apparel,2024-11-02,56.0,72.65247963806561,-16.652479638065614,16.652479638065614,1
P008,Apparel,2024-11-03,75.0,75.7031959411852,-0.7031959411852,0.7031959411852,2
P008,Apparel,2024-11-04,51.0,55.28386389174404,-4.283863891744041,4.283863891744041,2
P008,Apparel,2024-11-05,64.0,55.19626508922964,8.803734910770359,8.803734910770359,2
P008,Apparel,2024-11-06,86.0,54.67727403835318,31.322725961646817,31.322725961646817,2
P008,Apparel,2024-11-07,61.0,58.27314523314149,2.7268547668585086,2.7268547668585086,2
P008,Apparel,2024-11-08,48.0,57.139588991273364,-9.139588991273364,9.139588991273364,2
P008,Apparel,2024-11-09,86.0,74.22005033484244,11.77994966515756,11.77994966515756,2
P008,Apparel,2024-11-10,89.0,77.37306017301796,11.626939826982039,11.626939826982039,2
P008,Apparel,2024-11-11,0.0,61.81335953901525,-61.81335953901525,61.81335953901525,2
P008,Apparel,2024-11-12,75.0,57.31884988693678,17.681150113063218,17.681150113063218,2
P008,Apparel,2024-11-13,77.0,60.04013803151097,16.95986196848903,16.95986196848903,2
P008,Apparel,2024-11-14,69.0,60.942463320799185,8.057536679200815,8.057536679200815,2
P008,Apparel,2024-11-15,63.0,60.03793389459101,2.9620661054089865,2.9620661054089865,2
P008,Apparel,2024-11-16,117.0,78.16272473194309,38.83727526805691,38.83727526805691,2
P008,Apparel,2024-11-17,88.0,81.1124930892751,6.887506910724895,6.887506910724895,2
P008,Apparel,2024-11-18,65.0,59.97429387353546,5.0257061264645415,5.0257061264645415,2
P008,Apparel,2024-11-19,63.0,64.78842311171735,-1.78842311171735,1.78842311171735,2
P008,Apparel,2024-11-20,42.0,65.63696535289961,-23.636965352899608,23.636965352899608,2
P008,Apparel,2024-11-21,81.0,63.22247219019843,17.77752780980157,17.77752780980157,2
P008,Apparel,2024-11-22,75.0,63.009803922951,11.990196077049,11.990196077049,2
P008,Apparel,2024-11-23,58.0,86.48839619753228,-28.488396197532282,28.488396197532282,2
P008,Apparel,2024-11-24,116.0,82.77296218181891,33.22703781818109,33.22703781818109,2
P008,Apparel,2024-11-25,65.0,62.64935759194305,2.350642408056949,2.350642408056949,2
P008,Apparel,2024-11-26,81.0,64.27394083588365,16.72605916411635,16.72605916411635,2
P008,Apparel,2024-11-27,71.0,65.23598979762005,5.76401020237995,5.76401020237995,2
P008,Apparel,2024-11-28,54.0,68.7917768349198,-14.791776834919801,14.791776834919801,2
P008,Apparel,2024-11-29,119.0,149.9791117784455,-30.979111778445514,30.979111778445514,2
P008,Apparel,2024-11-30,88.0,83.50689222949097,4.493107770509027,4.493107770509027,2
P008,Apparel,2024-12-01,83.0,91.53723613856559,-8.53723613856559,8.53723613856559,2
P008,Apparel,2024-12-02,84.0,67.73865804381312,16.261341956186882,16.261341956186882,2
P008,Apparel,2024-12-03,78.0,71.24540637912152,6.754593620878481,6.754593620878481,2
P008,Apparel,2024-12-04,93.0,71.06034765373417,21.93965234626583,21.93965234626583,2
P008,Apparel,2024-12-05,70.0,71.35898120958394,-1.3589812095839449,1.3589812095839449,2
P008,Apparel,2024-12-06,63.0,73.92856943206232,-10.928569432062318,10.928569432062318,2
P008,Apparel,2024-12-07,123.0,92.35161039213934,30.648389607860665,30.648389607860665,2
P008,Apparel,2024-12-08,96.0,93.57815756145371,2.4218424385462924,2.4218424385462924,2
P008,Apparel,2024-12-09,73.0,78.01445916007674,-5.01445916007674,5.01445916007674,2
P008,Apparel,2024-12-10,85.0,75.14263120427476,9.857368795725236,9.857368795725236,2
P008,Apparel,2024-12-11,77.0,75.80976851176516,1.1902314882348435,1.1902314882348435,2
P008,Apparel,2024-12-12,72.0,75.03924248258492,-3.0392424825849247,3.0392424825849247,2
P008,Apparel,2024-12-13,61.0,73.95112268489714,-12.951122684897143,12.951122684897143,2
P008,Apparel,2024-12-14,157.0,107.55506566232721,49.44493433767279,49.44493433767279,2
P008,Apparel,2024-12-15,111.0,97.40028830869171,13.599711691308286,13.599711691308286,2
P008,Apparel,2024-12-16,90.0,76.98989104341032,13.010108956589676,13.010108956589676,2
P008,Apparel,2024-12-17,89.0,77.22279192077667,11.777208079223328,11.777208079223328,2
P008,Apparel,2024-12-18,99.0,76.53830953741179,22.46169046258821,22.46169046258821,2
P008,Apparel,2024-12-19,80.0,79.73441942305566,0.26558057694434467,0.26558057694434467,2
P008,Apparel,2024-12-20,79.0,79.6257957288796,-0.625795728879595,0.625795728879595,2
P008,Apparel,2024-12-21,101.0,101.23479706881344,-0.23479706881343532,0.23479706881343532,2
P008,Apparel,2024-12-22,114.0,103.15167120304115,10.848328796958853,10.848328796958853,2
P008,Apparel,2024-12-23,92.0,78.3347828503771,13.665217149622904,13.665217149622904,2
P008,Apparel,2024-12-24,75.0,81.55385156198206,-6.553851561982057,6.553851561982057,2
P008,Apparel,2024-12-25,156.0,180.06633993956683,-24.06633993956683,24.06633993956683,2
P008,Apparel,2024-12-26,111.0,85.38118242345168,25.618817576548324,25.618817576548324,2
P008,Apparel,2024-12-27,83.0,87.38944305490489,-4.389443054904888,4.389443054904888,2
P008,Apparel,2024-12-28,102.0,114.24359983848417,-12.243599838484172,12.243599838484172,2
P008,Apparel,2024-12-29,123.0,105.54129856237185,17.45870143762815,17.45870143762815,2
P008,Apparel,2024-12-30,69.0,89.96551213332842,-20.965512133328417,20.965512133328417,2
P008,Apparel,2024-12-31,113.0,89.60422694976945,23.395773050230545,23.395773050230545,2
P008,Apparel,2025-01-01,157.0,204.3544852834385,-47.35448528343849,47.35448528343849,2
P008,Apparel,2025-01-02,81.0,89.50380935111122,-8.503809351111215,8.503809351111215,3
P008,Apparel,2025-01-03,85.0,88.62354958220743,-3.6235495822074313,3.6235495822074313,3
P008,Apparel,2025-01-04,110.0,114.52856831433263,-4.528568314332631,4.528568314332631,3
P008,Apparel,2025-01-05,163.0,114.8876790948953,48.112320905104696,48.112320905104696,3
P008,Apparel,2025-01-06,126.0,96.04788051770346,29.95211948229654,29.95211948229654,3
P008,Apparel,2025-01-07,72.0,97.80620377683333,-25.80620377683333,25.80620377683333,3
P008,Apparel,2025-01-08,115.0,101.4142257916126,13.585774208387406,13.585774208387406,3
P008,Apparel,2025-01-09,94.0,96.2038546393186,-2.2038546393186067,2.2038546393186067,3
P008,Apparel,2025-01-10,159.0,132.8580746101078,26.141925389892208,26.141925389892208,3
P008,Apparel,2025-01-11,99.0,128.2935193164419,-29.293519316441888,29.293519316441888,3
P008,Apparel,2025-01-12,152.0,127.46559501158646,24.53440498841354,24.53440498841354,3
P008,Apparel,2025-01-13,94.0,100.98325117351654,-6.9832511735165355,6.9832511735165355,3
P008,Apparel,2025-01-14,113.0,99.78702780368256,13.212972196317438,13.212972196317438,3
P008,Apparel,2025-01-15,103.0,100.41559335317015,2.584406646829848,2.584406646829848,3
P008,Apparel,2025-01-16,103.0,100.99327755523376,2.0067224447662397,2.0067224447662397,3
P008,Apparel,2025-01-17,102.0,105.12660868243177,-3.1266086824317654,3.1266086824317654,3
P008,Apparel,2025-01-18,193.0,122.34030948473672,70.65969051526328,70.65969051526328,3
P008,Apparel,2025-01-19,149.0,134.5103997769655,14.4896002230345,14.4896002230345,3
P008,Apparel,2025-01-20,121.0,105.90426616946857,15.09573383053143,15.09573383053143,3
P008,Apparel,2025-01-21,118.0,105.17882761918084,12.821172380819164,12.821172380819164,3
P008,Apparel,2025-01-22,123.0,113.68197720292575,9.31802279707425,9.31802279707425,3
P008,Apparel,2025-01-23,89.0,105.61914279225742,-16.61914279225742,16.61914279225742,3
P008,Apparel,2025-01-24,121.0,106.12813005979,14.871869940210004,14.871869940210004,3
P008,Apparel,2025-01-25,168.0,137.2405753846313,30.759424615368687,30.759424615368687,3
P008,Apparel,2025-01-26,127.0,139.9286643088592,-12.928664308859197,12.928664308859197,3
P008,Apparel,2025-01-27,106.0,110.26659593575032,-4.266595935750317,4.266595935750317,3
P008,Apparel,2025-01-28,154.0,113.02981313571405,40.97018686428595,40.97018686428595,3
P008,Apparel,2025-01-29,104.0,120.86713847899306,-16.867138478993056,16.867138478993056,3
P008,Apparel,2025-01-30,105.0,111.81482653038607,-6.814826530386071,6.814826530386071,3
P008,Apparel,2025-01-31,121.0,113.03981224863888,7.960187751361119,7.960187751361119,3
P008,Apparel,2025-02-01,150.0,138.97610327619088,11.023896723809116,11.023896723809116,3
P008,Apparel,2025-02-02,170.0,143.6635320954265,26.33646790457351,26.33646790457351,3
P008,Apparel,2025-02-03,106.0,114.3778804363879,-8.377880436387898,8.377880436387898,3
P008,Apparel,2025-02-04,123.0,115.59506095672263,7.404939043277366,7.404939043277366,3
P008,Apparel,2025-02-05,114.0,113.31438569381879,0.6856143061812077,0.6856143061812077,3
P008,Apparel,2025-02-06,155.0,113.43597520045883,41.56402479954117,41.56402479954117,3
P008,Apparel,2025-02-07,118.0,123.4501573921268,-5.450157392126798,5.450157392126798,3
P008,Apparel,2025-02-08,165.0,138.52881528902944,26.47118471097056,26.47118471097056,3
P008,Apparel,2025-02-09,329.0,283.56554293453945,45.43445706546055,45.43445706546055,3
P008,Apparel,2025-02-10,90.0,114.21246915534857,-24.212469155348572,24.212469155348572,3
P008,Apparel,2025-02-11,153.0,113.67004572387144,39.32995427612856,39.32995427612856,3
P008,Apparel,2025-02-12,99.0,113.60125946655013,-14.601259466550133,14.601259466550133,3
P008,Apparel,2025-02-13,145.0,117.5539340708021,27.4460659291979,27.4460659291979,3
P008,Apparel,2025-02-14,151.0,113.96992514957961,37.03007485042039,37.03007485042039,3
P008,Apparel,2025-02-15,161.0,168.36731870255798,-7.367318702557981,7.367318702557981,3
P008,Apparel,2025-02-16,230.0,243.51948770828952,-13.519487708289518,13.519487708289518,3
P008,Apparel,2025-02-17,120.0,117.48777982476206,2.5122201752379425,2.5122201752379425,3
P008,Apparel,2025-02-18,136.0,118.34341882176275,17.656581178237246,17.656581178237246,3
P008,Apparel,2025-02-19,102.0,117.00359497278272,-15.003594972782722,15.003594972782722,3
P008,Apparel,2025-02-20,121.0,119.347299511183,1.652700488817004,1.652700488817004,3
P008,Apparel,2025-02-21,117.0,120.73630180592318,-3.7363018059231763,3.7363018059231763,3
P008,Apparel,2025-02-22,146.0,169.67358427220782,-23.67358427220782,23.67358427220782,3
P008,Apparel,2025-02-23,150.0,167.08780778728675,-17.08780778728675,17.08780778728675,3
P008,Apparel,2025-02-24,128.0,116.45534062492227,11.544659375077728,11.544659375077728,3
P008,Apparel,2025-02-25,128.0,124.32529327201829,3.6747067279817145,3.6747067279817145,3
P008,Apparel,2025-02-26,110.0,111.51228436603651,-1.5122843660365106,1.5122843660365106,3
P008,Apparel,2025-02-27,128.0,111.96108969855932,16.03891030144068,16.03891030144068,3
P008,Apparel,2025-02-28,113.0,114.68129337020373,-1.6812933702037327,1.6812933702037327,3
P008,Apparel,2025-03-01,228.0,155.82051571826773,72.17948428173227,72.17948428173227,3
P008,Apparel,2025-03-02,183.0,170.5781916310982,12.421808368901793,12.421808368901793,3
P008,Apparel,2025-03-03,152.0,118.48617667633967,33.51382332366033,33.51382332366033,4
P008,Apparel,2025-03-04,91.0,121.19422421102936,-30.194224211029365,30.194224211029365,4
P008,Apparel,2025-03-05,136.0,116.07141927710805,19.92858072289195,19.92858072289195,4
P008,Apparel,2025-03-06,142.0,125.8380405400493,16.161959459950694,16.161959459950694,4
P008,Apparel,2025-03-07,126.0,116.32268366945844,9.677316330541558,9.677316330541558,4
P008,Apparel,2025-03-08,172.0,164.19713804884356,7.802861951156444,7.802861951156444,4
P008,Apparel,2025-03-09,185.0,166.57951301346813,18.42048698653187,18.42048698653187,4
P008,Apparel,2025-03-10,147.0,125.71768872360782,21.28231127639218,21.28231127639218,4
P008,Apparel,2025-03-11,103.0,124.22007418029402,-21.22007418029402,21.22007418029402,4
P008,Apparel,2025-03-12,147.0,121.3103591162001,25.689640883799896,25.689640883799896,4
P008,Apparel,2025-03-13,138.0,123.24588852869589,14.754111471304114,14.754111471304114,4
P008,Apparel,2025-03-14,125.0,122.12070147330967,2.8792985266903344,2.8792985266903344,4
P008,Apparel,2025-03-15,185.0,159.7410292835479,25.258970716452097,25.258970716452097,4
P008,Apparel,2025-03-16,195.0,155.78796780334164,39.212032196658356,39.212032196658356,4
P008,Apparel,2025-03-17,170.0,123.18080807636599,46.81919192363401,46.81919192363401,4
P008,Apparel,2025-03-18,140.0,120.30370355107232,19.696296448927683,19.696296448927683,4
P008,Apparel,2025-03-19,111.0,123.9078897104486,-12.9078897104486,12.9078897104486,4
P008,Apparel,2025-03-20,123.0,122.18516933271123,0.8148306672887742,0.8148306672887742,4
P008,Apparel,2025-03-21,107.0,116.86516883132667,-9.86516883132667,9.86516883132667,4
P008,Apparel,2025-03-22,131.0,152.98471608695013,-21.98471608695013,21.98471608695013,4
P008,Apparel,2025-03-23,156.0,158.13250452204673,-2.1325045220467302,2.1325045220467302,4
P008,Apparel,2025-03-24,136.0,128.31475291547525,7.685247084524747,7.685247084524747,4
P008,Apparel,2025-03-25,240.0,200.6631028876615,39.336897112338505,39.336897112338505,4
P008,Apparel,2025-03-26,156.0,116.62716113025392,39.372838869746076,39.372838869746076,4
P008,Apparel,2025-03-27,107.0,124.20877600551323,-17.20877600551323,17.20877600551323,4
P008,Apparel,2025-03-28,115.0,116.70188276866442,-1.7018827686644187,1.7018827686644187,4
P008,Apparel,2025-03-29,164.0,156.00633939538702,7.993660604612984,7.993660604612984,4
P008,Apparel,2025-03-30,109.0,162.98481238762918,-53.98481238762918,53.98481238762918,4
P008,Apparel,2025-03-31,195.0,216.0466870941035,-21.046687094103504,21.046687094103504,4
P008,Apparel,2025-04-01,152.0,128.48066504490282,23.51933495509718,23.51933495509718,4
P008,Apparel,2025-04-02,128.0,129.34828083634807,-1.3482808363480672,1.3482808363480672,4
P008,Apparel,2025-04-03,105.0,119.04517402863267,-14.045174028632673,14.045174028632673,4
P008,Apparel,2025-04-04,114.0,119.88782906918014,-5.8878290691801425,5.8878290691801425,4
P008,Apparel,2025-04-05,184.0,166.37085772726314,17.629142272736857,17.629142272736857,4
P008,Apparel,2025-04-06,221.0,156.88622861697394,64.11377138302606,64.11377138302606,4
P008,Apparel,2025-04-07,130.0,129.7984369478224,0.2015630521775904,0.2015630521775904,4
P008,Apparel,2025-04-08,148.0,121.3750378867153,26.624962113284695,26.624962113284695,4
P008,Apparel,2025-04-09,132.0,121.48711069728269,10.512889302717312,10.512889302717312,4
P008,Apparel,2025-04-10,139.0,120.27848372524014,18.721516274759864,18.721516274759864,4
P008,Apparel,2025-04-11,112.0,118.23962935389046,-6.239629353890464,6.239629353890464,4
P008,Apparel,2025-04-12,172.0,156.17445409428376,15.82554590571624,15.82554590571624,4
P008,Apparel,2025-04-13,256.0,261.5328209721246,-5.532820972124625,5.532820972124625,4
P008,Apparel,2025-04-14,147.0,122.28571467460493,24.714285325395068,24.714285325395068,4
P008,Apparel,2025-04-15,126.0,125.90224224881679,0.09775775118320951,0.09775775118320951,4
P008,Apparel,2025-04-16,51.0,118.42084424094601,-67.42084424094601,67.42084424094601,4
P008,Apparel,2025-04-17,144.0,124.33772995159246,19.662270048407535,19.662270048407535,4
P008,Apparel,2025-04-18,155.0,117.4979761166228,37.502023883377205,37.502023883377205,4
P008,Apparel,2025-04-19,166.0,164.52899810382428,1.4710018961757214,1.4710018961757214,4
P008,Apparel,2025-04-20,209.0,165.1638214391563,43.836178560843706,43.836178560843706,4
P008,Apparel,2025-04-21,153.0,146.4798297082413,6.520170291758689,6.520170291758689,4
P008,Apparel,2025-04-22,84.0,121.34461571533296,-37.344615715332964,37.344615715332964,4
P008,Apparel,2025-04-23,176.0,115.87944646098889,60.12055353901111,60.12055353901111,4
P008,Apparel,2025-04-24,127.0,122.24296076834648,4.757039231653522,4.757039231653522,4
P008,Apparel,2025-04-25,136.0,119.9515222977871,16.048477702212907,16.048477702212907,4
P008,Apparel,2025-04-26,171.0,162.75067194201168,8.249328057988322,8.249328057988322,4
P008,Apparel,2025-04-27,181.0,157.3721473625132,23.627852637486797,23.627852637486797,4
P008,Apparel,2025-04-28,134.0,128.66486507400685,5.335134925993145,5.335134925993145,4
P008,Apparel,2025-04-29,107.0,118.44500538889861,-11.445005388898608,11.445005388898608,4
P008,Apparel,2025-04-30,167.0,120.98846783076624,46.01153216923376,46.01153216923376,4
P008,Apparel,2025-05-01,148.0,116.6185997808624,31.381400219137603,31.381400219137603,4
P009,Beauty,2024-09-04,112.0,69.1957272726094,42.8042727273906,42.8042727273906,1
P009,Beauty,2024-09-05,73.0,73.82969227805732,-0.8296922780573226,0.8296922780573226,1
P009,Beauty,2024-09-06,115.0,72.1105154656189,42.8894845343811,42.8894845343811,1
P009,Beauty,2024-09-07,93.0,87.27074420182177,5.7292557981782295,5.7292557981782295,1
P009,Beauty,2024-09-08,100.0,88.06899827293635,11.931001727063645,11.931001727063645,1
P009,Beauty,2024-09-09,58.0,74.26707927949951,-16.267079279499512,16.267079279499512,1
P009,Beauty,2024-09-10,171.0,74.0610945504135,96.9389054495865,96.9389054495865,1
P009,Beauty,2024-09-11,94.0,76.80002629670383,17.199973703296166,17.199973703296166,1
P009,Beauty,2024-09-12,65.0,78.42023709504977,-13.420237095049771,13.420237095049771,1
P009,Beauty,2024-09-13,29.0,78.20519330733809,-49.20519330733809,49.20519330733809,1
P009,Beauty,2024-09-14,86.0,86.85138169973074,-0.8513816997307373,0.8513816997307373,1
P009,Beauty,2024-09-15,79.0,87.1522146049361,-8.152214604936106,8.152214604936106,1
P009,Beauty,2024-09-16,102.0,73.7554460186205,28.244553981379497,28.244553981379497,1
P009,Beauty,2024-09-17,67.0,73.95950140127668,-6.9595014012766825,6.9595014012766825,1
P009,Beauty,2024-09-18,64.0,73.82259187290225,-9.822591872902251,9.822591872902251,1
P009,Beauty,2024-09-19,56.0,72.83328987035814,-16.833289870358144,16.833289870358144,1
P009,Beauty,2024-09-20,65.0,71.92963777338002,-6.929637773380023,6.929637773380023,1
P009,Beauty,2024-09-21,183.0,104.53487142770004,78.46512857229996,78.46512857229996,1
P009,Beauty,2024-09-22,85.0,158.1283760620344,-73.12837606203439,73.12837606203439,1
P009,Beauty,2024-09-23,52.0,73.63878917706002,-21.63878917706002,21.63878917706002,1
P009,Beauty,2024-09-24,76.0,75.76680748989001,0.23319251010998698,0.23319251010998698,1
P009,Beauty,2024-09-25,113.0,73.42767814812804,39.57232185187196,39.57232185187196,1
P009,Beauty,2024-09-26,91.0,76.46389649669352,14.536103503306478,14.536103503306478,1
P009,Beauty,2024-09-27,106.0,78.63356282248853,27.36643717751147,27.36643717751147,1
P009,Beauty,2024-09-28,75.0,95.83958594929881,-20.839585949298808,20.839585949298808,1
P009,Beauty,2024-09-29,55.0,93.66432359523206,-38.66432359523206,38.66432359523206,1
P009,Beauty,2024-09-30,69.0,76.1748673371079,-7.174867337107898,7.174867337107898,1
P009,Beauty,2024-10-01,120.0,121.46185820235836,-1.461858202358357,1.461858202358357,1
P009,Beauty,2024-10-02,77.0,77.4700647148202,-0.4700647148201966,0.4700647148201966,1
P009,Beauty,2024-10-03,73.0,76.7177421893876,-3.717742189387593,3.717742189387593,1
P009,Beauty,2024-10-04,121.0,106.00870996565678,14.991290034343223,14.991290034343223,1
P009,Beauty,2024-10-05,69.0,95.18474672331254,-26.184746723312543,26.184746723312543,1
P009,Beauty,2024-10-06,64.0,87.1935589773743,-23.193558977374295,23.193558977374295,1
P009,Beauty,2024-10-07,55.0,73.91162810105183,-18.911628101051832,18.911628101051832,1
P009,Beauty,2024-10-08,81.0,74.80988568040634,6.190114319593661,6.190114319593661,1
P009,Beauty,2024-10-09,79.0,70.39615495395529,8.603845046044711,8.603845046044711,1
P009,Beauty,2024-10-10,98.0,71.90316030551412,26.09683969448588,26.09683969448588,1
P009,Beauty,2024-10-11,106.0,72.73982808453,33.260171915469996,33.260171915469996,1
P009,Beauty,2024-10-12,59.0,87.21874141672937,-28.218741416729372,28.218741416729372,1
P009,Beauty,2024-10-13,84.0,87.05871027049693,-3.058710270496931,3.058710270496931,1
P009,Beauty,2024-10-14,74.0,73.60004369042753,0.39995630957247386,0.39995630957247386,1
P009,Beauty,2024-10-15,49.0,74.49767715051244,-25.497677150512445,25.497677150512445,1
P009,Beauty,2024-10-16,107.0,116.9785994465189,-9.9785994465189,9.9785994465189,1
P009,Beauty,2024-10-17,107.0,74.03972794626912,32.960272053730876,32.960272053730876,1
P009,Beauty,2024-10-18,66.0,74.75775480666114,-8.75775480666114,8.75775480666114,1
P009,Beauty,2024-10-19,93.0,127.78261309996074,-34.78261309996074,34.78261309996074,1
P009,Beauty,2024-10-20,83.0,88.78545959945696,-5.785459599456956,5.785459599456956,1
P009,Beauty,2024-10-21,95.0,74.89930053588671,20.10069946411329,20.10069946411329,1
P009,Beauty,2024-10-22,73.0,74.6554699462741,-1.6554699462740956,1.6554699462740956,1
P009,Beauty,2024-10-23,81.0,76.32675360406525,4.673246395934754,4.673246395934754,1
P009,Beauty,2024-10-24,56.0,125.53597969358341,-69.53597969358341,69.53597969358341,1
P009,Beauty,2024-10-25,90.0,74.9558421735252,15.044157826474802,15.044157826474802,1
P009,Beauty,2024-10-26,89.0,87.87884035640423,1.1211596435957745,1.1211596435957745,1
P009,Beauty,2024-10-27,103.0,88.4844964695399,14.515503530460094,14.515503530460094,1
P009,Beauty,2024-10-28,44.0,76.27946253956017,-32.27946253956017,32.27946253956017,1
P009,Beauty,2024-10-29,74.0,75.3314716699831,-1.3314716699831024,1.3314716699831024,1
P009,Beauty,2024-10-30,98.0,74.09876427577483,23.901235724225174,23.901235724225174,1
P009,Beauty,2024-10-31,69.0,74.60744226029536,-5.6074422602953575,5.6074422602953575,1
P009,Beauty,2024-11-01,81.0,76.39694581703831,4.603054182961685,4.603054182961685,1
P009,Beauty,2024-11-02,78.0,89.64609194157326,-11.64609194157326,11.64609194157326,1
P009,Beauty,2024-11-03,78.0,90.16189231816037,-12.161892318160369,12.161892318160369,2
P009,Beauty,2024-11-04,126.0,93.67919949351398,32.32080050648602,32.32080050648602,2
P009,Beauty,2024-11-05,53.0,77.94900411137435,-24.94900411137435,24.94900411137435,2
P009,Beauty,2024-11-06,80.0,78.69540646374168,1.3045935362583236,1.3045935362583236,2
P009,Beauty,2024-11-07,86.0,78.27936385659875,7.720636143401251,7.720636143401251,2
P009,Beauty,2024-11-08,99.0,78.27021648748766,20.72978351251234,20.72978351251234,2
P009,Beauty,2024-11-09,85.0,88.04411697318001,-3.04411697318001,3.04411697318001,2
P009,Beauty,2024-11-10,108.0,88.99788401893328,19.002115981066723,19.002115981066723,2
P009,Beauty,2024-11-11,81.0,77.97756780138913,3.022432198610872,3.022432198610872,2
P009,Beauty,2024-11-12,84.0,75.40696404408509,8.593035955914914,8.593035955914914,2
P009,Beauty,2024-11-13,84.0,78.72890307333817,5.271096926661826,5.271096926661826,2
P009,Beauty,2024-11-14,95.0,78.8364972394192,16.163502760580798,16.163502760580798,2
P009,Beauty,2024-11-15,93.0,79.3657750079504,13.634224992049596,13.634224992049596,2
P009,Beauty,2024-11-16,104.0,158.85294924129542,-54.85294924129542,54.85294924129542,2
P009,Beauty,2024-11-17,94.0,94.65414094344558,-0.6541409434455829,0.6541409434455829,2
P009,Beauty,2024-11-18,94.0,79.14669053646026,14.853309463539745,14.853309463539745,2
P009,Beauty,2024-11-19,113.0,78.37600931422219,34.62399068577781,34.62399068577781,2
P009,Beauty,2024-11-20,63.0,80.63423014666466,-17.634230146664663,17.634230146664663,2
P009,Beauty,2024-11-21,95.0,77.75608029476639,17.24391970523361,17.24391970523361,2
P009,Beauty,2024-11-22,77.0,81.21649999186282,-4.216499991862818,4.216499991862818,2
P009,Beauty,2024-11-23,95.0,96.04162824065294,-1.0416282406529405,1.0416282406529405,2
P009,Beauty,2024-11-24,79.0,132.45586779455758,-53.45586779455758,53.45586779455758,2
P009,Beauty,2024-11-25,85.0,79.58445255828944,5.415547441710558,5.415547441710558,2
P009,Beauty,2024-11-26,92.0,80.87051882236568,11.129481177634318,11.129481177634318,2
P009,Beauty,2024-11-27,66.0,80.45872967647847,-14.45872967647847,14.45872967647847,2
P009,Beauty,2024-11-28,116.0,80.41262787557132,35.58737212442868,35.58737212442868,2
P009,Beauty,2024-11-29,135.0,183.84407280522692,-48.844072805226915,48.844072805226915,2
P009,Beauty,2024-11-30,105.0,100.62754641644557,4.372453583554432,4.372453583554432,2
P009,Beauty,2024-12-01,39.0,98.5364308205719,-59.536430820571894,59.536430820571894,2
P009,Beauty,2024-12-02,82.0,85.93303815541012,-3.9330381554101166,3.9330381554101166,2
P009,Beauty,2024-12-03,153.0,123.9639122738246,29.036087726175396,29.036087726175396,2
P009,Beauty,2024-12-04,102.0,84.68740173515275,17.312598264847253,17.312598264847253,2
P009,Beauty,2024-12-05,85.0,88.84964739763385,-3.849647397633845,3.849647397633845,2
P009,Beauty,2024-12-06,83.0,89.0871159861979,-6.087115986197901,6.087115986197901,2
P009,Beauty,2024-12-07,108.0,100.2502441416615,7.749755858338503,7.749755858338503,2
P009,Beauty,2024-12-08,117.0,95.96647080172698,21.033529198273015,21.033529198273015,2
P009,Beauty,2024-12-09,118.0,89.19598135195747,28.80401864804253,28.80401864804253,2
P009,Beauty,2024-12-10,62.0,89.8067065110473,-27.806706511047295,27.806706511047295,2
P009,Beauty,2024-12-11,85.0,90.29421304055977,-5.294213040559768,5.294213040559768,2
P009,Beauty,2024-12-12,43.0,92.4010083510255,-49.401008351025496,49.401008351025496,2
P009,Beauty,2024-12-13,82.0,116.18509049825252,-34.18509049825252,34.18509049825252,2
P009,Beauty,2024-12-14,81.0,100.8879003100579,-19.8879003100579,19.8879003100579,2
P009,Beauty,2024-12-15,117.0,100.38272123182175,16.617278768178252,16.617278768178252,2
P009,Beauty,2024-12-16,80.0,89.14644785320988,-9.146447853209878,9.146447853209878,2
P009,Beauty,2024-12-17,85.0,92.52015754797603,-7.5201575479760265,7.5201575479760265,2
P009,Beauty,2024-12-18,98.0,83.78588513843128,14.214114861568717,14.214114861568717,2
P009,Beauty,2024-12-19,77.0,81.98081057805504,-4.980810578055042,4.980810578055042,2
P009,Beauty,2024-12-20,48.0,84.58962819100218,-36.58962819100218,36.58962819100218,2
P009,Beauty,2024-12-21,81.0,99.833887798702,-18.833887798701994,18.833887798701994,2
P009,Beauty,2024-12-22,97.0,102.2809272583226,-5.280927258322606,5.280927258322606,2
P009,Beauty,2024-12-23,103.0,85.74025939430238,17.259740605697615,17.259740605697615,2
P009,Beauty,2024-12-24,89.0,86.04609438662986,2.9539056133701393,2.9539056133701393,2
P009,Beauty,2024-12-25,258.0,168.04365345809595,89.95634654190405,89.95634654190405,2
P009,Beauty,2024-12-26,115.0,87.45212165378003,27.547878346219974,27.547878346219974,2
P009,Beauty,2024-12-27,119.0,88.24545999198307,30.75454000801693,30.75454000801693,2
P009,Beauty,2024-12-28,106.0,104.93239021493734,1.0676097850626576,1.0676097850626576,2
P009,Beauty,2024-12-29,124.0,153.9320032591804,-29.93200325918039,29.93200325918039,2
P009,Beauty,2024-12-30,67.0,93.655761093511,-26.655761093511003,26.655761093511003,2
P009,Beauty,2024-12-31,69.0,104.30921213476398,-35.30921213476398,35.30921213476398,2
P009,Beauty,2025-01-01,177.0,212.38593763042297,-35.38593763042297,35.38593763042297,2
P009,Beauty,2025-01-02,98.0,95.21154259720258,2.7884574027974196,2.7884574027974196,3
P009,Beauty,2025-01-03,140.0,96.05684428533807,43.94315571466193,43.94315571466193,3
P009,Beauty,2025-01-04,123.0,126.16100495984593,-3.1610049598459256,3.1610049598459256,3
P009,Beauty,2025-01-05,102.0,112.66963070724546,-10.66963070724546,10.66963070724546,3
P009,Beauty,2025-01-06,119.0,97.52471787121644,21.47528212878356,21.47528212878356,3
P009,Beauty,2025-01-07,78.0,98.069633545023,-20.069633545022995,20.069633545022995,3
P009,Beauty,2025-01-08,174.0,150.28065505190852,23.719344948091475,23.719344948091475,3
P009,Beauty,2025-01-09,121.0,100.77659552162159,20.223404478378413,20.223404478378413,3
P009,Beauty,2025-01-10,100.0,105.47531409857,-5.475314098569996,5.475314098569996,3
P009,Beauty,2025-01-11,259.0,196.34903879175374,62.65096120824626,62.65096120824626,3
P009,Beauty,2025-01-12,135.0,136.71117283599017,-1.711172835990169,1.711172835990169,3
P009,Beauty,2025-01-13,100.0,102.33554948822959,-2.3355494882295886,2.3355494882295886,3
P009,Beauty,2025-01-14,96.0,104.270415563784,-8.270415563783999,8.270415563783999,3
P009,Beauty,2025-01-15,89.0,113.55208028497908,-24.552080284979084,24.552080284979084,3
P009,Beauty,2025-01-16,97.0,105.44295451741193,-8.442954517411934,8.442954517411934,3
P009,Beauty,2025-01-17,98.0,107.29580310534041,-9.295803105340411,9.295803105340411,3
P009,Beauty,2025-01-18,100.0,151.498996939181,-51.49899693918101,51.49899693918101,3
P009,Beauty,2025-01-19,162.0,191.3509122236084,-29.35091222360839,29.35091222360839,3
P009,Beauty,2025-01-20,72.0,111.42406314215805,-39.42406314215805,39.42406314215805,3
P009,Beauty,2025-01-21,88.0,111.15305335434313,-23.15305335434313,23.15305335434313,3
P009,Beauty,2025-01-22,63.0,118.54345941371285,-55.54345941371285,55.54345941371285,3
P009,Beauty,2025-01-23,112.0,105.71616602121766,6.28383397878234,6.28383397878234,3
P009,Beauty,2025-01-24,104.0,104.9361718627433,-0.9361718627432936,0.9361718627432936,3
P009,Beauty,2025-01-25,107.0,128.58920337250905,-21.589203372509047,21.589203372509047,3
P009,Beauty,2025-01-26,134.0,133.3643790858079,0.6356209141920885,0.6356209141920885,3
P009,Beauty,2025-01-27,82.0,103.878492374912,-21.878492374912,21.878492374912,3
P009,Beauty,2025-01-28,86.0,103.96698858841039,-17.966988588410388,17.966988588410388,3
P009,Beauty,2025-01-29,67.0,111.64637715516591,-44.64637715516591,44.64637715516591,3
P009,Beauty,2025-01-30,130.0,101.23291363498704,28.767086365012958,28.767086365012958,3
P009,Beauty,2025-01-31,120.0,105.10772433946504,14.892275660534963,14.892275660534963,3
P009,Beauty,2025-02-01,148.0,120.95463121936484,27.045368780635158,27.045368780635158,3
P009,Beauty,2025-02-02,156.0,124.24036474523767,31.75963525476233,31.75963525476233,3
P009,Beauty,2025-02-03,94.0,105.66944772025408,-11.669447720254084,11.669447720254084,3
P009,Beauty,2025-02-04,87.0,105.9555035569645,-18.9555035569645,18.9555035569645,3
P009,Beauty,2025-02-05,60.0,113.34758831086405,-53.347588310864055,53.347588310864055,3
P009,Beauty,2025-02-06,78.0,104.87443927185875,-26.874439271858748,26.874439271858748,3
P009,Beauty,2025-02-07,166.0,156.84272511305062,9.15727488694938,9.15727488694938,3
P009,Beauty,2025-02-08,58.0,132.23274842943457,-74.23274842943457,74.23274842943457,3
P009,Beauty,2025-02-09,85.0,129.34996163231915,-44.34996163231915,44.34996163231915,3
P009,Beauty,2025-02-10,105.0,97.4314689516324,7.568531048367603,7.568531048367603,3
P009,Beauty,2025-02-11,130.0,98.12973777147225,31.87026222852775,31.87026222852775,3
P009,Beauty,2025-02-12,89.0,99.83427543735407,-10.834275437354066,10.834275437354066,3
P009,Beauty,2025-02-13,111.0,98.88317372582848,12.116826274171515,12.116826274171515,3
P009,Beauty,2025-02-14,156.0,103.03561301207304,52.96438698792696,52.96438698792696,3
P009,Beauty,2025-02-15,66.0,120.39854322992632,-54.39854322992632,54.39854322992632,3
P009,Beauty,2025-02-16,147.0,124.5572319055873,22.4427680944127,22.4427680944127,3
P009,Beauty,2025-02-17,118.0,100.11994217040144,17.880057829598556,17.880057829598556,3
P009,Beauty,2025-02-18,142.0,102.67312969539856,39.32687030460144,39.32687030460144,3
P009,Beauty,2025-02-19,134.0,102.29730696328987,31.70269303671013,31.70269303671013,3
P009,Beauty,2025-02-20,92.0,103.22268802595437,-11.222688025954369,11.222688025954369,3
P009,Beauty,2025-02-21,109.0,107.19670790582987,1.803292094170132,1.803292094170132,3
P009,Beauty,2025-02-22,77.0,118.45926927129447,-41.459269271294474,41.459269271294474,3
P009,Beauty,2025-02-23,103.0,131.05889737370651,-28.058897373706515,28.058897373706515,3
P009,Beauty,2025-02-24,111.0,101.6791856898313,9.3208143101687,9.3208143101687,3
P009,Beauty,2025-02-25,118.0,104.64341444197412,13.356585558025884,13.356585558025884,3
P009,Beauty,2025-02-26,131.0,101.00277590087443,29.997224099125575,29.997224099125575,3
P009,Beauty,2025-02-27,152.0,106.26534346523536,45.73465653476464,45.73465653476464,3
P009,Beauty,2025-02-28,169.0,171.7080447178395,-2.708044717839499,2.708044717839499,3
P009,Beauty,2025-03-01,152.0,127.30487998162306,24.69512001837694,24.69512001837694,3
P009,Beauty,2025-03-02,127.0,140.30343531323143,-13.303435313231432,13.303435313231432,3
P009,Beauty,2025-03-03,76.0,110.19464184346211,-34.19464184346211,34.19464184346211,4
P009,Beauty,2025-03-04,107.0,108.34165416416779,-1.3416541641677924,1.3416541641677924,4
P009,Beauty,2025-03-05,115.0,109.42743194991178,5.572568050088222,5.572568050088222,4
P009,Beauty,2025-03-06,89.0,113.17687399886638,-24.176873998866384,24.176873998866384,4
P009,Beauty,2025-03-07,84.0,121.077005637432,-37.077005637431995,37.077005637431995,4
P009,Beauty,2025-03-08,103.0,138.37082239466267,-35.37082239466267,35.37082239466267,4
P009,Beauty,2025-03-09,105.0,127.6295547583043,-22.629554758304295,22.629554758304295,4
P009,Beauty,2025-03-10,89.0,110.95500017863915,-21.955000178639153,21.955000178639153,4
P009,Beauty,2025-03-11,145.0,112.73683476963856,32.26316523036144,32.26316523036144,4
P009,Beauty,2025-03-12,46.0,110.69750074164881,-64.69750074164881,64.69750074164881,4
P009,Beauty,2025-03-13,116.0,107.28465641576125,8.715343584238752,8.715343584238752,4
P009,Beauty,2025-03-14,127.0,112.91011130627915,14.089888693720852,14.089888693720852,4
P009,Beauty,2025-03-15,93.0,121.08589463599097,-28.085894635990968,28.085894635990968,4
P009,Beauty,2025-03-16,115.0,128.56663147253235,-13.56663147253235,13.56663147253235,4
P009,Beauty,2025-03-17,104.0,103.10514314961155,0.8948568503884502,0.8948568503884502,4
P009,Beauty,2025-03-18,111.0,112.20438537294086,-1.2043853729408625,1.2043853729408625,4
P009,Beauty,2025-03-19,131.0,102.72035555124837,28.279644448751625,28.279644448751625,4
P009,Beauty,2025-03-20,129.0,102.20480852296969,26.795191477030315,26.795191477030315,4
P009,Beauty,2025-03-21,97.0,104.80414678115925,-7.804146781159247,7.804146781159247,4
P009,Beauty,2025-03-22,78.0,120.98119953892771,-42.98119953892771,42.98119953892771,4
P009,Beauty,2025-03-23,127.0,122.09465150864072,4.905348491359277,4.905348491359277,4
P009,Beauty,2025-03-24,96.0,103.62255139992567,-7.622551399925669,7.622551399925669,4
P009,Beauty,2025-03-25,99.0,104.10046987923239,-5.100469879232392,5.100469879232392,4
P009,Beauty,2025-03-26,120.0,108.30732688111497,11.692673118885025,11.692673118885025,4
P009,Beauty,2025-03-27,102.0,109.47871385843476,-7.478713858434759,7.478713858434759,4
P009,Beauty,2025-03-28,122.0,108.49815910000285,13.501840899997148,13.501840899997148,4
P009,Beauty,2025-03-29,196.0,121.75502928228192,74.24497071771808,74.24497071771808,4
P009,Beauty,2025-03-30,142.0,122.79652236963742,19.203477630362585,19.203477630362585,4
P009,Beauty,2025-03-31,151.0,104.54515915796046,46.454840842039545,46.454840842039545,4
P009,Beauty,2025-04-01,128.0,105.93419634454901,22.065803655450992,22.065803655450992,4
P009,Beauty,2025-04-02,116.0,108.27776225639955,7.722237743600445,7.722237743600445,4
P009,Beauty,2025-04-03,128.0,107.73858015527014,20.261419844729858,20.261419844729858,4
P009,Beauty,2025-04-04,127.0,108.51629665176135,18.48370334823865,18.48370334823865,4
P009,Beauty,2025-04-05,299.0,213.28890628357672,85.71109371642328,85.71109371642328,4
P009,Beauty,2025-04-06,124.0,145.33062002982297,-21.330620029822967,21.330620029822967,4
P009,Beauty,2025-04-07,78.0,116.7732323205067,-38.77323232050669,38.77323232050669,4
P009,Beauty,2025-04-08,74.0,118.90012610248533,-44.90012610248533,44.90012610248533,4
P009,Beauty,2025-04-09,126.0,109.97435912022229,16.02564087977771,16.02564087977771,4
P009,Beauty,2025-04-10,83.0,117.00145619703125,-34.001456197031246,34.001456197031246,4
P009,Beauty,2025-04-11,132.0,120.4964512894688,11.503548710531206,11.503548710531206,4
P009,Beauty,2025-04-12,161.0,142.85912380406035,18.140876195939654,18.140876195939654,4
P009,Beauty,2025-04-13,116.0,139.85683443846696,-23.85683443846696,23.85683443846696,4
P009,Beauty,2025-04-14,147.0,112.77576404701384,34.22423595298616,34.22423595298616,4
P009,Beauty,2025-04-15,121.0,113.83902282404762,7.160977175952382,7.160977175952382,4
P009,Beauty,2025-04-16,114.0,116.60765211077131,-2.607652110771312,2.607652110771312,4
P009,Beauty,2025-04-17,115.0,115.95876998132476,-0.9587699813247639,0.9587699813247639,4
P009,Beauty,2025-04-18,91.0,113.7973382717521,-22.797338271752096,22.797338271752096,4
P009,Beauty,2025-04-19,94.0,137.18615876319168,-43.186158763191685,43.186158763191685,4
P009,Beauty,2025-04-20,74.0,130.67079732754192,-56.67079732754192,56.67079732754192,4
P009,Beauty,2025-04-21,93.0,115.12920849615138,-22.129208496151378,22.129208496151378,4
P009,Beauty,2025-04-22,171.0,112.08636070412236,58.913639295877644,58.913639295877644,4
P009,Beauty,2025-04-23,73.0,112.5479170781247,-39.5479170781247,39.5479170781247,4
P009,Beauty,2025-04-24,81.0,109.62476679314787,-28.62476679314787,28.62476679314787,4
P009,Beauty,2025-04-25,91.0,112.29811316724178,-21.29811316724178,21.29811316724178,4
P009,Beauty,2025-04-26,99.0,133.55695707654638,-34.55695707654638,34.55695707654638,4
P009,Beauty,2025-04-27,129.0,124.71654057974592,4.283459420254076,4.283459420254076,4
P009,Beauty,2025-04-28,96.0,108.58868730936462,-12.588687309364616,12.588687309364616,4
P009,Beauty,2025-04-29,107.0,111.26848304701859,-4.2684830470185915,4.2684830470185915,4
P009,Beauty,2025-04-30,89.0,103.01273444779976,-14.012734447799758,14.012734447799758,4
P009,Beauty,2025-05-01,99.0,103.39843193450147,-4.398431934501474,4.398431934501474,4
P010,Sports,2024-09-04,61.0,62.861039393973755,-1.8610393939737548,1.8610393939737548,1
P010,Sports,2024-09-05,79.0,60.297235703286994,18.702764296713006,18.702764296713006,1
P010,Sports,2024-09-06,62.0,63.03940131591592,-1.0394013159159172,1.0394013159159172,1
P010,Sports,2024-09-07,75.0,78.8746139177013,-3.8746139177012964,3.8746139177012964,1
P010,Sports,2024-09-08,70.0,76.98993023915028,-6.989930239150283,6.989930239150283,1
P010,Sports,2024-09-09,54.0,60.6545240437566,-6.654524043756602,6.654524043756602,1
P010,Sports,2024-09-10,84.0,75.87210879266304,8.127891207336958,8.127891207336958,1
P010,Sports,2024-09-11,62.0,60.320728595348456,1.6792714046515442,1.6792714046515442,1
P010,Sports,2024-09-12,45.0,60.61561689001273,-15.615616890012731,15.615616890012731,1
P010,Sports,2024-09-13,69.0,59.0490760572893,9.950923942710702,9.950923942710702,1
P010,Sports,2024-09-14,98.0,76.05451636022318,21.945483639776825,21.945483639776825,1
P010,Sports,2024-09-15,60.0,76.7128991612183,-16.712899161218303,16.712899161218303,1
P010,Sports,2024-09-16,69.0,61.118904958124865,7.881095041875135,7.881095041875135,1
P010,Sports,2024-09-17,74.0,60.376270364458854,13.623729635541146,13.623729635541146,1
P010,Sports,2024-09-18,70.0,91.36634140209864,-21.36634140209864,21.36634140209864,1
P010,Sports,2024-09-19,56.0,61.28571259441822,-5.2857125944182215,5.2857125944182215,1
P010,Sports,2024-09-20,53.0,62.02696934782778,-9.02696934782778,9.02696934782778,1
P010,Sports,2024-09-21,91.0,77.611452860452,13.388547139547995,13.388547139547995,1
P010,Sports,2024-09-22,75.0,75.60211355354585,-0.6021135535458484,0.6021135535458484,1
P010,Sports,2024-09-23,56.0,61.73528550975271,-5.735285509752707,5.735285509752707,1
P010,Sports,2024-09-24,63.0,62.17115479106335,0.8288452089366487,0.8288452089366487,1
P010,Sports,2024-09-25,73.0,61.37309437747163,11.62690562252837,11.62690562252837,1
P010,Sports,2024-09-26,59.0,58.367223282061026,0.6327767179389738,0.6327767179389738,1
P010,Sports,2024-09-27,85.0,93.51690886105936,-8.516908861059363,8.516908861059363,1
P010,Sports,2024-09-28,77.0,78.79240699048425,-1.7924069904842526,1.7924069904842526,1
P010,Sports,2024-09-29,87.0,76.15568063103711,10.844319368962886,10.844319368962886,1
P010,Sports,2024-09-30,48.0,62.1729729820685,-14.1729729820685,14.1729729820685,1
P010,Sports,2024-10-01,60.0,62.078894797572076,-2.078894797572076,2.078894797572076,1
P010,Sports,2024-10-02,52.0,62.51568156058259,-10.515681560582593,10.515681560582593,1
P010,Sports,2024-10-03,50.0,61.55938565547789,-11.55938565547789,11.55938565547789,1
P010,Sports,2024-10-04,43.0,61.285906037951285,-18.285906037951285,18.285906037951285,1
P010,Sports,2024-10-05,74.0,75.61897625701656,-1.6189762570165556,1.6189762570165556,1
P010,Sports,2024-10-06,92.0,78.03907256484277,13.960927435157231,13.960927435157231,1
P010,Sports,2024-10-07,43.0,59.53476067831871,-16.53476067831871,16.53476067831871,1
P010,Sports,2024-10-08,64.0,60.6578035689708,3.342196431029201,3.342196431029201,1
P010,Sports,2024-10-09,55.0,60.549632525741835,-5.549632525741835,5.549632525741835,1
P010,Sports,2024-10-10,51.0,59.212026508135395,-8.212026508135395,8.212026508135395,1
P010,Sports,2024-10-11,63.0,60.12716939206717,2.8728306079328334,2.8728306079328334,1
P010,Sports,2024-10-12,95.0,74.05580370051382,20.94419629948618,20.94419629948618,1
P010,Sports,2024-10-13,235.0,77.943817488616,157.056182511384,157.056182511384,1
P010,Sports,2024-10-14,63.0,60.537269437603584,2.462730562396416,2.462730562396416,1
P010,Sports,2024-10-15,60.0,63.159832206630355,-3.1598322066303552,3.1598322066303552,1
P010,Sports,2024-10-16,64.0,59.2532397177961,4.746760282203901,4.746760282203901,1
P010,Sports,2024-10-17,82.0,58.28315385527076,23.71684614472924,23.71684614472924,1
P010,Sports,2024-10-18,58.0,61.99448610598234,-3.9944861059823396,3.9944861059823396,1
P010,Sports,2024-10-19,95.0,83.59358500958258,11.406414990417417,11.406414990417417,1
P010,Sports,2024-10-20,75.0,84.70542212247805,-9.705422122478055,9.705422122478055,1
P010,Sports,2024-10-21,54.0,65.11391470619391,-11.11391470619391,11.11391470619391,1
P010,Sports,2024-10-22,77.0,65.73670794322108,11.263292056778923,11.263292056778923,1
P010,Sports,2024-10-23,62.0,66.45908310798534,-4.459083107985336,4.459083107985336,1
P010,Sports,2024-10-24,64.0,66.32587955809822,-2.3258795580982223,2.3258795580982223,1
P010,Sports,2024-10-25,67.0,66.07315844455805,0.9268415554419533,0.9268415554419533,1
P010,Sports,2024-10-26,73.0,86.25091309139842,-13.250913091398417,13.250913091398417,1
P010,Sports,2024-10-27,78.0,86.7591637806327,-8.759163780632704,8.759163780632704,1
P010,Sports,2024-10-28,57.0,60.12671042687169,-3.126710426871689,3.126710426871689,1
P010,Sports,2024-10-29,66.0,64.92326505913807,1.0767349408619253,1.0767349408619253,1
P010,Sports,2024-10-30,66.0,63.95629747599198,2.043702524008019,2.043702524008019,1
P010,Sports,2024-10-31,58.0,64.34919925345159,-6.349199253451587,6.349199253451587,1
P010,Sports,2024-11-01,81.0,65.40345260929047,15.596547390709532,15.596547390709532,1
P010,Sports,2024-11-02,85.0,81.8343322827649,3.1656677172350953,3.1656677172350953,1
P010,Sports,2024-11-03,87.0,85.2241318968143,1.7758681031857009,1.7758681031857009,2
P010,Sports,2024-11-04,76.0,66.43451667284633,9.565483327153672,9.565483327153672,2
P010,Sports,2024-11-05,56.0,70.63128873931669,-14.631288739316687,14.631288739316687,2
P010,Sports,2024-11-06,60.0,68.5615563757642,-8.561556375764198,8.561556375764198,2
P010,Sports,2024-11-07,67.0,67.4595260377898,-0.45952603778980006,0.45952603778980006,2
P010,Sports,2024-11-08,51.0,70.9349317186228,-19.934931718622806,19.934931718622806,2
P010,Sports,2024-11-09,84.0,89.34600573671197,-5.346005736711973,5.346005736711973,2
P010,Sports,2024-11-10,113.0,86.32862978621094,26.67137021378906,26.67137021378906,2
P010,Sports,2024-11-11,83.0,67.80294434227353,15.197055657726466,15.197055657726466,2
P010,Sports,2024-11-12,74.0,66.77441727697416,7.225582723025838,7.225582723025838,2
P010,Sports,2024-11-13,77.0,68.50294276650885,8.497057233491148,8.497057233491148,2
P010,Sports,2024-11-14,105.0,103.61846579395292,1.3815342060470783,1.3815342060470783,2
P010,Sports,2024-11-15,63.0,68.08418071606961,-5.084180716069611,5.084180716069611,2
P010,Sports,2024-11-16,111.0,89.3921763896203,21.607823610379697,21.607823610379697,2
P010,Sports,2024-11-17,78.0,94.62927899940196,-16.62927899940196,16.62927899940196,2
P010,Sports,2024-11-18,77.0,71.54426247250649,5.455737527493511,5.455737527493511,2
P010,Sports,2024-11-19,63.0,72.96264651917689,-9.962646519176886,9.962646519176886,2
P010,Sports,2024-11-20,64.0,70.85369878933066,-6.8536987893306645,6.8536987893306645,2
P010,Sports,2024-11-21,74.0,73.33802729183158,0.6619727081684204,0.6619727081684204,2
P010,Sports,2024-11-22,89.0,70.90473436459054,18.09526563540946,18.09526563540946,2
P010,Sports,2024-11-23,111.0,96.83008864221593,14.169911357784073,14.169911357784073,2
P010,Sports,2024-11-24,98.0,93.19501391990875,4.804986080091254,4.804986080091254,2
P010,Sports,2024-11-25,71.0,74.68186703231619,-3.681867032316191,3.681867032316191,2
P010,Sports,2024-11-26,78.0,74.09713128629349,3.9028687137065106,3.9028687137065106,2
P010,Sports,2024-11-27,84.0,74.40084153394984,9.599158466050156,9.599158466050156,2
P010,Sports,2024-11-28,53.0,74.75827734478253,-21.758277344782528,21.758277344782528,2
P010,Sports,2024-11-29,162.0,168.02103434952338,-6.021034349523376,6.021034349523376,2
P010,Sports,2024-11-30,82.0,101.29155976930244,-19.291559769302438,19.291559769302438,2
P010,Sports,2024-12-01,94.0,99.5883271025481,-5.5883271025481065,5.5883271025481065,2
P010,Sports,2024-12-02,140.0,78.09109439728726,61.908905602712736,61.908905602712736,2
P010,Sports,2024-12-03,54.0,76.55137999459218,-22.551379994592182,22.551379994592182,2
P010,Sports,2024-12-04,60.0,76.00004702167263,-16.00004702167263,16.00004702167263,2
P010,Sports,2024-12-05,68.0,74.68274754224772,-6.682747542247725,6.682747542247725,2
P010,Sports,2024-12-06,80.0,74.61916181935159,5.380838180648411,5.380838180648411,2
P010,Sports,2024-12-07,88.0,94.84527548991959,-6.845275489919587,6.845275489919587,2
P010,Sports,2024-12-08,88.0,97.96072775291096,-9.960727752910955,9.960727752910955,2
P010,Sports,2024-12-09,79.0,78.67300245450043,0.32699754549956594,0.32699754549956594,2
P010,Sports,2024-12-10,78.0,75.44000168020573,2.559998319794275,2.559998319794275,2
P010,Sports,2024-12-11,94.0,76.99165543779945,17.00834456220055,17.00834456220055,2
P010,Sports,2024-12-12,86.0,77.74697630155052,8.253023698449482,8.253023698449482,2
P010,Sports,2024-12-13,66.0,78.02939794982568,-12.029397949825679,12.029397949825679,2
P010,Sports,2024-12-14,93.0,97.30592184036925,-4.305921840369251,4.305921840369251,2
P010,Sports,2024-12-15,114.0,95.95418471401332,18.045815285986677,18.045815285986677,2
P010,Sports,2024-12-16,68.0,79.4115943809689,-11.411594380968907,11.411594380968907,2
P010,Sports,2024-12-17,75.0,76.48035655275952,-1.4803565527595168,1.4803565527595168,2
P010,Sports,2024-12-18,60.0,77.74590642744084,-17.745906427440843,17.745906427440843,2
P010,Sports,2024-12-19,64.0,77.82991163521059,-13.829911635210593,13.829911635210593,2
P010,Sports,2024-12-20,93.0,77.94910480494681,15.050895195053187,15.050895195053187,2
P010,Sports,2024-12-21,109.0,98.4394372523369,10.560562747663099,10.560562747663099,2
P010,Sports,2024-12-22,98.0,99.18174093027967,-1.1817409302796733,1.1817409302796733,2
P010,Sports,2024-12-23,75.0,77.56802169920844,-2.568021699208444,2.568021699208444,2
P010,Sports,2024-12-24,101.0,78.1846724001149,22.815327599885094,22.815327599885094,2
P010,Sports,2024-12-25,170.0,170.96275481205947,-0.9627548120594724,0.9627548120594724,2
P010,Sports,2024-12-26,87.0,77.88218336022832,9.117816639771675,9.117816639771675,2
P010,Sports,2024-12-27,92.0,82.81376350581269,9.186236494187312,9.186236494187312,2
P010,Sports,2024-12-28,133.0,102.17808254352072,30.821917456479284,30.821917456479284,2
P010,Sports,2024-12-29,98.0,105.23596373297651,-7.235963732976515,7.235963732976515,2
P010,Sports,2024-12-30,67.0,86.51403331080002,-19.514033310800016,19.514033310800016,2
P010,Sports,2024-12-31,71.0,82.34757867349147,-11.34757867349147,11.34757867349147,2
P010,Sports,2025-01-01,214.0,180.96699613998157,33.033003860018425,33.033003860018425,2
P010,Sports,2025-01-02,108.0,87.81882907524924,20.18117092475076,20.18117092475076,3
P010,Sports,2025-01-03,94.0,89.34955754558811,4.650442454411888,4.650442454411888,3
P010,Sports,2025-01-04,104.0,107.21433833617743,-3.214338336177434,3.214338336177434,3
P010,Sports,2025-01-05,134.0,105.94763688667528,28.052363113324716,28.052363113324716,3
P010,Sports,2025-01-06,80.0,91.55331710145865,-11.553317101458646,11.553317101458646,3
P010,Sports,2025-01-07,76.0,92.05289875744464,-16.052898757444638,16.052898757444638,3
P010,Sports,2025-01-08,83.0,104.07884310290602,-21.07884310290602,21.07884310290602,3
P010,Sports,2025-01-09,80.0,91.49730129534196,-11.497301295341956,11.497301295341956,3
P010,Sports,2025-01-10,79.0,91.5531459079936,-12.553145907993596,12.553145907993596,3
P010,Sports,2025-01-11,138.0,111.53695735443479,26.46304264556521,26.46304264556521,3
P010,Sports,2025-01-12,110.0,116.52477094012613,-6.524770940126132,6.524770940126132,3
P010,Sports,2025-01-13,69.0,95.34098927614033,-26.340989276140334,26.340989276140334,3
P010,Sports,2025-01-14,97.0,95.01657372422565,1.9834262757743488,1.9834262757743488,3
P010,Sports,2025-01-15,78.0,95.65771317111854,-17.657713171118544,17.657713171118544,3
P010,Sports,2025-01-16,78.0,94.15120739412511,-16.15120739412511,16.15120739412511,3
P010,Sports,2025-01-17,99.0,93.07326236184726,5.926737638152744,5.926737638152744,3
P010,Sports,2025-01-18,109.0,118.05183989068111,-9.051839890681109,9.051839890681109,3
P010,Sports,2025-01-19,114.0,113.89465580443736,0.10534419556263686,0.10534419556263686,3
P010,Sports,2025-01-20,92.0,91.67643203423916,0.32356796576084434,0.32356796576084434,3
P010,Sports,2025-01-21,0.0,94.07086306693648,-94.07086306693648,94.07086306693648,3
P010,Sports,2025-01-22,87.0,96.68022246260966,-9.680222462609663,9.680222462609663,3
P010,Sports,2025-01-23,62.0,86.61842365804009,-24.618423658040086,24.618423658040086,3
P010,Sports,2025-01-24,91.0,86.58489251942785,4.415107480572146,4.415107480572146,3
P010,Sports,2025-01-25,154.0,105.76722782438144,48.232772175618564,48.232772175618564,3
P010,Sports,2025-01-26,137.0,104.12073891930784,32.87926108069216,32.87926108069216,3
P010,Sports,2025-01-27,141.0,125.9050792244188,15.094920775581201,15.094920775581201,3
P010,Sports,2025-01-28,101.0,93.18520847902467,7.814791520975334,7.814791520975334,3
P010,Sports,2025-01-29,103.0,94.68489712428442,8.315102875715581,8.315102875715581,3
P010,Sports,2025-01-30,84.0,91.34560324134694,-7.345603241346936,7.345603241346936,3
P010,Sports,2025-01-31,113.0,91.65378423936446,21.346215760635545,21.346215760635545,3
P010,Sports,2025-02-01,132.0,111.92422270016455,20.07577729983545,20.07577729983545,3
P010,Sports,2025-02-02,123.0,116.97984201974698,6.020157980253018,6.020157980253018,3
P010,Sports,2025-02-03,118.0,94.27405643882092,23.72594356117908,23.72594356117908,3
P010,Sports,2025-02-04,69.0,95.8594675450173,-26.859467545017296,26.859467545017296,3
P010,Sports,2025-02-05,81.0,96.544540332087,-15.544540332086996,15.544540332086996,3
P010,Sports,2025-02-06,107.0,91.46243141116864,15.537568588831363,15.537568588831363,3
P010,Sports,2025-02-07,107.0,96.20647000433212,10.793529995667882,10.793529995667882,3
P010,Sports,2025-02-08,280.0,212.18912424331253,67.81087575668747,67.81087575668747,3
P010,Sports,2025-02-09,120.0,164.0844819683387,-44.08448196833871,44.08448196833871,3
P010,Sports,2025-02-10,111.0,100.98560134866557,10.014398651334432,10.014398651334432,3
P010,Sports,2025-02-11,82.0,101.23537845290389,-19.235378452903888,19.235378452903888,3
P010,Sports,2025-02-12,106.0,101.27972409843575,4.72027590156425,4.72027590156425,3
P010,Sports,2025-02-13,99.0,101.68790636867419,-2.6879063686741915,2.6879063686741915,3
P010,Sports,2025-02-14,112.0,101.54892250428476,10.45107749571524,10.45107749571524,3
P010,Sports,2025-02-15,130.0,143.04292108166274,-13.04292108166274,13.04292108166274,3
P010,Sports,2025-02-16,154.0,122.78528677026162,31.21471322973838,31.21471322973838,3
P010,Sports,2025-02-17,89.0,101.2896598797077,-12.289659879707699,12.289659879707699,3
P010,Sports,2025-02-18,100.0,100.74408850428813,-0.7440885042881291,0.7440885042881291,3
P010,Sports,2025-02-19,105.0,104.06102693967416,0.9389730603258357,0.9389730603258357,3
P010,Sports,2025-02-20,126.0,106.80953687411383,19.19046312588617,19.19046312588617,3
P010,Sports,2025-02-21,114.0,109.65264703476966,4.347352965230343,4.347352965230343,3
P010,Sports,2025-02-22,141.0,142.39567747017318,-1.395677470173183,1.395677470173183,3
P010,Sports,2025-02-23,150.0,143.13218670743365,6.867813292566353,6.867813292566353,3
P010,Sports,2025-02-24,119.0,113.2115151775599,5.788484822440097,5.788484822440097,3
P010,Sports,2025-02-25,109.0,108.22652638183611,0.7734736181638908,0.7734736181638908,3
P010,Sports,2025-02-26,89.0,108.77650370476265,-19.776503704762646,19.776503704762646,3
P010,Sports,2025-02-27,113.0,108.52031894010217,4.479681059897828,4.479681059897828,3
P010,Sports,2025-02-28,104.0,112.03577190844207,-8.035771908442072,8.035771908442072,3
P010,Sports,2025-03-01,133.0,142.41806801820988,-9.41806801820988,9.41806801820988,3
P010,Sports,2025-03-02,124.0,138.6686406344392,-14.668640634439214,14.668640634439214,3
P010,Sports,2025-03-03,113.0,109.30901435112577,3.690985648874232,3.690985648874232,4
P010,Sports,2025-03-04,112.0,108.90601668100373,3.0939833189962656,3.0939833189962656,4
P010,Sports,2025-03-05,91.0,111.49609430903875,-20.496094309038753,20.496094309038753,4
P010,Sports,2025-03-06,89.0,112.08246331409065,-23.082463314090646,23.082463314090646,4
P010,Sports,2025-03-07,133.0,111.31818719936223,21.681812800637772,21.681812800637772,4
P010,Sports,2025-03-08,158.0,136.91418939913652,21.085810600863482,21.085810600863482,4
P010,Sports,2025-03-09,143.0,131.18248925468433,11.817510745315673,11.817510745315673,4
P010,Sports,2025-03-10,115.0,108.65405758698482,6.34594241301518,6.34594241301518,4
P010,Sports,2025-03-11,99.0,108.65405758698482,-9.65405758698482,9.65405758698482,4
P010,Sports,2025-03-12,104.0,108.81263298104236,-4.812632981042356,4.812632981042356,4
P010,Sports,2025-03-13,144.0,130.6973920385668,13.30260796143321,13.30260796143321,4
P010,Sports,2025-03-14,121.0,114.73194659564749,6.268053404352514,6.268053404352514,4
P010,Sports,2025-03-15,114.0,147.1523236639037,-33.1523236639037,33.1523236639037,4
P010,Sports,2025-03-16,122.0,146.27482254930746,-24.27482254930746,24.27482254930746,4
P010,Sports,2025-03-17,88.0,108.74518460232227,-20.74518460232227,20.74518460232227,4
P010,Sports,2025-03-18,120.0,108.5546021176274,11.445397882372603,11.445397882372603,4
P010,Sports,2025-03-19,105.0,107.9770220147902,-2.977022014790194,2.977022014790194,4
P010,Sports,2025-03-20,93.0,114.02153133785347,-21.021531337853474,21.021531337853474,4
P010,Sports,2025-03-21,104.0,108.98368299244652,-4.983682992446518,4.983682992446518,4
P010,Sports,2025-03-22,131.0,133.7878878205312,-2.7878878205312105,2.7878878205312105,4
P010,Sports,2025-03-23,115.0,135.39485610494128,-20.394856104941283,20.394856104941283,4
P010,Sports,2025-03-24,126.0,106.19942201581402,19.800577984185978,19.800577984185978,4
P010,Sports,2025-03-25,105.0,107.20588850770697,-2.205888507706973,2.205888507706973,4
P010,Sports,2025-03-26,127.0,106.2639233242612,20.7360766757388,20.7360766757388,4
P010,Sports,2025-03-27,86.0,107.28525554721811,-21.285255547218114,21.285255547218114,4
P010,Sports,2025-03-28,115.0,106.76999330977576,8.230006690224243,8.230006690224243,4
P010,Sports,2025-03-29,115.0,133.03587762927265,-18.035877629272647,18.035877629272647,4
P010,Sports,2025-03-30,194.0,128.08081248918387,65.91918751081613,65.91918751081613,4
P010,Sports,2025-03-31,81.0,109.8113697373606,-28.811369737360593,28.811369737360593,4
P010,Sports,2025-04-01,135.0,106.84624977166536,28.153750228334644,28.153750228334644,4
P010,Sports,2025-04-02,107.0,108.62784210906692,-1.6278421090669184,1.6278421090669184,4
P010,Sports,2025-04-03,105.0,106.66846848509226,-1.6684684850922622,1.6684684850922622,4
P010,Sports,2025-04-04,117.0,110.46338772701789,6.5366122729821114,6.5366122729821114,4
P010,Sports,2025-04-05,125.0,131.98611329188662,-6.986113291886625,6.986113291886625,4
P010,Sports,2025-04-06,160.0,144.1994503757843,15.800549624215705,15.800549624215705,4
P010,Sports,2025-04-07,208.0,182.51098736058046,25.489012639419542,25.489012639419542,4
P010,Sports,2025-04-08,108.0,115.79455570417284,-7.794555704172836,7.794555704172836,4
P010,Sports,2025-04-09,111.0,111.01953916595113,-0.019539165951130144,0.019539165951130144,4
P010,Sports,2025-04-10,238.0,113.12880386299248,124.87119613700752,124.87119613700752,4
P010,Sports,2025-04-11,117.0,110.14389635171389,6.856103648286108,6.856103648286108,4
P010,Sports,2025-04-12,128.0,132.5777970773428,-4.577797077342808,4.577797077342808,4
P010,Sports,2025-04-13,159.0,138.39808744599378,20.60191255400622,20.60191255400622,4
P010,Sports,2025-04-14,99.0,112.74020336053555,-13.740203360535546,13.740203360535546,4
P010,Sports,2025-04-15,96.0,109.21251902791097,-13.212519027910972,13.212519027910972,4
P010,Sports,2025-04-16,115.0,108.88900926721807,6.110990732781929,6.110990732781929,4
P010,Sports,2025-04-17,92.0,114.14139662148406,-22.141396621484063,22.141396621484063,4
P010,Sports,2025-04-18,107.0,109.56506888107948,-2.5650688810794833,2.5650688810794833,4
P010,Sports,2025-04-19,156.0,141.07958768063835,14.920412319361645,14.920412319361645,4
P010,Sports,2025-04-20,181.0,145.1051677071149,35.8948322928851,35.8948322928851,4
P010,Sports,2025-04-21,116.0,115.12099056894978,0.8790094310502212,0.8790094310502212,4
P010,Sports,2025-04-22,84.0,110.59727403521545,-26.59727403521545,26.59727403521545,4
P010,Sports,2025-04-23,87.0,112.69707411301174,-25.697074113011737,25.697074113011737,4
P010,Sports,2025-04-24,132.0,110.25596745117286,21.744032548827136,21.744032548827136,4
P010,Sports,2025-04-25,96.0,110.47862995466856,-14.478629954668563,14.478629954668563,4
P010,Sports,2025-04-26,111.0,136.4023842982109,-25.402384298210904,25.402384298210904,4
P010,Sports,2025-04-27,121.0,141.51444455193004,-20.51444455193004,20.51444455193004,4
P010,Sports,2025-04-28,117.0,106.55712614020258,10.442873859797416,10.442873859797416,4
P010,Sports,2025-04-29,107.0,111.99722341629625,-4.997223416296251,4.997223416296251,4
P010,Sports,2025-04-30,115.0,108.29027651329064,6.709723486709365,6.709723486709365,4
P010,Sports,2025-05-01,154.0,176.51466855175536,-22.514668551755364,22.514668551755364,4
P011,Electronics,2024-09-04,82.0,68.63979558441382,13.360204415586182,13.360204415586182,1
P011,Electronics,2024-09-05,83.0,68.41429592653091,14.585704073469088,14.585704073469088,1
P011,Electronics,2024-09-06,76.0,70.762848961366,5.237151038633996,5.237151038633996,1
P011,Electronics,2024-09-07,54.0,89.8579713163285,-35.8579713163285,35.8579713163285,1
P011,Electronics,2024-09-08,66.0,87.9269001345939,-21.926900134593893,21.926900134593893,1
P011,Electronics,2024-09-09,74.0,66.45021526911944,7.54978473088056,7.54978473088056,1
P011,Electronics,2024-09-10,54.0,66.82883385088347,-12.82883385088347,12.82883385088347,1
P011,Electronics,2024-09-11,64.0,66.27145404898953,-2.2714540489895256,2.2714540489895256,1
P011,Electronics,2024-09-12,66.0,64.68983188693971,1.3101681130602856,1.3101681130602856,1
P011,Electronics,2024-09-13,67.0,67.90146970597397,-0.901469705973966,0.901469705973966,1
P011,Electronics,2024-09-14,70.0,82.44332262595574,-12.443322625955744,12.443322625955744,1
P011,Electronics,2024-09-15,111.0,83.35408126274976,27.64591873725024,27.64591873725024,1
P011,Electronics,2024-09-16,90.0,122.81019855301699,-32.81019855301699,32.81019855301699,1
P011,Electronics,2024-09-17,71.0,66.36517797406778,4.634822025932223,4.634822025932223,1
P011,Electronics,2024-09-18,60.0,66.9090633701377,-6.9090633701377016,6.9090633701377016,1
P011,Electronics,2024-09-19,89.0,65.80482632811241,23.195173671887588,23.195173671887588,1
P011,Electronics,2024-09-20,82.0,67.9129558866047,14.087044113395294,14.087044113395294,1
P011,Electronics,2024-09-21,132.0,84.46468280200455,47.535317197995454,47.535317197995454,1
P011,Electronics,2024-09-22,122.0,89.09820792585921,32.901792074140786,32.901792074140786,1
P011,Electronics,2024-09-23,60.0,70.57896091049098,-10.578960910490977,10.578960910490977,1
P011,Electronics,2024-09-24,55.0,69.33225622586258,-14.33225622586258,14.33225622586258,1
P011,Electronics,2024-09-25,65.0,105.46108993235107,-40.46108993235107,40.46108993235107,1
P011,Electronics,2024-09-26,66.0,68.5424614173909,-2.5424614173908964,2.5424614173908964,1
P011,Electronics,2024-09-27,63.0,70.61224282785332,-7.612242827853322,7.612242827853322,1
P011,Electronics,2024-09-28,89.0,89.84596572899167,-0.845965728991672,0.845965728991672,1
P011,Electronics,2024-09-29,73.0,90.12688943853746,-17.12688943853746,17.12688943853746,1
P011,Electronics,2024-09-30,67.0,69.89624397600674,-2.896243976006744,2.896243976006744,1
P011,Electronics,2024-10-01,57.0,68.368105445014,-11.368105445013995,11.368105445013995,1
P011,Electronics,2024-10-02,56.0,69.60267695645037,-13.602676956450367,13.602676956450367,1
P011,Electronics,2024-10-03,65.0,66.41106174025576,-1.4110617402557608,1.4110617402557608,1
P011,Electronics,2024-10-04,61.0,65.27456131877955,-4.274561318779547,4.274561318779547,1
P011,Electronics,2024-10-05,62.0,79.64364283140384,-17.643642831403838,17.643642831403838,1
P011,Electronics,2024-10-06,74.0,79.80543154700705,-5.805431547007046,5.805431547007046,1
P011,Electronics,2024-10-07,70.0,64.08650518619889,5.913494813801108,5.913494813801108,1
P011,Electronics,2024-10-08,62.0,63.00085652706488,-1.000856527064883,1.000856527064883,1
P011,Electronics,2024-10-09,36.0,63.91211649565625,-27.91211649565625,27.91211649565625,1
P011,Electronics,2024-10-10,72.0,63.98238277057426,8.017617229425738,8.017617229425738,1
P011,Electronics,2024-10-11,62.0,64.13238792304264,-2.132387923042643,2.132387923042643,1
P011,Electronics,2024-10-12,70.0,79.17041458170188,-9.170414581701877,9.170414581701877,1
P011,Electronics,2024-10-13,78.0,79.92977705408568,-1.929777054085676,1.929777054085676,1
P011,Electronics,2024-10-14,66.0,64.62862895804763,1.3713710419523721,1.3713710419523721,1
P011,Electronics,2024-10-15,33.0,61.80304285821868,-28.80304285821868,28.80304285821868,1
P011,Electronics,2024-10-16,70.0,59.86630875380917,10.133691246190828,10.133691246190828,1
P011,Electronics,2024-10-17,78.0,61.694926499971636,16.305073500028364,16.305073500028364,1
P011,Electronics,2024-10-18,76.0,62.13467748639176,13.865322513608241,13.865322513608241,1
P011,Electronics,2024-10-19,116.0,77.86186618161442,38.13813381838558,38.13813381838558,1
P011,Electronics,2024-10-20,77.0,79.32638177646628,-2.3263817764662775,2.3263817764662775,1
P011,Electronics,2024-10-21,79.0,62.22536308904024,16.774636910959757,16.774636910959757,1
P011,Electronics,2024-10-22,69.0,60.1011818657269,8.8988181342731,8.8988181342731,1
P011,Electronics,2024-10-23,53.0,61.89282528233358,-8.892825282333582,8.892825282333582,1
P011,Electronics,2024-10-24,72.0,63.34684550967253,8.653154490327474,8.653154490327474,1
P011,Electronics,2024-10-25,72.0,63.34684550967253,8.653154490327474,8.653154490327474,1
P011,Electronics,2024-10-26,127.0,80.47825358098513,46.521746419014875,46.521746419014875,1
P011,Electronics,2024-10-27,120.0,81.42050022800956,38.57949977199044,38.57949977199044,1
P011,Electronics,2024-10-28,56.0,66.26635713205705,-10.266357132057053,10.266357132057053,1
P011,Electronics,2024-10-29,71.0,65.22268086044535,5.777319139554649,5.777319139554649,1
P011,Electronics,2024-10-30,72.0,64.48131227994949,7.518687720050508,7.518687720050508,1
P011,Electronics,2024-10-31,71.0,68.56272320862371,2.4372767913762914,2.4372767913762914,1
P011,Electronics,2024-11-01,63.0,70.17715556003895,-7.177155560038955,7.177155560038955,1
P011,Electronics,2024-11-02,135.0,89.1708165519462,45.8291834480538,45.8291834480538,1
P011,Electronics,2024-11-03,84.0,95.13780805665581,-11.137808056655814,11.137808056655814,2
P011,Electronics,2024-11-04,93.0,71.73566512360362,21.264334876396376,21.264334876396376,2
P011,Electronics,2024-11-05,47.0,73.73787333999189,-26.737873339991893,26.737873339991893,2
P011,Electronics,2024-11-06,63.0,72.00167152307634,-9.00167152307634,9.00167152307634,2
P011,Electronics,2024-11-07,81.0,73.76335309174154,7.236646908258464,7.236646908258464,2
P011,Electronics,2024-11-08,53.0,72.49546717193196,-19.495467171931963,19.495467171931963,2
P011,Electronics,2024-11-09,84.0,96.86751543733118,-12.867515437331178,12.867515437331178,2
P011,Electronics,2024-11-10,113.0,91.8375757978765,21.162424202123503,21.162424202123503,2
P011,Electronics,2024-11-11,44.0,74.8867724214489,-30.886772421448896,30.886772421448896,2
P011,Electronics,2024-11-12,88.0,68.22663902290452,19.77336097709548,19.77336097709548,2
P011,Electronics,2024-11-13,94.0,73.07166753450703,20.92833246549297,20.92833246549297,2
P011,Electronics,2024-11-14,96.0,75.38023003624649,20.619769963753512,20.619769963753512,2
P011,Electronics,2024-11-15,77.0,75.64232641005025,1.357673589949755,1.357673589949755,2
P011,Electronics,2024-11-16,95.0,97.49009401541866,-2.490094015418663,2.490094015418663,2
P011,Electronics,2024-11-17,97.0,96.84308911801284,0.15691088198715875,0.15691088198715875,2
P011,Electronics,2024-11-18,78.0,75.67940204222914,2.3205979577708575,2.3205979577708575,2
P011,Electronics,2024-11-19,76.0,75.31132374936018,0.6886762506398156,0.6886762506398156,2
P011,Electronics,2024-11-20,68.0,76.03920825203329,-8.03920825203329,8.03920825203329,2
P011,Electronics,2024-11-21,101.0,78.00470477529124,22.995295224708755,22.995295224708755,2
P011,Electronics,2024-11-22,71.0,77.79978757499588,-6.799787574995875,6.799787574995875,2
P011,Electronics,2024-11-23,143.0,97.62365654589001,45.376343454109985,45.376343454109985,2
P011,Electronics,2024-11-24,112.0,98.11449314191638,13.885506858083616,13.885506858083616,2
P011,Electronics,2024-11-25,77.0,75.58795615736538,1.412043842634617,1.412043842634617,2
P011,Electronics,2024-11-26,86.0,77.41288420812317,8.587115791876826,8.587115791876826,2
P011,Electronics,2024-11-27,86.0,77.41288420812317,8.587115791876826,8.587115791876826,2
P011,Electronics,2024-11-28,90.0,102.60847710769232,-12.608477107692323,12.608477107692323,2
P011,Electronics,2024-11-29,178.0,161.1192147713514,16.88078522864859,16.88078522864859,2
P011,Electronics,2024-11-30,130.0,108.97640071092438,21.02359928907562,21.02359928907562,2
P011,Electronics,2024-12-01,155.0,105.4346467575024,49.565353242497594,49.565353242497594,2
P011,Electronics,2024-12-02,81.0,86.67009483203569,-5.670094832035687,5.670094832035687,2
P011,Electronics,2024-12-03,66.0,84.98810398719637,-18.988103987196368,18.988103987196368,2
P011,Electronics,2024-12-04,69.0,84.85137468226229,-15.85137468226229,15.85137468226229,2
P011,Electronics,2024-12-05,123.0,84.94049696888004,38.05950303111996,38.05950303111996,2
P011,Electronics,2024-12-06,48.0,86.28919642395319,-38.289196423953186,38.289196423953186,2
P011,Electronics,2024-12-07,87.0,115.74891257902308,-28.748912579023084,28.748912579023084,2
P011,Electronics,2024-12-08,120.0,108.69033758562819,11.309662414371815,11.309662414371815,2
P011,Electronics,2024-12-09,72.0,84.83434824217284,-12.834348242172837,12.834348242172837,2
P011,Electronics,2024-12-10,99.0,85.6516893387451,13.3483106612549,13.3483106612549,2
P011,Electronics,2024-12-11,98.0,86.41031942687171,11.589680573128291,11.589680573128291,2
P011,Electronics,2024-12-12,75.0,86.88448887133242,-11.884488871332422,11.884488871332422,2
P011,Electronics,2024-12-13,113.0,86.82569078843075,26.174309211569252,26.174309211569252,2
P011,Electronics,2024-12-14,94.0,109.06748466804638,-15.067484668046376,15.067484668046376,2
P011,Electronics,2024-12-15,104.0,114.89175899245163,-10.891758992451628,10.891758992451628,2
P011,Electronics,2024-12-16,117.0,83.85628150970446,33.14371849029554,33.14371849029554,2
P011,Electronics,2024-12-17,62.0,84.02041063289535,-22.02041063289535,22.02041063289535,2
P011,Electronics,2024-12-18,158.0,146.39451534231873,11.605484657681274,11.605484657681274,2
P011,Electronics,2024-12-19,119.0,92.01944821431734,26.980551785682664,26.980551785682664,2
P011,Electronics,2024-12-20,38.0,89.01645632222566,-51.016456322225665,51.016456322225665,2
P011,Electronics,2024-12-21,119.0,108.88229440791932,10.117705592080682,10.117705592080682,2
P011,Electronics,2024-12-22,157.0,111.40564148588193,45.59435851411807,45.59435851411807,2
P011,Electronics,2024-12-23,85.0,89.61877529525944,-4.618775295259439,4.618775295259439,2
P011,Electronics,2024-12-24,92.0,89.71841447145091,2.281585528549087,2.281585528549087,2
P011,Electronics,2024-12-25,194.0,199.19548690932265,-5.1954869093226534,5.1954869093226534,2
P011,Electronics,2024-12-26,99.0,93.52351131581611,5.476488684183892,5.476488684183892,2
P011,Electronics,2024-12-27,76.0,91.38989504840232,-15.389895048402323,15.389895048402323,2
P011,Electronics,2024-12-28,157.0,114.48909485973132,42.510905140268676,42.510905140268676,2
P011,Electronics,2024-12-29,143.0,117.22443328214833,25.775566717851675,25.775566717851675,2
P011,Electronics,2024-12-30,71.0,91.00485243902631,-20.00485243902631,20.00485243902631,2
P011,Electronics,2024-12-31,85.0,90.95901073125673,-5.9590107312567255,5.9590107312567255,2
P011,Electronics,2025-01-01,133.0,201.59212325446757,-68.59212325446757,68.59212325446757,2
P011,Electronics,2025-01-02,100.0,98.51494383287071,1.4850561671292866,1.4850561671292866,3
P011,Electronics,2025-01-03,107.0,93.78516366279977,13.214836337200225,13.214836337200225,3
P011,Electronics,2025-01-04,146.0,127.72703194162168,18.272968058378325,18.272968058378325,3
P011,Electronics,2025-01-05,248.0,193.51132823455777,54.488671765442234,54.488671765442234,3
P011,Electronics,2025-01-06,101.0,106.26753794273513,-5.267537942735132,5.267537942735132,3
P011,Electronics,2025-01-07,115.0,104.43277369239576,10.567226307604244,10.567226307604244,3
P011,Electronics,2025-01-08,96.0,104.90381973839362,-8.903819738393622,8.903819738393622,3
P011,Electronics,2025-01-09,115.0,103.79516220215346,11.204837797846537,11.204837797846537,3
P011,Electronics,2025-01-10,72.0,101.0600635220468,-29.060063522046804,29.060063522046804,3
P011,Electronics,2025-01-11,101.0,141.97254901963643,-40.97254901963643,40.97254901963643,3
P011,Electronics,2025-01-12,149.0,147.16810306627562,1.83189693372438,1.83189693372438,3
P011,Electronics,2025-01-13,117.0,103.34716923089358,13.652830769106416,13.652830769106416,3
P011,Electronics,2025-01-14,96.0,103.27312217923634,-7.2731221792363385,7.2731221792363385,3
P011,Electronics,2025-01-15,117.0,110.75854165976597,6.241458340234033,6.241458340234033,3
P011,Electronics,2025-01-16,111.0,101.32980115682285,9.670198843177147,9.670198843177147,3
P011,Electronics,2025-01-17,57.0,101.06563214552703,-44.06563214552703,44.06563214552703,3
P011,Electronics,2025-01-18,443.0,215.21966393680165,227.78033606319835,227.78033606319835,3
P011,Electronics,2025-01-19,110.0,175.68429207845114,-65.68429207845114,65.68429207845114,3
P011,Electronics,2025-01-20,84.0,108.03783132272673,-24.03783132272673,24.03783132272673,3
P011,Electronics,2025-01-21,133.0,108.82778674176551,24.172213258234493,24.172213258234493,3
P011,Electronics,2025-01-22,107.0,120.55887746659158,-13.558877466591582,13.558877466591582,3
P011,Electronics,2025-01-23,140.0,169.81490017731088,-29.814900177310875,29.814900177310875,3
P011,Electronics,2025-01-24,97.0,105.60189126990889,-8.60189126990889,8.60189126990889,3
P011,Electronics,2025-01-25,126.0,165.84869733596614,-39.848697335966136,39.848697335966136,3
P011,Electronics,2025-01-26,129.0,144.83735672111368,-15.837356721113679,15.837356721113679,3
P011,Electronics,2025-01-27,128.0,108.63985751941264,19.360142480587356,19.360142480587356,3
P011,Electronics,2025-01-28,98.0,109.27589052392977,-11.275890523929775,11.275890523929775,3
P011,Electronics,2025-01-29,84.0,116.4816340129581,-32.4816340129581,32.4816340129581,3
P011,Electronics,2025-01-30,92.0,112.99342519065888,-20.993425190658883,20.993425190658883,3
P011,Electronics,2025-01-31,108.0,107.79172789774164,0.20827210225836268,0.20827210225836268,3
P011,Electronics,2025-02-01,135.0,144.76364372615657,-9.763643726156573,9.763643726156573,3
P011,Electronics,2025-02-02,151.0,140.66711139623783,10.332888603762171,10.332888603762171,3
P011,Electronics,2025-02-03,121.0,111.3857681342979,9.614231865702095,9.614231865702095,3
P011,Electronics,2025-02-04,101.0,109.12587773814444,-8.125877738144439,8.125877738144439,3
P011,Electronics,2025-02-05,108.0,121.2954488415978,-13.295448841597803,13.295448841597803,3
P011,Electronics,2025-02-06,126.0,127.84069923195212,-1.8406992319521152,1.8406992319521152,3
P011,Electronics,2025-02-07,150.0,108.28095712088624,41.71904287911376,41.71904287911376,3
P011,Electronics,2025-02-08,245.0,138.55583489121082,106.44416510878918,106.44416510878918,3
P011,Electronics,2025-02-09,168.0,178.01471846371945,-10.014718463719447,10.014718463719447,3
P011,Electronics,2025-02-10,134.0,112.29367560040114,21.706324399598856,21.706324399598856,3
P011,Electronics,2025-02-11,92.0,111.21174485860949,-19.211744858609492,19.211744858609492,3
P011,Electronics,2025-02-12,102.0,112.38735181186561,-10.387351811865614,10.387351811865614,3
P011,Electronics,2025-02-13,129.0,111.80878825960117,17.191211740398828,17.191211740398828,3
P011,Electronics,2025-02-14,57.0,114.79068735616484,-57.79068735616484,57.79068735616484,3
P011,Electronics,2025-02-15,199.0,177.83551468636176,21.164485313638238,21.164485313638238,3
P011,Electronics,2025-02-16,150.0,149.55866800876103,0.44133199123896816,0.44133199123896816,3
P011,Electronics,2025-02-17,91.0,112.4100137056927,-21.410013705692705,21.410013705692705,3
P011,Electronics,2025-02-18,130.0,115.83995014250974,14.160049857490264,14.160049857490264,3
P011,Electronics,2025-02-19,158.0,111.89982131539355,46.10017868460645,46.10017868460645,3
P011,Electronics,2025-02-20,112.0,116.930379352265,-4.930379352265007,4.930379352265007,3
P011,Electronics,2025-02-21,128.0,112.70068990312475,15.299310096875246,15.299310096875246,3
P011,Electronics,2025-02-22,191.0,152.0315762871392,38.96842371286081,38.96842371286081,3
P011,Electronics,2025-02-23,184.0,161.403927687555,22.59607231244499,22.59607231244499,3
P011,Electronics,2025-02-24,95.0,113.92425671195528,-18.92425671195528,18.92425671195528,3
P011,Electronics,2025-02-25,128.0,111.20438459783188,16.795615402168124,16.795615402168124,3
P011,Electronics,2025-02-26,127.0,115.84585453484554,11.154145465154457,11.154145465154457,3
P011,Electronics,2025-02-27,49.0,112.96244083057425,-63.96244083057425,63.96244083057425,3
P011,Electronics,2025-02-28,146.0,108.06918478354449,37.930815216455514,37.930815216455514,3
P011,Electronics,2025-03-01,119.0,169.01374040703703,-50.013740407037034,50.013740407037034,3
P011,Electronics,2025-03-02,183.0,166.86633336149808,16.13366663850192,16.13366663850192,3
P011,Electronics,2025-03-03,165.0,115.61933579478655,49.38066420521345,49.38066420521345,4
P011,Electronics,2025-03-04,117.0,115.72648682768461,1.2735131723153899,1.2735131723153899,4
P011,Electronics,2025-03-05,96.0,115.19730431465014,-19.19730431465014,19.19730431465014,4
P011,Electronics,2025-03-06,140.0,115.04039019140556,24.959609808594436,24.959609808594436,4
P011,Electronics,2025-03-07,163.0,123.63962881169253,39.36037118830747,39.36037118830747,4
P011,Electronics,2025-03-08,136.0,154.41750324046882,-18.417503240468818,18.417503240468818,4
P011,Electronics,2025-03-09,87.0,162.67070275651548,-75.67070275651548,75.67070275651548,4
P011,Electronics,2025-03-10,210.0,153.41389641239866,56.58610358760134,56.58610358760134,4
P011,Electronics,2025-03-11,150.0,112.97678763426953,37.02321236573047,37.02321236573047,4
P011,Electronics,2025-03-12,137.0,112.7301964858115,24.269803514188496,24.269803514188496,4
P011,Electronics,2025-03-13,76.0,120.1489898190332,-44.148989819033204,44.148989819033204,4
P011,Electronics,2025-03-14,143.0,118.7280447954444,24.271955204555596,24.271955204555596,4
P011,Electronics,2025-03-15,224.0,160.3502044066678,63.649795593332186,63.649795593332186,4
P011,Electronics,2025-03-16,269.0,158.0493338059178,110.9506661940822,110.9506661940822,4
P011,Electronics,2025-03-17,119.0,125.20560157440751,-6.20560157440751,6.20560157440751,4
P011,Electronics,2025-03-18,132.0,124.86472921213576,7.135270787864243,7.135270787864243,4
P011,Electronics,2025-03-19,67.0,127.73751980061611,-60.73751980061611,60.73751980061611,4
P011,Electronics,2025-03-20,155.0,114.58218985854795,40.41781014145205,40.41781014145205,4
P011,Electronics,2025-03-21,154.0,125.9285673593328,28.071432640667197,28.071432640667197,4
P011,Electronics,2025-03-22,201.0,170.6581113937757,30.341888606224302,30.341888606224302,4
P011,Electronics,2025-03-23,360.0,250.23175871249785,109.76824128750215,109.76824128750215,4
P011,Electronics,2025-03-24,106.0,117.8982490873571,-11.898249087357101,11.898249087357101,4
P011,Electronics,2025-03-25,122.0,120.04661759731684,1.953382402683161,1.953382402683161,4
P011,Electronics,2025-03-26,123.0,118.64227235085961,4.3577276491403865,4.3577276491403865,4
P011,Electronics,2025-03-27,159.0,114.96596499163451,44.03403500836549,44.03403500836549,4
P011,Electronics,2025-03-28,160.0,127.11172240073184,32.888277599268164,32.888277599268164,4
P011,Electronics,2025-03-29,198.0,165.16981587213752,32.83018412786248,32.83018412786248,4
P011,Electronics,2025-03-30,196.0,170.05510916818406,25.94489083181594,25.94489083181594,4
P011,Electronics,2025-03-31,144.0,126.0655588587682,17.9344411412318,17.9344411412318,4
P011,Electronics,2025-04-01,119.0,121.02398200342114,-2.023982003421139,2.023982003421139,4
P011,Electronics,2025-04-02,167.0,113.4273547181615,53.572645281838504,53.572645281838504,4
P011,Electronics,2025-04-03,116.0,125.9725561854759,-9.972556185475895,9.972556185475895,4
P011,Electronics,2025-04-04,141.0,129.55821189609972,11.44178810390028,11.44178810390028,4
P011,Electronics,2025-04-05,242.0,247.24642119176835,-5.2464211917683485,5.2464211917683485,4
P011,Electronics,2025-04-06,224.0,168.59428347040785,55.405716529592155,55.405716529592155,4
P011,Electronics,2025-04-07,126.0,126.12579201747589,-0.12579201747588797,0.12579201747588797,4
P011,Electronics,2025-04-08,187.0,125.1317744930613,61.8682255069387,61.8682255069387,4
P011,Electronics,2025-04-09,200.0,202.3520321382691,-2.352032138269095,2.352032138269095,4
P011,Electronics,2025-04-10,155.0,122.0374098415496,32.962590158450396,32.962590158450396,4
P011,Electronics,2025-04-11,111.0,123.49182420950346,-12.491824209503463,12.491824209503463,4
P011,Electronics,2025-04-12,173.0,171.12688111128955,1.8731188887104508,1.8731188887104508,4
P011,Electronics,2025-04-13,183.0,171.91502201676806,11.084977983231937,11.084977983231937,4
P011,Electronics,2025-04-14,138.0,119.19587263602698,18.804127363973024,18.804127363973024,4
P011,Electronics,2025-04-15,107.0,124.23130627185392,-17.231306271853924,17.231306271853924,4
P011,Electronics,2025-04-16,112.0,126.88285185362108,-14.882851853621077,14.882851853621077,4
P011,Electronics,2025-04-17,131.0,129.01058470226062,1.9894152977393844,1.9894152977393844,4
P011,Electronics,2025-04-18,139.0,127.75824010877157,11.241759891228426,11.241759891228426,4
P011,Electronics,2025-04-19,183.0,174.08516087019342,8.91483912980658,8.91483912980658,4
P011,Electronics,2025-04-20,177.0,169.83724870958497,7.162751290415031,7.162751290415031,4
P011,Electronics,2025-04-21,90.0,125.6629755225468,-35.6629755225468,35.6629755225468,4
P011,Electronics,2025-04-22,141.0,119.98678123330892,21.013218766691082,21.013218766691082,4
P011,Electronics,2025-04-23,151.0,118.7826503041292,32.217349695870794,32.217349695870794,4
P011,Electronics,2025-04-24,154.0,123.67996945088235,30.320030549117647,30.320030549117647,4
P011,Electronics,2025-04-25,131.0,127.49854753489306,3.5014524651069365,3.5014524651069365,4
P011,Electronics,2025-04-26,158.0,156.0232482577899,1.976751742210098,1.976751742210098,4
P011,Electronics,2025-04-27,169.0,156.747394042881,12.252605957118988,12.252605957118988,4
P011,Electronics,2025-04-28,131.0,124.20882663849507,6.7911733615049314,6.7911733615049314,4
P011,Electronics,2025-04-29,126.0,124.83792790424378,1.1620720957562156,1.1620720957562156,4
P011,Electronics,2025-04-30,103.0,129.02047351969074,-26.02047351969074,26.02047351969074,4
P011,Electronics,2025-05-01,79.0,125.219772906698,-46.219772906698,46.219772906698,4
P012,Home & Kitchen,2024-09-04,65.0,73.30453199032108,-8.304531990321081,8.304531990321081,1
P012,Home & Kitchen,2024-09-05,80.0,72.8617235295783,7.138276470421701,7.138276470421701,1
P012,Home & Kitchen,2024-09-06,95.0,71.16431194510191,23.835688054898085,23.835688054898085,1
P012,Home & Kitchen,2024-09-07,91.0,91.47439204327425,-0.4743920432742499,0.4743920432742499,1
P012,Home & Kitchen,2024-09-08,106.0,90.22877257568393,15.771227424316066,15.771227424316066,1
P012,Home & Kitchen,2024-09-09,75.0,71.9635591047413,3.036440895258707,3.036440895258707,1
P012,Home & Kitchen,2024-09-10,74.0,73.05020667554102,0.9497933244589802,0.9497933244589802,1
P012,Home & Kitchen,2024-09-11,91.0,72.99858809208092,18.001411907919078,18.001411907919078,1
P012,Home & Kitchen,2024-09-12,76.0,73.27163833432265,2.7283616656773546,2.7283616656773546,1
P012,Home & Kitchen,2024-09-13,68.0,73.73981222234535,-5.73981222234535,5.73981222234535,1
P012,Home & Kitchen,2024-09-14,85.0,91.23125393343119,-6.231253933431191,6.231253933431191,1
P012,Home & Kitchen,2024-09-15,89.0,92.01749698909957,-3.0174969890995698,3.0174969890995698,1
P012,Home & Kitchen,2024-09-16,64.0,73.91508093183965,-9.915080931839654,9.915080931839654,1
P012,Home & Kitchen,2024-09-17,71.0,72.68766742063714,-1.6876674206371405,1.6876674206371405,1
P012,Home & Kitchen,2024-09-18,75.0,71.87398584136905,3.1260141586309516,3.1260141586309516,1
P012,Home & Kitchen,2024-09-19,78.0,71.47268042286895,6.527319577131053,6.527319577131053,1
P012,Home & Kitchen,2024-09-20,60.0,71.74843634615688,-11.748436346156879,11.748436346156879,1
P012,Home & Kitchen,2024-09-21,87.0,88.0873275119218,-1.0873275119217993,1.0873275119217993,1
P012,Home & Kitchen,2024-09-22,88.0,89.04727052229552,-1.0472705222955199,1.0472705222955199,1
P012,Home & Kitchen,2024-09-23,63.0,71.28004285072477,-8.280042850724769,8.280042850724769,1
P012,Home & Kitchen,2024-09-24,66.0,70.1081756158967,-4.108175615896698,4.108175615896698,1
P012,Home & Kitchen,2024-09-25,87.0,70.33656682130085,16.66343317869915,16.66343317869915,1
P012,Home & Kitchen,2024-09-26,94.0,70.40694040956694,23.593059590433057,23.593059590433057,1
P012,Home & Kitchen,2024-09-27,70.0,70.6763445438905,-0.6763445438904938,0.6763445438904938,1
P012,Home & Kitchen,2024-09-28,82.0,88.69401792578749,-6.694017925787492,6.694017925787492,1
P012,Home & Kitchen,2024-09-29,93.0,88.91302959041533,4.086970409584666,4.086970409584666,1
P012,Home & Kitchen,2024-09-30,75.0,71.28273729304705,3.717262706952951,3.717262706952951,1
P012,Home & Kitchen,2024-10-01,84.0,70.94793960420243,13.052060395797568,13.052060395797568,1
P012,Home & Kitchen,2024-10-02,69.0,71.75280493202743,-2.7528049320274306,2.7528049320274306,1
P012,Home & Kitchen,2024-10-03,67.0,71.85981614089837,-4.859816140898374,4.859816140898374,1
P012,Home & Kitchen,2024-10-04,156.0,107.7385119330315,48.2614880669685,48.2614880669685,1
P012,Home & Kitchen,2024-10-05,71.0,91.72150880617326,-20.72150880617326,20.72150880617326,1
P012,Home & Kitchen,2024-10-06,111.0,90.59400655959337,20.405993440406633,20.405993440406633,1
P012,Home & Kitchen,2024-10-07,96.0,72.83165602153943,23.16834397846057,23.16834397846057,1
P012,Home & Kitchen,2024-10-08,71.0,73.83777118841931,-2.8377711884193104,2.8377711884193104,1
P012,Home & Kitchen,2024-10-09,81.0,74.062232385827,6.937767614172998,6.937767614172998,1
P012,Home & Kitchen,2024-10-10,50.0,73.50309746601563,-23.50309746601563,23.50309746601563,1
P012,Home & Kitchen,2024-10-11,75.0,72.37609678872673,2.623903211273273,2.623903211273273,1
P012,Home & Kitchen,2024-10-12,151.0,98.4958485638414,52.504151436158594,52.504151436158594,1
P012,Home & Kitchen,2024-10-13,97.0,91.5861904223909,5.413809577609101,5.413809577609101,1
P012,Home & Kitchen,2024-10-14,75.0,73.72587905468963,1.2741209453103721,1.2741209453103721,1
P012,Home & Kitchen,2024-10-15,100.0,73.86471270847397,26.135287291526026,26.135287291526026,1
P012,Home & Kitchen,2024-10-16,87.0,73.97267178703729,13.027328212962715,13.027328212962715,1
P012,Home & Kitchen,2024-10-17,85.0,72.21078573921031,12.789214260789691,12.789214260789691,1
P012,Home & Kitchen,2024-10-18,63.0,75.7794592096212,-12.779459209621194,12.779459209621194,1
P012,Home & Kitchen,2024-10-19,50.0,95.1928694171961,-45.19286941719611,45.19286941719611,1
P012,Home & Kitchen,2024-10-20,103.0,92.03295298965027,10.96704701034973,10.96704701034973,1
P012,Home & Kitchen,2024-10-21,75.0,74.94420630424499,0.05579369575501403,0.05579369575501403,1
P012,Home & Kitchen,2024-10-22,141.0,131.95533511171118,9.044664888288821,9.044664888288821,1
P012,Home & Kitchen,2024-10-23,77.0,78.56728817014559,-1.5672881701455879,1.5672881701455879,1
P012,Home & Kitchen,2024-10-24,116.0,120.72241117216242,-4.722411172162424,4.722411172162424,1
P012,Home & Kitchen,2024-10-25,76.0,78.00739551081244,-2.0073955108124437,2.0073955108124437,1
P012,Home & Kitchen,2024-10-26,76.0,100.83846369686424,-24.83846369686424,24.83846369686424,1
P012,Home & Kitchen,2024-10-27,62.0,101.34413481209619,-39.344134812096186,39.344134812096186,1
P012,Home & Kitchen,2024-10-28,63.0,78.35650011124726,-15.356500111247257,15.356500111247257,1
P012,Home & Kitchen,2024-10-29,60.0,82.98664681328815,-22.986646813288147,22.986646813288147,1
P012,Home & Kitchen,2024-10-30,75.0,78.1600942374107,-3.1600942374107035,3.1600942374107035,1
P012,Home & Kitchen,2024-10-31,52.0,78.48700279856443,-26.487002798564433,26.487002798564433,1
P012,Home & Kitchen,2024-11-01,95.0,114.37498917379655,-19.37498917379655,19.37498917379655,1
P012,Home & Kitchen,2024-11-02,134.0,91.91011594613887,42.08988405386113,42.08988405386113,1
P012,Home & Kitchen,2024-11-03,96.0,91.47910938083022,4.520890619169776,4.520890619169776,2
P012,Home & Kitchen,2024-11-04,77.0,77.27634379592978,-0.2763437959297761,0.2763437959297761,2
P012,Home & Kitchen,2024-11-05,77.0,75.27165140797423,1.7283485920257675,1.7283485920257675,2
P012,Home & Kitchen,2024-11-06,80.0,77.43172088084502,2.5682791191549796,2.5682791191549796,2
P012,Home & Kitchen,2024-11-07,69.0,72.08581469457975,-3.085814694579753,3.085814694579753,2
P012,Home & Kitchen,2024-11-08,75.0,77.09884576744496,-2.0988457674449563,2.0988457674449563,2
P012,Home & Kitchen,2024-11-09,88.0,98.62047228181326,-10.620472281813264,10.620472281813264,2
P012,Home & Kitchen,2024-11-10,70.0,93.82019566310979,-23.820195663109786,23.820195663109786,2
P012,Home & Kitchen,2024-11-11,95.0,77.05068432324691,17.949315676753088,17.949315676753088,2
P012,Home & Kitchen,2024-11-12,64.0,77.27783300887052,-13.277833008870516,13.277833008870516,2
P012,Home & Kitchen,2024-11-13,102.0,77.38941353033137,24.610586469668633,24.610586469668633,2
P012,Home & Kitchen,2024-11-14,66.0,78.01241203532804,-12.01241203532804,12.01241203532804,2
P012,Home & Kitchen,2024-11-15,58.0,76.655256130038,-18.655256130037998,18.655256130037998,2
P012,Home & Kitchen,2024-11-16,137.0,93.0095731745525,43.9904268254475,43.9904268254475,2
P012,Home & Kitchen,2024-11-17,71.0,91.38113165475265,-20.38113165475265,20.38113165475265,2
P012,Home & Kitchen,2024-11-18,44.0,78.49491464029826,-34.49491464029826,34.49491464029826,2
P012,Home & Kitchen,2024-11-19,57.0,76.83100907941486,-19.831009079414855,19.831009079414855,2
P012,Home & Kitchen,2024-11-20,77.0,76.91684630332111,0.08315369667889172,0.08315369667889172,2
P012,Home & Kitchen,2024-11-21,59.0,73.9843697366157,-14.984369736615704,14.984369736615704,2
P012,Home & Kitchen,2024-11-22,71.0,72.62163250587456,-1.6216325058745582,1.6216325058745582,2
P012,Home & Kitchen,2024-11-23,61.0,93.86036944110143,-32.860369441101426,32.860369441101426,2
P012,Home & Kitchen,2024-11-24,122.0,87.29759088314886,34.70240911685114,34.70240911685114,2
P012,Home & Kitchen,2024-11-25,86.0,71.49086044041914,14.50913955958086,14.50913955958086,2
P012,Home & Kitchen,2024-11-26,69.0,84.55631485137205,-15.55631485137205,15.55631485137205,2
P012,Home & Kitchen,2024-11-27,44.0,74.5896197550479,-30.589619755047906,30.589619755047906,2
P012,Home & Kitchen,2024-11-28,66.0,70.40344661772544,-4.403446617725436,4.403446617725436,2
P012,Home & Kitchen,2024-11-29,231.0,167.7592089791027,63.24079102089729,63.24079102089729,2
P012,Home & Kitchen,2024-11-30,124.0,97.66301249259261,26.336987507407386,26.336987507407386,2
P012,Home & Kitchen,2024-12-01,98.0,93.87845104242818,4.121548957571818,4.121548957571818,2
P012,Home & Kitchen,2024-12-02,73.0,76.28185541751245,-3.281855417512446,3.281855417512446,2
P012,Home & Kitchen,2024-12-03,72.0,76.79033335083196,-4.790333350831958,4.790333350831958,2
P012,Home & Kitchen,2024-12-04,86.0,76.25491896839388,9.74508103160612,9.74508103160612,2
P012,Home & Kitchen,2024-12-05,95.0,76.72971241013714,18.27028758986286,18.27028758986286,2
P012,Home & Kitchen,2024-12-06,131.0,142.52753105006042,-11.527531050060418,11.527531050060418,2
P012,Home & Kitchen,2024-12-07,96.0,100.0594872686298,-4.059487268629795,4.059487268629795,2
P012,Home & Kitchen,2024-12-08,120.0,101.11925335629161,18.88074664370839,18.88074664370839,2
P012,Home & Kitchen,2024-12-09,106.0,81.94088693504223,24.05911306495777,24.05911306495777,2
P012,Home & Kitchen,2024-12-10,78.0,82.06018080355113,-4.060180803551134,4.060180803551134,2
P012,Home & Kitchen,2024-12-11,84.0,83.82867856488123,0.17132143511877018,0.17132143511877018,2
P012,Home & Kitchen,2024-12-12,70.0,83.33525524469425,-13.335255244694252,13.335255244694252,2
P012,Home & Kitchen,2024-12-13,84.0,87.62534287354416,-3.625342873544156,3.625342873544156,2
P012,Home & Kitchen,2024-12-14,87.0,106.80050280092183,-19.800502800921834,19.800502800921834,2
P012,Home & Kitchen,2024-12-15,135.0,101.87352760582783,33.12647239417217,33.12647239417217,2
P012,Home & Kitchen,2024-12-16,97.0,81.78784719046642,15.212152809533578,15.212152809533578,2
P012,Home & Kitchen,2024-12-17,111.0,86.67825347948484,24.321746520515163,24.321746520515163,2
P012,Home & Kitchen,2024-12-18,75.0,86.44794789067781,-11.44794789067781,11.44794789067781,2
P012,Home & Kitchen,2024-12-19,117.0,87.02845264998209,29.971547350017914,29.971547350017914,2
P012,Home & Kitchen,2024-12-20,88.0,90.02607423252795,-2.0260742325279466,2.0260742325279466,2
P012,Home & Kitchen,2024-12-21,104.0,102.19883048451078,1.8011695154892209,1.8011695154892209,2
P012,Home & Kitchen,2024-12-22,133.0,109.83981137459071,23.16018862540929,23.16018862540929,2
P012,Home & Kitchen,2024-12-23,68.0,91.06435801972798,-23.064358019727976,23.064358019727976,2
P012,Home & Kitchen,2024-12-24,85.0,87.8089285622457,-2.808928562245697,2.808928562245697,2
P012,Home & Kitchen,2024-12-25,210.0,197.57143399534732,12.42856600465268,12.42856600465268,2
P012,Home & Kitchen,2024-12-26,92.0,96.33868072074198,-4.338680720741976,4.338680720741976,2
P012,Home & Kitchen,2024-12-27,78.0,94.36269945756068,-16.36269945756068,16.36269945756068,2
P012,Home & Kitchen,2024-12-28,97.0,109.3188617477236,-12.318861747723602,12.318861747723602,2
P012,Home & Kitchen,2024-12-29,101.0,113.00485679111014,-12.004856791110143,12.004856791110143,2
P012,Home & Kitchen,2024-12-30,81.0,92.94937094428694,-11.94937094428694,11.94937094428694,2
P012,Home & Kitchen,2024-12-31,87.0,92.08763281134141,-5.0876328113414075,5.0876328113414075,2
P012,Home & Kitchen,2025-01-01,275.0,207.20312635436875,67.79687364563125,67.79687364563125,2
P012,Home & Kitchen,2025-01-02,50.0,97.70058896539716,-47.70058896539716,47.70058896539716,3
P012,Home & Kitchen,2025-01-03,99.0,100.8553183493276,-1.8553183493276038,1.8553183493276038,3
P012,Home & Kitchen,2025-01-04,100.0,116.04876366382592,-16.048763663825923,16.048763663825923,3
P012,Home & Kitchen,2025-01-05,107.0,116.15769265517567,-9.157692655175666,9.157692655175666,3
P012,Home & Kitchen,2025-01-06,69.0,97.18695945944087,-28.18695945944087,28.18695945944087,3
P012,Home & Kitchen,2025-01-07,88.0,97.82940775502502,-9.829407755025017,9.829407755025017,3
P012,Home & Kitchen,2025-01-08,81.0,110.36419983337315,-29.36419983337315,29.36419983337315,3
P012,Home & Kitchen,2025-01-09,84.0,94.71040854533241,-10.710408545332413,10.710408545332413,3
P012,Home & Kitchen,2025-01-10,98.0,94.69794761997554,3.302052380024463,3.302052380024463,3
P012,Home & Kitchen,2025-01-11,170.0,142.14488682521667,27.855113174783327,27.855113174783327,3
P012,Home & Kitchen,2025-01-12,143.0,119.73830620015869,23.26169379984131,23.26169379984131,3
P012,Home & Kitchen,2025-01-13,78.0,98.71359869515953,-20.713598695159533,20.713598695159533,3
P012,Home & Kitchen,2025-01-14,100.0,99.02085582466441,0.9791441753355912,0.9791441753355912,3
P012,Home & Kitchen,2025-01-15,115.0,113.58851491111024,1.411485088889762,1.411485088889762,3
P012,Home & Kitchen,2025-01-16,158.0,162.38794975966823,-4.387949759668231,4.387949759668231,3
P012,Home & Kitchen,2025-01-17,118.0,98.39411944593998,19.605880554060022,19.605880554060022,3
P012,Home & Kitchen,2025-01-18,100.0,124.26308209074423,-24.263082090744234,24.263082090744234,3
P012,Home & Kitchen,2025-01-19,117.0,128.96539080247618,-11.965390802476179,11.965390802476179,3
P012,Home & Kitchen,2025-01-20,95.0,99.08178331233889,-4.081783312338885,4.081783312338885,3
P012,Home & Kitchen,2025-01-21,69.0,100.49810919911441,-31.49810919911441,31.49810919911441,3
P012,Home & Kitchen,2025-01-22,112.0,100.42891190385399,11.571088096146013,11.571088096146013,3
P012,Home & Kitchen,2025-01-23,88.0,100.35132382335536,-12.351323823355358,12.351323823355358,3
P012,Home & Kitchen,2025-01-24,98.0,96.3166667614495,1.683333238550503,1.683333238550503,3
P012,Home & Kitchen,2025-01-25,151.0,118.98919214963166,32.01080785036834,32.01080785036834,3
P012,Home & Kitchen,2025-01-26,120.0,118.81625224555475,1.1837477544452497,1.1837477544452497,3
P012,Home & Kitchen,2025-01-27,92.0,97.40645387001146,-5.406453870011461,5.406453870011461,3
P012,Home & Kitchen,2025-01-28,92.0,97.61670524076376,-5.616705240763764,5.616705240763764,3
P012,Home & Kitchen,2025-01-29,73.0,101.57188324009711,-28.571883240097108,28.571883240097108,3
P012,Home & Kitchen,2025-01-30,85.0,95.73622786871228,-10.736227868712277,10.736227868712277,3
P012,Home & Kitchen,2025-01-31,89.0,97.18767927286619,-8.187679272866191,8.187679272866191,3
P012,Home & Kitchen,2025-02-01,119.0,119.25723525386451,-0.25723525386450774,0.25723525386450774,3
P012,Home & Kitchen,2025-02-02,148.0,119.08635135053305,28.91364864946695,28.91364864946695,3
P012,Home & Kitchen,2025-02-03,109.0,99.20166748490973,9.798332515090266,9.798332515090266,3
P012,Home & Kitchen,2025-02-04,129.0,149.73956304629507,-20.739563046295075,20.739563046295075,3
P012,Home & Kitchen,2025-02-05,92.0,100.0164540900344,-8.0164540900344,8.0164540900344,3
P012,Home & Kitchen,2025-02-06,118.0,99.9652489921427,18.034751007857295,18.034751007857295,3
P012,Home & Kitchen,2025-02-07,62.0,101.5772807695043,-39.5772807695043,39.5772807695043,3
P012,Home & Kitchen,2025-02-08,113.0,125.27788442207607,-12.27788442207607,12.27788442207607,3
P012,Home & Kitchen,2025-02-09,89.0,131.02617682346215,-42.02617682346215,42.02617682346215,3
P012,Home & Kitchen,2025-02-10,137.0,98.60884687615223,38.39115312384777,38.39115312384777,3
P012,Home & Kitchen,2025-02-11,107.0,99.92667511079357,7.073324889206432,7.073324889206432,3
P012,Home & Kitchen,2025-02-12,85.0,99.6236278197679,-14.623627819767904,14.623627819767904,3
P012,Home & Kitchen,2025-02-13,160.0,186.1903623881558,-26.19036238815579,26.19036238815579,3
P012,Home & Kitchen,2025-02-14,79.0,100.12799946862233,-21.127999468622335,21.127999468622335,3
P012,Home & Kitchen,2025-02-15,166.0,120.87934294340572,45.12065705659428,45.12065705659428,3
P012,Home & Kitchen,2025-02-16,67.0,120.28719078381009,-53.28719078381009,53.28719078381009,3
P012,Home & Kitchen,2025-02-17,100.0,103.85078410329946,-3.8507841032994605,3.8507841032994605,3
P012,Home & Kitchen,2025-02-18,93.0,98.98737182748943,-5.987371827489426,5.987371827489426,3
P012,Home & Kitchen,2025-02-19,76.0,99.09434020580466,-23.094340205804656,23.094340205804656,3
P012,Home & Kitchen,2025-02-20,90.0,102.37514870784592,-12.375148707845923,12.375148707845923,3
P012,Home & Kitchen,2025-02-21,65.0,99.17153119332035,-34.17153119332035,34.17153119332035,3
P012,Home & Kitchen,2025-02-22,158.0,128.21553394648373,29.78446605351627,29.78446605351627,3
P012,Home & Kitchen,2025-02-23,122.0,117.62537296525076,4.374627034749238,4.374627034749238,3
P012,Home & Kitchen,2025-02-24,112.0,96.50283807490774,15.497161925092257,15.497161925092257,3
P012,Home & Kitchen,2025-02-25,97.0,110.08747333714835,-13.087473337148353,13.087473337148353,3
P012,Home & Kitchen,2025-02-26,120.0,99.40479165056206,20.59520834943794,20.59520834943794,3
P012,Home & Kitchen,2025-02-27,96.0,98.99850060442155,-2.998500604421551,2.998500604421551,3
P012,Home & Kitchen,2025-02-28,116.0,99.52058370114506,16.479416298854943,16.479416298854943,3
P012,Home & Kitchen,2025-03-01,135.0,127.43988059085856,7.560119409141436,7.560119409141436,3
P012,Home & Kitchen,2025-03-02,121.0,121.98028289775706,-0.9802828977570641,0.9802828977570641,3
P012,Home & Kitchen,2025-03-03,115.0,100.67960789093549,14.320392109064514,14.320392109064514,4
P012,Home & Kitchen,2025-03-04,174.0,102.26642324313264,71.73357675686736,71.73357675686736,4
P012,Home & Kitchen,2025-03-05,109.0,139.13933370766551,-30.139333707665514,30.139333707665514,4
P012,Home & Kitchen,2025-03-06,94.0,103.6691697560606,-9.669169756060597,9.669169756060597,4
P012,Home & Kitchen,2025-03-07,72.0,102.42841729333747,-30.428417293337475,30.428417293337475,4
P012,Home & Kitchen,2025-03-08,133.0,127.6538052929863,5.346194707013694,5.346194707013694,4
P012,Home & Kitchen,2025-03-09,128.0,122.58111130779173,5.41888869220827,5.41888869220827,4
P012,Home & Kitchen,2025-03-10,133.0,107.02072859079078,25.97927140920922,25.97927140920922,4
P012,Home & Kitchen,2025-03-11,92.0,109.21793700995431,-17.217937009954312,17.217937009954312,4
P012,Home & Kitchen,2025-03-12,115.0,103.29821612375353,11.701783876246466,11.701783876246466,4
P012,Home & Kitchen,2025-03-13,58.0,108.28296708246764,-50.282967082467636,50.282967082467636,4
P012,Home & Kitchen,2025-03-14,100.0,102.25797040471504,-2.2579704047150386,2.2579704047150386,4
P012,Home & Kitchen,2025-03-15,103.0,129.36771964006743,-26.367719640067435,26.367719640067435,4
P012,Home & Kitchen,2025-03-16,138.0,121.59776534170079,16.402234658299207,16.402234658299207,4
P012,Home & Kitchen,2025-03-17,119.0,100.97228746234768,18.02771253765232,18.02771253765232,4
P012,Home & Kitchen,2025-03-18,86.0,100.55989629489007,-14.559896294890066,14.559896294890066,4
P012,Home & Kitchen,2025-03-19,175.0,172.1813128683885,2.8186871316115116,2.8186871316115116,4
P012,Home & Kitchen,2025-03-20,91.0,105.11307296693401,-14.113072966934013,14.113072966934013,4
P012,Home & Kitchen,2025-03-21,98.0,103.37191487906357,-5.371914879063567,5.371914879063567,4
P012,Home & Kitchen,2025-03-22,134.0,132.1346181684654,1.8653818315345916,1.8653818315345916,4
P012,Home & Kitchen,2025-03-23,165.0,219.77467062766456,-54.77467062766456,54.77467062766456,4
P012,Home & Kitchen,2025-03-24,79.0,106.731054156158,-27.731054156157995,27.731054156157995,4
P012,Home & Kitchen,2025-03-25,114.0,104.77538497664924,9.224615023350765,9.224615023350765,4
P012,Home & Kitchen,2025-03-26,85.0,108.84775651632316,-23.84775651632316,23.84775651632316,4
P012,Home & Kitchen,2025-03-27,122.0,103.80441437191564,18.19558562808436,18.19558562808436,4
P012,Home & Kitchen,2025-03-28,64.0,106.46686490308836,-42.466864903088364,42.466864903088364,4
P012,Home & Kitchen,2025-03-29,147.0,130.10312385146267,16.89687614853733,16.89687614853733,4
P012,Home & Kitchen,2025-03-30,125.0,134.2621705450466,-9.262170545046587,9.262170545046587,4
P012,Home & Kitchen,2025-03-31,96.0,104.43828699876906,-8.438286998769058,8.438286998769058,4
P012,Home & Kitchen,2025-04-01,101.0,106.55696568512953,-5.556965685129526,5.556965685129526,4
P012,Home & Kitchen,2025-04-02,71.0,99.77084610353975,-28.770846103539753,28.770846103539753,4
P012,Home & Kitchen,2025-04-03,119.0,99.18019900903244,19.819800990967565,19.819800990967565,4
P012,Home & Kitchen,2025-04-04,90.0,99.67328575063773,-9.673285750637731,9.673285750637731,4
P012,Home & Kitchen,2025-04-05,105.0,132.8504579172491,-27.850457917249088,27.850457917249088,4
P012,Home & Kitchen,2025-04-06,177.0,125.2171344757161,51.782865524283906,51.782865524283906,4
P012,Home & Kitchen,2025-04-07,91.0,101.47306594968312,-10.473065949683118,10.473065949683118,4
P012,Home & Kitchen,2025-04-08,82.0,99.69107562150174,-17.69107562150174,17.69107562150174,4
P012,Home & Kitchen,2025-04-09,114.0,99.2157884188725,14.784211581127494,14.784211581127494,4
P012,Home & Kitchen,2025-04-10,103.0,98.6708142946671,4.329185705332904,4.329185705332904,4
P012,Home & Kitchen,2025-04-11,117.0,98.73043960245963,18.269560397540374,18.269560397540374,4
P012,Home & Kitchen,2025-04-12,127.0,121.16281664591556,5.837183354084445,5.837183354084445,4
P012,Home & Kitchen,2025-04-13,148.0,134.4041833161796,13.595816683820402,13.595816683820402,4
P012,Home & Kitchen,2025-04-14,137.0,99.34797370654637,37.65202629345363,37.65202629345363,4
P012,Home & Kitchen,2025-04-15,84.0,102.37687830234488,-18.376878302344878,18.376878302344878,4
P012,Home & Kitchen,2025-04-16,89.0,105.14309659914304,-16.143096599143036,16.143096599143036,4
P012,Home & Kitchen,2025-04-17,95.0,137.21219425403115,-42.21219425403115,42.21219425403115,4
P012,Home & Kitchen,2025-04-18,105.0,97.47120144756381,7.528798552436186,7.528798552436186,4
P012,Home & Kitchen,2025-04-19,128.0,121.297874752479,6.702125247520996,6.702125247520996,4
P012,Home & Kitchen,2025-04-20,155.0,133.0340207345319,21.965979265468093,21.965979265468093,4
P012,Home & Kitchen,2025-04-21,97.0,102.16971980957148,-5.169719809571475,5.169719809571475,4
P012,Home & Kitchen,2025-04-22,96.0,96.10281020919963,-0.10281020919963169,0.10281020919963169,4
P012,Home & Kitchen,2025-04-23,102.0,96.98916993618919,5.010830063810815,5.010830063810815,4
P012,Home & Kitchen,2025-04-24,124.0,130.9189340729139,-6.918934072913913,6.918934072913913,4
P012,Home & Kitchen,2025-04-25,105.0,96.45872949224845,8.541270507751548,8.541270507751548,4
P012,Home & Kitchen,2025-04-26,130.0,126.19576608427009,3.8042339157299097,3.8042339157299097,4
P012,Home & Kitchen,2025-04-27,137.0,127.74051178190658,9.259488218093423,9.259488218093423,4
P012,Home & Kitchen,2025-04-28,93.0,98.99707230808535,-5.99707230808535,5.99707230808535,4
P012,Home & Kitchen,2025-04-29,108.0,98.02062514495627,9.97937485504373,9.97937485504373,4
P012,Home & Kitchen,2025-04-30,109.0,98.1822118575968,10.817788142403202,10.817788142403202,4
P012,Home & Kitchen,2025-05-01,91.0,102.04098292883383,-11.040982928833827,11.040982928833827,4
P013,Apparel,2024-09-04,102.0,82.66547858210185,19.334521417898145,19.334521417898145,1
P013,Apparel,2024-09-05,96.0,82.75211425082918,13.24788574917082,13.24788574917082,1
P013,Apparel,2024-09-06,95.0,82.76780597287063,12.232194027129367,12.232194027129367,1
P013,Apparel,2024-09-07,75.0,111.42644148189565,-36.42644148189565,36.42644148189565,1
P013,Apparel,2024-09-08,134.0,98.90639801365026,35.09360198634974,35.09360198634974,1
P013,Apparel,2024-09-09,46.0,82.40355689296406,-36.40355689296406,36.40355689296406,1
P013,Apparel,2024-09-10,159.0,136.3711480959223,22.628851904077692,22.628851904077692,1
P013,Apparel,2024-09-11,85.0,85.89049082950108,-0.8904908295010756,0.8904908295010756,1
P013,Apparel,2024-09-12,95.0,85.21251935749085,9.787480642509152,9.787480642509152,1
P013,Apparel,2024-09-13,78.0,84.02997604940636,-6.029976049406358,6.029976049406358,1
P013,Apparel,2024-09-14,100.0,105.22640926959672,-5.226409269596715,5.226409269596715,1
P013,Apparel,2024-09-15,114.0,106.12122130482871,7.878778695171292,7.878778695171292,1
P013,Apparel,2024-09-16,82.0,83.57144787159321,-1.5714478715932074,1.5714478715932074,1
P013,Apparel,2024-09-17,86.0,85.54988726767267,0.4501127323273266,0.4501127323273266,1
P013,Apparel,2024-09-18,86.0,85.10885762540212,0.8911423745978766,0.8911423745978766,1
P013,Apparel,2024-09-19,124.0,84.50418225334828,39.495817746651724,39.495817746651724,1
P013,Apparel,2024-09-20,51.0,87.85547678441051,-36.85547678441051,36.85547678441051,1
P013,Apparel,2024-09-21,127.0,100.31149956406969,26.688500435930308,26.688500435930308,1
P013,Apparel,2024-09-22,108.0,105.68515923250509,2.314840767494914,2.314840767494914,1
P013,Apparel,2024-09-23,88.0,83.42561434661918,4.574385653380816,4.574385653380816,1
P013,Apparel,2024-09-24,57.0,87.16016448863571,-30.160164488635715,30.160164488635715,1
P013,Apparel,2024-09-25,103.0,82.39903077985993,20.600969220140072,20.600969220140072,1
P013,Apparel,2024-09-26,59.0,82.60003344745245,-23.600033447452446,23.600033447452446,1
P013,Apparel,2024-09-27,109.0,80.94746338639446,28.05253661360554,28.05253661360554,1
P013,Apparel,2024-09-28,85.0,105.28705568070643,-20.28705568070643,20.28705568070643,1
P013,Apparel,2024-09-29,131.0,99.51951362690657,31.480486373093427,31.480486373093427,1
P013,Apparel,2024-09-30,68.0,82.95527423711175,-14.955274237111752,14.955274237111752,1
P013,Apparel,2024-10-01,63.0,81.95189639621712,-18.951896396217123,18.951896396217123,1
P013,Apparel,2024-10-02,79.0,82.82387991083253,-3.823879910832531,3.823879910832531,1
P013,Apparel,2024-10-03,67.0,84.01216844966876,-17.012168449668764,17.012168449668764,1
P013,Apparel,2024-10-04,77.0,82.71657526150103,-5.716575261501035,5.716575261501035,1
P013,Apparel,2024-10-05,136.0,99.46946069984175,36.53053930015825,36.53053930015825,1
P013,Apparel,2024-10-06,85.0,101.60220547987376,-16.60220547987376,16.60220547987376,1
P013,Apparel,2024-10-07,84.0,81.4184055228508,2.5815944771491957,2.5815944771491957,1
P013,Apparel,2024-10-08,112.0,82.65469921556685,29.34530078443315,29.34530078443315,1
P013,Apparel,2024-10-09,124.0,116.28127552421772,7.718724475782281,7.718724475782281,1
P013,Apparel,2024-10-10,103.0,83.6058030283217,19.394196971678298,19.394196971678298,1
P013,Apparel,2024-10-11,92.0,85.61804537869065,6.381954621309347,6.381954621309347,1
P013,Apparel,2024-10-12,120.0,103.68353353678454,16.316466463215463,16.316466463215463,1
P013,Apparel,2024-10-13,96.0,101.50203506163797,-5.502035061637969,5.502035061637969,1
P013,Apparel,2024-10-14,92.0,84.58702755704381,7.412972442956189,7.412972442956189,1
P013,Apparel,2024-10-15,116.0,84.118624617384,31.881375382616,31.881375382616,1
P013,Apparel,2024-10-16,109.0,124.68291864577238,-15.682918645772375,15.682918645772375,1
P013,Apparel,2024-10-17,89.0,85.30076756197809,3.699232438021909,3.699232438021909,1
P013,Apparel,2024-10-18,108.0,126.21932565073057,-18.219325650730568,18.219325650730568,1
P013,Apparel,2024-10-19,122.0,106.4540323021315,15.545967697868505,15.545967697868505,1
P013,Apparel,2024-10-20,59.0,103.79784669025528,-44.797846690255284,44.797846690255284,1
P013,Apparel,2024-10-21,76.0,85.57381233648634,-9.573812336486341,9.573812336486341,1
P013,Apparel,2024-10-22,101.0,85.30221316917874,15.697786830821258,15.697786830821258,1
P013,Apparel,2024-10-23,79.0,86.82923243844722,-7.829232438447221,7.829232438447221,1
P013,Apparel,2024-10-24,47.0,84.53830803313738,-37.53830803313738,37.53830803313738,1
P013,Apparel,2024-10-25,67.0,85.1815490652648,-18.181549065264804,18.181549065264804,1
P013,Apparel,2024-10-26,82.0,100.18383663106056,-18.183836631060558,18.183836631060558,1
P013,Apparel,2024-10-27,135.0,98.89956184322935,36.10043815677065,36.10043815677065,1
P013,Apparel,2024-10-28,97.0,83.68486399168074,13.315136008319257,13.315136008319257,1
P013,Apparel,2024-10-29,99.0,84.77801237324286,14.22198762675714,14.22198762675714,1
P013,Apparel,2024-10-30,58.0,84.27093126578761,-26.27093126578761,26.27093126578761,1
P013,Apparel,2024-10-31,82.0,82.37749269593688,-0.37749269593687984,0.37749269593687984,1
P013,Apparel,2024-11-01,113.0,83.62442566944173,29.375574330558266,29.375574330558266,1
P013,Apparel,2024-11-02,120.0,103.77231481865941,16.22768518134059,16.22768518134059,1
P013,Apparel,2024-11-03,87.0,103.70637314810827,-16.70637314810827,16.70637314810827,2
P013,Apparel,2024-11-04,154.0,122.70863415611717,31.29136584388283,31.29136584388283,2
P013,Apparel,2024-11-05,91.0,127.72844615505566,-36.728446155055664,36.728446155055664,2
P013,Apparel,2024-11-06,66.0,85.93516160710821,-19.935161607108213,19.935161607108213,2
P013,Apparel,2024-11-07,46.0,83.42992171253108,-37.42992171253108,37.42992171253108,2
P013,Apparel,2024-11-08,99.0,108.0443854364178,-9.044385436417798,9.044385436417798,2
P013,Apparel,2024-11-09,115.0,101.8110422089288,13.188957791071203,13.188957791071203,2
P013,Apparel,2024-11-10,77.0,102.99297355351825,-25.992973553518254,25.992973553518254,2
P013,Apparel,2024-11-11,82.0,85.9219926050705,-3.9219926050705,3.9219926050705,2
P013,Apparel,2024-11-12,67.0,85.6913986274774,-18.691398627477398,18.691398627477398,2
P013,Apparel,2024-11-13,72.0,81.52553007080542,-9.525530070805416,9.525530070805416,2
P013,Apparel,2024-11-14,63.0,79.00928049984518,-16.009280499845175,16.009280499845175,2
P013,Apparel,2024-11-15,109.0,79.9981903656158,29.001809634384202,29.001809634384202,2
P013,Apparel,2024-11-16,84.0,106.19416608946752,-22.194166089467515,22.194166089467515,2
P013,Apparel,2024-11-17,95.0,94.00776956729649,0.9922304327035079,0.9922304327035079,2
P013,Apparel,2024-11-18,74.0,81.82315775611436,-7.823157756114355,7.823157756114355,2
P013,Apparel,2024-11-19,91.0,79.39373190204132,11.606268097958676,11.606268097958676,2
P013,Apparel,2024-11-20,134.0,79.5767603028638,54.4232396971362,54.4232396971362,2
P013,Apparel,2024-11-21,140.0,79.86628954663249,60.13371045336751,60.13371045336751,2
P013,Apparel,2024-11-22,80.0,84.96712921729386,-4.967129217293859,4.967129217293859,2
P013,Apparel,2024-11-23,112.0,103.80306952767839,8.196930472321611,8.196930472321611,2
P013,Apparel,2024-11-24,125.0,105.10405764119132,19.895942358808682,19.895942358808682,2
P013,Apparel,2024-11-25,111.0,86.46491782824968,24.535082171750318,24.535082171750318,2
P013,Apparel,2024-11-26,98.0,90.11835332774601,7.881646672253993,7.881646672253993,2
P013,Apparel,2024-11-27,124.0,108.49516003851467,15.504839961485331,15.504839961485331,2
P013,Apparel,2024-11-28,94.0,89.95387981823926,4.046120181760742,4.046120181760742,2
P013,Apparel,2024-11-29,196.0,210.5874057359224,-14.587405735922403,14.587405735922403,2
P013,Apparel,2024-11-30,130.0,110.25593139876015,19.744068601239846,19.744068601239846,2
P013,Apparel,2024-12-01,107.0,109.35783633191048,-2.3578363319104767,2.3578363319104767,2
P013,Apparel,2024-12-02,156.0,177.3864746061935,-21.386474606193502,21.386474606193502,2
P013,Apparel,2024-12-03,59.0,93.09024247977928,-34.09024247977928,34.09024247977928,2
P013,Apparel,2024-12-04,71.0,94.1659636792274,-23.165963679227403,23.165963679227403,2
P013,Apparel,2024-12-05,79.0,90.4544643402844,-11.454464340284403,11.454464340284403,2
P013,Apparel,2024-12-06,98.0,94.8617774921968,3.1382225078032064,3.1382225078032064,2
P013,Apparel,2024-12-07,149.0,110.65694261242017,38.34305738757983,38.34305738757983,2
P013,Apparel,2024-12-08,124.0,110.6127519802896,13.387248019710398,13.387248019710398,2
P013,Apparel,2024-12-09,84.0,94.0874268954176,-10.087426895417593,10.087426895417593,2
P013,Apparel,2024-12-10,67.0,91.6109930859923,-24.610993085992305,24.610993085992305,2
P013,Apparel,2024-12-11,114.0,93.63457796813594,20.365422031864057,20.365422031864057,2
P013,Apparel,2024-12-12,95.0,91.50757123934076,3.4924287606592372,3.4924287606592372,2
P013,Apparel,2024-12-13,22.0,99.05248696962597,-77.05248696962597,77.05248696962597,2
P013,Apparel,2024-12-14,132.0,110.5731376629942,21.4268623370058,21.4268623370058,2
P013,Apparel,2024-12-15,136.0,133.98328351138207,2.0167164886179307,2.0167164886179307,2
P013,Apparel,2024-12-16,44.0,95.97129235613286,-51.971292356132864,51.971292356132864,2
P013,Apparel,2024-12-17,102.0,88.87781717161174,13.122182828388262,13.122182828388262,2
P013,Apparel,2024-12-18,91.0,91.02201010005722,-0.02201010005721571,0.02201010005721571,2
P013,Apparel,2024-12-19,62.0,90.47330845712943,-28.473308457129434,28.473308457129434,2
P013,Apparel,2024-12-20,219.0,134.6545046404597,84.34549535954031,84.34549535954031,2
P013,Apparel,2024-12-21,119.0,125.57735323891768,-6.577353238917681,6.577353238917681,2
P013,Apparel,2024-12-22,95.0,115.80860332043093,-20.808603320430933,20.808603320430933,2
P013,Apparel,2024-12-23,73.0,89.50047952028122,-16.500479520281218,16.500479520281218,2
P013,Apparel,2024-12-24,86.0,92.60488891190136,-6.604888911901355,6.604888911901355,2
P013,Apparel,2024-12-25,233.0,188.21960475944707,44.780395240552934,44.780395240552934,2
P013,Apparel,2024-12-26,103.0,96.02184823654837,6.978151763451635,6.978151763451635,2
P013,Apparel,2024-12-27,86.0,95.94487077445183,-9.944870774451829,9.944870774451829,2
P013,Apparel,2024-12-28,98.0,120.95756977206894,-22.957569772068936,22.957569772068936,2
P013,Apparel,2024-12-29,113.0,112.8998529845663,0.10014701543370563,0.10014701543370563,2
P013,Apparel,2024-12-30,82.0,92.39126206692173,-10.391262066921726,10.391262066921726,2
P013,Apparel,2024-12-31,89.0,89.17094627660182,-0.17094627660182482,0.17094627660182482,2
P013,Apparel,2025-01-01,325.0,198.82722119177026,126.17277880822974,126.17277880822974,2
P013,Apparel,2025-01-02,81.0,94.00587680721848,-13.005876807218485,13.005876807218485,3
P013,Apparel,2025-01-03,88.0,95.32555395410856,-7.325553954108557,7.325553954108557,3
P013,Apparel,2025-01-04,89.0,121.12702526528219,-32.127025265282185,32.127025265282185,3
P013,Apparel,2025-01-05,207.0,175.23450878361587,31.765491216384135,31.765491216384135,3
P013,Apparel,2025-01-06,54.0,96.69213623120442,-42.692136231204415,42.692136231204415,3
P013,Apparel,2025-01-07,73.0,102.46559300463962,-29.465593004639615,29.465593004639615,3
P013,Apparel,2025-01-08,107.0,109.4307842872124,-2.430784287212404,2.430784287212404,3
P013,Apparel,2025-01-09,89.0,97.56087669409608,-8.56087669409608,8.56087669409608,3
P013,Apparel,2025-01-10,111.0,96.81612648994847,14.183873510051527,14.183873510051527,3
P013,Apparel,2025-01-11,105.0,130.65673537326532,-25.65673537326532,25.65673537326532,3
P013,Apparel,2025-01-12,93.0,156.4383570985415,-63.4383570985415,63.4383570985415,3
P013,Apparel,2025-01-13,90.0,95.51487946038947,-5.514879460389466,5.514879460389466,3
P013,Apparel,2025-01-14,0.0,101.70990120870682,-101.70990120870682,101.70990120870682,3
P013,Apparel,2025-01-15,75.0,102.45557956102355,-27.455579561023555,27.455579561023555,3
P013,Apparel,2025-01-16,113.0,95.26767047387828,17.732329526121717,17.732329526121717,3
P013,Apparel,2025-01-17,87.0,93.80183307089268,-6.801833070892684,6.801833070892684,3
P013,Apparel,2025-01-18,111.0,113.90608815285815,-2.906088152858146,2.906088152858146,3
P013,Apparel,2025-01-19,136.0,124.42983187520018,11.570168124799821,11.570168124799821,3
P013,Apparel,2025-01-20,59.0,93.71771829388227,-34.71771829388227,34.71771829388227,3
P013,Apparel,2025-01-21,59.0,92.88837015479623,-33.888370154796235,33.888370154796235,3
P013,Apparel,2025-01-22,103.0,96.00411633479119,6.995883665208808,6.995883665208808,3
P013,Apparel,2025-01-23,85.0,90.1342719781105,-5.134271978110505,5.134271978110505,3
P013,Apparel,2025-01-24,89.0,90.65850485062322,-1.658504850623217,1.658504850623217,3
P013,Apparel,2025-01-25,130.0,111.52403957495599,18.475960425044008,18.475960425044008,3
P013,Apparel,2025-01-26,88.0,114.03711336716049,-26.037113367160487,26.037113367160487,3
P013,Apparel,2025-01-27,82.0,90.99624373795847,-8.996243737958466,8.996243737958466,3
P013,Apparel,2025-01-28,87.0,92.85493933294512,-5.854939332945122,5.854939332945122,3
P013,Apparel,2025-01-29,103.0,95.48735774727774,7.512642252722259,7.512642252722259,3
P013,Apparel,2025-01-30,87.0,88.6542818279682,-1.6542818279682052,1.6542818279682052,3
P013,Apparel,2025-01-31,81.0,88.15453937913904,-7.154539379139038,7.154539379139038,3
P013,Apparel,2025-02-01,161.0,106.86008569927611,54.13991430072389,54.13991430072389,3
P013,Apparel,2025-02-02,116.0,106.35732529665553,9.642674703344468,9.642674703344468,3
P013,Apparel,2025-02-03,111.0,87.40623452193068,23.593765478069315,23.593765478069315,3
P013,Apparel,2025-02-04,55.0,88.92345130422734,-33.92345130422734,33.92345130422734,3
P013,Apparel,2025-02-05,67.0,89.5252802729221,-22.525280272922103,22.525280272922103,3
P013,Apparel,2025-02-06,126.0,104.82926260717161,21.170737392828386,21.170737392828386,3
P013,Apparel,2025-02-07,91.0,90.6041203290662,0.3958796709337946,0.3958796709337946,3
P013,Apparel,2025-02-08,105.0,110.38804373780737,-5.388043737807365,5.388043737807365,3
P013,Apparel,2025-02-09,90.0,105.16705140582057,-15.167051405820573,15.167051405820573,3
P013,Apparel,2025-02-10,119.0,89.94033971637016,29.05966028362984,29.05966028362984,3
P013,Apparel,2025-02-11,112.0,88.52508171529425,23.47491828470575,23.47491828470575,3
P013,Apparel,2025-02-12,96.0,92.5280962513219,3.471903748678102,3.471903748678102,3
P013,Apparel,2025-02-13,103.0,96.70162034198655,6.298379658013445,6.298379658013445,3
P013,Apparel,2025-02-14,90.0,92.16318654119175,-2.163186541191749,2.163186541191749,3
P013,Apparel,2025-02-15,98.0,116.72799701326095,-18.727997013260946,18.727997013260946,3
P013,Apparel,2025-02-16,103.0,109.65879560136301,-6.6587956013630105,6.6587956013630105,3
P013,Apparel,2025-02-17,116.0,91.39211538491956,24.607884615080437,24.607884615080437,3
P013,Apparel,2025-02-18,89.0,94.60992746841383,-5.609927468413829,5.609927468413829,3
P013,Apparel,2025-02-19,99.0,95.98982875417677,3.01017124582323,3.01017124582323,3
P013,Apparel,2025-02-20,88.0,96.8258790663042,-8.825879066304196,8.825879066304196,3
P013,Apparel,2025-02-21,120.0,96.37970864476324,23.62029135523676,23.62029135523676,3
P013,Apparel,2025-02-22,100.0,120.19322030248924,-20.193220302489237,20.193220302489237,3
P013,Apparel,2025-02-23,161.0,115.8442100244238,45.1557899755762,45.1557899755762,3
P013,Apparel,2025-02-24,85.0,97.31574467887097,-12.31574467887097,12.31574467887097,3
P013,Apparel,2025-02-25,85.0,97.04048868403298,-12.04048868403298,12.04048868403298,3
P013,Apparel,2025-02-26,291.0,96.88877660753094,194.11122339246907,194.11122339246907,3
P013,Apparel,2025-02-27,74.0,100.57364113484033,-26.57364113484033,26.57364113484033,3
P013,Apparel,2025-02-28,98.0,100.7321617752584,-2.7321617752584046,2.7321617752584046,3
P013,Apparel,2025-03-01,147.0,122.63151588685416,24.36848411314584,24.36848411314584,3
P013,Apparel,2025-03-02,75.0,127.0074818010979,-52.007481801097896,52.007481801097896,3
P013,Apparel,2025-03-03,105.0,101.74802008973586,3.25197991026414,3.25197991026414,4
P013,Apparel,2025-03-04,63.0,97.3515822639157,-34.3515822639157,34.3515822639157,4
P013,Apparel,2025-03-05,100.0,107.32169776525558,-7.321697765255578,7.321697765255578,4
P013,Apparel,2025-03-06,148.0,102.05829692878972,45.941703071210284,45.941703071210284,4
P013,Apparel,2025-03-07,44.0,101.2802658825463,-57.2802658825463,57.2802658825463,4
P013,Apparel,2025-03-08,117.0,127.00550972308216,-10.005509723082156,10.005509723082156,4
P013,Apparel,2025-03-09,106.0,115.28047541993983,-9.280475419939833,9.280475419939833,4
P013,Apparel,2025-03-10,76.0,100.12269834099467,-24.122698340994674,24.122698340994674,4
P013,Apparel,2025-03-11,63.0,99.21320005830101,-36.21320005830101,36.21320005830101,4
P013,Apparel,2025-03-12,126.0,96.62361259188849,29.376387408111512,29.376387408111512,4
P013,Apparel,2025-03-13,105.0,100.38334548349991,4.616654516500091,4.616654516500091,4
P013,Apparel,2025-03-14,55.0,96.40107253662933,-41.40107253662933,41.40107253662933,4
P013,Apparel,2025-03-15,93.0,117.09354734127157,-24.093547341271574,24.093547341271574,4
P013,Apparel,2025-03-16,104.0,115.09183403444717,-11.091834034447174,11.091834034447174,4
P013,Apparel,2025-03-17,62.0,93.57472008702557,-31.574720087025568,31.574720087025568,4
P013,Apparel,2025-03-18,102.0,93.58552101521398,8.414478984786015,8.414478984786015,4
P013,Apparel,2025-03-19,167.0,137.3304681745349,29.6695318254651,29.6695318254651,4
P013,Apparel,2025-03-20,106.0,97.24156744728118,8.758432552718816,8.758432552718816,4
P013,Apparel,2025-03-21,148.0,96.66942884877184,51.330571151228156,51.330571151228156,4
P013,Apparel,2025-03-22,93.0,120.43759791001462,-27.437597910014617,27.437597910014617,4
P013,Apparel,2025-03-23,106.0,124.87229653208387,-18.872296532083865,18.872296532083865,4
P013,Apparel,2025-03-24,88.0,98.29577003536686,-10.295770035366857,10.295770035366857,4
P013,Apparel,2025-03-25,121.0,98.51031702899613,22.489682971003873,22.489682971003873,4
P013,Apparel,2025-03-26,118.0,107.08782810163645,10.912171898363553,10.912171898363553,4
P013,Apparel,2025-03-27,73.0,96.81052519906594,-23.810525199065935,23.810525199065935,4
P013,Apparel,2025-03-28,135.0,98.2407339012823,36.7592660987177,36.7592660987177,4
P013,Apparel,2025-03-29,94.0,120.5257376074467,-26.5257376074467,26.5257376074467,4
P013,Apparel,2025-03-30,145.0,117.0680855946088,27.931914405391197,27.931914405391197,4
P013,Apparel,2025-03-31,119.0,98.1609157747441,20.839084225255903,20.839084225255903,4
P013,Apparel,2025-04-01,110.0,100.19317564687135,9.806824353128647,9.806824353128647,4
P013,Apparel,2025-04-02,92.0,100.01991923569744,-8.019919235697444,8.019919235697444,4
P013,Apparel,2025-04-03,93.0,102.66661089275105,-9.666610892751052,9.666610892751052,4
P013,Apparel,2025-04-04,112.0,102.16924591313526,9.830754086864744,9.830754086864744,4
P013,Apparel,2025-04-05,135.0,117.9491959378396,17.050804062160395,17.050804062160395,4
P013,Apparel,2025-04-06,140.0,123.30857988825994,16.691420111740058,16.691420111740058,4
P013,Apparel,2025-04-07,117.0,99.35286388611549,17.647136113884514,17.647136113884514,4
P013,Apparel,2025-04-08,108.0,98.6158765759364,9.384123424063603,9.384123424063603,4
P013,Apparel,2025-04-09,134.0,103.53228847377935,30.467711526220654,30.467711526220654,4
P013,Apparel,2025-04-10,86.0,101.52947532723294,-15.529475327232944,15.529475327232944,4
P013,Apparel,2025-04-11,101.0,100.6439371403703,0.3560628596297022,0.3560628596297022,4
P013,Apparel,2025-04-12,104.0,123.53116725066174,-19.53116725066174,19.53116725066174,4
P013,Apparel,2025-04-13,189.0,126.86564436848234,62.134355631517664,62.134355631517664,4
P013,Apparel,2025-04-14,118.0,104.3261301530226,13.673869846977396,13.673869846977396,4
P013,Apparel,2025-04-15,124.0,105.2511267879002,18.748873212099795,18.748873212099795,4
P013,Apparel,2025-04-16,110.0,109.95362546922625,0.04637453077374687,0.04637453077374687,4
P013,Apparel,2025-04-17,98.0,104.19668132645423,-6.196681326454225,6.196681326454225,4
P013,Apparel,2025-04-18,163.0,107.36367771066121,55.63632228933879,55.63632228933879,4
P013,Apparel,2025-04-19,154.0,125.84837006852419,28.15162993147581,28.15162993147581,4
P013,Apparel,2025-04-20,110.0,135.28700117058497,-25.287001170584972,25.287001170584972,4
P013,Apparel,2025-04-21,93.0,105.28248980934971,-12.282489809349713,12.282489809349713,4
P013,Apparel,2025-04-22,104.0,106.60038202333958,-2.600382023339577,2.600382023339577,4
P013,Apparel,2025-04-23,86.0,104.43213939125219,-18.432139391252193,18.432139391252193,4
P013,Apparel,2025-04-24,91.0,102.35129486553578,-11.351294865535777,11.351294865535777,4
P013,Apparel,2025-04-25,63.0,113.47983109806067,-50.47983109806067,50.47983109806067,4
P013,Apparel,2025-04-26,51.0,130.44817398064953,-79.44817398064953,79.44817398064953,4
P013,Apparel,2025-04-27,174.0,124.83760302716668,49.16239697283332,49.16239697283332,4
P013,Apparel,2025-04-28,87.0,101.3013237864274,-14.301323786427403,14.301323786427403,4
P013,Apparel,2025-04-29,91.0,97.75500457093993,-6.755004570939931,6.755004570939931,4
P013,Apparel,2025-04-30,100.0,97.49758405263499,2.5024159473650087,2.5024159473650087,4
P013,Apparel,2025-05-01,115.0,97.14059874546346,17.859401254536536,17.859401254536536,4
P014,Beauty,2024-09-04,46.0,53.91689670590396,-7.916896705903959,7.916896705903959,1
P014,Beauty,2024-09-05,46.0,51.87200120012614,-5.872001200126142,5.872001200126142,1
P014,Beauty,2024-09-06,50.0,53.47515045553275,-3.4751504555327486,3.4751504555327486,1
P014,Beauty,2024-09-07,61.0,70.18458144064992,-9.184581440649922,9.184581440649922,1
P014,Beauty,2024-09-08,71.0,66.20114604096436,4.79885395903564,4.79885395903564,1
P014,Beauty,2024-09-09,42.0,51.96402037357018,-9.964020373570179,9.964020373570179,1
P014,Beauty,2024-09-10,59.0,49.90685296541152,9.093147034588483,9.093147034588483,1
P014,Beauty,2024-09-11,48.0,52.20572557487039,-4.205725574870392,4.205725574870392,1
P014,Beauty,2024-09-12,58.0,50.30379236935589,7.6962076306441105,7.6962076306441105,1
P014,Beauty,2024-09-13,68.0,52.20572557487039,15.794274425129608,15.794274425129608,1
P014,Beauty,2024-09-14,72.0,63.09606692176264,8.903933078237358,8.903933078237358,1
P014,Beauty,2024-09-15,95.0,98.99380349488803,-3.993803494888027,3.993803494888027,1
P014,Beauty,2024-09-16,57.0,52.091802104805424,4.908197895194576,4.908197895194576,1
P014,Beauty,2024-09-17,47.0,55.17556034280919,-8.175560342809192,8.175560342809192,1
P014,Beauty,2024-09-18,51.0,51.69618364715207,-0.6961836471520684,0.6961836471520684,1
P014,Beauty,2024-09-19,44.0,51.74992354270343,-7.749923542703428,7.749923542703428,1
P014,Beauty,2024-09-20,44.0,52.26491462184758,-8.26491462184758,8.26491462184758,1
P014,Beauty,2024-09-21,64.0,65.54680407723863,-1.5468040772386331,1.5468040772386331,1
P014,Beauty,2024-09-22,62.0,68.11699045447001,-6.116990454470013,6.116990454470013,1
P014,Beauty,2024-09-23,52.0,50.7074877127253,1.2925122872746968,1.2925122872746968,1
P014,Beauty,2024-09-24,49.0,51.294090395944345,-2.2940903959443446,2.2940903959443446,1
P014,Beauty,2024-09-25,46.0,51.87996596557622,-5.879965965576218,5.879965965576218,1
P014,Beauty,2024-09-26,55.0,51.14825464525827,3.8517453547417304,3.8517453547417304,1
P014,Beauty,2024-09-27,60.0,79.02609183245194,-19.02609183245194,19.02609183245194,1
P014,Beauty,2024-09-28,63.0,65.03897228886053,-2.038972288860535,2.038972288860535,1
P014,Beauty,2024-09-29,71.0,63.4855585307827,7.514441469217303,7.514441469217303,1
P014,Beauty,2024-09-30,54.0,49.97994563786616,4.020054362133841,4.020054362133841,1
P014,Beauty,2024-10-01,48.0,50.74148702797166,-2.741487027971658,2.741487027971658,1
P014,Beauty,2024-10-02,35.0,50.10506060663925,-15.105060606639249,15.105060606639249,1
P014,Beauty,2024-10-03,46.0,49.896648476340815,-3.8966484763408147,3.8966484763408147,1
P014,Beauty,2024-10-04,64.0,50.17997268125287,13.82002731874713,13.82002731874713,1
P014,Beauty,2024-10-05,59.0,63.16690208647692,-4.166902086476917,4.166902086476917,1
P014,Beauty,2024-10-06,61.0,63.20262092338375,-2.2026209233837477,2.2026209233837477,1
P014,Beauty,2024-10-07,50.0,50.31943247923593,-0.3194324792359282,0.3194324792359282,1
P014,Beauty,2024-10-08,52.0,50.39363357181511,1.6063664281848915,1.6063664281848915,1
P014,Beauty,2024-10-09,44.0,49.59674697237179,-5.59674697237179,5.59674697237179,1
P014,Beauty,2024-10-10,54.0,50.73692668948538,3.2630733105146206,3.2630733105146206,1
P014,Beauty,2024-10-11,52.0,51.249398634240094,0.7506013657599055,0.7506013657599055,1
P014,Beauty,2024-10-12,46.0,62.82817761834653,-16.82817761834653,16.82817761834653,1
P014,Beauty,2024-10-13,38.0,62.077579638745185,-24.077579638745185,24.077579638745185,1
P014,Beauty,2024-10-14,45.0,49.66205239854116,-4.662052398541157,4.662052398541157,1
P014,Beauty,2024-10-15,40.0,48.52534203907508,-8.525342039075078,8.525342039075078,1
P014,Beauty,2024-10-16,52.0,45.29660709086371,6.703392909136291,6.703392909136291,1
P014,Beauty,2024-10-17,47.0,47.26875935825379,-0.2687593582537886,0.2687593582537886,1
P014,Beauty,2024-10-18,53.0,47.67358307653041,5.326416923469587,5.326416923469587,1
P014,Beauty,2024-10-19,67.0,61.31583140493774,5.6841685950622605,5.6841685950622605,1
P014,Beauty,2024-10-20,75.0,88.7143528879494,-13.714352887949403,13.714352887949403,1
P014,Beauty,2024-10-21,48.0,48.75692805866677,-0.756928058666773,0.756928058666773,1
P014,Beauty,2024-10-22,46.0,48.468660436887546,-2.4686604368875464,2.4686604368875464,1
P014,Beauty,2024-10-23,58.0,48.60571434825272,9.394285651747282,9.394285651747282,1
P014,Beauty,2024-10-24,50.0,49.24605692702312,0.753943072976881,0.753943072976881,1
P014,Beauty,2024-10-25,61.0,49.47991890892755,11.520081091072448,11.520081091072448,1
P014,Beauty,2024-10-26,77.0,63.420040753860576,13.579959246139424,13.579959246139424,1
P014,Beauty,2024-10-27,64.0,62.93004699066362,1.0699530093363805,1.0699530093363805,1
P014,Beauty,2024-10-28,77.0,80.05808376956554,-3.058083769565542,3.058083769565542,1
P014,Beauty,2024-10-29,54.0,57.939231202018384,-3.9392312020183837,3.9392312020183837,1
P014,Beauty,2024-10-30,58.0,53.17990862335695,4.820091376643049,4.820091376643049,1
P014,Beauty,2024-10-31,52.0,52.614128220153155,-0.6141282201531553,0.6141282201531553,1
P014,Beauty,2024-11-01,47.0,56.72284906811701,-9.722849068117007,9.722849068117007,1
P014,Beauty,2024-11-02,76.0,68.29985861488021,7.700141385119792,7.700141385119792,1
P014,Beauty,2024-11-03,76.0,68.4289234603441,7.571076539655905,7.571076539655905,2
P014,Beauty,2024-11-04,46.0,56.28918899297019,-10.289188992970189,10.289188992970189,2
P014,Beauty,2024-11-05,57.0,52.45397760756652,4.546022392433478,4.546022392433478,2
P014,Beauty,2024-11-06,59.0,54.6049372940768,4.395062705923202,4.395062705923202,2
P014,Beauty,2024-11-07,68.0,53.470538820377904,14.529461179622096,14.529461179622096,2
P014,Beauty,2024-11-08,53.0,54.601086435769254,-1.601086435769254,1.601086435769254,2
P014,Beauty,2024-11-09,69.0,69.99945571402178,-0.9994557140217779,0.9994557140217779,2
P014,Beauty,2024-11-10,77.0,69.2399569047473,7.760043095252698,7.760043095252698,2
P014,Beauty,2024-11-11,66.0,55.57423073984623,10.425769260153771,10.425769260153771,2
P014,Beauty,2024-11-12,59.0,56.25893899465942,2.7410610053405833,2.7410610053405833,2
P014,Beauty,2024-11-13,58.0,55.97206300565787,2.0279369943421273,2.0279369943421273,2
P014,Beauty,2024-11-14,52.0,57.2315826923414,-5.231582692341398,5.231582692341398,2
P014,Beauty,2024-11-15,54.0,54.476353340177674,-0.47635334017767406,0.47635334017767406,2
P014,Beauty,2024-11-16,71.0,71.75622640988242,-0.7562264098824159,0.7562264098824159,2
P014,Beauty,2024-11-17,80.0,72.30029024828266,7.699709751717336,7.699709751717336,2
P014,Beauty,2024-11-18,62.0,56.935843318792465,5.064156681207535,5.064156681207535,2
P014,Beauty,2024-11-19,53.0,56.68590922377396,-3.6859092237739617,3.6859092237739617,2
P014,Beauty,2024-11-20,66.0,57.828872025989924,8.171127974010076,8.171127974010076,2
P014,Beauty,2024-11-21,58.0,56.3829547994696,1.6170452005303986,1.6170452005303986,2
P014,Beauty,2024-11-22,58.0,57.90121125739052,0.09878874260947867,0.09878874260947867,2
P014,Beauty,2024-11-23,84.0,73.41552298184043,10.584477018159575,10.584477018159575,2
P014,Beauty,2024-11-24,86.0,74.62142965078742,11.37857034921258,11.37857034921258,2
P014,Beauty,2024-11-25,80.0,76.43433495390957,3.5656650460904302,3.5656650460904302,2
P014,Beauty,2024-11-26,79.0,58.72310070451262,20.276899295487382,20.276899295487382,2
P014,Beauty,2024-11-27,44.0,64.79910410331222,-20.799104103312217,20.799104103312217,2
P014,Beauty,2024-11-28,71.0,58.56301153203166,12.436988467968341,12.436988467968341,2
P014,Beauty,2024-11-29,128.0,138.2291233828431,-10.229123382843113,10.229123382843113,2
P014,Beauty,2024-11-30,79.0,81.398157253197,-2.398157253196999,2.398157253196999,2
P014,Beauty,2024-12-01,80.0,80.28683484001148,-0.28683484001147974,0.28683484001147974,2
P014,Beauty,2024-12-02,63.0,66.06822160515908,-3.0682216051590814,3.0682216051590814,2
P014,Beauty,2024-12-03,56.0,67.33051435412428,-11.330514354124276,11.330514354124276,2
P014,Beauty,2024-12-04,52.0,64.10127829304295,-12.101278293042952,12.101278293042952,2
P014,Beauty,2024-12-05,46.0,67.04336559788169,-21.04336559788169,21.04336559788169,2
P014,Beauty,2024-12-06,64.0,65.81892642020424,-1.8189264202042352,1.8189264202042352,2
P014,Beauty,2024-12-07,113.0,96.87593135117035,16.12406864882965,16.12406864882965,2
P014,Beauty,2024-12-08,91.0,81.15195827142453,9.848041728575467,9.848041728575467,2
P014,Beauty,2024-12-09,79.0,67.51590759884913,11.484092401150875,11.484092401150875,2
P014,Beauty,2024-12-10,76.0,67.33175477016282,8.668245229837183,8.668245229837183,2
P014,Beauty,2024-12-11,104.0,82.56732328183983,21.432676718160167,21.432676718160167,2
P014,Beauty,2024-12-12,58.0,66.93794926726558,-8.93794926726558,8.93794926726558,2
P014,Beauty,2024-12-13,80.0,68.77143824873069,11.22856175126931,11.22856175126931,2
P014,Beauty,2024-12-14,92.0,88.67649186732757,3.32350813267243,3.32350813267243,2
P014,Beauty,2024-12-15,71.0,84.16124099465353,-13.161240994653525,13.161240994653525,2
P014,Beauty,2024-12-16,82.0,70.8600246114884,11.139975388511601,11.139975388511601,2
P014,Beauty,2024-12-17,94.0,112.81769492596636,-18.817694925966364,18.817694925966364,2
P014,Beauty,2024-12-18,60.0,76.7352315149352,-16.735231514935194,16.735231514935194,2
P014,Beauty,2024-12-19,89.0,71.77170137302836,17.228298626971636,17.228298626971636,2
P014,Beauty,2024-12-20,75.0,74.5069849361162,0.4930150638838029,0.4930150638838029,2
P014,Beauty,2024-12-21,77.0,92.03540155744035,-15.035401557440352,15.035401557440352,2
P014,Beauty,2024-12-22,85.0,87.50076783551421,-2.5007678355142104,2.5007678355142104,2
P014,Beauty,2024-12-23,86.0,75.76226494422633,10.237735055773669,10.237735055773669,2
P014,Beauty,2024-12-24,61.0,76.04961200850467,-15.049612008504667,15.049612008504667,2
P014,Beauty,2024-12-25,176.0,168.92578898108624,7.074211018913758,7.074211018913758,2
P014,Beauty,2024-12-26,74.0,76.67728047450098,-2.677280474500975,2.677280474500975,2
P014,Beauty,2024-12-27,107.0,80.47318851348844,26.526811486511562,26.526811486511562,2
P014,Beauty,2024-12-28,75.0,89.71993690388071,-14.719936903880708,14.719936903880708,2
P014,Beauty,2024-12-29,76.0,89.98727946392565,-13.987279463925645,13.987279463925645,2
P014,Beauty,2024-12-30,71.0,75.74349480341095,-4.743494803410954,4.743494803410954,2
P014,Beauty,2024-12-31,70.0,77.02635892955416,-7.0263589295541635,7.0263589295541635,2
P014,Beauty,2025-01-01,188.0,164.0241458588488,23.97585414115119,23.97585414115119,2
P014,Beauty,2025-01-02,73.0,78.71335430295916,-5.713354302959161,5.713354302959161,3
P014,Beauty,2025-01-03,89.0,81.8780166170862,7.121983382913797,7.121983382913797,3
P014,Beauty,2025-01-04,101.0,96.55383832066319,4.446161679336811,4.446161679336811,3
P014,Beauty,2025-01-05,86.0,96.90487341877504,-10.90487341877504,10.90487341877504,3
P014,Beauty,2025-01-06,78.0,83.36572747753918,-5.365727477539181,5.365727477539181,3
P014,Beauty,2025-01-07,78.0,82.65918847516632,-4.659188475166317,4.659188475166317,3
P014,Beauty,2025-01-08,95.0,81.78844824506938,13.211551754930625,13.211551754930625,3
P014,Beauty,2025-01-09,93.0,81.73164140228813,11.268358597711867,11.268358597711867,3
P014,Beauty,2025-01-10,91.0,83.44478981098806,7.5552101890119445,7.5552101890119445,3
P014,Beauty,2025-01-11,93.0,100.09421845497754,-7.094218454977536,7.094218454977536,3
P014,Beauty,2025-01-12,110.0,98.38498796276376,11.61501203723624,11.61501203723624,3
P014,Beauty,2025-01-13,69.0,88.56836809456985,-19.56836809456985,19.56836809456985,3
P014,Beauty,2025-01-14,158.0,145.44519338823494,12.55480661176506,12.55480661176506,3
P014,Beauty,2025-01-15,100.0,89.9448087875819,10.055191212418094,10.055191212418094,3
P014,Beauty,2025-01-16,59.0,88.28242231977204,-29.28242231977204,29.28242231977204,3
P014,Beauty,2025-01-17,85.0,86.51371744661391,-1.51371744661391,1.51371744661391,3
P014,Beauty,2025-01-18,107.0,100.9311167640003,6.0688832359997065,6.0688832359997065,3
P014,Beauty,2025-01-19,124.0,102.0377343299529,21.962265670047103,21.962265670047103,3
P014,Beauty,2025-01-20,100.0,108.76361384296592,-8.763613842965924,8.763613842965924,3
P014,Beauty,2025-01-21,80.0,90.21408704108661,-10.214087041086614,10.214087041086614,3
P014,Beauty,2025-01-22,91.0,96.23583107074984,-5.235831070749839,5.235831070749839,3
P014,Beauty,2025-01-23,97.0,89.40707215758931,7.592927842410688,7.592927842410688,3
P014,Beauty,2025-01-24,92.0,90.04143526520771,1.95856473479229,1.95856473479229,3
P014,Beauty,2025-01-25,128.0,102.42541545998378,25.574584540016218,25.574584540016218,3
P014,Beauty,2025-01-26,125.0,108.81216959418886,16.18783040581114,16.18783040581114,3
P014,Beauty,2025-01-27,84.0,91.36896738174815,-7.368967381748149,7.368967381748149,3
P014,Beauty,2025-01-28,92.0,96.10260346360573,-4.102603463605732,4.102603463605732,3
P014,Beauty,2025-01-29,99.0,101.69230024404067,-2.6923002440406663,2.6923002440406663,3
P014,Beauty,2025-01-30,81.0,90.44388172392695,-9.44388172392695,9.44388172392695,3
P014,Beauty,2025-01-31,83.0,91.76278127450742,-8.762781274507418,8.762781274507418,3
P014,Beauty,2025-02-01,91.0,105.65070067370061,-14.650700673700612,14.650700673700612,3
P014,Beauty,2025-02-02,138.0,105.50803907590517,32.491960924094826,32.491960924094826,3
P014,Beauty,2025-02-03,205.0,153.3943789716553,51.6056210283447,51.6056210283447,3
P014,Beauty,2025-02-04,85.0,97.56012752807301,-12.56012752807301,12.56012752807301,3
P014,Beauty,2025-02-05,103.0,98.08201380317367,4.917986196826334,4.917986196826334,3
P014,Beauty,2025-02-06,113.0,99.14976546866934,13.850234531330656,13.850234531330656,3
P014,Beauty,2025-02-07,79.0,99.01045941948587,-20.01045941948587,20.01045941948587,3
P014,Beauty,2025-02-08,127.0,118.45419058933558,8.545809410664418,8.545809410664418,3
P014,Beauty,2025-02-09,145.0,122.5537109759562,22.446289024043807,22.446289024043807,3
P014,Beauty,2025-02-10,93.0,108.68800162687597,-15.688001626875973,15.688001626875973,3
P014,Beauty,2025-02-11,96.0,108.72039127042032,-12.720391270420322,12.720391270420322,3
P014,Beauty,2025-02-12,118.0,98.01669592650926,19.983304073490743,19.983304073490743,3
P014,Beauty,2025-02-13,92.0,98.81687475870474,-6.816874758704742,6.816874758704742,3
P014,Beauty,2025-02-14,90.0,100.12427853414461,-10.124278534144608,10.124278534144608,3
P014,Beauty,2025-02-15,157.0,146.11395594644915,10.886044053550847,10.886044053550847,3
P014,Beauty,2025-02-16,159.0,127.70059131015674,31.29940868984326,31.29940868984326,3
P014,Beauty,2025-02-17,111.0,102.16264736074895,8.837352639251051,8.837352639251051,3
P014,Beauty,2025-02-18,108.0,101.41292354363765,6.587076456362354,6.587076456362354,3
P014,Beauty,2025-02-19,108.0,101.5736193190137,6.426380680986298,6.426380680986298,3
P014,Beauty,2025-02-20,84.0,101.58267781756085,-17.58267781756085,17.58267781756085,3
P014,Beauty,2025-02-21,109.0,100.94995541947803,8.05004458052197,8.05004458052197,3
P014,Beauty,2025-02-22,119.0,130.71742027064153,-11.717420270641526,11.717420270641526,3
P014,Beauty,2025-02-23,124.0,126.71804895474705,-2.718048954747047,2.718048954747047,3
P014,Beauty,2025-02-24,98.0,100.2570851893924,-2.2570851893923987,2.2570851893923987,3
P014,Beauty,2025-02-25,117.0,101.6817880570012,15.3182119429988,15.3182119429988,3
P014,Beauty,2025-02-26,131.0,101.69772934587449,29.302270654125508,29.302270654125508,3
P014,Beauty,2025-02-27,89.0,105.65553669325251,-16.655536693252515,16.655536693252515,3
P014,Beauty,2025-02-28,120.0,105.61194219395145,14.38805780604855,14.38805780604855,3
P014,Beauty,2025-03-01,128.0,127.35484520200492,0.645154797995076,0.645154797995076,3
P014,Beauty,2025-03-02,146.0,132.56745048206955,13.432549517930454,13.432549517930454,3
P014,Beauty,2025-03-03,109.0,113.05515828809035,-4.055158288090354,4.055158288090354,4
P014,Beauty,2025-03-04,96.0,107.07985398110308,-11.079853981103085,11.079853981103085,4
P014,Beauty,2025-03-05,96.0,107.6313624810874,-11.631362481087393,11.631362481087393,4
P014,Beauty,2025-03-06,102.0,105.90934584701378,-3.909345847013782,3.909345847013782,4
P014,Beauty,2025-03-07,111.0,105.81381382006018,5.186186179939824,5.186186179939824,4
P014,Beauty,2025-03-08,143.0,126.88583941508743,16.114160584912568,16.114160584912568,4
P014,Beauty,2025-03-09,192.0,137.78690513463994,54.21309486536006,54.21309486536006,4
P014,Beauty,2025-03-10,115.0,109.65344665073053,5.34655334926947,5.34655334926947,4
P014,Beauty,2025-03-11,86.0,111.41419267503163,-25.41419267503163,25.41419267503163,4
P014,Beauty,2025-03-12,127.0,109.4505220791158,17.5494779208842,17.5494779208842,4
P014,Beauty,2025-03-13,117.0,111.46623730541803,5.5337626945819665,5.5337626945819665,4
P014,Beauty,2025-03-14,105.0,111.52564897424304,-6.52564897424304,6.52564897424304,4
P014,Beauty,2025-03-15,113.0,145.88809834162524,-32.88809834162524,32.88809834162524,4
P014,Beauty,2025-03-16,130.0,147.55544785092977,-17.555447850929767,17.555447850929767,4
P014,Beauty,2025-03-17,126.0,108.57097342989314,17.429026570106856,17.429026570106856,4
P014,Beauty,2025-03-18,116.0,108.73499070769545,7.265009292304555,7.265009292304555,4
P014,Beauty,2025-03-19,130.0,108.88871387446284,21.111286125537163,21.111286125537163,4
P014,Beauty,2025-03-20,129.0,110.41019169115508,18.589808308844923,18.589808308844923,4
P014,Beauty,2025-03-21,112.0,114.35459443779583,-2.354594437795825,2.354594437795825,4
P014,Beauty,2025-03-22,73.0,130.4218164955614,-57.42181649556139,57.42181649556139,4
P014,Beauty,2025-03-23,118.0,129.75032729926826,-11.750327299268264,11.750327299268264,4
P014,Beauty,2025-03-24,84.0,108.77341318992558,-24.773413189925577,24.773413189925577,4
P014,Beauty,2025-03-25,131.0,106.50811926250795,24.491880737492053,24.491880737492053,4
P014,Beauty,2025-03-26,117.0,112.92539858816883,4.074601411831168,4.074601411831168,4
P014,Beauty,2025-03-27,105.0,107.73151815345616,-2.7315181534561646,2.7315181534561646,4
P014,Beauty,2025-03-28,101.0,108.24733306193642,-7.247333061936416,7.247333061936416,4
P014,Beauty,2025-03-29,159.0,129.57529195784258,29.42470804215742,29.42470804215742,4
P014,Beauty,2025-03-30,119.0,130.8109453039655,-11.810945303965497,11.810945303965497,4
P014,Beauty,2025-03-31,88.0,108.90583890542294,-20.90583890542294,20.90583890542294,4
P014,Beauty,2025-04-01,87.0,107.12492629150154,-20.124926291501538,20.124926291501538,4
P014,Beauty,2025-04-02,111.0,106.25946345687385,4.740536543126154,4.740536543126154,4
P014,Beauty,2025-04-03,96.0,106.956142754968,-10.956142754967999,10.956142754967999,4
P014,Beauty,2025-04-04,125.0,105.86360527803397,19.136394721966028,19.136394721966028,4
P014,Beauty,2025-04-05,137.0,135.77874934466777,1.221250655332227,1.221250655332227,4
P014,Beauty,2025-04-06,109.0,132.49042747590008,-23.490427475900077,23.490427475900077,4
P014,Beauty,2025-04-07,105.0,104.7167345177571,0.2832654822428964,0.2832654822428964,4
P014,Beauty,2025-04-08,93.0,105.3725070928831,-12.372507092883097,12.372507092883097,4
P014,Beauty,2025-04-09,106.0,107.93462824269008,-1.9346282426900814,1.9346282426900814,4
P014,Beauty,2025-04-10,126.0,103.50405072014529,22.495949279854713,22.495949279854713,4
P014,Beauty,2025-04-11,106.0,104.61175642873707,1.388243571262933,1.388243571262933,4
P014,Beauty,2025-04-12,123.0,131.01369484058912,-8.013694840589125,8.013694840589125,4
P014,Beauty,2025-04-13,145.0,128.27931640942109,16.720683590578915,16.720683590578915,4
P014,Beauty,2025-04-14,101.0,105.38991102882194,-4.389911028821942,4.389911028821942,4
P014,Beauty,2025-04-15,116.0,102.49502297854457,13.504977021455431,13.504977021455431,4
P014,Beauty,2025-04-16,113.0,106.15076526989847,6.849234730101529,6.849234730101529,4
P014,Beauty,2025-04-17,91.0,103.38611915695859,-12.386119156958586,12.386119156958586,4
P014,Beauty,2025-04-18,86.0,99.44562929411912,-13.445629294119115,13.445629294119115,4
P014,Beauty,2025-04-19,128.0,118.4887816846926,9.511218315307403,9.511218315307403,4
P014,Beauty,2025-04-20,143.0,126.65101822146693,16.348981778533073,16.348981778533073,4
P014,Beauty,2025-04-21,229.0,169.63658532021321,59.363414679786786,59.363414679786786,4
P014,Beauty,2025-04-22,89.0,110.63760701328648,-21.637607013286484,21.637607013286484,4
P014,Beauty,2025-04-23,91.0,105.88127695333759,-14.88127695333759,14.88127695333759,4
P014,Beauty,2025-04-24,122.0,105.17177293569004,16.828227064309957,16.828227064309957,4
P014,Beauty,2025-04-25,109.0,107.36599598268677,1.6340040173132309,1.6340040173132309,4
P014,Beauty,2025-04-26,130.0,129.721887526121,0.2781124738789913,0.2781124738789913,4
P014,Beauty,2025-04-27,146.0,130.94923190585536,15.050768094144644,15.050768094144644,4
P014,Beauty,2025-04-28,125.0,110.90341182133987,14.096588178660127,14.096588178660127,4
P014,Beauty,2025-04-29,121.0,106.19581697830255,14.804183021697455,14.804183021697455,4
P014,Beauty,2025-04-30,94.0,108.99902661518168,-14.999026615181677,14.999026615181677,4
P014,Beauty,2025-05-01,112.0,106.53979002763214,5.460209972367863,5.460209972367863,4
P015,Sports,2024-09-04,10.0,16.086205857931045,-6.086205857931045,6.086205857931045,1
P015,Sports,2024-09-05,16.0,16.245137074280247,-0.24513707428024745,0.24513707428024745,1
P015,Sports,2024-09-06,7.0,16.245137074280247,-9.245137074280247,9.245137074280247,1
P015,Sports,2024-09-07,11.0,19.725286650797397,-8.725286650797397,8.725286650797397,1
P015,Sports,2024-09-08,15.0,20.102749167480585,-5.102749167480585,5.102749167480585,1
P015,Sports,2024-09-09,7.0,16.086205857931045,-9.086205857931045,9.086205857931045,1
P015,Sports,2024-09-10,11.0,16.086205857931045,-5.086205857931045,5.086205857931045,1
P015,Sports,2024-09-11,15.0,16.086205857931045,-1.086205857931045,1.086205857931045,1
P015,Sports,2024-09-12,10.0,16.086205857931045,-6.086205857931045,6.086205857931045,1
P015,Sports,2024-09-13,9.0,16.086205857931045,-7.086205857931045,7.086205857931045,1
P015,Sports,2024-09-14,9.0,19.566355434448194,-10.566355434448194,10.566355434448194,1
P015,Sports,2024-09-15,11.0,19.566355434448194,-8.566355434448194,8.566355434448194,1
P015,Sports,2024-09-16,10.0,16.17551771874925,-6.175517718749251,6.175517718749251,1
P015,Sports,2024-09-17,16.0,16.17551771874925,-0.17551771874925137,0.17551771874925137,1
P015,Sports,2024-09-18,10.0,16.17551771874925,-6.175517718749251,6.175517718749251,1
P015,Sports,2024-09-19,10.0,16.17551771874925,-6.175517718749251,6.175517718749251,1
P015,Sports,2024-09-20,11.0,16.17551771874925,-5.175517718749251,5.175517718749251,1
P015,Sports,2024-09-21,11.0,20.03312981194959,-9.033129811949589,9.033129811949589,1
P015,Sports,2024-09-22,7.0,19.6556672952664,-12.6556672952664,12.6556672952664,1
P015,Sports,2024-09-23,14.0,16.17551771874925,-2.1755177187492514,2.1755177187492514,1
P015,Sports,2024-09-24,12.0,16.17551771874925,-4.175517718749251,4.175517718749251,1
P015,Sports,2024-09-25,13.0,16.17551771874925,-3.1755177187492514,3.1755177187492514,1
P015,Sports,2024-09-26,11.0,16.17551771874925,-5.175517718749251,5.175517718749251,1
P015,Sports,2024-09-27,13.0,16.17551771874925,-3.1755177187492514,3.1755177187492514,1
P015,Sports,2024-09-28,9.0,19.6556672952664,-10.6556672952664,10.6556672952664,1
P015,Sports,2024-09-29,14.0,19.6556672952664,-5.655667295266401,5.655667295266401,1
P015,Sports,2024-09-30,12.0,16.314400597255197,-4.314400597255197,4.314400597255197,1
P015,Sports,2024-10-01,14.0,16.26814314055309,-2.2681431405530894,2.2681431405530894,1
P015,Sports,2024-10-02,12.0,16.26814314055309,-4.268143140553089,4.268143140553089,1
P015,Sports,2024-10-03,12.0,16.26814314055309,-4.268143140553089,4.268143140553089,1
P015,Sports,2024-10-04,11.0,16.26814314055309,-5.268143140553089,5.268143140553089,1
P015,Sports,2024-10-05,9.0,19.74829271707024,-10.748292717070239,10.748292717070239,1
P015,Sports,2024-10-06,12.0,19.74829271707024,-7.748292717070239,7.748292717070239,1
P015,Sports,2024-10-07,10.0,16.26814314055309,-6.268143140553089,6.268143140553089,1
P015,Sports,2024-10-08,13.0,16.26814314055309,-3.2681431405530894,3.2681431405530894,1
P015,Sports,2024-10-09,12.0,16.26814314055309,-4.268143140553089,4.268143140553089,1
P015,Sports,2024-10-10,14.0,16.26814314055309,-2.2681431405530894,2.2681431405530894,1
P015,Sports,2024-10-11,12.0,16.26814314055309,-4.268143140553089,4.268143140553089,1
P015,Sports,2024-10-12,13.0,19.74829271707024,-6.748292717070239,6.748292717070239,1
P015,Sports,2024-10-13,18.0,19.74829271707024,-1.748292717070239,1.748292717070239,1
P015,Sports,2024-10-14,8.0,16.26814314055309,-8.26814314055309,8.26814314055309,1
P015,Sports,2024-10-15,10.0,16.26814314055309,-6.268143140553089,6.268143140553089,1
P015,Sports,2024-10-16,9.0,16.26814314055309,-7.268143140553089,7.268143140553089,1
P015,Sports,2024-10-17,8.0,16.26814314055309,-8.26814314055309,8.26814314055309,1
P015,Sports,2024-10-18,9.0,16.26814314055309,-7.268143140553089,7.268143140553089,1
P015,Sports,2024-10-19,12.0,19.74829271707024,-7.748292717070239,7.748292717070239,1
P015,Sports,2024-10-20,15.0,19.74829271707024,-4.748292717070239,4.748292717070239,1
P015,Sports,2024-10-21,10.0,16.26814314055309,-6.268143140553089,6.268143140553089,1
P015,Sports,2024-10-22,12.0,16.26814314055309,-4.268143140553089,4.268143140553089,1
P015,Sports,2024-10-23,12.0,16.26814314055309,-4.268143140553089,4.268143140553089,1
P015,Sports,2024-10-24,6.0,16.26814314055309,-10.26814314055309,10.26814314055309,1
P015,Sports,2024-10-25,12.0,16.26814314055309,-4.268143140553089,4.268143140553089,1
P015,Sports,2024-10-26,12.0,19.74829271707024,-7.748292717070239,7.748292717070239,1
P015,Sports,2024-10-27,10.0,19.74829271707024,-9.748292717070239,9.748292717070239,1
P015,Sports,2024-10-28,12.0,16.26814314055309,-4.268143140553089,4.268143140553089,1
P015,Sports,2024-10-29,18.0,22.262088687532522,-4.262088687532522,4.262088687532522,1
P015,Sports,2024-10-30,12.0,16.26814314055309,-4.268143140553089,4.268143140553089,1
P015,Sports,2024-10-31,13.0,16.26814314055309,-3.2681431405530894,3.2681431405530894,1
P015,Sports,2024-11-01,10.0,16.26814314055309,-6.268143140553089,6.268143140553089,1
P015,Sports,2024-11-02,12.0,19.74829271707024,-7.748292717070239,7.748292717070239,1
P015,Sports,2024-11-03,15.0,17.483728544240748,-2.4837285442407477,2.4837285442407477,2
P015,Sports,2024-11-04,11.0,14.97021366757584,-3.9702136675758393,3.9702136675758393,2
P015,Sports,2024-11-05,19.0,14.97021366757584,4.029786332424161,4.029786332424161,2
P015,Sports,2024-11-06,12.0,14.97021366757584,-2.9702136675758393,2.9702136675758393,2
P015,Sports,2024-11-07,12.0,14.97021366757584,-2.9702136675758393,2.9702136675758393,2
P015,Sports,2024-11-08,10.0,14.97021366757584,-4.970213667575839,4.970213667575839,2
P015,Sports,2024-11-09,12.0,17.483728544240748,-5.483728544240748,5.483728544240748,2
P015,Sports,2024-11-10,10.0,17.483728544240748,-7.483728544240748,7.483728544240748,2
P015,Sports,2024-11-11,11.0,14.97021366757584,-3.9702136675758393,3.9702136675758393,2
P015,Sports,2024-11-12,12.0,14.97021366757584,-2.9702136675758393,2.9702136675758393,2
P015,Sports,2024-11-13,15.0,14.97021366757584,0.029786332424160733,0.029786332424160733,2
P015,Sports,2024-11-14,14.0,17.521616636350085,-3.5216166363500854,3.5216166363500854,2
P015,Sports,2024-11-15,11.0,14.97021366757584,-3.9702136675758393,3.9702136675758393,2
P015,Sports,2024-11-16,17.0,17.483728544240748,-0.48372854424074774,0.48372854424074774,2
P015,Sports,2024-11-17,16.0,17.483728544240748,-1.4837285442407477,1.4837285442407477,2
P015,Sports,2024-11-18,15.0,14.97021366757584,0.029786332424160733,0.029786332424160733,2
P015,Sports,2024-11-19,17.0,15.111218441849903,1.8887815581500966,1.8887815581500966,2
P015,Sports,2024-11-20,13.0,15.111218441849903,-2.1112184418499034,2.1112184418499034,2
P015,Sports,2024-11-21,13.0,22.422344995316468,-9.422344995316468,9.422344995316468,2
P015,Sports,2024-11-22,13.0,15.111218441849903,-2.1112184418499034,2.1112184418499034,2
P015,Sports,2024-11-23,18.0,17.754514374400255,0.24548562559974485,0.24548562559974485,2
P015,Sports,2024-11-24,12.0,17.754514374400255,-5.754514374400255,5.754514374400255,2
P015,Sports,2024-11-25,13.0,15.111218441849903,-2.1112184418499034,2.1112184418499034,2
P015,Sports,2024-11-26,9.0,15.240999497735347,-6.240999497735347,6.240999497735347,2
P015,Sports,2024-11-27,15.0,14.97021366757584,0.029786332424160733,0.029786332424160733,2
P015,Sports,2024-11-28,10.0,14.97021366757584,-4.970213667575839,4.970213667575839,2
P015,Sports,2024-11-29,34.0,38.93308196376162,-4.933081963761623,4.933081963761623,2
P015,Sports,2024-11-30,17.0,19.198696867534046,-2.1986968675340464,2.1986968675340464,2
P015,Sports,2024-12-01,13.0,19.016116385653554,-6.016116385653554,6.016116385653554,2
P015,Sports,2024-12-02,14.0,16.25909859313017,-2.259098593130169,2.259098593130169,2
P015,Sports,2024-12-03,11.0,16.25909859313017,-5.259098593130169,5.259098593130169,2
P015,Sports,2024-12-04,19.0,16.25909859313017,2.740901406869831,2.740901406869831,2
P015,Sports,2024-12-05,19.0,16.25909859313017,2.740901406869831,2.740901406869831,2
P015,Sports,2024-12-06,18.0,18.789401787849666,-0.7894017878496662,0.7894017878496662,2
P015,Sports,2024-12-07,19.0,19.016116385653554,-0.016116385653553778,0.016116385653553778,2
P015,Sports,2024-12-08,20.0,19.016116385653554,0.9838836143464462,0.9838836143464462,2
P015,Sports,2024-12-09,14.0,16.446491649623873,-2.446491649623873,2.446491649623873,2
P015,Sports,2024-12-10,17.0,16.446491649623873,0.5535083503761271,0.5535083503761271,2
P015,Sports,2024-12-11,20.0,16.446491649623873,3.553508350376127,3.553508350376127,2
P015,Sports,2024-12-12,12.0,16.84670473228916,-4.846704732289162,4.846704732289162,2
P015,Sports,2024-12-13,17.0,17.951972401603435,-0.9519724016034345,0.9519724016034345,2
P015,Sports,2024-12-14,13.0,19.203509442147258,-6.203509442147258,6.203509442147258,2
P015,Sports,2024-12-15,18.0,19.125160634578855,-1.1251606345788545,1.1251606345788545,2
P015,Sports,2024-12-16,15.0,16.446491649623873,-1.4464916496238729,1.4464916496238729,2
P015,Sports,2024-12-17,17.0,16.446491649623873,0.5535083503761271,0.5535083503761271,2
P015,Sports,2024-12-18,18.0,16.555535898549174,1.4444641014508264,1.4444641014508264,2
P015,Sports,2024-12-19,21.0,16.446491649623873,4.553508350376127,4.553508350376127,2
P015,Sports,2024-12-20,11.0,16.446491649623873,-5.446491649623873,5.446491649623873,2
P015,Sports,2024-12-21,25.0,19.203509442147258,5.796490557852742,5.796490557852742,2
P015,Sports,2024-12-22,29.0,19.203509442147258,9.796490557852742,9.796490557852742,2
P015,Sports,2024-12-23,15.0,18.947557038130018,-3.947557038130018,3.947557038130018,2
P015,Sports,2024-12-24,15.0,18.764976556249525,-3.7649765562495254,3.7649765562495254,2
P015,Sports,2024-12-25,46.0,41.73043598341364,4.269564016586358,4.269564016586358,2
P015,Sports,2024-12-26,17.0,19.221372250317753,-2.221372250317753,2.221372250317753,2
P015,Sports,2024-12-27,16.0,20.102828734694135,-4.1028287346941354,4.1028287346941354,2
P015,Sports,2024-12-28,29.0,22.616185545376975,6.383814454623025,6.383814454623025,2
P015,Sports,2024-12-29,34.0,22.979857819241698,11.020142180758302,11.020142180758302,2
P015,Sports,2024-12-30,27.0,28.827881636816887,-1.8278816368168869,1.8278816368168869,2
P015,Sports,2024-12-31,26.0,21.78637439058385,4.213625609416152,4.213625609416152,2
P015,Sports,2025-01-01,43.0,52.82937886633029,-9.829378866330288,9.829378866330288,2
P015,Sports,2025-01-02,21.0,22.828401514174157,-1.828401514174157,1.828401514174157,3
P015,Sports,2025-01-03,14.0,22.289859338438845,-8.289859338438845,8.289859338438845,3
P015,Sports,2025-01-04,19.0,27.101146213956294,-8.101146213956294,8.101146213956294,3
P015,Sports,2025-01-05,22.0,28.43435674523386,-6.43435674523386,6.43435674523386,3
P015,Sports,2025-01-06,22.0,21.65270035653568,0.3472996434643214,0.3472996434643214,3
P015,Sports,2025-01-07,19.0,21.91149427312195,-2.9114942731219493,2.9114942731219493,3
P015,Sports,2025-01-08,12.0,25.31519525189793,-13.31519525189793,13.31519525189793,3
P015,Sports,2025-01-09,13.0,20.950118433293117,-7.950118433293117,7.950118433293117,3
P015,Sports,2025-01-10,12.0,20.950118433293117,-8.950118433293117,8.950118433293117,3
P015,Sports,2025-01-11,26.0,24.953789473576165,1.0462105264238346,1.0462105264238346,3
P015,Sports,2025-01-12,25.0,25.147600253123485,-0.14760025312348546,0.14760025312348546,3
P015,Sports,2025-01-13,20.0,20.949477071796707,-0.9494770717967072,0.9494770717967072,3
P015,Sports,2025-01-14,20.0,20.472074116341027,-0.4720741163410267,0.4720741163410267,3
P015,Sports,2025-01-15,16.0,20.903390924841986,-4.903390924841986,4.903390924841986,3
P015,Sports,2025-01-16,20.0,19.118550218036276,0.8814497819637239,0.8814497819637239,3
P015,Sports,2025-01-17,26.0,19.245040978469643,6.754959021530357,6.754959021530357,3
P015,Sports,2025-01-18,29.0,25.244695629287907,3.7553043707120928,3.7553043707120928,3
P015,Sports,2025-01-19,28.0,34.94777590762642,-6.947775907626422,6.947775907626422,3
P015,Sports,2025-01-20,19.0,20.565484285933334,-1.5654842859333336,1.5654842859333336,3
P015,Sports,2025-01-21,17.0,20.177613194892878,-3.177613194892878,3.177613194892878,3
P015,Sports,2025-01-22,24.0,21.667018217023415,2.332981782976585,2.332981782976585,3
P015,Sports,2025-01-23,16.0,20.177613194892878,-4.177613194892878,4.177613194892878,3
P015,Sports,2025-01-24,21.0,20.422323710357503,0.577676289642497,0.577676289642497,3
P015,Sports,2025-01-25,25.0,26.70559166394515,-1.7055916639451496,1.7055916639451496,3
P015,Sports,2025-01-26,22.0,26.57508643014657,-4.57508643014657,4.57508643014657,3
P015,Sports,2025-01-27,22.0,21.638291368058365,0.36170863194163516,0.36170863194163516,3
P015,Sports,2025-01-28,20.0,21.638291368058365,-1.6382913680583648,1.6382913680583648,3
P015,Sports,2025-01-29,24.0,21.954763683622875,2.0452363163771246,2.0452363163771246,3
P015,Sports,2025-01-30,19.0,20.114327566302613,-1.114327566302613,1.114327566302613,3
P015,Sports,2025-01-31,16.0,20.768810031121806,-4.768810031121806,4.768810031121806,3
P015,Sports,2025-02-01,26.0,25.132662639530718,0.867337360469282,0.867337360469282,3
P015,Sports,2025-02-02,29.0,26.08993003131299,2.9100699686870115,2.9100699686870115,3
P015,Sports,2025-02-03,24.0,21.265655269578016,2.7343447304219843,2.7343447304219843,3
P015,Sports,2025-02-04,21.0,20.46535866149234,0.5346413385076616,0.5346413385076616,3
P015,Sports,2025-02-05,26.0,20.46535866149234,5.534641338507662,5.534641338507662,3
P015,Sports,2025-02-06,16.0,20.65916944103966,-4.6591694410396585,4.6591694410396585,3
P015,Sports,2025-02-07,26.0,20.46535866149234,5.534641338507662,5.534641338507662,3
P015,Sports,2025-02-08,32.0,28.103712087250273,3.8962879127497274,3.8962879127497274,3
P015,Sports,2025-02-09,26.0,28.170839404023432,-2.1708394040234325,2.1708394040234325,3
P015,Sports,2025-02-10,27.0,21.863868152158375,5.136131847841625,5.136131847841625,3
P015,Sports,2025-02-11,24.0,22.05792846365151,1.9420715363484895,1.9420715363484895,3
P015,Sports,2025-02-12,28.0,21.91476788807568,6.08523211192432,6.08523211192432,3
P015,Sports,2025-02-13,19.0,22.745502076302078,-3.7455020763020777,3.7455020763020777,3
P015,Sports,2025-02-14,19.0,23.398475994344146,-4.398475994344146,4.398475994344146,3
P015,Sports,2025-02-15,33.0,29.297998371710896,3.7020016282891035,3.7020016282891035,3
P015,Sports,2025-02-16,36.0,35.04662246527798,0.9533775347220228,0.9533775347220228,3
P015,Sports,2025-02-17,16.0,23.872082089134498,-7.872082089134498,7.872082089134498,3
P015,Sports,2025-02-18,32.0,22.357630985261622,9.642369014738378,9.642369014738378,3
P015,Sports,2025-02-19,31.0,25.2046361248897,5.795363875110301,5.795363875110301,3
P015,Sports,2025-02-20,24.0,24.223372884975152,-0.22337288497515218,0.22337288497515218,3
P015,Sports,2025-02-21,20.0,24.489984258753886,-4.489984258753886,4.489984258753886,3
P015,Sports,2025-02-22,26.0,30.90514482716047,-4.90514482716047,4.90514482716047,3
P015,Sports,2025-02-23,113.0,31.25530645877868,81.74469354122132,81.74469354122132,3
P015,Sports,2025-02-24,30.0,28.157653823705722,1.8423461762942779,1.8423461762942779,3
P015,Sports,2025-02-25,37.0,27.544769836814744,9.455230163185256,9.455230163185256,3
P015,Sports,2025-02-26,22.0,28.803482288378795,-6.803482288378795,6.803482288378795,3
P015,Sports,2025-02-27,22.0,26.19855454288812,-4.198554542888122,4.198554542888122,3
P015,Sports,2025-02-28,23.0,26.19855454288812,-3.1985545428881217,3.1985545428881217,3
P015,Sports,2025-03-01,33.0,34.21924417608204,-1.219244176082043,1.219244176082043,3
P015,Sports,2025-03-02,25.0,39.88769870827205,-14.887698708272048,14.887698708272048,3
P015,Sports,2025-03-03,17.0,26.054507070056328,-9.054507070056328,9.054507070056328,4
P015,Sports,2025-03-04,23.0,26.595953886694936,-3.595953886694936,3.595953886694936,4
P015,Sports,2025-03-05,26.0,25.4545094086007,0.5454905913993002,0.5454905913993002,4
P015,Sports,2025-03-06,33.0,24.357186661381043,8.642813338618957,8.642813338618957,4
P015,Sports,2025-03-07,19.0,25.789259765600278,-6.789259765600278,6.789259765600278,4
P015,Sports,2025-03-08,38.0,33.91437277694359,4.085627223056413,4.085627223056413,4
P015,Sports,2025-03-09,30.0,36.529360657555344,-6.529360657555344,6.529360657555344,4
P015,Sports,2025-03-10,23.0,26.992381815446436,-3.9923818154464357,3.9923818154464357,4
P015,Sports,2025-03-11,16.0,24.724611487694673,-8.724611487694673,8.724611487694673,4
P015,Sports,2025-03-12,26.0,25.404826125889873,0.5951738741101273,0.5951738741101273,4
P015,Sports,2025-03-13,26.0,25.61339947722896,0.3866005227710403,0.3866005227710403,4
P015,Sports,2025-03-14,36.0,23.631064427362602,12.368935572637398,12.368935572637398,4
P015,Sports,2025-03-15,38.0,43.636077295555395,-5.6360772955553955,5.6360772955553955,4
P015,Sports,2025-03-16,42.0,33.60772573677286,8.392274263227137,8.392274263227137,4
P015,Sports,2025-03-17,23.0,26.19329809657975,-3.193298096579749,3.193298096579749,4
P015,Sports,2025-03-18,23.0,26.82587343955993,-3.825873439559931,3.825873439559931,4
P015,Sports,2025-03-19,16.0,28.12283711850964,-12.12283711850964,12.12283711850964,4
P015,Sports,2025-03-20,31.0,27.113064238833605,3.886935761166395,3.886935761166395,4
P015,Sports,2025-03-21,25.0,27.93653752509775,-2.9365375250977515,2.9365375250977515,4
P015,Sports,2025-03-22,32.0,36.06789232921277,-4.067892329212768,4.067892329212768,4
P015,Sports,2025-03-23,30.0,36.633978135663625,-6.633978135663625,6.633978135663625,4
P015,Sports,2025-03-24,26.0,25.41925976494715,0.5807402350528506,0.5807402350528506,4
P015,Sports,2025-03-25,21.0,25.49435669355556,-4.4943566935555594,4.4943566935555594,4
P015,Sports,2025-03-26,27.0,25.182855766391327,1.8171442336086727,1.8171442336086727,4
P015,Sports,2025-03-27,20.0,26.80784555710925,-6.80784555710925,6.80784555710925,4
P015,Sports,2025-03-28,24.0,24.941747615622532,-0.941747615622532,0.941747615622532,4
P015,Sports,2025-03-29,35.0,31.309026029708008,3.690973970291992,3.690973970291992,4
P015,Sports,2025-03-30,41.0,31.112820503360492,9.887179496639508,9.887179496639508,4
P015,Sports,2025-03-31,26.0,24.649143755374354,1.3508562446256462,1.3508562446256462,4
P015,Sports,2025-04-01,32.0,24.371665425674337,7.628334574325663,7.628334574325663,4
P015,Sports,2025-04-02,25.0,26.56842114755913,-1.5684211475591283,1.5684211475591283,4
P015,Sports,2025-04-03,20.0,26.936754597682224,-6.936754597682224,6.936754597682224,4
P015,Sports,2025-04-04,36.0,24.12028125078389,11.87971874921611,11.87971874921611,4
P015,Sports,2025-04-05,31.0,35.42264343121385,-4.422643431213849,4.422643431213849,4
P015,Sports,2025-04-06,38.0,35.31563783399828,2.684362166001719,2.684362166001719,4
P015,Sports,2025-04-07,22.0,27.07828661037184,-5.0782866103718405,5.0782866103718405,4
P015,Sports,2025-04-08,28.0,26.346187370276702,1.6538126297232978,1.6538126297232978,4
P015,Sports,2025-04-09,34.0,33.58007567910127,0.4199243208987298,0.4199243208987298,4
P015,Sports,2025-04-10,25.0,26.312984184043973,-1.312984184043973,1.312984184043973,4
P015,Sports,2025-04-11,35.0,28.559620157648574,6.440379842351426,6.440379842351426,4
P015,Sports,2025-04-12,35.0,34.67338544199109,0.32661455800891304,0.32661455800891304,4
P015,Sports,2025-04-13,29.0,35.37098098572589,-6.370980985725893,6.370980985725893,4
P015,Sports,2025-04-14,33.0,26.317871526899733,6.682128473100267,6.682128473100267,4
P015,Sports,2025-04-15,15.0,26.976007028169,-11.976007028169,11.976007028169,4
P015,Sports,2025-04-16,17.0,26.286429842855274,-9.286429842855274,9.286429842855274,4
P015,Sports,2025-04-17,29.0,25.415180644836827,3.584819355163173,3.584819355163173,4
P015,Sports,2025-04-18,26.0,27.603128887911303,-1.6031288879113035,1.6031288879113035,4
P015,Sports,2025-04-19,28.0,34.39716956512566,-6.397169565125658,6.397169565125658,4
P015,Sports,2025-04-20,34.0,33.45287324424367,0.5471267557563309,0.5471267557563309,4
P015,Sports,2025-04-21,30.0,26.89446869497269,3.1055313050273092,3.1055313050273092,4
P015,Sports,2025-04-22,19.0,25.261505253638862,-6.2615052536388625,6.2615052536388625,4
P015,Sports,2025-04-23,0.0,25.34821280257561,-25.34821280257561,25.34821280257561,4
P015,Sports,2025-04-24,25.0,24.11581142272261,0.8841885772773885,0.8841885772773885,4
P015,Sports,2025-04-25,26.0,24.9114461616505,1.088553838349501,1.088553838349501,4
P015,Sports,2025-04-26,35.0,30.081298770603876,4.918701229396124,4.918701229396124,4
P015,Sports,2025-04-27,18.0,31.06458511920992,-13.06458511920992,13.06458511920992,4
P015,Sports,2025-04-28,27.0,24.04045380266564,2.9595461973343618,2.9595461973343618,4
P015,Sports,2025-04-29,14.0,23.242771357108968,-9.242771357108968,9.242771357108968,4
P015,Sports,2025-04-30,24.0,22.891401074924623,1.108598925075377,1.108598925075377,4
P015,Sports,2025-05-01,19.0,22.274277174808933,-3.274277174808933,3.274277174808933,4
P016,Electronics,2024-09-04,31.0,29.935512360763823,1.0644876392361766,1.0644876392361766,1
P016,Electronics,2024-09-05,35.0,31.57515478388791,3.4248452161120895,3.4248452161120895,1
P016,Electronics,2024-09-06,32.0,31.039118383951536,0.9608816160484643,0.9608816160484643,1
P016,Electronics,2024-09-07,31.0,39.8005513559524,-8.8005513559524,8.8005513559524,1
P016,Electronics,2024-09-08,25.0,37.24147398525945,-12.241473985259447,12.241473985259447,1
P016,Electronics,2024-09-09,28.0,29.272576706767442,-1.2725767067674418,1.2725767067674418,1
P016,Electronics,2024-09-10,22.0,29.229265614460303,-7.229265614460303,7.229265614460303,1
P016,Electronics,2024-09-11,29.0,28.179997177220187,0.8200028227798128,0.8200028227798128,1
P016,Electronics,2024-09-12,34.0,34.48711656866975,-0.48711656866974806,0.48711656866974806,1
P016,Electronics,2024-09-13,34.0,29.09623842346683,4.903761576533171,4.903761576533171,1
P016,Electronics,2024-09-14,48.0,42.23492164356205,5.765078356437947,5.765078356437947,1
P016,Electronics,2024-09-15,45.0,36.501242269982,8.498757730018,8.498757730018,1
P016,Electronics,2024-09-16,29.0,30.31530961955546,-1.3153096195554603,1.3153096195554603,1
P016,Electronics,2024-09-17,34.0,35.105277594088584,-1.1052775940885837,1.1052775940885837,1
P016,Electronics,2024-09-18,32.0,29.52147438466549,2.4785256153345117,2.4785256153345117,1
P016,Electronics,2024-09-19,32.0,30.239583964540106,1.760416035459894,1.760416035459894,1
P016,Electronics,2024-09-20,32.0,30.411238567455854,1.5887614325441461,1.5887614325441461,1
P016,Electronics,2024-09-21,52.0,38.45756820511122,13.542431794888778,13.542431794888778,1
P016,Electronics,2024-09-22,42.0,38.56274379941925,3.437256200580748,3.437256200580748,1
P016,Electronics,2024-09-23,37.0,29.354670851536454,7.645329148463546,7.645329148463546,1
P016,Electronics,2024-09-24,22.0,30.135958531662187,-8.135958531662187,8.135958531662187,1
P016,Electronics,2024-09-25,22.0,29.165420455749963,-7.165420455749963,7.165420455749963,1
P016,Electronics,2024-09-26,24.0,30.126059223768966,-6.126059223768966,6.126059223768966,1
P016,Electronics,2024-09-27,29.0,29.298094789537743,-0.2980947895377426,0.2980947895377426,1
P016,Electronics,2024-09-28,60.0,64.18468676863772,-4.184686768637718,4.184686768637718,1
P016,Electronics,2024-09-29,38.0,38.426143809555526,-0.42614380955552633,0.42614380955552633,1
P016,Electronics,2024-09-30,40.0,30.75014999427673,9.249850005723271,9.249850005723271,1
P016,Electronics,2024-10-01,28.0,29.15295585704493,-1.1529558570449296,1.1529558570449296,1
P016,Electronics,2024-10-02,32.0,29.664503308388134,2.3354966916118656,2.3354966916118656,1
P016,Electronics,2024-10-03,30.0,30.0036912166646,-0.0036912166645990396,0.0036912166645990396,1
P016,Electronics,2024-10-04,36.0,30.19190177951765,5.80809822048235,5.80809822048235,1
P016,Electronics,2024-10-05,42.0,40.75891817362235,1.241081826377652,1.241081826377652,1
P016,Electronics,2024-10-06,36.0,38.49955963819803,-2.499559638198029,2.499559638198029,1
P016,Electronics,2024-10-07,36.0,32.39085442376019,3.6091455762398112,3.6091455762398112,1
P016,Electronics,2024-10-08,33.0,30.588954004958808,2.411045995041192,2.411045995041192,1
P016,Electronics,2024-10-09,35.0,31.364945292224153,3.635054707775847,3.635054707775847,1
P016,Electronics,2024-10-10,46.0,47.417748766102505,-1.4177487661025054,1.4177487661025054,1
P016,Electronics,2024-10-11,34.0,33.194837975709504,0.805162024290496,0.805162024290496,1
P016,Electronics,2024-10-12,35.0,43.61940203558109,-8.61940203558109,8.61940203558109,1
P016,Electronics,2024-10-13,28.0,41.31619778167196,-13.31619778167196,13.31619778167196,1
P016,Electronics,2024-10-14,26.0,32.264439095389946,-6.264439095389946,6.264439095389946,1
P016,Electronics,2024-10-15,34.0,31.60336864041673,2.396631359583271,2.396631359583271,1
P016,Electronics,2024-10-16,33.0,32.25154963011091,0.7484503698890919,0.7484503698890919,1
P016,Electronics,2024-10-17,25.0,32.87493235637275,-7.874932356372753,7.874932356372753,1
P016,Electronics,2024-10-18,39.0,31.60336864041673,7.396631359583271,7.396631359583271,1
P016,Electronics,2024-10-19,29.0,41.931783020758594,-12.931783020758594,12.931783020758594,1
P016,Electronics,2024-10-20,39.0,37.70404425788742,1.2959557421125822,1.2959557421125822,1
P016,Electronics,2024-10-21,27.0,30.45857847993457,-3.4585784799345696,3.4585784799345696,1
P016,Electronics,2024-10-22,31.0,29.604628673159095,1.3953713268409054,1.3953713268409054,1
P016,Electronics,2024-10-23,37.0,47.70750032180597,-10.707500321805973,10.707500321805973,1
P016,Electronics,2024-10-24,19.0,30.006472928837432,-11.006472928837432,11.006472928837432,1
P016,Electronics,2024-10-25,26.0,30.616703174084087,-4.616703174084087,4.616703174084087,1
P016,Electronics,2024-10-26,44.0,38.217148612292526,5.782851387707474,5.782851387707474,1
P016,Electronics,2024-10-27,40.0,38.61326610955254,1.3867338904474593,1.3867338904474593,1
P016,Electronics,2024-10-28,21.0,30.972847549128584,-9.972847549128584,9.972847549128584,1
P016,Electronics,2024-10-29,38.0,29.939072245097233,8.060927754902767,8.060927754902767,1
P016,Electronics,2024-10-30,54.0,47.58289002154241,6.417109978457589,6.417109978457589,1
P016,Electronics,2024-10-31,36.0,29.37565832162406,6.6243416783759415,6.6243416783759415,1
P016,Electronics,2024-11-01,29.0,30.597883273583854,-1.5978832735838537,1.5978832735838537,1
P016,Electronics,2024-11-02,23.0,39.25441092833362,-16.25441092833362,16.25441092833362,1
P016,Electronics,2024-11-03,53.0,39.931126931046606,13.068873068953394,13.068873068953394,2
P016,Electronics,2024-11-04,30.0,31.610561233786044,-1.6105612337860435,1.6105612337860435,2
P016,Electronics,2024-11-05,63.0,51.230389806139605,11.769610193860395,11.769610193860395,2
P016,Electronics,2024-11-06,29.0,35.49311574949041,-6.493115749490407,6.493115749490407,2
P016,Electronics,2024-11-07,33.0,33.885497558821235,-0.8854975588212355,0.8854975588212355,2
P016,Electronics,2024-11-08,20.0,31.11913044720258,-11.11913044720258,11.11913044720258,2
P016,Electronics,2024-11-09,32.0,39.34764596049664,-7.347645960496642,7.347645960496642,2
P016,Electronics,2024-11-10,54.0,40.7814930672967,13.2185069327033,13.2185069327033,2
P016,Electronics,2024-11-11,39.0,32.71786980039841,6.282130199601589,6.282130199601589,2
P016,Electronics,2024-11-12,42.0,36.78028501175727,5.219714988242728,5.219714988242728,2
P016,Electronics,2024-11-13,162.0,34.45498942275213,127.54501057724787,127.54501057724787,2
P016,Electronics,2024-11-14,35.0,36.66979673447501,-1.6697967344750069,1.6697967344750069,2
P016,Electronics,2024-11-15,40.0,35.688460470246,4.3115395297540005,4.3115395297540005,2
P016,Electronics,2024-11-16,50.0,45.37082855465239,4.629171445347609,4.629171445347609,2
P016,Electronics,2024-11-17,44.0,48.40557480860598,-4.4055748086059765,4.4055748086059765,2
P016,Electronics,2024-11-18,34.0,37.02810958497952,-3.028109584979518,3.028109584979518,2
P016,Electronics,2024-11-19,41.0,38.463845993012555,2.536154006987445,2.536154006987445,2
P016,Electronics,2024-11-20,26.0,38.02066918136935,-12.02066918136935,12.02066918136935,2
P016,Electronics,2024-11-21,32.0,35.45310460692469,-3.45310460692469,3.45310460692469,2
P016,Electronics,2024-11-22,23.0,35.988329653913794,-12.988329653913794,12.988329653913794,2
P016,Electronics,2024-11-23,33.0,47.21396992809463,-14.213969928094627,14.213969928094627,2
P016,Electronics,2024-11-24,45.0,47.34430982135701,-2.344309821357008,2.344309821357008,2
P016,Electronics,2024-11-25,41.0,36.02971901754488,4.970280982455122,4.970280982455122,2
P016,Electronics,2024-11-26,50.0,37.56832700555431,12.431672994445691,12.431672994445691,2
P016,Electronics,2024-11-27,34.0,37.32370736109567,-3.3237073610956713,3.3237073610956713,2
P016,Electronics,2024-11-28,32.0,35.760572511404526,-3.7605725114045256,3.7605725114045256,2
P016,Electronics,2024-11-29,97.0,80.49166404443841,16.50833595556159,16.50833595556159,2
P016,Electronics,2024-11-30,47.0,46.947626857636074,0.052373142363926206,0.052373142363926206,2
P016,Electronics,2024-12-01,63.0,48.323925276456514,14.676074723543486,14.676074723543486,2
P016,Electronics,2024-12-02,36.0,39.388152121543335,-3.3881521215433352,3.3881521215433352,2
P016,Electronics,2024-12-03,27.0,42.50781946241219,-15.507819462412193,15.507819462412193,2
P016,Electronics,2024-12-04,40.0,35.967526295467266,4.032473704532734,4.032473704532734,2
P016,Electronics,2024-12-05,37.0,36.81784928606307,0.1821507139369274,0.1821507139369274,2
P016,Electronics,2024-12-06,36.0,38.996596340537835,-2.9965963405378346,2.9965963405378346,2
P016,Electronics,2024-12-07,43.0,48.780284903497396,-5.780284903497396,5.780284903497396,2
P016,Electronics,2024-12-08,69.0,55.05728360484358,13.942716395156417,13.942716395156417,2
P016,Electronics,2024-12-09,33.0,41.252593029436554,-8.252593029436554,8.252593029436554,2
P016,Electronics,2024-12-10,24.0,39.423296059873806,-15.423296059873806,15.423296059873806,2
P016,Electronics,2024-12-11,32.0,41.71049355982358,-9.710493559823583,9.710493559823583,2
P016,Electronics,2024-12-12,34.0,38.01398095317661,-4.013980953176613,4.013980953176613,2
P016,Electronics,2024-12-13,27.0,39.30666339108891,-12.306663391088911,12.306663391088911,2
P016,Electronics,2024-12-14,46.0,47.674436964684034,-1.674436964684034,1.674436964684034,2
P016,Electronics,2024-12-15,66.0,51.836651363844744,14.163348636155256,14.163348636155256,2
P016,Electronics,2024-12-16,27.0,38.00104178963144,-11.001041789631437,11.001041789631437,2
P016,Electronics,2024-12-17,26.0,36.67970217858888,-10.679702178588883,10.679702178588883,2
P016,Electronics,2024-12-18,46.0,36.699284970250474,9.300715029749526,9.300715029749526,2
P016,Electronics,2024-12-19,38.0,37.28658982262073,0.7134101773792665,0.7134101773792665,2
P016,Electronics,2024-12-20,36.0,36.12106251210243,-0.12106251210242647,0.12106251210242647,2
P016,Electronics,2024-12-21,62.0,48.28159766948608,13.718402330513918,13.718402330513918,2
P016,Electronics,2024-12-22,43.0,52.86285825234488,-9.862858252344878,9.862858252344878,2
P016,Electronics,2024-12-23,26.0,37.43140993601091,-11.431409936010908,11.431409936010908,2
P016,Electronics,2024-12-24,48.0,36.65349291101977,11.346507088980232,11.346507088980232,2
P016,Electronics,2024-12-25,112.0,86.89845652898565,25.101543471014352,25.101543471014352,2
P016,Electronics,2024-12-26,40.0,39.077207402122085,0.9227925978779155,0.9227925978779155,2
P016,Electronics,2024-12-27,22.0,41.279267745017684,-19.279267745017684,19.279267745017684,2
P016,Electronics,2024-12-28,51.0,68.78859498829067,-17.78859498829067,17.78859498829067,2
P016,Electronics,2024-12-29,49.0,51.054865100169316,-2.054865100169316,2.054865100169316,2
P016,Electronics,2024-12-30,31.0,37.224746139738855,-6.224746139738855,6.224746139738855,2
P016,Electronics,2024-12-31,51.0,38.43731497597387,12.56268502402613,12.56268502402613,2
P016,Electronics,2025-01-01,116.0,84.71899698416232,31.281003015837683,31.281003015837683,2
P016,Electronics,2025-01-02,40.0,43.31277961601495,-3.31277961601495,3.31277961601495,3
P016,Electronics,2025-01-03,63.0,50.9225382804656,12.077461719534398,12.077461719534398,3
P016,Electronics,2025-01-04,46.0,56.587696458357684,-10.587696458357684,10.587696458357684,3
P016,Electronics,2025-01-05,58.0,55.86537135122216,2.1346286487778414,2.1346286487778414,3
P016,Electronics,2025-01-06,43.0,40.793274760884614,2.2067252391153858,2.2067252391153858,3
P016,Electronics,2025-01-07,52.0,44.10808321240814,7.89191678759186,7.89191678759186,3
P016,Electronics,2025-01-08,48.0,48.55698745554463,-0.556987455544629,0.556987455544629,3
P016,Electronics,2025-01-09,50.0,42.325414591842154,7.674585408157846,7.674585408157846,3
P016,Electronics,2025-01-10,39.0,46.7501670719305,-7.750167071930498,7.750167071930498,3
P016,Electronics,2025-01-11,48.0,58.43477017775311,-10.434770177753109,10.434770177753109,3
P016,Electronics,2025-01-12,54.0,61.000228506109515,-7.000228506109515,7.000228506109515,3
P016,Electronics,2025-01-13,51.0,44.38720883117572,6.61279116882428,6.61279116882428,3
P016,Electronics,2025-01-14,49.0,46.12059753783926,2.8794024621607406,2.8794024621607406,3
P016,Electronics,2025-01-15,53.0,46.79016113701839,6.209838862981613,6.209838862981613,3
P016,Electronics,2025-01-16,53.0,67.79122672969098,-14.791226729690976,14.791226729690976,3
P016,Electronics,2025-01-17,31.0,46.520544898542155,-15.520544898542155,15.520544898542155,3
P016,Electronics,2025-01-18,51.0,58.853267014370545,-7.8532670143705445,7.8532670143705445,3
P016,Electronics,2025-01-19,49.0,57.301284754725735,-8.301284754725735,8.301284754725735,3
P016,Electronics,2025-01-20,36.0,45.23854473449529,-9.238544734495292,9.238544734495292,3
P016,Electronics,2025-01-21,44.0,45.746932388520904,-1.7469323885209036,1.7469323885209036,3
P016,Electronics,2025-01-22,33.0,46.75545685914683,-13.755456859146832,13.755456859146832,3
P016,Electronics,2025-01-23,41.0,42.65668471093499,-1.6566847109349894,1.6566847109349894,3
P016,Electronics,2025-01-24,36.0,42.05701574589279,-6.057015745892791,6.057015745892791,3
P016,Electronics,2025-01-25,43.0,57.00088426673958,-14.000884266739583,14.000884266739583,3
P016,Electronics,2025-01-26,42.0,57.19327919269686,-15.193279192696863,15.193279192696863,3
P016,Electronics,2025-01-27,37.0,41.663035568445295,-4.663035568445295,4.663035568445295,3
P016,Electronics,2025-01-28,54.0,44.406197693115935,9.593802306884065,9.593802306884065,3
P016,Electronics,2025-01-29,45.0,45.13307705317877,-0.1330770531787735,0.1330770531787735,3
P016,Electronics,2025-01-30,49.0,42.042497810613945,6.957502189386055,6.957502189386055,3
P016,Electronics,2025-01-31,46.0,42.06108596863784,3.9389140313621596,3.9389140313621596,3
P016,Electronics,2025-02-01,70.0,53.06180068486916,16.938199315130838,16.938199315130838,3
P016,Electronics,2025-02-02,68.0,55.11303271249809,12.88696728750191,12.88696728750191,3
P016,Electronics,2025-02-03,55.0,41.923034871971076,13.076965128028924,13.076965128028924,3
P016,Electronics,2025-02-04,66.0,64.44491572476402,1.5550842752359841,1.5550842752359841,3
P016,Electronics,2025-02-05,49.0,42.449074340685456,6.550925659314544,6.550925659314544,3
P016,Electronics,2025-02-06,55.0,67.90766601857234,-12.907666018572343,12.907666018572343,3
P016,Electronics,2025-02-07,42.0,43.480996938993606,-1.4809969389936057,1.4809969389936057,3
P016,Electronics,2025-02-08,73.0,57.05457964594662,15.945420354053383,15.945420354053383,3
P016,Electronics,2025-02-09,54.0,59.979372011954105,-5.979372011954105,5.979372011954105,3
P016,Electronics,2025-02-10,47.0,45.6727156637997,1.3272843362003002,1.3272843362003002,3
P016,Electronics,2025-02-11,57.0,48.1005068804725,8.899493119527499,8.899493119527499,3
P016,Electronics,2025-02-12,53.0,46.207668986062934,6.792331013937066,6.792331013937066,3
P016,Electronics,2025-02-13,51.0,46.820656817613184,4.179343182386816,4.179343182386816,3
P016,Electronics,2025-02-14,48.0,45.903786570916736,2.0962134290832637,2.0962134290832637,3
P016,Electronics,2025-02-15,76.0,64.98240007732728,11.017599922672716,11.017599922672716,3
P016,Electronics,2025-02-16,54.0,62.91434774702475,-8.914347747024749,8.914347747024749,3
P016,Electronics,2025-02-17,91.0,74.55845971321777,16.441540286782228,16.441540286782228,3
P016,Electronics,2025-02-18,48.0,53.42276109216039,-5.422761092160393,5.422761092160393,3
P016,Electronics,2025-02-19,58.0,50.292480570538444,7.707519429461556,7.707519429461556,3
P016,Electronics,2025-02-20,59.0,50.831137073525156,8.168862926474844,8.168862926474844,3
P016,Electronics,2025-02-21,53.0,52.01311492713402,0.9868850728659808,0.9868850728659808,3
P016,Electronics,2025-02-22,81.0,71.67722400443112,9.322775995568875,9.322775995568875,3
P016,Electronics,2025-02-23,76.0,67.50056303180926,8.499436968190736,8.499436968190736,3
P016,Electronics,2025-02-24,49.0,56.795793431277836,-7.795793431277836,7.795793431277836,3
P016,Electronics,2025-02-25,55.0,53.33506774388578,1.66493225611422,1.66493225611422,3
P016,Electronics,2025-02-26,56.0,54.12980665254212,1.870193347457878,1.870193347457878,3
P016,Electronics,2025-02-27,65.0,53.99103040196781,11.008969598032188,11.008969598032188,3
P016,Electronics,2025-02-28,35.0,53.91305047882425,-18.913050478824253,18.913050478824253,3
P016,Electronics,2025-03-01,83.0,70.90419855633074,12.09580144366926,12.09580144366926,3
P016,Electronics,2025-03-02,42.0,70.70238941719215,-28.70238941719215,28.70238941719215,3
P016,Electronics,2025-03-03,59.0,54.56261074623104,4.437389253768963,4.437389253768963,4
P016,Electronics,2025-03-04,59.0,54.89571942102547,4.104280578974532,4.104280578974532,4
P016,Electronics,2025-03-05,51.0,54.4332251108445,-3.4332251108445035,3.4332251108445035,4
P016,Electronics,2025-03-06,61.0,55.29815144106012,5.701848558939879,5.701848558939879,4
P016,Electronics,2025-03-07,39.0,51.975544559620744,-12.975544559620744,12.975544559620744,4
P016,Electronics,2025-03-08,55.0,72.32844152396174,-17.328441523961743,17.328441523961743,4
P016,Electronics,2025-03-09,71.0,86.11749785904247,-15.117497859042473,15.117497859042473,4
P016,Electronics,2025-03-10,76.0,83.12714682180173,-7.12714682180173,7.12714682180173,4
P016,Electronics,2025-03-11,67.0,53.99944573842672,13.000554261573278,13.000554261573278,4
P016,Electronics,2025-03-12,70.0,53.245449668701546,16.754550331298454,16.754550331298454,4
P016,Electronics,2025-03-13,53.0,56.583231886998675,-3.583231886998675,3.583231886998675,4
P016,Electronics,2025-03-14,57.0,53.90644191736842,3.0935580826315814,3.0935580826315814,4
P016,Electronics,2025-03-15,98.0,72.4850770291567,25.5149229708433,25.5149229708433,4
P016,Electronics,2025-03-16,62.0,70.69508109831301,-8.695081098313011,8.695081098313011,4
P016,Electronics,2025-03-17,46.0,59.64902899211249,-13.649028992112491,13.649028992112491,4
P016,Electronics,2025-03-18,67.0,56.171040984900515,10.828959015099485,10.828959015099485,4
P016,Electronics,2025-03-19,48.0,57.566719199456934,-9.566719199456934,9.566719199456934,4
P016,Electronics,2025-03-20,43.0,56.36499462890496,-13.36499462890496,13.36499462890496,4
P016,Electronics,2025-03-21,66.0,54.30641356498496,11.693586435015042,11.693586435015042,4
P016,Electronics,2025-03-22,90.0,76.2805084938443,13.719491506155705,13.719491506155705,4
P016,Electronics,2025-03-23,61.0,73.87940205815785,-12.87940205815785,12.87940205815785,4
P016,Electronics,2025-03-24,55.0,54.50376130668485,0.49623869331514925,0.49623869331514925,4
P016,Electronics,2025-03-25,67.0,57.1990735963361,9.800926403663901,9.800926403663901,4
P016,Electronics,2025-03-26,46.0,56.354780580947654,-10.354780580947654,10.354780580947654,4
P016,Electronics,2025-03-27,68.0,55.58908562819151,12.410914371808488,12.410914371808488,4
P016,Electronics,2025-03-28,74.0,56.66439006345423,17.335609936545772,17.335609936545772,4
P016,Electronics,2025-03-29,49.0,78.1039447597571,-29.1039447597571,29.1039447597571,4
P016,Electronics,2025-03-30,48.0,68.95631124003442,-20.956311240034424,20.956311240034424,4
P016,Electronics,2025-03-31,35.0,56.250872482002556,-21.250872482002556,21.250872482002556,4
P016,Electronics,2025-04-01,49.0,56.69586431943664,-7.695864319436637,7.695864319436637,4
P016,Electronics,2025-04-02,39.0,50.93137334521757,-11.931373345217573,11.931373345217573,4
P016,Electronics,2025-04-03,70.0,52.783272919597906,17.216727080402094,17.216727080402094,4
P016,Electronics,2025-04-04,43.0,55.325473464778675,-12.325473464778675,12.325473464778675,4
P016,Electronics,2025-04-05,63.0,65.00459702582054,-2.0045970258205443,2.0045970258205443,4
P016,Electronics,2025-04-06,101.0,91.74199217021105,9.258007829788951,9.258007829788951,4
P016,Electronics,2025-04-07,45.0,55.11305051261829,-10.113050512618287,10.113050512618287,4
P016,Electronics,2025-04-08,56.0,54.88540001715781,1.1145999828421935,1.1145999828421935,4
P016,Electronics,2025-04-09,64.0,51.98390914918887,12.016090850811132,12.016090850811132,4
P016,Electronics,2025-04-10,96.0,54.01173369480216,41.98826630519784,41.98826630519784,4
P016,Electronics,2025-04-11,61.0,56.90936109909605,4.090638900903947,4.090638900903947,4
P016,Electronics,2025-04-12,44.0,71.61517034107597,-27.615170341075967,27.615170341075967,4
P016,Electronics,2025-04-13,80.0,71.54270347038154,8.45729652961846,8.45729652961846,4
P016,Electronics,2025-04-14,60.0,53.25664039901298,6.74335960098702,6.74335960098702,4
P016,Electronics,2025-04-15,62.0,56.41663849566293,5.58336150433707,5.58336150433707,4
P016,Electronics,2025-04-16,54.0,54.07665757980319,-0.07665757980318944,0.07665757980318944,4
P016,Electronics,2025-04-17,67.0,56.985280290471586,10.014719709528414,10.014719709528414,4
P016,Electronics,2025-04-18,52.0,55.90035629253491,-3.9003562925349087,3.9003562925349087,4
P016,Electronics,2025-04-19,74.0,70.59692601069274,3.4030739893072592,3.4030739893072592,4
P016,Electronics,2025-04-20,72.0,75.5479263346398,-3.547926334639797,3.547926334639797,4
P016,Electronics,2025-04-21,57.0,55.70280708886175,1.2971929111382465,1.2971929111382465,4
P016,Electronics,2025-04-22,51.0,56.22315969593682,-5.223159695936822,5.223159695936822,4
P016,Electronics,2025-04-23,70.0,54.58057270792588,15.419427292074118,15.419427292074118,4
P016,Electronics,2025-04-24,73.0,56.725090812518545,16.274909187481455,16.274909187481455,4
P016,Electronics,2025-04-25,80.0,56.10978304969039,23.890216950309608,23.890216950309608,4
P016,Electronics,2025-04-26,71.0,71.37360410191677,-0.3736041019167686,0.3736041019167686,4
P016,Electronics,2025-04-27,72.0,74.63343991430717,-2.633439914307175,2.633439914307175,4
P016,Electronics,2025-04-28,59.0,56.21478480039606,2.7852151996039396,2.7852151996039396,4
P016,Electronics,2025-04-29,45.0,55.81061224595024,-10.810612245950239,10.810612245950239,4
P016,Electronics,2025-04-30,107.0,90.45100946752204,16.54899053247796,16.54899053247796,4
P016,Electronics,2025-05-01,51.0,61.26193103538865,-10.261931035388649,10.261931035388649,4
P017,Home & Kitchen,2024-09-04,27.0,29.830776664696995,-2.8307766646969945,2.8307766646969945,1
P017,Home & Kitchen,2024-09-05,34.0,29.219609628983456,4.780390371016544,4.780390371016544,1
P017,Home & Kitchen,2024-09-06,35.0,29.355680942830542,5.644319057169458,5.644319057169458,1
P017,Home & Kitchen,2024-09-07,24.0,36.64696843404989,-12.646968434049889,12.646968434049889,1
P017,Home & Kitchen,2024-09-08,34.0,40.79856509947433,-6.798565099474331,6.798565099474331,1
P017,Home & Kitchen,2024-09-09,42.0,27.20493926054146,14.795060739458538,14.795060739458538,1
P017,Home & Kitchen,2024-09-10,33.0,28.680978108332518,4.319021891667482,4.319021891667482,1
P017,Home & Kitchen,2024-09-11,35.0,28.16451618331342,6.83548381668658,6.83548381668658,1
P017,Home & Kitchen,2024-09-12,47.0,28.824259296029773,18.175740703970227,18.175740703970227,1
P017,Home & Kitchen,2024-09-13,55.0,46.15192791752578,8.848072082474218,8.848072082474218,1
P017,Home & Kitchen,2024-09-14,47.0,39.501865136452956,7.498134863547044,7.498134863547044,1
P017,Home & Kitchen,2024-09-15,32.0,40.99491079244833,-8.99491079244833,8.99491079244833,1
P017,Home & Kitchen,2024-09-16,39.0,31.17720122397336,7.822798776026641,7.822798776026641,1
P017,Home & Kitchen,2024-09-17,40.0,31.77105399685514,8.22894600314486,8.22894600314486,1
P017,Home & Kitchen,2024-09-18,31.0,32.83868028129759,-1.8386802812975915,1.8386802812975915,1
P017,Home & Kitchen,2024-09-19,44.0,34.12241301943538,9.877586980564622,9.877586980564622,1
P017,Home & Kitchen,2024-09-20,32.0,33.66826311209473,-1.6682631120947278,1.6682631120947278,1
P017,Home & Kitchen,2024-09-21,48.0,42.46655960991349,5.533440390086511,5.533440390086511,1
P017,Home & Kitchen,2024-09-22,61.0,42.11055303004452,18.88944696995548,18.88944696995548,1
P017,Home & Kitchen,2024-09-23,34.0,33.30716296967201,0.6928370303279934,0.6928370303279934,1
P017,Home & Kitchen,2024-09-24,36.0,32.4615255595525,3.5384744404475015,3.5384744404475015,1
P017,Home & Kitchen,2024-09-25,14.0,34.16379848836626,-20.16379848836626,20.16379848836626,1
P017,Home & Kitchen,2024-09-26,33.0,34.27328704411338,-1.2732870441133812,1.2732870441133812,1
P017,Home & Kitchen,2024-09-27,26.0,32.427996687447276,-6.427996687447276,6.427996687447276,1
P017,Home & Kitchen,2024-09-28,40.0,42.02329459794293,-2.023294597942929,2.023294597942929,1
P017,Home & Kitchen,2024-09-29,44.0,44.06962700078625,-0.06962700078624806,0.06962700078624806,1
P017,Home & Kitchen,2024-09-30,25.0,31.823440691415357,-6.823440691415357,6.823440691415357,1
P017,Home & Kitchen,2024-10-01,35.0,32.82394225938195,2.176057740618049,2.176057740618049,1
P017,Home & Kitchen,2024-10-02,21.0,33.16459327741743,-12.164593277417431,12.164593277417431,1
P017,Home & Kitchen,2024-10-03,17.0,32.38575396697308,-15.385753966973077,15.385753966973077,1
P017,Home & Kitchen,2024-10-04,72.0,31.406780832973652,40.59321916702635,40.59321916702635,1
P017,Home & Kitchen,2024-10-05,62.0,43.51002137626213,18.48997862373787,18.48997862373787,1
P017,Home & Kitchen,2024-10-06,52.0,59.38673777389502,-7.386737773895021,7.386737773895021,1
P017,Home & Kitchen,2024-10-07,28.0,34.50013348268692,-6.50013348268692,6.50013348268692,1
P017,Home & Kitchen,2024-10-08,28.0,34.78491231954308,-6.784912319543082,6.784912319543082,1
P017,Home & Kitchen,2024-10-09,49.0,32.84253472822003,16.15746527177997,16.15746527177997,1
P017,Home & Kitchen,2024-10-10,37.0,34.940818511497405,2.0591814885025954,2.0591814885025954,1
P017,Home & Kitchen,2024-10-11,42.0,64.8550597567304,-22.855059756730398,22.855059756730398,1
P017,Home & Kitchen,2024-10-12,44.0,45.63068940093097,-1.6306894009309687,1.6306894009309687,1
P017,Home & Kitchen,2024-10-13,38.0,45.304275677536644,-7.304275677536644,7.304275677536644,1
P017,Home & Kitchen,2024-10-14,44.0,34.867425596090236,9.132574403909764,9.132574403909764,1
P017,Home & Kitchen,2024-10-15,19.0,35.46821698262693,-16.468216982626927,16.468216982626927,1
P017,Home & Kitchen,2024-10-16,23.0,35.51210058757512,-12.51210058757512,12.51210058757512,1
P017,Home & Kitchen,2024-10-17,37.0,35.535157217183865,1.4648427828161346,1.4648427828161346,1
P017,Home & Kitchen,2024-10-18,43.0,36.258017941170394,6.741982058829606,6.741982058829606,1
P017,Home & Kitchen,2024-10-19,46.0,46.4328926484784,-0.4328926484784006,0.4328926484784006,1
P017,Home & Kitchen,2024-10-20,44.0,45.55940790925425,-1.5594079092542472,1.5594079092542472,1
P017,Home & Kitchen,2024-10-21,30.0,35.05852243928059,-5.058522439280587,5.058522439280587,1
P017,Home & Kitchen,2024-10-22,31.0,34.30682741208889,-3.306827412088893,3.306827412088893,1
P017,Home & Kitchen,2024-10-23,46.0,32.32862482872178,13.671375171278221,13.671375171278221,1
P017,Home & Kitchen,2024-10-24,34.0,35.19161324005134,-1.191613240051339,1.191613240051339,1
P017,Home & Kitchen,2024-10-25,28.0,35.285430175888685,-7.285430175888685,7.285430175888685,1
P017,Home & Kitchen,2024-10-26,52.0,45.24843462483678,6.751565375163217,6.751565375163217,1
P017,Home & Kitchen,2024-10-27,58.0,44.18753146833032,13.81246853166968,13.81246853166968,1
P017,Home & Kitchen,2024-10-28,23.0,34.9365571496955,-11.936557149695503,11.936557149695503,1
P017,Home & Kitchen,2024-10-29,32.0,33.812508648619215,-1.8125086486192146,1.8125086486192146,1
P017,Home & Kitchen,2024-10-30,31.0,35.28736677895456,-4.2873667789545635,4.2873667789545635,1
P017,Home & Kitchen,2024-10-31,22.0,33.72253558997424,-11.722535589974242,11.722535589974242,1
P017,Home & Kitchen,2024-11-01,42.0,55.66198673890814,-13.66198673890814,13.66198673890814,1
P017,Home & Kitchen,2024-11-02,42.0,47.02196252880908,-5.021962528809077,5.021962528809077,1
P017,Home & Kitchen,2024-11-03,41.0,46.23993921143381,-5.239939211433807,5.239939211433807,2
P017,Home & Kitchen,2024-11-04,60.0,44.61068354971503,15.389316450284973,15.389316450284973,2
P017,Home & Kitchen,2024-11-05,31.0,35.50264202201714,-4.502642022017142,4.502642022017142,2
P017,Home & Kitchen,2024-11-06,33.0,34.95124538367854,-1.9512453836785397,1.9512453836785397,2
P017,Home & Kitchen,2024-11-07,36.0,34.00497943779683,1.9950205622031731,1.9950205622031731,2
P017,Home & Kitchen,2024-11-08,30.0,35.651773526062335,-5.651773526062335,5.651773526062335,2
P017,Home & Kitchen,2024-11-09,42.0,44.886859911304086,-2.886859911304086,2.886859911304086,2
P017,Home & Kitchen,2024-11-10,65.0,44.66334413560653,20.33665586439347,20.33665586439347,2
P017,Home & Kitchen,2024-11-11,42.0,38.35443501166882,3.6455649883311807,3.6455649883311807,2
P017,Home & Kitchen,2024-11-12,53.0,47.02783832328556,5.9721616767144425,5.9721616767144425,2
P017,Home & Kitchen,2024-11-13,30.0,35.99089945578088,-5.990899455780877,5.990899455780877,2
P017,Home & Kitchen,2024-11-14,34.0,37.79039631322419,-3.7903963132241927,3.7903963132241927,2
P017,Home & Kitchen,2024-11-15,25.0,35.8794655279801,-10.879465527980102,10.879465527980102,2
P017,Home & Kitchen,2024-11-16,49.0,45.66173918829942,3.3382608117005788,3.3382608117005788,2
P017,Home & Kitchen,2024-11-17,34.0,48.61901328277615,-14.619013282776152,14.619013282776152,2
P017,Home & Kitchen,2024-11-18,37.0,36.84409119506183,0.15590880493817139,0.15590880493817139,2
P017,Home & Kitchen,2024-11-19,44.0,37.11876426552402,6.881235734475979,6.881235734475979,2
P017,Home & Kitchen,2024-11-20,23.0,35.97805549156696,-12.978055491566963,12.978055491566963,2
P017,Home & Kitchen,2024-11-21,45.0,34.40721274294323,10.59278725705677,10.59278725705677,2
P017,Home & Kitchen,2024-11-22,36.0,35.51530876568326,0.48469123431674177,0.48469123431674177,2
P017,Home & Kitchen,2024-11-23,39.0,46.941425345998034,-7.941425345998034,7.941425345998034,2
P017,Home & Kitchen,2024-11-24,52.0,47.27913988173979,4.720860118260212,4.720860118260212,2
P017,Home & Kitchen,2024-11-25,44.0,35.83833823803208,8.16166176196792,8.16166176196792,2
P017,Home & Kitchen,2024-11-26,41.0,38.042803042085076,2.957196957914924,2.957196957914924,2
P017,Home & Kitchen,2024-11-27,41.0,36.82355344386917,4.176446556130827,4.176446556130827,2
P017,Home & Kitchen,2024-11-28,29.0,37.84569790448306,-8.84569790448306,8.84569790448306,2
P017,Home & Kitchen,2024-11-29,62.0,73.72908902328356,-11.729089023283564,11.729089023283564,2
P017,Home & Kitchen,2024-11-30,49.0,47.985548294214084,1.0144517057859161,1.0144517057859161,2
P017,Home & Kitchen,2024-12-01,51.0,48.496880712255944,2.503119287744056,2.503119287744056,2
P017,Home & Kitchen,2024-12-02,30.0,40.56604087498426,-10.56604087498426,10.56604087498426,2
P017,Home & Kitchen,2024-12-03,27.0,38.11308606972794,-11.113086069727942,11.113086069727942,2
P017,Home & Kitchen,2024-12-04,24.0,37.37143048485422,-13.371430484854223,13.371430484854223,2
P017,Home & Kitchen,2024-12-05,38.0,37.26706466941234,0.732935330587658,0.732935330587658,2
P017,Home & Kitchen,2024-12-06,27.0,40.401038253269476,-13.401038253269476,13.401038253269476,2
P017,Home & Kitchen,2024-12-07,60.0,48.381479021071264,11.618520978928736,11.618520978928736,2
P017,Home & Kitchen,2024-12-08,71.0,70.0208013573434,0.9791986426565984,0.9791986426565984,2
P017,Home & Kitchen,2024-12-09,32.0,38.90551474752602,-6.90551474752602,6.90551474752602,2
P017,Home & Kitchen,2024-12-10,23.0,37.35447047382959,-14.354470473829593,14.354470473829593,2
P017,Home & Kitchen,2024-12-11,36.0,35.234138320215905,0.7658616797840949,0.7658616797840949,2
P017,Home & Kitchen,2024-12-12,30.0,37.63444203710727,-7.63444203710727,7.63444203710727,2
P017,Home & Kitchen,2024-12-13,24.0,37.3180236042835,-13.318023604283503,13.318023604283503,2
P017,Home & Kitchen,2024-12-14,48.0,47.70305129530642,0.2969487046935768,0.2969487046935768,2
P017,Home & Kitchen,2024-12-15,40.0,48.26235692492243,-8.262356924922429,8.262356924922429,2
P017,Home & Kitchen,2024-12-16,20.0,37.202787075070326,-17.202787075070326,17.202787075070326,2
P017,Home & Kitchen,2024-12-17,39.0,33.935922563391,5.064077436608997,5.064077436608997,2
P017,Home & Kitchen,2024-12-18,24.0,35.11510001855771,-11.115100018557712,11.115100018557712,2
P017,Home & Kitchen,2024-12-19,37.0,34.50743275551232,2.492567244487681,2.492567244487681,2
P017,Home & Kitchen,2024-12-20,67.0,43.385696962575764,23.614303037424236,23.614303037424236,2
P017,Home & Kitchen,2024-12-21,40.0,49.88259333539994,-9.882593335399939,9.882593335399939,2
P017,Home & Kitchen,2024-12-22,57.0,48.60294639789043,8.397053602109573,8.397053602109573,2
P017,Home & Kitchen,2024-12-23,30.0,37.00158702494677,-7.001587024946772,7.001587024946772,2
P017,Home & Kitchen,2024-12-24,35.0,35.827172266878556,-0.8271722668785557,0.8271722668785557,2
P017,Home & Kitchen,2024-12-25,48.0,70.51901138578293,-22.51901138578293,22.51901138578293,2
P017,Home & Kitchen,2024-12-26,37.0,36.75172091532431,0.24827908467568705,0.24827908467568705,2
P017,Home & Kitchen,2024-12-27,35.0,41.17056168776113,-6.170561687761129,6.170561687761129,2
P017,Home & Kitchen,2024-12-28,83.0,45.727417449281916,37.272582550718084,37.272582550718084,2
P017,Home & Kitchen,2024-12-29,26.0,50.969201762687945,-24.969201762687945,24.969201762687945,2
P017,Home & Kitchen,2024-12-30,30.0,34.443132584191495,-4.4431325841914955,4.4431325841914955,2
P017,Home & Kitchen,2024-12-31,38.0,36.427564010902216,1.5724359890977837,1.5724359890977837,2
P017,Home & Kitchen,2025-01-01,104.0,80.41409977016924,23.585900229830756,23.585900229830756,2
P017,Home & Kitchen,2025-01-02,33.0,39.563533784184045,-6.563533784184045,6.563533784184045,3
P017,Home & Kitchen,2025-01-03,45.0,40.45749708510971,4.542502914890292,4.542502914890292,3
P017,Home & Kitchen,2025-01-04,54.0,51.98400905979589,2.0159909402041123,2.0159909402041123,3
P017,Home & Kitchen,2025-01-05,55.0,49.54210182567621,5.4578981743237875,5.4578981743237875,3
P017,Home & Kitchen,2025-01-06,20.0,37.90998313973711,-17.909983139737108,17.909983139737108,3
P017,Home & Kitchen,2025-01-07,39.0,37.54179573604205,1.4582042639579527,1.4582042639579527,3
P017,Home & Kitchen,2025-01-08,47.0,44.38072670434756,2.619273295652441,2.619273295652441,3
P017,Home & Kitchen,2025-01-09,26.0,37.99731942828615,-11.997319428286147,11.997319428286147,3
P017,Home & Kitchen,2025-01-10,31.0,37.990773443012095,-6.990773443012095,6.990773443012095,3
P017,Home & Kitchen,2025-01-11,35.0,51.72741659536682,-16.72741659536682,16.72741659536682,3
P017,Home & Kitchen,2025-01-12,60.0,47.865489578550296,12.134510421449704,12.134510421449704,3
P017,Home & Kitchen,2025-01-13,33.0,36.746590050606,-3.7465900506060024,3.7465900506060024,3
P017,Home & Kitchen,2025-01-14,42.0,38.14947573225493,3.8505242677450724,3.8505242677450724,3
P017,Home & Kitchen,2025-01-15,34.0,41.59559079556285,-7.595590795562849,7.595590795562849,3
P017,Home & Kitchen,2025-01-16,34.0,37.5226357923584,-3.5226357923584004,3.5226357923584004,3
P017,Home & Kitchen,2025-01-17,34.0,38.83568585754955,-4.835685857549549,4.835685857549549,3
P017,Home & Kitchen,2025-01-18,57.0,48.5534019418084,8.446598058191597,8.446598058191597,3
P017,Home & Kitchen,2025-01-19,55.0,52.44784859434882,2.5521514056511805,2.5521514056511805,3
P017,Home & Kitchen,2025-01-20,39.0,36.90961769418022,2.09038230581978,2.09038230581978,3
P017,Home & Kitchen,2025-01-21,48.0,37.60000459557718,10.399995404422818,10.399995404422818,3
P017,Home & Kitchen,2025-01-22,44.0,39.55858115403756,4.441418845962438,4.441418845962438,3
P017,Home & Kitchen,2025-01-23,51.0,38.29834210786648,12.701657892133518,12.701657892133518,3
P017,Home & Kitchen,2025-01-24,25.0,38.704365322157614,-13.704365322157614,13.704365322157614,3
P017,Home & Kitchen,2025-01-25,45.0,52.18564518622707,-7.18564518622707,7.18564518622707,3
P017,Home & Kitchen,2025-01-26,70.0,50.46213958045678,19.53786041954322,19.53786041954322,3
P017,Home & Kitchen,2025-01-27,27.0,39.20008020952397,-12.200080209523968,12.200080209523968,3
P017,Home & Kitchen,2025-01-28,50.0,39.38385813547395,10.61614186452605,10.61614186452605,3
P017,Home & Kitchen,2025-01-29,31.0,40.63742078342936,-9.637420783429363,9.637420783429363,3
P017,Home & Kitchen,2025-01-30,35.0,38.6427056396669,-3.6427056396669,3.6427056396669,3
P017,Home & Kitchen,2025-01-31,33.0,37.33235391675122,-4.332353916751217,4.332353916751217,3
P017,Home & Kitchen,2025-02-01,56.0,49.33798969791697,6.662010302083033,6.662010302083033,3
P017,Home & Kitchen,2025-02-02,78.0,51.95830290033835,26.041697099661647,26.041697099661647,3
P017,Home & Kitchen,2025-02-03,48.0,37.455724770310255,10.544275229689745,10.544275229689745,3
P017,Home & Kitchen,2025-02-04,67.0,52.54232182273453,14.457678177265471,14.457678177265471,3
P017,Home & Kitchen,2025-02-05,56.0,39.66953642619694,16.33046357380306,16.33046357380306,3
P017,Home & Kitchen,2025-02-06,32.0,40.888481869446345,-8.888481869446345,8.888481869446345,3
P017,Home & Kitchen,2025-02-07,27.0,38.60939137074009,-11.609391370740092,11.609391370740092,3
P017,Home & Kitchen,2025-02-08,58.0,52.788207468219355,5.211792531780645,5.211792531780645,3
P017,Home & Kitchen,2025-02-09,82.0,75.79438063479498,6.205619365205024,6.205619365205024,3
P017,Home & Kitchen,2025-02-10,23.0,42.85574776328776,-19.85574776328776,19.85574776328776,3
P017,Home & Kitchen,2025-02-11,44.0,45.39208012255504,-1.3920801225550434,1.3920801225550434,3
P017,Home & Kitchen,2025-02-12,27.0,43.256610622793275,-16.256610622793275,16.256610622793275,3
P017,Home & Kitchen,2025-02-13,33.0,40.49600718492012,-7.496007184920117,7.496007184920117,3
P017,Home & Kitchen,2025-02-14,43.0,40.347397665028055,2.652602334971945,2.652602334971945,3
P017,Home & Kitchen,2025-02-15,63.0,57.12299535948148,5.877004640518521,5.877004640518521,3
P017,Home & Kitchen,2025-02-16,58.0,58.59046220805002,-0.5904622080500204,0.5904622080500204,3
P017,Home & Kitchen,2025-02-17,39.0,41.73891547323569,-2.738915473235693,2.738915473235693,3
P017,Home & Kitchen,2025-02-18,59.0,62.707198582131475,-3.7071985821314755,3.7071985821314755,3
P017,Home & Kitchen,2025-02-19,31.0,42.00659057574799,-11.006590575747992,11.006590575747992,3
P017,Home & Kitchen,2025-02-20,40.0,40.97303701348989,-0.9730370134898934,0.9730370134898934,3
P017,Home & Kitchen,2025-02-21,37.0,41.1308255032625,-4.1308255032625,4.1308255032625,3
P017,Home & Kitchen,2025-02-22,59.0,56.30228640876214,2.697713591237857,2.697713591237857,3
P017,Home & Kitchen,2025-02-23,73.0,58.242101301956474,14.757898698043526,14.757898698043526,3
P017,Home & Kitchen,2025-02-24,40.0,41.88435284076735,-1.8843528407673489,1.8843528407673489,3
P017,Home & Kitchen,2025-02-25,50.0,43.78663852545256,6.21336147454744,6.21336147454744,3
P017,Home & Kitchen,2025-02-26,32.0,41.061729554148044,-9.061729554148044,9.061729554148044,3
P017,Home & Kitchen,2025-02-27,36.0,41.07252344543456,-5.0725234454345625,5.0725234454345625,3
P017,Home & Kitchen,2025-02-28,23.0,40.96692611392749,-17.966926113927492,17.966926113927492,3
P017,Home & Kitchen,2025-03-01,44.0,57.41883735543532,-13.418837355435322,13.418837355435322,3
P017,Home & Kitchen,2025-03-02,52.0,58.19446499783332,-6.194464997833322,6.194464997833322,3
P017,Home & Kitchen,2025-03-03,41.0,41.24368383694576,-0.24368383694576323,0.24368383694576323,4
P017,Home & Kitchen,2025-03-04,33.0,43.271839861305125,-10.271839861305125,10.271839861305125,4
P017,Home & Kitchen,2025-03-05,27.0,39.31628984967618,-12.316289849676181,12.316289849676181,4
P017,Home & Kitchen,2025-03-06,40.0,38.76133685303094,1.2386631469690599,1.2386631469690599,4
P017,Home & Kitchen,2025-03-07,22.0,38.41879598471037,-16.41879598471037,16.41879598471037,4
P017,Home & Kitchen,2025-03-08,40.0,60.02300838416817,-20.023008384168172,20.023008384168172,4
P017,Home & Kitchen,2025-03-09,46.0,52.51581310614346,-6.515813106143462,6.515813106143462,4
P017,Home & Kitchen,2025-03-10,41.0,36.616946312652004,4.383053687347996,4.383053687347996,4
P017,Home & Kitchen,2025-03-11,46.0,55.18879062423765,-9.188790624237647,9.188790624237647,4
P017,Home & Kitchen,2025-03-12,38.0,36.80512325792893,1.1948767420710666,1.1948767420710666,4
P017,Home & Kitchen,2025-03-13,44.0,37.240180145118416,6.759819854881584,6.759819854881584,4
P017,Home & Kitchen,2025-03-14,42.0,36.478211853752555,5.521788146247445,5.521788146247445,4
P017,Home & Kitchen,2025-03-15,82.0,49.10044382728686,32.89955617271314,32.89955617271314,4
P017,Home & Kitchen,2025-03-16,60.0,51.9444636800639,8.055536319936103,8.055536319936103,4
P017,Home & Kitchen,2025-03-17,50.0,38.91350572627612,11.08649427372388,11.08649427372388,4
P017,Home & Kitchen,2025-03-18,43.0,40.95858625891214,2.041413741087858,2.041413741087858,4
P017,Home & Kitchen,2025-03-19,34.0,38.84041291309553,-4.840412913095527,4.840412913095527,4
P017,Home & Kitchen,2025-03-20,28.0,39.20906574007957,-11.209065740079573,11.209065740079573,4
P017,Home & Kitchen,2025-03-21,39.0,37.462604616483546,1.5373953835164542,1.5373953835164542,4
P017,Home & Kitchen,2025-03-22,39.0,53.16178500109475,-14.16178500109475,14.16178500109475,4
P017,Home & Kitchen,2025-03-23,55.0,53.47000746946279,1.529992530537207,1.529992530537207,4
P017,Home & Kitchen,2025-03-24,36.0,38.13429259214474,-2.134292592144739,2.134292592144739,4
P017,Home & Kitchen,2025-03-25,48.0,38.42367537462816,9.57632462537184,9.57632462537184,4
P017,Home & Kitchen,2025-03-26,43.0,51.83306532764547,-8.833065327645471,8.833065327645471,4
P017,Home & Kitchen,2025-03-27,41.0,37.32478674850085,3.6752132514991516,3.6752132514991516,4
P017,Home & Kitchen,2025-03-28,28.0,37.523590113862376,-9.523590113862376,9.523590113862376,4
P017,Home & Kitchen,2025-03-29,117.0,76.6109227302982,40.3890772697018,40.3890772697018,4
P017,Home & Kitchen,2025-03-30,79.0,53.05085819042834,25.949141809571657,25.949141809571657,4
P017,Home & Kitchen,2025-03-31,30.0,42.03251777072037,-12.032517770720368,12.032517770720368,4
P017,Home & Kitchen,2025-04-01,38.0,39.91975356282986,-1.919753562829861,1.919753562829861,4
P017,Home & Kitchen,2025-04-02,61.0,40.63939587359373,20.360604126406272,20.360604126406272,4
P017,Home & Kitchen,2025-04-03,30.0,43.02043034762282,-13.02043034762282,13.02043034762282,4
P017,Home & Kitchen,2025-04-04,24.0,40.34993988099057,-16.34993988099057,16.34993988099057,4
P017,Home & Kitchen,2025-04-05,61.0,54.54008016327848,6.459919836721518,6.459919836721518,4
P017,Home & Kitchen,2025-04-06,42.0,57.454801312664614,-15.454801312664614,15.454801312664614,4
P017,Home & Kitchen,2025-04-07,40.0,39.68608246609577,0.31391753390423105,0.31391753390423105,4
P017,Home & Kitchen,2025-04-08,45.0,42.30701823934762,2.69298176065238,2.69298176065238,4
P017,Home & Kitchen,2025-04-09,28.0,43.065167795954046,-15.065167795954046,15.065167795954046,4
P017,Home & Kitchen,2025-04-10,24.0,39.550427777085915,-15.550427777085915,15.550427777085915,4
P017,Home & Kitchen,2025-04-11,46.0,38.068281950616594,7.931718049383406,7.931718049383406,4
P017,Home & Kitchen,2025-04-12,81.0,58.49254008028298,22.50745991971702,22.50745991971702,4
P017,Home & Kitchen,2025-04-13,53.0,53.887526588559616,-0.8875265885596164,0.8875265885596164,4
P017,Home & Kitchen,2025-04-14,49.0,40.36163644398394,8.63836355601606,8.63836355601606,4
P017,Home & Kitchen,2025-04-15,62.0,45.43722633861732,16.56277366138268,16.56277366138268,4
P017,Home & Kitchen,2025-04-16,43.0,39.61641148714885,3.383588512851148,3.383588512851148,4
P017,Home & Kitchen,2025-04-17,38.0,39.305817332965965,-1.3058173329659652,1.3058173329659652,4
P017,Home & Kitchen,2025-04-18,43.0,40.807929169527746,2.192070830472254,2.192070830472254,4
P017,Home & Kitchen,2025-04-19,69.0,56.46771371657725,12.53228628342275,12.53228628342275,4
P017,Home & Kitchen,2025-04-20,25.0,53.7450561707396,-28.745056170739602,28.745056170739602,4
P017,Home & Kitchen,2025-04-21,35.0,40.1057142377586,-5.105714237758598,5.105714237758598,4
P017,Home & Kitchen,2025-04-22,25.0,42.45318733431571,-17.453187334315707,17.453187334315707,4
P017,Home & Kitchen,2025-04-23,28.0,39.22819358683182,-11.228193586831821,11.228193586831821,4
P017,Home & Kitchen,2025-04-24,39.0,39.13422043835174,-0.1342204383517398,0.1342204383517398,4
P017,Home & Kitchen,2025-04-25,35.0,40.2290769810593,-5.2290769810593005,5.2290769810593005,4
P017,Home & Kitchen,2025-04-26,57.0,55.967798131473785,1.032201868526215,1.032201868526215,4
P017,Home & Kitchen,2025-04-27,54.0,50.49971063443493,3.5002893655650666,3.5002893655650666,4
P017,Home & Kitchen,2025-04-28,34.0,39.454291086424355,-5.454291086424355,5.454291086424355,4
P017,Home & Kitchen,2025-04-29,36.0,38.082206043155786,-2.082206043155786,2.082206043155786,4
P017,Home & Kitchen,2025-04-30,50.0,38.716508668137,11.283491331862997,11.283491331862997,4
P017,Home & Kitchen,2025-05-01,42.0,37.290917748952396,4.7090822510476045,4.7090822510476045,4
P018,Apparel,2024-09-04,45.0,41.364010201953704,3.635989798046296,3.635989798046296,1
P018,Apparel,2024-09-05,25.0,41.74161195612924,-16.74161195612924,16.74161195612924,1
P018,Apparel,2024-09-06,41.0,41.23428156379021,-0.23428156379021203,0.23428156379021203,1
P018,Apparel,2024-09-07,52.0,54.64371962268541,-2.64371962268541,2.64371962268541,1
P018,Apparel,2024-09-08,52.0,54.258442977615815,-2.2584429776158146,2.2584429776158146,1
P018,Apparel,2024-09-09,33.0,40.47356503558578,-7.473565035585779,7.473565035585779,1
P018,Apparel,2024-09-10,33.0,39.836910189724854,-6.836910189724854,6.836910189724854,1
P018,Apparel,2024-09-11,34.0,40.13418410147249,-6.134184101472492,6.134184101472492,1
P018,Apparel,2024-09-12,36.0,39.04610152516978,-3.0461015251697816,3.0461015251697816,1
P018,Apparel,2024-09-13,22.0,39.13227012526695,-17.13227012526695,17.13227012526695,1
P018,Apparel,2024-09-14,56.0,48.42837368292872,7.571626317071278,7.571626317071278,1
P018,Apparel,2024-09-15,156.0,53.346663187632004,102.653336812368,102.653336812368,1
P018,Apparel,2024-09-16,38.0,40.04943728848026,-2.049437288480263,2.049437288480263,1
P018,Apparel,2024-09-17,38.0,39.4757396469625,-1.4757396469625021,1.4757396469625021,1
P018,Apparel,2024-09-18,41.0,39.94426169417223,1.0557383058277665,1.0557383058277665,1
P018,Apparel,2024-09-19,36.0,40.10272026142978,-4.102720261429781,4.102720261429781,1
P018,Apparel,2024-09-20,48.0,39.251171690354,8.748828309646001,8.748828309646001,1
P018,Apparel,2024-09-21,49.0,53.84774739988289,-4.847747399882891,4.847747399882891,1
P018,Apparel,2024-09-22,57.0,55.0056823541635,1.994317645836503,1.994317645836503,1
P018,Apparel,2024-09-23,29.0,40.01311658416998,-11.013116584169978,11.013116584169978,1
P018,Apparel,2024-09-24,34.0,39.781525661491706,-5.781525661491706,5.781525661491706,1
P018,Apparel,2024-09-25,41.0,39.90794098986195,1.0920590101380512,1.0920590101380512,1
P018,Apparel,2024-09-26,34.0,40.18477118708573,-6.18477118708573,6.18477118708573,1
P018,Apparel,2024-09-27,31.0,38.927585024170035,-7.927585024170035,7.927585024170035,1
P018,Apparel,2024-09-28,52.0,51.5306358423662,0.46936415763379813,0.46936415763379813,1
P018,Apparel,2024-09-29,49.0,53.08693478720386,-4.086934787203859,4.086934787203859,1
P018,Apparel,2024-09-30,29.0,37.67772870265408,-8.677728702654079,8.677728702654079,1
P018,Apparel,2024-10-01,32.0,37.5811820795011,-5.581182079501097,5.581182079501097,1
P018,Apparel,2024-10-02,36.0,38.3899495612579,-2.3899495612579003,2.3899495612579003,1
P018,Apparel,2024-10-03,20.0,36.03767258888705,-16.037672588887048,16.037672588887048,1
P018,Apparel,2024-10-04,35.0,37.481834838247416,-2.4818348382474156,2.4818348382474156,1
P018,Apparel,2024-10-05,42.0,48.261836657024034,-6.261836657024034,6.261836657024034,1
P018,Apparel,2024-10-06,47.0,48.0348697837438,-1.034869783743801,1.034869783743801,1
P018,Apparel,2024-10-07,27.0,35.73357632179465,-8.73357632179465,8.73357632179465,1
P018,Apparel,2024-10-08,41.0,42.18462940830489,-1.1846294083048932,1.1846294083048932,1
P018,Apparel,2024-10-09,46.0,36.69820907121437,9.301790928785628,9.301790928785628,1
P018,Apparel,2024-10-10,29.0,36.02617381680498,-7.026173816804977,7.026173816804977,1
P018,Apparel,2024-10-11,31.0,35.99233789303025,-4.992337893030253,4.992337893030253,1
P018,Apparel,2024-10-12,47.0,46.91546357541122,0.08453642458877653,0.08453642458877653,1
P018,Apparel,2024-10-13,32.0,48.90693224144887,-16.90693224144887,16.90693224144887,1
P018,Apparel,2024-10-14,25.0,33.97426581011687,-8.974265810116869,8.974265810116869,1
P018,Apparel,2024-10-15,39.0,34.65189673910372,4.348103260896281,4.348103260896281,1
P018,Apparel,2024-10-16,32.0,35.27236065480255,-3.2723606548025472,3.2723606548025472,1
P018,Apparel,2024-10-17,47.0,33.604920255219426,13.395079744780574,13.395079744780574,1
P018,Apparel,2024-10-18,30.0,34.76195692283594,-4.761956922835942,4.761956922835942,1
P018,Apparel,2024-10-19,67.0,45.01837272187443,21.981627278125572,21.981627278125572,1
P018,Apparel,2024-10-20,36.0,44.87820908245358,-8.87820908245358,8.87820908245358,1
P018,Apparel,2024-10-21,36.0,33.7445830998772,2.2554169001228033,2.2554169001228033,1
P018,Apparel,2024-10-22,31.0,35.23661432042644,-4.23661432042644,4.23661432042644,1
P018,Apparel,2024-10-23,42.0,35.709259595062036,6.290740404937964,6.290740404937964,1
P018,Apparel,2024-10-24,33.0,35.884370925098736,-2.884370925098736,2.884370925098736,1
P018,Apparel,2024-10-25,34.0,34.14556624263648,-0.14556624263647677,0.14556624263647677,1
P018,Apparel,2024-10-26,52.0,47.872749465021315,4.127250534978685,4.127250534978685,1
P018,Apparel,2024-10-27,76.0,44.11839380086531,31.881606199134687,31.881606199134687,1
P018,Apparel,2024-10-28,47.0,35.16679312283765,11.833206877162347,11.833206877162347,1
P018,Apparel,2024-10-29,35.0,35.081222626386655,-0.0812226263866549,0.0812226263866549,1
P018,Apparel,2024-10-30,32.0,36.04067231730575,-4.040672317305749,4.040672317305749,1
P018,Apparel,2024-10-31,33.0,34.71518544117308,-1.7151854411730767,1.7151854411730767,1
P018,Apparel,2024-11-01,32.0,37.045374809829404,-5.045374809829404,5.045374809829404,1
P018,Apparel,2024-11-02,65.0,49.824853799906386,15.175146200093614,15.175146200093614,1
P018,Apparel,2024-11-03,49.0,50.62027404487631,-1.6202740448763109,1.6202740448763109,2
P018,Apparel,2024-11-04,48.0,39.512737371860084,8.487262628139916,8.487262628139916,2
P018,Apparel,2024-11-05,48.0,38.930258347753046,9.069741652246954,9.069741652246954,2
P018,Apparel,2024-11-06,39.0,38.79099423030443,0.2090057696955725,0.2090057696955725,2
P018,Apparel,2024-11-07,30.0,37.60526376137753,-7.605263761377529,7.605263761377529,2
P018,Apparel,2024-11-08,46.0,37.38730912607152,8.612690873928479,8.612690873928479,2
P018,Apparel,2024-11-09,46.0,52.03386366890107,-6.03386366890107,6.03386366890107,2
P018,Apparel,2024-11-10,58.0,50.80490745059441,7.195092549405587,7.195092549405587,2
P018,Apparel,2024-11-11,52.0,39.949598809707226,12.050401190292774,12.050401190292774,2
P018,Apparel,2024-11-12,25.0,41.00810319690899,-16.00810319690899,16.00810319690899,2
P018,Apparel,2024-11-13,40.0,38.07717924710255,1.9228207528974508,1.9228207528974508,2
P018,Apparel,2024-11-14,38.0,39.11196332035421,-1.1119633203542065,1.1119633203542065,2
P018,Apparel,2024-11-15,39.0,39.341848322295554,-0.3418483222955544,0.3418483222955544,2
P018,Apparel,2024-11-16,46.0,53.72894095103526,-7.728940951035263,7.728940951035263,2
P018,Apparel,2024-11-17,83.0,51.267128891110104,31.732871108889896,31.732871108889896,2
P018,Apparel,2024-11-18,45.0,42.168995890839184,2.8310041091608156,2.8310041091608156,2
P018,Apparel,2024-11-19,29.0,39.010958406193176,-10.010958406193176,10.010958406193176,2
P018,Apparel,2024-11-20,47.0,39.51989803514169,7.4801019648583065,7.4801019648583065,2
P018,Apparel,2024-11-21,54.0,39.49042673542785,14.509573264572147,14.509573264572147,2
P018,Apparel,2024-11-22,45.0,40.74404590331928,4.255954096680718,4.255954096680718,2
P018,Apparel,2024-11-23,82.0,54.59982549732509,27.400174502674908,27.400174502674908,2
P018,Apparel,2024-11-24,54.0,80.54725342741328,-26.54725342741328,26.54725342741328,2
P018,Apparel,2024-11-25,55.0,44.780765184361236,10.219234815638764,10.219234815638764,2
P018,Apparel,2024-11-26,45.0,42.65857935295951,2.3414206470404935,2.3414206470404935,2
P018,Apparel,2024-11-27,40.0,43.25526882091606,-3.255268820916058,3.255268820916058,2
P018,Apparel,2024-11-28,54.0,43.164294781564045,10.835705218435955,10.835705218435955,2
P018,Apparel,2024-11-29,111.0,95.05618473683091,15.943815263169085,15.943815263169085,2
P018,Apparel,2024-11-30,86.0,65.2820677158839,20.717932284116102,20.717932284116102,2
P018,Apparel,2024-12-01,140.0,113.64240443515754,26.357595564842455,26.357595564842455,2
P018,Apparel,2024-12-02,50.0,52.30079110531606,-2.3007911053160583,2.3007911053160583,2
P018,Apparel,2024-12-03,36.0,51.465954625393415,-15.465954625393415,15.465954625393415,2
P018,Apparel,2024-12-04,35.0,49.74227628006205,-14.74227628006205,14.74227628006205,2
P018,Apparel,2024-12-05,36.0,50.6462262480325,-14.646226248032498,14.646226248032498,2
P018,Apparel,2024-12-06,47.0,53.93134595235041,-6.931345952350412,6.931345952350412,2
P018,Apparel,2024-12-07,91.0,88.9018742505818,2.0981257494182017,2.0981257494182017,2
P018,Apparel,2024-12-08,80.0,75.13003773944942,4.8699622605505795,4.8699622605505795,2
P018,Apparel,2024-12-09,57.0,53.4664688914674,3.5335311085325998,3.5335311085325998,2
P018,Apparel,2024-12-10,45.0,51.503049762454076,-6.503049762454076,6.503049762454076,2
P018,Apparel,2024-12-11,65.0,51.46633264042064,13.533667359579361,13.533667359579361,2
P018,Apparel,2024-12-12,68.0,52.97445916403312,15.02554083596688,15.02554083596688,2
P018,Apparel,2024-12-13,45.0,53.640525521293405,-8.640525521293405,8.640525521293405,2
P018,Apparel,2024-12-14,75.0,73.96153323543948,1.0384667645605248,1.0384667645605248,2
P018,Apparel,2024-12-15,86.0,75.49760202017173,10.502397979828274,10.502397979828274,2
P018,Apparel,2024-12-16,69.0,55.228100107371944,13.771899892628056,13.771899892628056,2
P018,Apparel,2024-12-17,61.0,52.797604811943444,8.202395188056556,8.202395188056556,2
P018,Apparel,2024-12-18,50.0,56.849253248025846,-6.849253248025846,6.849253248025846,2
P018,Apparel,2024-12-19,47.0,57.99196948094536,-10.991969480945357,10.991969480945357,2
P018,Apparel,2024-12-20,47.0,54.86600489668011,-7.86600489668011,7.86600489668011,2
P018,Apparel,2024-12-21,78.0,77.23141138562957,0.7685886143704295,0.7685886143704295,2
P018,Apparel,2024-12-22,75.0,74.54186704087286,0.45813295912714125,0.45813295912714125,2
P018,Apparel,2024-12-23,46.0,59.85708370600937,-13.85708370600937,13.85708370600937,2
P018,Apparel,2024-12-24,66.0,56.42269479227624,9.57730520772376,9.57730520772376,2
P018,Apparel,2024-12-25,114.0,125.27842316212362,-11.278423162123616,11.278423162123616,2
P018,Apparel,2024-12-26,64.0,59.8296918400338,4.170308159966197,4.170308159966197,2
P018,Apparel,2024-12-27,47.0,61.23426873553811,-14.234268735538109,14.234268735538109,2
P018,Apparel,2024-12-28,101.0,79.00373179853979,21.99626820146021,21.99626820146021,2
P018,Apparel,2024-12-29,99.0,81.2291612311686,17.770838768831396,17.770838768831396,2
P018,Apparel,2024-12-30,74.0,56.94684775420591,17.053152245794088,17.053152245794088,2
P018,Apparel,2024-12-31,61.0,61.66603796575343,-0.6660379657534321,0.6660379657534321,2
P018,Apparel,2025-01-01,106.0,130.8980319731535,-24.898031973153508,24.898031973153508,2
P018,Apparel,2025-01-02,69.0,61.43295925118852,7.567040748811479,7.567040748811479,3
P018,Apparel,2025-01-03,77.0,63.62842313052311,13.37157686947689,13.37157686947689,3
P018,Apparel,2025-01-04,146.0,133.56004577177887,12.439954228221126,12.439954228221126,3
P018,Apparel,2025-01-05,67.0,89.04440351011606,-22.044403510116055,22.044403510116055,3
P018,Apparel,2025-01-06,60.0,67.83490808853551,-7.834908088535514,7.834908088535514,3
P018,Apparel,2025-01-07,80.0,66.0388678086064,13.961132191393602,13.961132191393602,3
P018,Apparel,2025-01-08,74.0,70.66175001844056,3.338249981559443,3.338249981559443,3
P018,Apparel,2025-01-09,70.0,69.0511143480881,0.948885651911894,0.948885651911894,3
P018,Apparel,2025-01-10,62.0,68.5888789365484,-6.588878936548397,6.588878936548397,3
P018,Apparel,2025-01-11,122.0,89.281005455167,32.718994544832995,32.718994544832995,3
P018,Apparel,2025-01-12,79.0,88.4709405612423,-9.470940561242301,9.470940561242301,3
P018,Apparel,2025-01-13,68.0,71.01724974885106,-3.0172497488510572,3.0172497488510572,3
P018,Apparel,2025-01-14,74.0,71.03088590529657,2.9691140947034285,2.9691140947034285,3
P018,Apparel,2025-01-15,74.0,72.89903716132802,1.1009628386719754,1.1009628386719754,3
P018,Apparel,2025-01-16,60.0,72.36589635176803,-12.36589635176803,12.36589635176803,3
P018,Apparel,2025-01-17,80.0,72.11298479705941,7.887015202940589,7.887015202940589,3
P018,Apparel,2025-01-18,109.0,95.58710962515522,13.412890374844778,13.412890374844778,3
P018,Apparel,2025-01-19,103.0,91.16847429693509,11.831525703064912,11.831525703064912,3
P018,Apparel,2025-01-20,76.0,75.00740664950078,0.9925933504992202,0.9925933504992202,3
P018,Apparel,2025-01-21,65.0,78.83101415228194,-13.831014152281938,13.831014152281938,3
P018,Apparel,2025-01-22,95.0,78.21069198354864,16.789308016451358,16.789308016451358,3
P018,Apparel,2025-01-23,89.0,75.60913013244657,13.390869867553434,13.390869867553434,3
P018,Apparel,2025-01-24,65.0,78.16345011119164,-13.163450111191636,13.163450111191636,3
P018,Apparel,2025-01-25,101.0,98.1557503800665,2.844249619933507,2.844249619933507,3
P018,Apparel,2025-01-26,125.0,96.15280731157826,28.847192688421742,28.847192688421742,3
P018,Apparel,2025-01-27,83.0,79.02187865461875,3.978121345381254,3.978121345381254,3
P018,Apparel,2025-01-28,76.0,78.68252732697903,-2.6825273269790273,2.6825273269790273,3
P018,Apparel,2025-01-29,63.0,79.01639303815101,-16.01639303815101,16.01639303815101,3
P018,Apparel,2025-01-30,64.0,77.9873418622571,-13.987341862257097,13.987341862257097,3
P018,Apparel,2025-01-31,77.0,79.00095359713283,-2.0009535971328347,2.0009535971328347,3
P018,Apparel,2025-02-01,139.0,96.17687408610091,42.82312591389909,42.82312591389909,3
P018,Apparel,2025-02-02,131.0,99.02210339204723,31.977896607952772,31.977896607952772,3
P018,Apparel,2025-02-03,86.0,79.14583092786087,6.854169072139129,6.854169072139129,3
P018,Apparel,2025-02-04,88.0,79.27007837152304,8.729921628476959,8.729921628476959,3
P018,Apparel,2025-02-05,48.0,79.83332106890091,-31.833321068900915,31.833321068900915,3
P018,Apparel,2025-02-06,83.0,78.7382661009233,4.261733899076702,4.261733899076702,3
P018,Apparel,2025-02-07,83.0,79.789103011495,3.2108969885049987,3.2108969885049987,3
P018,Apparel,2025-02-08,85.0,98.32853498485463,-13.328534984854628,13.328534984854628,3
P018,Apparel,2025-02-09,156.0,99.15782387007422,56.842176129925775,56.842176129925775,3
P018,Apparel,2025-02-10,87.0,83.0618333095221,3.9381666904778996,3.9381666904778996,3
P018,Apparel,2025-02-11,89.0,82.39278486726145,6.6072151327385455,6.6072151327385455,3
P018,Apparel,2025-02-12,71.0,80.45323420862375,-9.453234208623755,9.453234208623755,3
P018,Apparel,2025-02-13,85.0,82.32885023531885,2.6711497646811466,2.6711497646811466,3
P018,Apparel,2025-02-14,84.0,85.63453143067589,-1.6345314306758922,1.6345314306758922,3
P018,Apparel,2025-02-15,154.0,104.95500460720308,49.04499539279692,49.04499539279692,3
P018,Apparel,2025-02-16,136.0,107.07654454634915,28.923455453650845,28.923455453650845,3
P018,Apparel,2025-02-17,86.0,88.17146779842663,-2.171467798426633,2.171467798426633,3
P018,Apparel,2025-02-18,86.0,125.90521788723156,-39.90521788723156,39.90521788723156,3
P018,Apparel,2025-02-19,66.0,88.79227887129687,-22.792278871296872,22.792278871296872,3
P018,Apparel,2025-02-20,48.0,88.9735017190974,-40.9735017190974,40.9735017190974,3
P018,Apparel,2025-02-21,80.0,88.08486705410064,-8.084867054100641,8.084867054100641,3
P018,Apparel,2025-02-22,130.0,105.93487350757651,24.065126492423488,24.065126492423488,3
P018,Apparel,2025-02-23,122.0,109.73117037249534,12.268829627504658,12.268829627504658,3
P018,Apparel,2025-02-24,95.0,88.71435100397025,6.2856489960297495,6.2856489960297495,3
P018,Apparel,2025-02-25,116.0,88.24700383438795,27.752996165612046,27.752996165612046,3
P018,Apparel,2025-02-26,108.0,128.51111919509796,-20.51111919509796,20.51111919509796,3
P018,Apparel,2025-02-27,72.0,88.5103590862208,-16.510359086220802,16.510359086220802,3
P018,Apparel,2025-02-28,88.0,90.15203103208775,-2.1520310320877485,2.1520310320877485,3
P018,Apparel,2025-03-01,90.0,115.78633745683764,-25.786337456837643,25.786337456837643,3
P018,Apparel,2025-03-02,122.0,111.01186370516368,10.988136294836323,10.988136294836323,3
P018,Apparel,2025-03-03,81.0,89.78753831075755,-8.787538310757554,8.787538310757554,4
P018,Apparel,2025-03-04,69.0,88.66388285173687,-19.663882851736872,19.663882851736872,4
P018,Apparel,2025-03-05,69.0,86.29566491440957,-17.29566491440957,17.29566491440957,4
P018,Apparel,2025-03-06,80.0,87.63457689198893,-7.634576891988928,7.634576891988928,4
P018,Apparel,2025-03-07,78.0,89.75169908591944,-11.75169908591944,11.75169908591944,4
P018,Apparel,2025-03-08,118.0,109.27397988962906,8.72602011037094,8.72602011037094,4
P018,Apparel,2025-03-09,154.0,116.91436215161221,37.08563784838779,37.08563784838779,4
P018,Apparel,2025-03-10,105.0,91.01300252773481,13.986997472265188,13.986997472265188,4
P018,Apparel,2025-03-11,95.0,92.9207145445132,2.079285455486797,2.079285455486797,4
P018,Apparel,2025-03-12,100.0,91.11912708704793,8.880872912952071,8.880872912952071,4
P018,Apparel,2025-03-13,74.0,90.815595891373,-16.815595891372993,16.815595891372993,4
P018,Apparel,2025-03-14,99.0,91.26265822198518,7.737341778014823,7.737341778014823,4
P018,Apparel,2025-03-15,106.0,114.50658781406466,-8.506587814064659,8.506587814064659,4
P018,Apparel,2025-03-16,140.0,116.15859486578567,23.841405134214327,23.841405134214327,4
P018,Apparel,2025-03-17,118.0,91.28595432220884,26.714045677791162,26.714045677791162,4
P018,Apparel,2025-03-18,106.0,92.23728247237615,13.762717527623849,13.762717527623849,4
P018,Apparel,2025-03-19,104.0,91.77377504360342,12.226224956396578,12.226224956396578,4
P018,Apparel,2025-03-20,74.0,95.98513639422747,-21.985136394227467,21.985136394227467,4
P018,Apparel,2025-03-21,91.0,96.60093261151454,-5.600932611514537,5.600932611514537,4
P018,Apparel,2025-03-22,209.0,194.27565684538777,14.724343154612228,14.724343154612228,4
P018,Apparel,2025-03-23,152.0,129.96717487543336,22.032825124566642,22.032825124566642,4
P018,Apparel,2025-03-24,80.0,99.30807512750093,-19.308075127500928,19.308075127500928,4
P018,Apparel,2025-03-25,117.0,126.64820687867913,-9.648206878679133,9.648206878679133,4
P018,Apparel,2025-03-26,117.0,98.54931061387609,18.450689386123912,18.450689386123912,4
P018,Apparel,2025-03-27,93.0,97.8521635026416,-4.852163502641602,4.852163502641602,4
P018,Apparel,2025-03-28,57.0,99.00816566187257,-42.00816566187257,42.00816566187257,4
P018,Apparel,2025-03-29,106.0,126.32593971802594,-20.325939718025936,20.325939718025936,4
P018,Apparel,2025-03-30,116.0,127.6957058460242,-11.695705846024197,11.695705846024197,4
P018,Apparel,2025-03-31,77.0,98.86460812843177,-21.86460812843177,21.86460812843177,4
P018,Apparel,2025-04-01,96.0,98.08085646461689,-2.080856464616886,2.080856464616886,4
P018,Apparel,2025-04-02,110.0,98.37723088044606,11.622769119553936,11.622769119553936,4
P018,Apparel,2025-04-03,190.0,158.16246563390254,31.837534366097458,31.837534366097458,4
P018,Apparel,2025-04-04,114.0,100.80117810050368,13.198821899496323,13.198821899496323,4
P018,Apparel,2025-04-05,118.0,126.39685525080576,-8.396855250805757,8.396855250805757,4
P018,Apparel,2025-04-06,126.0,133.70221521537044,-7.702215215370444,7.702215215370444,4
P018,Apparel,2025-04-07,91.0,98.94522522327107,-7.945225223271066,7.945225223271066,4
P018,Apparel,2025-04-08,138.0,99.84270753577499,38.15729246422501,38.15729246422501,4
P018,Apparel,2025-04-09,99.0,102.52822265583357,-3.5282226558335736,3.5282226558335736,4
P018,Apparel,2025-04-10,91.0,104.73809784466852,-13.738097844668516,13.738097844668516,4
P018,Apparel,2025-04-11,79.0,101.69590749362818,-22.695907493628184,22.695907493628184,4
P018,Apparel,2025-04-12,158.0,124.14357970622909,33.85642029377091,33.85642029377091,4
P018,Apparel,2025-04-13,104.0,132.0748084666231,-28.074808466623097,28.074808466623097,4
P018,Apparel,2025-04-14,97.0,98.83943409302083,-1.8394340930208273,1.8394340930208273,4
P018,Apparel,2025-04-15,91.0,102.38224737555394,-11.382247375553945,11.382247375553945,4
P018,Apparel,2025-04-16,87.0,98.16141021447349,-11.161410214473491,11.161410214473491,4
P018,Apparel,2025-04-17,122.0,96.30579770382427,25.69420229617573,25.69420229617573,4
P018,Apparel,2025-04-18,101.0,100.37629484687838,0.6237051531216196,0.6237051531216196,4
P018,Apparel,2025-04-19,153.0,136.32313025527705,16.67686974472295,16.67686974472295,4
P018,Apparel,2025-04-20,105.0,124.37429599318293,-19.374295993182926,19.374295993182926,4
P018,Apparel,2025-04-21,108.0,95.19600114686489,12.803998853135113,12.803998853135113,4
P018,Apparel,2025-04-22,113.0,96.77542289925795,16.224577100742053,16.224577100742053,4
P018,Apparel,2025-04-23,96.0,95.71932406602605,0.28067593397395285,0.28067593397395285,4
P018,Apparel,2025-04-24,85.0,96.49248954955299,-11.492489549552985,11.492489549552985,4
P018,Apparel,2025-04-25,124.0,139.54945283123786,-15.549452831237858,15.549452831237858,4
P018,Apparel,2025-04-26,129.0,125.29433729468356,3.705662705316442,3.705662705316442,4
P018,Apparel,2025-04-27,124.0,120.75035546109915,3.249644538900853,3.249644538900853,4
P018,Apparel,2025-04-28,82.0,98.34014651319978,-16.340146513199784,16.340146513199784,4
P018,Apparel,2025-04-29,98.0,97.51039645977032,0.48960354022968033,0.48960354022968033,4
P018,Apparel,2025-04-30,110.0,112.95199676607126,-2.951996766071261,2.951996766071261,4
P018,Apparel,2025-05-01,84.0,101.55239975526449,-17.55239975526449,17.55239975526449,4
P019,Beauty,2024-09-04,20.0,20.02320321150088,-0.023203211500881338,0.023203211500881338,1
P019,Beauty,2024-09-05,20.0,20.02320321150088,-0.023203211500881338,0.023203211500881338,1
P019,Beauty,2024-09-06,14.0,20.40066572818407,-6.4006657281840695,6.4006657281840695,1
P019,Beauty,2024-09-07,13.0,24.39233788815017,-11.39233788815017,11.39233788815017,1
P019,Beauty,2024-09-08,17.0,23.953596455662776,-6.953596455662776,6.953596455662776,1
P019,Beauty,2024-09-09,25.0,19.44144981936221,5.558550180637791,5.558550180637791,1
P019,Beauty,2024-09-10,15.0,20.72485211369595,-5.724852113695949,5.724852113695949,1
P019,Beauty,2024-09-11,16.0,19.44144981936221,-3.4414498193622087,3.4414498193622087,1
P019,Beauty,2024-09-12,20.0,19.818912336045397,0.18108766395460307,0.18108766395460307,1
P019,Beauty,2024-09-13,21.0,20.090891463482457,0.9091085365175431,0.9091085365175431,1
P019,Beauty,2024-09-14,16.0,23.68024460210747,-7.6802446021074715,7.6802446021074715,1
P019,Beauty,2024-09-15,25.0,24.200680511549823,0.7993194884501769,0.7993194884501769,1
P019,Beauty,2024-09-16,21.0,19.644286420951556,1.3557135790484445,1.3557135790484445,1
P019,Beauty,2024-09-17,16.0,19.530761680180415,-3.530761680180415,3.530761680180415,1
P019,Beauty,2024-09-18,11.0,19.908224196863603,-8.908224196863603,8.908224196863603,1
P019,Beauty,2024-09-19,22.0,19.530761680180415,2.469238319819585,2.469238319819585,1
P019,Beauty,2024-09-20,20.0,19.530761680180415,0.46923831981958486,0.46923831981958486,1
P019,Beauty,2024-09-21,22.0,23.497577335488618,-1.497577335488618,1.497577335488618,1
P019,Beauty,2024-09-22,15.0,23.497577335488618,-8.497577335488618,8.497577335488618,1
P019,Beauty,2024-09-23,28.0,19.530761680180415,8.469238319819585,8.469238319819585,1
P019,Beauty,2024-09-24,14.0,20.293728065071804,-6.293728065071804,6.293728065071804,1
P019,Beauty,2024-09-25,16.0,19.908224196863603,-3.9082241968636033,3.9082241968636033,1
P019,Beauty,2024-09-26,30.0,22.234109300281897,7.765890699718103,7.765890699718103,1
P019,Beauty,2024-09-27,19.0,19.784660723401558,-0.7846607234015579,0.7846607234015579,1
P019,Beauty,2024-09-28,22.0,23.260489121255432,-1.260489121255432,1.260489121255432,1
P019,Beauty,2024-09-29,20.0,28.844123153146402,-8.844123153146402,8.844123153146402,1
P019,Beauty,2024-09-30,0.0,20.79195899329635,-20.79195899329635,20.79195899329635,1
P019,Beauty,2024-10-01,20.0,19.70046624633153,0.2995337536684701,0.2995337536684701,1
P019,Beauty,2024-10-02,17.0,19.70046624633153,-2.70046624633153,2.70046624633153,1
P019,Beauty,2024-10-03,26.0,20.227864717461053,5.772135282538947,5.772135282538947,1
P019,Beauty,2024-10-04,13.0,19.81399098710267,-6.81399098710267,6.81399098710267,1
P019,Beauty,2024-10-05,19.0,23.289819384956544,-4.2898193849565445,4.2898193849565445,1
P019,Beauty,2024-10-06,22.0,23.289819384956544,-1.2898193849565445,1.2898193849565445,1
P019,Beauty,2024-10-07,17.0,20.59836467245707,-3.5983646724570697,3.5983646724570697,1
P019,Beauty,2024-10-08,15.0,19.70046624633153,-4.70046624633153,4.70046624633153,1
P019,Beauty,2024-10-09,19.0,19.70046624633153,-0.7004662463315299,0.7004662463315299,1
P019,Beauty,2024-10-10,27.0,20.33920715201743,6.66079284798257,6.66079284798257,1
P019,Beauty,2024-10-11,16.0,20.19145350378586,-4.1914535037858585,4.1914535037858585,1
P019,Beauty,2024-10-12,18.0,28.284757881412958,-10.284757881412958,10.284757881412958,1
P019,Beauty,2024-10-13,24.0,23.667281901639733,0.33271809836026733,0.33271809836026733,1
P019,Beauty,2024-10-14,17.0,20.077928763014718,-3.077928763014718,3.077928763014718,1
P019,Beauty,2024-10-15,14.0,19.70046624633153,-5.70046624633153,5.70046624633153,1
P019,Beauty,2024-10-16,21.0,19.70046624633153,1.2995337536684701,1.2995337536684701,1
P019,Beauty,2024-10-17,21.0,21.125763143586592,-0.12576314358659246,0.12576314358659246,1
P019,Beauty,2024-10-18,16.0,19.70046624633153,-3.70046624633153,3.70046624633153,1
P019,Beauty,2024-10-19,14.0,23.667281901639733,-9.667281901639733,9.667281901639733,1
P019,Beauty,2024-10-20,27.0,23.289819384956544,3.7101806150434555,3.7101806150434555,1
P019,Beauty,2024-10-21,16.0,20.79528708415805,-4.795287084158051,4.795287084158051,1
P019,Beauty,2024-10-22,20.0,19.70046624633153,0.2995337536684701,0.2995337536684701,1
P019,Beauty,2024-10-23,28.0,25.487950945231393,2.5120490547686067,2.5120490547686067,1
P019,Beauty,2024-10-24,0.0,21.315722993600403,-21.315722993600403,21.315722993600403,1
P019,Beauty,2024-10-25,20.0,19.70046624633153,0.2995337536684701,0.2995337536684701,1
P019,Beauty,2024-10-26,29.0,23.667281901639733,5.332718098360267,5.332718098360267,1
P019,Beauty,2024-10-27,26.0,23.930742596857208,2.0692574031427924,2.0692574031427924,1
P019,Beauty,2024-10-28,11.0,19.81399098710267,-8.81399098710267,8.81399098710267,1
P019,Beauty,2024-10-29,18.0,19.70046624633153,-1.7004662463315299,1.7004662463315299,1
P019,Beauty,2024-10-30,20.0,20.227864717461053,-0.22786471746105263,0.22786471746105263,1
P019,Beauty,2024-10-31,18.0,20.68176234338691,-2.681762343386911,2.681762343386911,1
P019,Beauty,2024-11-01,25.0,19.70046624633153,5.29953375366847,5.29953375366847,1
P019,Beauty,2024-11-02,25.0,24.07111689930721,0.92888310069279,0.92888310069279,1
P019,Beauty,2024-11-03,13.0,25.225202955815217,-12.225202955815217,12.225202955815217,2
P019,Beauty,2024-11-04,18.0,18.764976556249525,-0.7649765562495254,0.7649765562495254,2
P019,Beauty,2024-11-05,27.0,24.353085024833334,2.6469149751666663,2.6469149751666663,2
P019,Beauty,2024-11-06,137.0,20.441252085452188,116.55874791454781,116.55874791454781,2
P019,Beauty,2024-11-07,23.0,26.090574504756525,-3.0905745047565247,3.0905745047565247,2
P019,Beauty,2024-11-08,23.0,24.170762525377548,-1.1707625253775475,1.1707625253775475,2
P019,Beauty,2024-11-09,26.0,30.41760138948129,-4.417601389481291,4.417601389481291,2
P019,Beauty,2024-11-10,28.0,30.673866435798775,-2.673866435798775,2.673866435798775,2
P019,Beauty,2024-11-11,27.0,24.016011111115397,2.9839888888846033,2.9839888888846033,2
P019,Beauty,2024-11-12,24.0,24.270994481615922,-0.2709944816159222,0.2709944816159222,2
P019,Beauty,2024-11-13,25.0,27.8117228461687,-2.811722846168699,2.811722846168699,2
P019,Beauty,2024-11-14,21.0,23.977417294886454,-2.977417294886454,2.977417294886454,2
P019,Beauty,2024-11-15,18.0,23.80994503677319,-5.80994503677319,5.80994503677319,2
P019,Beauty,2024-11-16,36.0,28.85124567914486,7.14875432085514,7.14875432085514,2
P019,Beauty,2024-11-17,27.0,30.48279028718821,-3.482790287188209,3.482790287188209,2
P019,Beauty,2024-11-18,17.0,23.916915231659875,-6.916915231659875,6.916915231659875,2
P019,Beauty,2024-11-19,21.0,24.29284669554804,-3.2928466955480395,3.2928466955480395,2
P019,Beauty,2024-11-20,20.0,27.317646145429283,-7.317646145429283,7.317646145429283,2
P019,Beauty,2024-11-21,26.0,21.420275666057965,4.5797243339420355,4.5797243339420355,2
P019,Beauty,2024-11-22,20.0,21.458044888743018,-1.458044888743018,1.458044888743018,2
P019,Beauty,2024-11-23,17.0,28.697645518253143,-11.697645518253143,11.697645518253143,2
P019,Beauty,2024-11-24,29.0,27.486375321353268,1.5136246786467318,1.5136246786467318,2
P019,Beauty,2024-11-25,19.0,22.224192511031653,-3.224192511031653,3.224192511031653,2
P019,Beauty,2024-11-26,11.0,21.56708913766832,-10.567089137668319,10.567089137668319,2
P019,Beauty,2024-11-27,27.0,21.37451155574086,5.62548844425914,5.62548844425914,2
P019,Beauty,2024-11-28,16.0,21.53108205328948,-5.531082053289481,5.531082053289481,2
P019,Beauty,2024-11-29,48.0,48.25874005349623,-0.25874005349623275,0.25874005349623275,2
P019,Beauty,2024-11-30,27.0,27.487195021655882,-0.48719502165588224,0.48719502165588224,2
P019,Beauty,2024-12-01,27.0,26.981840410938712,0.018159589061287562,0.018159589061287562,2
P019,Beauty,2024-12-02,20.0,21.886522228380805,-1.8865222283808052,1.8865222283808052,2
P019,Beauty,2024-12-03,25.0,22.91423344548189,2.085766554518109,2.085766554518109,2
P019,Beauty,2024-12-04,27.0,25.932470857058146,1.0675291429418543,1.0675291429418543,2
P019,Beauty,2024-12-05,18.0,24.2756286279013,-6.275628627901298,6.275628627901298,2
P019,Beauty,2024-12-06,24.0,25.85144815569313,-1.8514481556931308,1.8514481556931308,2
P019,Beauty,2024-12-07,28.0,27.707000763982656,0.29299923601734434,0.29299923601734434,2
P019,Beauty,2024-12-08,35.0,28.914366580944066,6.0856334190559345,6.0856334190559345,2
P019,Beauty,2024-12-09,25.0,24.453614442891762,0.5463855571082377,0.5463855571082377,2
P019,Beauty,2024-12-10,14.0,24.139988349999495,-10.139988349999495,10.139988349999495,2
P019,Beauty,2024-12-11,36.0,24.683987565376842,11.316012434623158,11.316012434623158,2
P019,Beauty,2024-12-12,24.0,23.56698104266002,0.4330189573399785,0.4330189573399785,2
P019,Beauty,2024-12-13,25.0,25.049293019237506,-0.049293019237506286,0.049293019237506286,2
P019,Beauty,2024-12-14,27.0,30.77562152170208,-3.7756215217020817,3.7756215217020817,2
P019,Beauty,2024-12-15,30.0,31.673663036819974,-1.673663036819974,1.673663036819974,2
P019,Beauty,2024-12-16,27.0,23.344049911664488,3.655950088335512,3.655950088335512,2
P019,Beauty,2024-12-17,29.0,24.457512061512254,4.542487938487746,4.542487938487746,2
P019,Beauty,2024-12-18,37.0,38.04502150471113,-1.04502150471113,1.04502150471113,2
P019,Beauty,2024-12-19,11.0,25.33029179239221,-14.33029179239221,14.33029179239221,2
P019,Beauty,2024-12-20,22.0,24.001967793402045,-2.001967793402045,2.001967793402045,2
P019,Beauty,2024-12-21,28.0,28.952015103788227,-0.9520151037882272,0.9520151037882272,2
P019,Beauty,2024-12-22,25.0,30.92781793102552,-5.927817931025519,5.927817931025519,2
P019,Beauty,2024-12-23,19.0,23.33341853569109,-4.3334185356910915,4.3334185356910915,2
P019,Beauty,2024-12-24,23.0,23.342561221768232,-0.3425612217682321,0.3425612217682321,2
P019,Beauty,2024-12-25,83.0,51.66170125108889,31.338298748911107,31.338298748911107,2
P019,Beauty,2024-12-26,27.0,26.687431004674334,0.31256899532566607,0.31256899532566607,2
P019,Beauty,2024-12-27,18.0,27.419349220613736,-9.419349220613736,9.419349220613736,2
P019,Beauty,2024-12-28,18.0,33.71776946412953,-15.717769464129532,15.717769464129532,2
P019,Beauty,2024-12-29,18.0,32.63979566802317,-14.639795668023169,14.639795668023169,2
P019,Beauty,2024-12-30,28.0,25.56058133618276,2.4394186638172393,2.4394186638172393,2
P019,Beauty,2024-12-31,23.0,35.33710781212584,-12.337107812125844,12.337107812125844,2
P019,Beauty,2025-01-01,93.0,68.12310244774187,24.87689755225813,24.87689755225813,2
P019,Beauty,2025-01-02,30.0,26.632421572307504,3.3675784276924965,3.3675784276924965,3
P019,Beauty,2025-01-03,29.0,27.088625783363568,1.9113742166364318,1.9113742166364318,3
P019,Beauty,2025-01-04,29.0,35.71012477315173,-6.710124773151733,6.710124773151733,3
P019,Beauty,2025-01-05,42.0,35.27375007473411,6.72624992526589,6.72624992526589,3
P019,Beauty,2025-01-06,23.0,28.33127549101436,-5.33127549101436,5.33127549101436,3
P019,Beauty,2025-01-07,28.0,26.77262259951343,1.2273774004865707,1.2273774004865707,3
P019,Beauty,2025-01-08,25.0,35.96721160172388,-10.967211601723882,10.967211601723882,3
P019,Beauty,2025-01-09,26.0,27.602718487731828,-1.6027184877318277,1.6027184877318277,3
P019,Beauty,2025-01-10,32.0,27.04193448422842,4.95806551577158,4.95806551577158,3
P019,Beauty,2025-01-11,37.0,34.003911644192165,2.996088355807835,2.996088355807835,3
P019,Beauty,2025-01-12,19.0,35.81716724896557,-16.817167248965568,16.817167248965568,3
P019,Beauty,2025-01-13,21.0,27.519191476300495,-6.519191476300495,6.519191476300495,3
P019,Beauty,2025-01-14,33.0,26.943690099863787,6.056309900136213,6.056309900136213,3
P019,Beauty,2025-01-15,20.0,30.263353112025992,-10.263353112025992,10.263353112025992,3
P019,Beauty,2025-01-16,22.0,26.833075152515164,-4.833075152515164,4.833075152515164,3
P019,Beauty,2025-01-17,30.0,27.081354529324425,2.9186454706755747,2.9186454706755747,3
P019,Beauty,2025-01-18,40.0,34.38421143750777,5.615788562492227,5.615788562492227,3
P019,Beauty,2025-01-19,39.0,34.194152897611545,4.805847102388455,4.805847102388455,3
P019,Beauty,2025-01-20,26.0,38.0494729540734,-12.049472954073401,12.049472954073401,3
P019,Beauty,2025-01-21,27.0,28.88047928065505,-1.8804792806550488,1.8804792806550488,3
P019,Beauty,2025-01-22,26.0,29.511470396653916,-3.511470396653916,3.511470396653916,3
P019,Beauty,2025-01-23,25.0,28.205737115701325,-3.205737115701325,3.205737115701325,3
P019,Beauty,2025-01-24,19.0,26.617687995469968,-7.617687995469968,7.617687995469968,3
P019,Beauty,2025-01-25,44.0,33.37572955903781,10.624270440962192,10.624270440962192,3
P019,Beauty,2025-01-26,33.0,33.72982257347663,-0.7298225734766319,0.7298225734766319,3
P019,Beauty,2025-01-27,23.0,28.30642157585582,-5.306421575855818,5.306421575855818,3
P019,Beauty,2025-01-28,32.0,27.773214254991164,4.226785745008836,4.226785745008836,3
P019,Beauty,2025-01-29,29.0,29.544659436070262,-0.5446594360702619,0.5446594360702619,3
P019,Beauty,2025-01-30,35.0,26.62560086603419,8.37439913396581,8.37439913396581,3
P019,Beauty,2025-01-31,27.0,27.867314993153315,-0.8673149931533146,0.8673149931533146,3
P019,Beauty,2025-02-01,31.0,34.96845939984084,-3.968459399840839,3.968459399840839,3
P019,Beauty,2025-02-02,35.0,34.431863123958266,0.5681368760417342,0.5681368760417342,3
P019,Beauty,2025-02-03,35.0,27.20672443044116,7.7932755695588405,7.7932755695588405,3
P019,Beauty,2025-02-04,24.0,28.40050188055942,-4.400501880559421,4.400501880559421,3
P019,Beauty,2025-02-05,21.0,27.106102077549757,-6.106102077549757,6.106102077549757,3
P019,Beauty,2025-02-06,34.0,28.152849904819135,5.847150095180865,5.847150095180865,3
P019,Beauty,2025-02-07,33.0,26.967640010863796,6.032359989136204,6.032359989136204,3
P019,Beauty,2025-02-08,36.0,34.61021328473275,1.389786715267249,1.389786715267249,3
P019,Beauty,2025-02-09,37.0,33.90628552418775,3.0937144758122486,3.0937144758122486,3
P019,Beauty,2025-02-10,45.0,44.27288788724838,0.7271121127516196,0.7271121127516196,3
P019,Beauty,2025-02-11,41.0,29.20110239581419,11.798897604185811,11.798897604185811,3
P019,Beauty,2025-02-12,33.0,28.401528045978694,4.598471954021306,4.598471954021306,3
P019,Beauty,2025-02-13,30.0,29.618466271696814,0.3815337283031859,0.3815337283031859,3
P019,Beauty,2025-02-14,24.0,29.95697655525597,-5.95697655525597,5.95697655525597,3
P019,Beauty,2025-02-15,33.0,37.23603715030229,-4.236037150302288,4.236037150302288,3
P019,Beauty,2025-02-16,41.0,37.62390824134275,3.376091758657253,3.376091758657253,3
P019,Beauty,2025-02-17,37.0,31.137918280178795,5.862081719821205,5.862081719821205,3
P019,Beauty,2025-02-18,21.0,30.442524013980975,-9.442524013980975,9.442524013980975,3
P019,Beauty,2025-02-19,38.0,28.956357778089725,9.043642221910275,9.043642221910275,3
P019,Beauty,2025-02-20,31.0,29.41365440537137,1.5863455946286287,1.5863455946286287,3
P019,Beauty,2025-02-21,49.0,28.103005752861495,20.896994247138505,20.896994247138505,3
P019,Beauty,2025-02-22,48.0,38.33451568449507,9.665484315504933,9.665484315504933,3
P019,Beauty,2025-02-23,36.0,38.670007399530355,-2.6700073995303555,2.6700073995303555,3
P019,Beauty,2025-02-24,28.0,33.56983911612519,-5.569839116125188,5.569839116125188,3
P019,Beauty,2025-02-25,25.0,29.94642490999693,-4.9464249099969315,4.9464249099969315,3
P019,Beauty,2025-02-26,29.0,30.70754839187157,-1.707548391871569,1.707548391871569,3
P019,Beauty,2025-02-27,46.0,30.26116037622881,15.738839623771192,15.738839623771192,3
P019,Beauty,2025-02-28,35.0,35.447208785099626,-0.447208785099626,0.447208785099626,3
P019,Beauty,2025-03-01,40.0,41.82989816467546,-1.8298981646754626,1.8298981646754626,3
P019,Beauty,2025-03-02,37.0,41.57018626975401,-4.570186269754011,4.570186269754011,3
P019,Beauty,2025-03-03,31.0,32.003805137409394,-1.003805137409394,1.003805137409394,4
P019,Beauty,2025-03-04,30.0,30.80042467258843,-0.8004246725884308,0.8004246725884308,4
P019,Beauty,2025-03-05,44.0,31.117221896626376,12.882778103373624,12.882778103373624,4
P019,Beauty,2025-03-06,39.0,33.819053196469355,5.180946803530645,5.180946803530645,4
P019,Beauty,2025-03-07,22.0,34.64015552842331,-12.640155528423307,12.640155528423307,4
P019,Beauty,2025-03-08,24.0,43.00916309008474,-19.00916309008474,19.00916309008474,4
P019,Beauty,2025-03-09,45.0,41.841106691000135,3.1588933089998648,3.1588933089998648,4
P019,Beauty,2025-03-10,41.0,32.14549087380276,8.854509126197243,8.854509126197243,4
P019,Beauty,2025-03-11,26.0,32.014018921743,-6.014018921743002,6.014018921743002,4
P019,Beauty,2025-03-12,45.0,50.253083867031826,-5.253083867031826,5.253083867031826,4
P019,Beauty,2025-03-13,42.0,33.91225965807859,8.08774034192141,8.08774034192141,4
P019,Beauty,2025-03-14,38.0,31.53857098096279,6.461429019037212,6.461429019037212,4
P019,Beauty,2025-03-15,39.0,41.58345664167406,-2.5834566416740614,2.5834566416740614,4
P019,Beauty,2025-03-16,44.0,43.12640088077182,0.8735991192281816,0.8735991192281816,4
P019,Beauty,2025-03-17,32.0,33.13953637159757,-1.139536371597572,1.139536371597572,4
P019,Beauty,2025-03-18,30.0,31.100686665038996,-1.100686665038996,1.100686665038996,4
P019,Beauty,2025-03-19,42.0,34.01227297388968,7.987727026110321,7.987727026110321,4
P019,Beauty,2025-03-20,29.0,33.032530774382,-4.032530774382003,4.032530774382003,4
P019,Beauty,2025-03-21,30.0,32.82807047027192,-2.8280704702719177,2.8280704702719177,4
P019,Beauty,2025-03-22,54.0,41.501782849463936,12.498217150536064,12.498217150536064,4
P019,Beauty,2025-03-23,32.0,43.26816655029531,-11.268166550295312,11.268166550295312,4
P019,Beauty,2025-03-24,46.0,32.73117926459344,13.268820735406557,13.268820735406557,4
P019,Beauty,2025-03-25,35.0,32.05755668278609,2.9424433172139075,2.9424433172139075,4
P019,Beauty,2025-03-26,34.0,33.759886142642934,0.24011385735706625,0.24011385735706625,4
P019,Beauty,2025-03-27,38.0,33.89623483714057,4.103765162859432,4.103765162859432,4
P019,Beauty,2025-03-28,40.0,32.70489527980344,7.295104720196562,7.295104720196562,4
P019,Beauty,2025-03-29,51.0,44.8663651361067,6.133634863893299,6.133634863893299,4
P019,Beauty,2025-03-30,37.0,43.803685048616465,-6.803685048616465,6.803685048616465,4
P019,Beauty,2025-03-31,37.0,35.15692126510936,1.8430787348906392,1.8430787348906392,4
P019,Beauty,2025-04-01,49.0,51.317222996938945,-2.317222996938945,2.317222996938945,4
P019,Beauty,2025-04-02,30.0,34.70392375825529,-4.703923758255293,4.703923758255293,4
P019,Beauty,2025-04-03,35.0,34.556897314329746,0.44310268567025446,0.44310268567025446,4
P019,Beauty,2025-04-04,39.0,34.14034178842245,4.859658211577553,4.859658211577553,4
P019,Beauty,2025-04-05,31.0,45.77543637199122,-14.77543637199122,14.77543637199122,4
P019,Beauty,2025-04-06,25.0,43.77580731497775,-18.775807314977747,18.775807314977747,4
P019,Beauty,2025-04-07,26.0,35.43335188996846,-9.433351889968463,9.433351889968463,4
P019,Beauty,2025-04-08,30.0,35.0659536630318,-5.065953663031799,5.065953663031799,4
P019,Beauty,2025-04-09,44.0,33.707040702766676,10.292959297233324,10.292959297233324,4
P019,Beauty,2025-04-10,27.0,34.59412390819579,-7.59412390819579,7.59412390819579,4
P019,Beauty,2025-04-11,38.0,33.364205216435614,4.635794783564386,4.635794783564386,4
P019,Beauty,2025-04-12,49.0,42.352152934834194,6.647847065165806,6.647847065165806,4
P019,Beauty,2025-04-13,32.0,42.92853959582958,-10.928539595829577,10.928539595829577,4
P019,Beauty,2025-04-14,44.0,32.08401092131007,11.915989078689933,11.915989078689933,4
P019,Beauty,2025-04-15,38.0,34.256946335682215,3.7430536643177845,3.7430536643177845,4
P019,Beauty,2025-04-16,33.0,43.12076766922391,-10.120767669223909,10.120767669223909,4
P019,Beauty,2025-04-17,31.0,33.231911914848496,-2.231911914848496,2.231911914848496,4
P019,Beauty,2025-04-18,28.0,33.983498180798776,-5.983498180798776,5.983498180798776,4
P019,Beauty,2025-04-19,37.0,44.78583157123543,-7.785831571235427,7.785831571235427,4
P019,Beauty,2025-04-20,42.0,40.87800979036109,1.1219902096389092,1.1219902096389092,4
P019,Beauty,2025-04-21,29.0,33.36420584689158,-4.364205846891579,4.364205846891579,4
P019,Beauty,2025-04-22,36.0,32.75793262510709,3.242067374892912,3.242067374892912,4
P019,Beauty,2025-04-23,35.0,32.574532266833515,2.425467733166485,2.425467733166485,4
P019,Beauty,2025-04-24,25.0,32.044874956259335,-7.044874956259335,7.044874956259335,4
P019,Beauty,2025-04-25,36.0,31.705532798573373,4.294467201426627,4.294467201426627,4
P019,Beauty,2025-04-26,48.0,42.252284546747525,5.747715453252475,5.747715453252475,4
P019,Beauty,2025-04-27,37.0,41.37845512296935,-4.378455122969349,4.378455122969349,4
P019,Beauty,2025-04-28,39.0,31.77638160918398,7.223618390816021,7.223618390816021,4
P019,Beauty,2025-04-29,25.0,32.54142776823563,-7.5414277682356285,7.5414277682356285,4
P019,Beauty,2025-04-30,77.0,54.89397418043154,22.10602581956846,22.10602581956846,4
P019,Beauty,2025-05-01,38.0,32.394529151213604,5.605470848786396,5.605470848786396,4
P020,Sports,2024-09-04,16.0,16.622599590963436,-0.6225995909634356,0.6225995909634356,1
P020,Sports,2024-09-05,9.0,16.245137074280247,-7.2451370742802474,7.2451370742802474,1
P020,Sports,2024-09-06,9.0,16.245137074280247,-7.2451370742802474,7.2451370742802474,1
P020,Sports,2024-09-07,25.0,21.382620438795982,3.617379561204018,3.617379561204018,1
P020,Sports,2024-09-08,10.0,20.216273908251726,-10.216273908251726,10.216273908251726,1
P020,Sports,2024-09-09,13.0,16.330072417645123,-3.3300724176451233,3.3300724176451233,1
P020,Sports,2024-09-10,17.0,16.330072417645123,0.6699275823548767,0.6699275823548767,1
P020,Sports,2024-09-11,15.0,18.72415457055258,-3.7241545705525816,3.7241545705525816,1
P020,Sports,2024-09-12,21.0,19.668043003968386,1.3319569960316144,1.3319569960316144,1
P020,Sports,2024-09-13,16.0,16.245137074280247,-0.24513707428024745,0.24513707428024745,1
P020,Sports,2024-09-14,20.0,19.725286650797397,0.27471334920260304,0.27471334920260304,1
P020,Sports,2024-09-15,18.0,19.725286650797397,-1.725286650797397,1.725286650797397,1
P020,Sports,2024-09-16,11.0,18.809089913917457,-7.809089913917457,7.809089913917457,1
P020,Sports,2024-09-17,8.0,16.41938427846333,-8.41938427846333,8.41938427846333,1
P020,Sports,2024-09-18,11.0,16.334448935098454,-5.334448935098454,5.334448935098454,1
P020,Sports,2024-09-19,7.0,16.334448935098454,-9.334448935098454,9.334448935098454,1
P020,Sports,2024-09-20,13.0,16.334448935098454,-3.334448935098454,3.334448935098454,1
P020,Sports,2024-09-21,26.0,19.814598511615603,6.185401488384397,6.185401488384397,1
P020,Sports,2024-09-22,17.0,19.928123252386744,-2.9281232523867438,2.9281232523867438,1
P020,Sports,2024-09-23,13.0,16.41938427846333,-3.4193842784633297,3.4193842784633297,1
P020,Sports,2024-09-24,8.0,16.41938427846333,-8.41938427846333,8.41938427846333,1
P020,Sports,2024-09-25,11.0,16.334448935098454,-5.334448935098454,5.334448935098454,1
P020,Sports,2024-09-26,12.0,16.334448935098454,-4.334448935098454,4.334448935098454,1
P020,Sports,2024-09-27,11.0,16.334448935098454,-5.334448935098454,5.334448935098454,1
P020,Sports,2024-09-28,18.0,20.31036602454234,-2.31036602454234,2.31036602454234,1
P020,Sports,2024-09-29,14.0,19.814598511615603,-5.814598511615603,5.814598511615603,1
P020,Sports,2024-09-30,12.0,16.558267156969276,-4.558267156969276,4.558267156969276,1
P020,Sports,2024-10-01,13.0,16.512009700267168,-3.5120097002671677,3.5120097002671677,1
P020,Sports,2024-10-02,15.0,16.427074356902292,-1.427074356902292,1.427074356902292,1
P020,Sports,2024-10-03,12.0,16.427074356902292,-4.427074356902292,4.427074356902292,1
P020,Sports,2024-10-04,10.0,16.427074356902292,-6.427074356902292,6.427074356902292,1
P020,Sports,2024-10-05,16.0,20.805122359544985,-4.805122359544985,4.805122359544985,1
P020,Sports,2024-10-06,18.0,19.90722393341944,-1.9072239334194414,1.9072239334194414,1
P020,Sports,2024-10-07,9.0,16.512009700267168,-7.512009700267168,7.512009700267168,1
P020,Sports,2024-10-08,143.0,18.901715335721295,124.09828466427871,124.09828466427871,1
P020,Sports,2024-10-09,12.0,21.208295581656806,-9.208295581656806,9.208295581656806,1
P020,Sports,2024-10-10,6.0,22.71393139046543,-16.71393139046543,16.71393139046543,1
P020,Sports,2024-10-11,11.0,21.634971604413522,-10.634971604413522,10.634971604413522,1
P020,Sports,2024-10-12,15.0,26.158178953496268,-11.158178953496268,11.158178953496268,1
P020,Sports,2024-10-13,19.0,26.158178953496268,-7.158178953496268,7.158178953496268,1
P020,Sports,2024-10-14,9.0,21.634971604413522,-12.634971604413522,12.634971604413522,1
P020,Sports,2024-10-15,10.0,24.645772541867395,-14.645772541867395,14.645772541867395,1
P020,Sports,2024-10-16,11.0,19.973910721372924,-8.973910721372924,8.973910721372924,1
P020,Sports,2024-10-17,10.0,19.973910721372924,-9.973910721372924,9.973910721372924,1
P020,Sports,2024-10-18,9.0,19.973910721372924,-10.973910721372924,10.973910721372924,1
P020,Sports,2024-10-19,14.0,24.918639956046245,-10.918639956046245,10.918639956046245,1
P020,Sports,2024-10-20,8.0,23.937343858990864,-15.937343858990864,15.937343858990864,1
P020,Sports,2024-10-21,9.0,19.71428499544877,-10.714284995448772,10.714284995448772,1
P020,Sports,2024-10-22,13.0,23.1642382490031,-10.164238249003098,10.164238249003098,1
P020,Sports,2024-10-23,8.0,16.54754061075316,-8.54754061075316,8.54754061075316,1
P020,Sports,2024-10-24,9.0,16.54754061075316,-7.54754061075316,7.54754061075316,1
P020,Sports,2024-10-25,14.0,19.14152301417897,-5.1415230141789685,5.1415230141789685,1
P020,Sports,2024-10-26,20.0,19.78452560278382,0.21547439721618034,0.21547439721618034,1
P020,Sports,2024-10-27,12.0,19.78452560278382,-7.78452560278382,7.78452560278382,1
P020,Sports,2024-10-28,10.0,16.54754061075316,-6.54754061075316,6.54754061075316,1
P020,Sports,2024-10-29,16.0,16.54754061075316,-0.5475406107531597,0.5475406107531597,1
P020,Sports,2024-10-30,13.0,16.54754061075316,-3.5475406107531597,3.5475406107531597,1
P020,Sports,2024-10-31,14.0,16.54754061075316,-2.5475406107531597,2.5475406107531597,1
P020,Sports,2024-11-01,9.0,16.54754061075316,-7.54754061075316,7.54754061075316,1
P020,Sports,2024-11-02,15.0,19.78452560278382,-4.78452560278382,4.78452560278382,1
P020,Sports,2024-11-03,22.0,17.341732512425786,4.658267487574214,4.658267487574214,2
P020,Sports,2024-11-04,13.0,15.076144638042448,-2.0761446380424484,2.0761446380424484,2
P020,Sports,2024-11-05,14.0,19.274675016000923,-5.2746750160009235,5.2746750160009235,2
P020,Sports,2024-11-06,15.0,15.111218441849903,-0.11121844184990337,0.11121844184990337,2
P020,Sports,2024-11-07,15.0,15.111218441849903,-0.11121844184990337,0.11121844184990337,2
P020,Sports,2024-11-08,11.0,15.111218441849903,-4.111218441849903,4.111218441849903,2
P020,Sports,2024-11-09,13.0,17.752553847398154,-4.752553847398154,4.752553847398154,2
P020,Sports,2024-11-10,15.0,17.991379152208896,-2.9913791522088964,2.9913791522088964,2
P020,Sports,2024-11-11,12.0,14.97021366757584,-2.9702136675758393,2.9702136675758393,2
P020,Sports,2024-11-12,6.0,14.97021366757584,-8.97021366757584,8.97021366757584,2
P020,Sports,2024-11-13,14.0,14.97021366757584,-0.9702136675758393,0.9702136675758393,2
P020,Sports,2024-11-14,16.0,14.97021366757584,1.0297863324241607,1.0297863324241607,2
P020,Sports,2024-11-15,13.0,14.97021366757584,-1.9702136675758393,1.9702136675758393,2
P020,Sports,2024-11-16,16.0,17.61154907312409,-1.6115490731240882,1.6115490731240882,2
P020,Sports,2024-11-17,19.0,17.61154907312409,1.3884509268759118,1.3884509268759118,2
P020,Sports,2024-11-18,8.0,14.97021366757584,-6.970213667575839,6.970213667575839,2
P020,Sports,2024-11-19,8.0,14.97021366757584,-6.970213667575839,6.970213667575839,2
P020,Sports,2024-11-20,19.0,14.97021366757584,4.029786332424161,4.029786332424161,2
P020,Sports,2024-11-21,7.0,15.240999497735347,-8.240999497735347,8.240999497735347,2
P020,Sports,2024-11-22,16.0,14.97021366757584,1.0297863324241607,1.0297863324241607,2
P020,Sports,2024-11-23,26.0,17.61154907312409,8.388450926875912,8.388450926875912,2
P020,Sports,2024-11-24,23.0,25.508227733577232,-2.5082277335772325,2.5082277335772325,2
P020,Sports,2024-11-25,14.0,15.922298820848246,-1.9222988208482459,1.9222988208482459,2
P020,Sports,2024-11-26,15.0,16.25909859313017,-1.2590985931301688,1.2590985931301688,2
P020,Sports,2024-11-27,7.0,16.25909859313017,-9.259098593130169,9.259098593130169,2
P020,Sports,2024-11-28,12.0,15.922298820848246,-3.922298820848246,3.922298820848246,2
P020,Sports,2024-11-29,51.0,39.506388689410834,11.493611310589166,11.493611310589166,2
P020,Sports,2024-11-30,21.0,20.818252978783377,0.18174702121662278,0.18174702121662278,2
P020,Sports,2024-12-01,20.0,21.182148002813523,-1.1821480028135234,1.1821480028135234,2
P020,Sports,2024-12-02,15.0,17.808186268891376,-2.808186268891376,2.808186268891376,2
P020,Sports,2024-12-03,21.0,27.927262428826058,-6.927262428826058,6.927262428826058,2
P020,Sports,2024-12-04,11.0,17.808186268891376,-6.808186268891376,6.808186268891376,2
P020,Sports,2024-12-05,18.0,17.808186268891376,0.1918137311086241,0.1918137311086241,2
P020,Sports,2024-12-06,12.0,21.21020407103474,-9.210204071034742,9.210204071034742,2
P020,Sports,2024-12-07,33.0,20.690894448056394,12.309105551943606,12.309105551943606,2
P020,Sports,2024-12-08,20.0,20.9846493211039,-0.9846493211038982,0.9846493211038982,2
P020,Sports,2024-12-09,17.0,18.80454448128032,-1.8045444812803204,1.8045444812803204,2
P020,Sports,2024-12-10,21.0,18.91358873020562,2.086411269794379,2.086411269794379,2
P020,Sports,2024-12-11,17.0,18.80454448128032,-1.8045444812803204,1.8045444812803204,2
P020,Sports,2024-12-12,11.0,18.80454448128032,-7.80454448128032,7.80454448128032,2
P020,Sports,2024-12-13,14.0,20.005308759460465,-6.0053087594604655,6.0053087594604655,2
P020,Sports,2024-12-14,13.0,23.95069480368529,-10.950694803685291,10.950694803685291,2
P020,Sports,2024-12-15,21.0,20.750821390636496,0.24917860936350422,0.24917860936350422,2
P020,Sports,2024-12-16,12.0,17.44284986201282,-5.442849862012821,5.442849862012821,2
P020,Sports,2024-12-17,24.0,24.612710713734216,-0.6127107137342165,0.6127107137342165,2
P020,Sports,2024-12-18,21.0,17.44284986201282,3.557150137987179,3.557150137987179,2
P020,Sports,2024-12-19,23.0,18.364763473584237,4.635236526415763,4.635236526415763,2
P020,Sports,2024-12-20,10.0,18.764976556249525,-8.764976556249525,8.764976556249525,2
P020,Sports,2024-12-21,14.0,23.431703015801713,-9.431703015801713,9.431703015801713,2
P020,Sports,2024-12-22,24.0,21.82847399082248,2.1715260091775193,2.1715260091775193,2
P020,Sports,2024-12-23,16.0,17.843062944678113,-1.8430629446781133,1.8430629446781133,2
P020,Sports,2024-12-24,11.0,18.261232412533058,-7.261232412533058,7.261232412533058,2
P020,Sports,2024-12-25,43.0,40.79918420721878,2.2008157927812206,2.2008157927812206,2
P020,Sports,2024-12-26,17.0,20.333092081165933,-3.3330920811659333,3.3330920811659333,2
P020,Sports,2024-12-27,16.0,21.599304123059575,-5.599304123059575,5.599304123059575,2
P020,Sports,2024-12-28,31.0,22.662868468087368,8.337131531912632,8.337131531912632,2
P020,Sports,2024-12-29,31.0,22.92658655614081,8.073413443859192,8.073413443859192,2
P020,Sports,2024-12-30,17.0,19.375205126270046,-2.375205126270046,2.375205126270046,2
P020,Sports,2024-12-31,23.0,20.303284161026124,2.6967158389738763,2.6967158389738763,2
P020,Sports,2025-01-01,57.0,46.101677445405834,10.898322554594166,10.898322554594166,2
P020,Sports,2025-01-02,18.0,22.50623750040019,-4.506237500400189,4.506237500400189,3
P020,Sports,2025-01-03,7.0,21.84103074367891,-14.84103074367891,14.84103074367891,3
P020,Sports,2025-01-04,17.0,28.06347350539755,-11.06347350539755,11.06347350539755,3
P020,Sports,2025-01-05,23.0,26.053131411331847,-3.0531314113318473,3.0531314113318473,3
P020,Sports,2025-01-06,20.0,20.866924067707668,-0.866924067707668,0.866924067707668,3
P020,Sports,2025-01-07,12.0,20.866924067707668,-8.866924067707668,8.866924067707668,3
P020,Sports,2025-01-08,23.0,26.339073417421407,-3.3390734174214067,3.3390734174214067,3
P020,Sports,2025-01-09,25.0,19.584423305158335,5.415576694841665,5.415576694841665,3
P020,Sports,2025-01-10,20.0,21.95123817734811,-1.9512381773481096,1.9512381773481096,3
P020,Sports,2025-01-11,29.0,26.439023173340022,2.560976826659978,2.560976826659978,3
P020,Sports,2025-01-12,52.0,42.433142871395766,9.566857128604234,9.566857128604234,3
P020,Sports,2025-01-13,20.0,22.073196597792332,-2.0731965977923323,2.0731965977923323,3
P020,Sports,2025-01-14,19.0,22.39683681170949,-3.396836811709491,3.396836811709491,3
P020,Sports,2025-01-15,18.0,23.939111122231687,-5.939111122231687,5.939111122231687,3
P020,Sports,2025-01-16,23.0,21.50443828166986,1.4955617183301406,1.4955617183301406,3
P020,Sports,2025-01-17,28.0,23.823750845577763,4.176249154422237,4.176249154422237,3
P020,Sports,2025-01-18,18.0,28.299446793084126,-10.299446793084126,10.299446793084126,3
P020,Sports,2025-01-19,27.0,30.33767280542738,-3.337672805427381,3.337672805427381,3
P020,Sports,2025-01-20,22.0,22.385584680355183,-0.38558468035518345,0.38558468035518345,3
P020,Sports,2025-01-21,16.0,28.406189950642446,-12.406189950642446,12.406189950642446,3
P020,Sports,2025-01-22,22.0,23.487118611445272,-1.487118611445272,1.487118611445272,3
P020,Sports,2025-01-23,19.0,22.090948679889298,-3.090948679889298,3.090948679889298,3
P020,Sports,2025-01-24,29.0,22.24242410477936,6.75757589522064,6.75757589522064,3
P020,Sports,2025-01-25,33.0,29.254392657096325,3.745607342903675,3.745607342903675,3
P020,Sports,2025-01-26,29.0,30.605364775382615,-1.6053647753826148,1.6053647753826148,3
P020,Sports,2025-01-27,22.0,22.555467398128417,-0.5554673981284175,0.5554673981284175,3
P020,Sports,2025-01-28,21.0,22.845667878023967,-1.845667878023967,1.845667878023967,3
P020,Sports,2025-01-29,13.0,24.767464806621483,-11.767464806621483,11.767464806621483,3
P020,Sports,2025-01-30,20.0,21.480022694437395,-1.4800226944373946,1.4800226944373946,3
P020,Sports,2025-01-31,12.0,22.68481195385277,-10.684811953852769,10.684811953852769,3
P020,Sports,2025-02-01,27.0,25.621826045705284,1.3781739542947165,1.3781739542947165,3
P020,Sports,2025-02-02,30.0,26.934213764210945,3.065786235789055,3.065786235789055,3
P020,Sports,2025-02-03,15.0,21.164005152235227,-6.164005152235227,6.164005152235227,3
P020,Sports,2025-02-04,20.0,20.63478809202386,-0.6347880920238609,0.6347880920238609,3
P020,Sports,2025-02-05,28.0,21.31285966295986,6.687140337040141,6.687140337040141,3
P020,Sports,2025-02-06,18.0,23.233538969064423,-5.233538969064423,5.233538969064423,3
P020,Sports,2025-02-07,16.0,22.61100998604116,-6.611009986041161,6.611009986041161,3
P020,Sports,2025-02-08,37.0,27.21211235645354,9.787887643546458,9.787887643546458,3
P020,Sports,2025-02-09,31.0,29.015101318796873,1.984898681203127,1.984898681203127,3
P020,Sports,2025-02-10,21.0,20.853229752532794,0.1467702474672059,0.1467702474672059,3
P020,Sports,2025-02-11,24.0,20.655393339666,3.3446066603340014,3.3446066603340014,3
P020,Sports,2025-02-12,22.0,20.900103855130624,1.0998961448693763,1.0998961448693763,3
P020,Sports,2025-02-13,17.0,22.468869665075825,-5.468869665075825,5.468869665075825,3
P020,Sports,2025-02-14,18.0,25.973888053879744,-7.973888053879744,7.973888053879744,3
P020,Sports,2025-02-15,43.0,28.21004598446391,14.78995401553609,14.78995401553609,3
P020,Sports,2025-02-16,34.0,29.78525965691913,4.214740343080869,4.214740343080869,3
P020,Sports,2025-02-17,30.0,23.157927593347306,6.842072406652694,6.842072406652694,3
P020,Sports,2025-02-18,20.0,23.627371573669876,-3.627371573669876,3.627371573669876,3
P020,Sports,2025-02-19,28.0,24.47213789157597,3.5278621084240314,3.5278621084240314,3
P020,Sports,2025-02-20,18.0,23.627371573669876,-5.627371573669876,5.627371573669876,3
P020,Sports,2025-02-21,14.0,24.41243318919545,-10.41243318919545,10.41243318919545,3
P020,Sports,2025-02-22,34.0,30.477966369506817,3.5220336304931834,3.5220336304931834,3
P020,Sports,2025-02-23,38.0,30.91545450158771,7.0845454984122895,7.0845454984122895,3
P020,Sports,2025-02-24,27.0,24.99743384001934,2.0025661599806597,2.0025661599806597,3
P020,Sports,2025-02-25,24.0,23.790331982367288,0.20966801763271192,0.20966801763271192,3
P020,Sports,2025-02-26,19.0,24.080212309399315,-5.080212309399315,5.080212309399315,3
P020,Sports,2025-02-27,24.0,23.402460891326832,0.5975391086731676,0.5975391086731676,3
P020,Sports,2025-02-28,24.0,23.402460891326832,0.5975391086731676,0.5975391086731676,3
P020,Sports,2025-03-01,31.0,32.14896254941873,-1.1489625494187266,1.1489625494187266,3
P020,Sports,2025-03-02,28.0,32.20987395979264,-4.209873959792638,4.209873959792638,3
P020,Sports,2025-03-03,16.0,24.945620840129028,-8.945620840129028,8.945620840129028,4
P020,Sports,2025-03-04,23.0,21.9604943645711,1.039505635428899,1.039505635428899,4
P020,Sports,2025-03-05,35.0,32.62364723914142,2.3763527608585804,2.3763527608585804,4
P020,Sports,2025-03-06,15.0,23.88462531556159,-8.884625315561589,8.884625315561589,4
P020,Sports,2025-03-07,33.0,23.267431453244622,9.732568546755378,9.732568546755378,4
P020,Sports,2025-03-08,21.0,32.70497458199497,-11.704974581994968,11.704974581994968,4
P020,Sports,2025-03-09,27.0,31.002780469720147,-4.002780469720147,4.002780469720147,4
P020,Sports,2025-03-10,24.0,24.235022344688193,-0.23502234468819339,0.23502234468819339,4
P020,Sports,2025-03-11,24.0,22.258345546101193,1.741654453898807,1.741654453898807,4
P020,Sports,2025-03-12,18.0,24.19288111481198,-6.1928811148119784,6.1928811148119784,4
P020,Sports,2025-03-13,26.0,27.655783990584208,-1.655783990584208,1.655783990584208,4
P020,Sports,2025-03-14,22.0,23.916446151707042,-1.9164461517070421,1.9164461517070421,4
P020,Sports,2025-03-15,32.0,28.857022788303976,3.1429772116960244,3.1429772116960244,4
P020,Sports,2025-03-16,43.0,30.270463056654982,12.729536943345018,12.729536943345018,4
P020,Sports,2025-03-17,17.0,24.852325162397822,-7.852325162397822,7.852325162397822,4
P020,Sports,2025-03-18,23.0,22.74207535250701,0.2579246474929917,0.2579246474929917,4
P020,Sports,2025-03-19,22.0,24.53899011130108,-2.5389901113010787,2.5389901113010787,4
P020,Sports,2025-03-20,25.0,23.564431253716563,1.4355687462834368,1.4355687462834368,4
P020,Sports,2025-03-21,21.0,23.97421008445847,-2.97421008445847,2.97421008445847,4
P020,Sports,2025-03-22,40.0,29.765535550119683,10.234464449880317,10.234464449880317,4
P020,Sports,2025-03-23,37.0,32.010454197300376,4.989545802699624,4.989545802699624,4
P020,Sports,2025-03-24,29.0,24.680006595325732,4.319993404674268,4.319993404674268,4
P020,Sports,2025-03-25,23.0,24.33255269780698,-1.3325526978069817,1.3325526978069817,4
P020,Sports,2025-03-26,22.0,23.13142284598473,-1.13142284598473,1.13142284598473,4
P020,Sports,2025-03-27,20.0,24.363785317638285,-4.3637853176382855,4.3637853176382855,4
P020,Sports,2025-03-28,15.0,23.56366626832067,-8.56366626832067,8.56366626832067,4
P020,Sports,2025-03-29,0.0,31.099323625879126,-31.099323625879126,31.099323625879126,4
P020,Sports,2025-03-30,35.0,30.441851138878846,4.558148861121154,4.558148861121154,4
P020,Sports,2025-03-31,25.0,22.4445849159516,2.5554150840483985,2.5554150840483985,4
P020,Sports,2025-04-01,20.0,22.23567988262871,-2.235679882628709,2.235679882628709,4
P020,Sports,2025-04-02,16.0,22.33694043794681,-6.3369404379468115,6.3369404379468115,4
P020,Sports,2025-04-03,18.0,21.611313728613965,-3.6113137286139647,3.6113137286139647,4
P020,Sports,2025-04-04,23.0,22.392747955931412,0.6072520440685878,0.6072520440685878,4
P020,Sports,2025-04-05,40.0,28.140390677145806,11.859609322854194,11.859609322854194,4
P020,Sports,2025-04-06,20.0,30.825736061934528,-10.825736061934528,10.825736061934528,4
P020,Sports,2025-04-07,31.0,22.207695857833308,8.792304142166692,8.792304142166692,4
P020,Sports,2025-04-08,11.0,22.431178044450157,-11.431178044450157,11.431178044450157,4
P020,Sports,2025-04-09,32.0,20.975333386179756,11.024666613820244,11.024666613820244,4
P020,Sports,2025-04-10,17.0,22.90900632438755,-5.909006324387551,5.909006324387551,4
P020,Sports,2025-04-11,30.0,21.731085080803485,8.268914919196515,8.268914919196515,4
P020,Sports,2025-04-12,28.0,30.99275605134844,-2.99275605134844,2.99275605134844,4
P020,Sports,2025-04-13,41.0,29.246317593476927,11.753682406523073,11.753682406523073,4
P020,Sports,2025-04-14,10.0,24.773847433095664,-14.773847433095664,14.773847433095664,4
P020,Sports,2025-04-15,25.0,21.924823375051602,3.075176624948398,3.075176624948398,4
P020,Sports,2025-04-16,27.0,24.187939655466554,2.812060344533446,2.812060344533446,4
P020,Sports,2025-04-17,23.0,23.61298617165981,-0.6129861716598093,0.6129861716598093,4
P020,Sports,2025-04-18,25.0,23.70169637063838,1.2983036293616195,1.2983036293616195,4
P020,Sports,2025-04-19,38.0,30.355068335346523,7.644931664653477,7.644931664653477,4
P020,Sports,2025-04-20,32.0,31.417560706249585,0.582439293750415,0.582439293750415,4
P020,Sports,2025-04-21,19.0,25.052334790863057,-6.052334790863057,6.052334790863057,4
P020,Sports,2025-04-22,15.0,23.498968678417494,-8.498968678417494,8.498968678417494,4
P020,Sports,2025-04-23,26.0,24.154049368978256,1.8459506310217435,1.8459506310217435,4
P020,Sports,2025-04-24,27.0,22.875148051659973,4.1248519483400266,4.1248519483400266,4
P020,Sports,2025-04-25,25.0,23.894248209749428,1.1057517902505722,1.1057517902505722,4
P020,Sports,2025-04-26,36.0,30.27070310497606,5.729296895023939,5.729296895023939,4
P020,Sports,2025-04-27,32.0,30.91432126505119,1.0856787349488108,1.0856787349488108,4
P020,Sports,2025-04-28,19.0,24.402689892343417,-5.4026898923434175,5.4026898923434175,4
P020,Sports,2025-04-29,27.0,23.080284346000617,3.9197156539993827,3.9197156539993827,4
P020,Sports,2025-04-30,19.0,24.620249083493125,-5.620249083493125,5.620249083493125,4
P020,Sports,2025-05-01,22.0,23.373825347963535,-1.3738253479635354,1.3738253479635354,4
P021,Electronics,2024-09-04,69.0,61.828443855445556,7.171556144554444,7.171556144554444,1
P021,Electronics,2024-09-05,83.0,61.13078562513756,21.869214374862437,21.869214374862437,1
P021,Electronics,2024-09-06,76.0,65.4013653670161,10.598634632983902,10.598634632983902,1
P021,Electronics,2024-09-07,79.0,80.22025453772576,-1.220254537725765,1.220254537725765,1
P021,Electronics,2024-09-08,76.0,79.55715279878831,-3.5571527987883087,3.5571527987883087,1
P021,Electronics,2024-09-09,88.0,60.57499245449161,27.425007545508393,27.425007545508393,1
P021,Electronics,2024-09-10,74.0,62.956948826496344,11.043051173503656,11.043051173503656,1
P021,Electronics,2024-09-11,66.0,63.57791914387988,2.422080856120118,2.422080856120118,1
P021,Electronics,2024-09-12,74.0,61.52946494438626,12.470535055613738,12.470535055613738,1
P021,Electronics,2024-09-13,58.0,61.38352675031081,-3.383526750310807,3.383526750310807,1
P021,Electronics,2024-09-14,80.0,80.42055576906472,-0.4205557690647197,0.4205557690647197,1
P021,Electronics,2024-09-15,70.0,78.03127767240693,-8.03127767240693,8.03127767240693,1
P021,Electronics,2024-09-16,77.0,62.031804000502895,14.968195999497105,14.968195999497105,1
P021,Electronics,2024-09-17,52.0,62.20513633581831,-10.20513633581831,10.20513633581831,1
P021,Electronics,2024-09-18,58.0,60.478103310300384,-2.4781033103003836,2.4781033103003836,1
P021,Electronics,2024-09-19,70.0,59.85497634621858,10.145023653781422,10.145023653781422,1
P021,Electronics,2024-09-20,30.0,59.00547211772138,-29.005472117721382,29.005472117721382,1
P021,Electronics,2024-09-21,68.0,74.56765018925276,-6.56765018925276,6.56765018925276,1
P021,Electronics,2024-09-22,66.0,75.79292945451468,-9.792929454514677,9.792929454514677,1
P021,Electronics,2024-09-23,67.0,59.59674592522645,7.40325407477355,7.40325407477355,1
P021,Electronics,2024-09-24,67.0,60.33429994818626,6.665700051813737,6.665700051813737,1
P021,Electronics,2024-09-25,148.0,94.83540024829664,53.16459975170336,53.16459975170336,1
P021,Electronics,2024-09-26,52.0,61.988122957215026,-9.988122957215026,9.988122957215026,1
P021,Electronics,2024-09-27,44.0,60.657748821331296,-16.657748821331296,16.657748821331296,1
P021,Electronics,2024-09-28,102.0,77.60347119977403,24.396528800225965,24.396528800225965,1
P021,Electronics,2024-09-29,70.0,76.93109642573584,-6.931096425735845,6.931096425735845,1
P021,Electronics,2024-09-30,66.0,61.76485181284469,4.2351481871553105,4.2351481871553105,1
P021,Electronics,2024-10-01,57.0,61.37405317744547,-4.374053177445468,4.374053177445468,1
P021,Electronics,2024-10-02,72.0,62.76326565113961,9.236734348860388,9.236734348860388,1
P021,Electronics,2024-10-03,69.0,61.211675119647744,7.788324880352256,7.788324880352256,1
P021,Electronics,2024-10-04,59.0,60.68063458875524,-1.6806345887552396,1.6806345887552396,1
P021,Electronics,2024-10-05,222.0,79.3822084585857,142.6177915414143,142.6177915414143,1
P021,Electronics,2024-10-06,73.0,86.93772933133994,-13.937729331339938,13.937729331339938,1
P021,Electronics,2024-10-07,65.0,66.94152929321656,-1.9415292932165613,1.9415292932165613,1
P021,Electronics,2024-10-08,58.0,64.74345672488585,-6.743456724885846,6.743456724885846,1
P021,Electronics,2024-10-09,84.0,65.05371751169852,18.946282488301478,18.946282488301478,1
P021,Electronics,2024-10-10,61.0,64.41655019956512,-3.4165501995651226,3.4165501995651226,1
P021,Electronics,2024-10-11,58.0,63.24781721627351,-5.247817216273511,5.247817216273511,1
P021,Electronics,2024-10-12,51.0,86.86813499137682,-35.86813499137682,35.86813499137682,1
P021,Electronics,2024-10-13,63.0,80.28458161362761,-17.28458161362761,17.28458161362761,1
P021,Electronics,2024-10-14,73.0,64.03551505609128,8.964484943908715,8.964484943908715,1
P021,Electronics,2024-10-15,62.0,62.9690595886045,-0.9690595886045017,0.9690595886045017,1
P021,Electronics,2024-10-16,60.0,63.90101779154142,-3.9010177915414204,3.9010177915414204,1
P021,Electronics,2024-10-17,75.0,64.03551505609128,10.964484943908715,10.964484943908715,1
P021,Electronics,2024-10-18,82.0,62.757849242142406,19.242150757857594,19.242150757857594,1
P021,Electronics,2024-10-19,82.0,89.5104440584777,-7.510444058477702,7.510444058477702,1
P021,Electronics,2024-10-20,78.0,82.57916716149269,-4.579167161492691,4.579167161492691,1
P021,Electronics,2024-10-21,37.0,68.3795128777341,-31.3795128777341,31.3795128777341,1
P021,Electronics,2024-10-22,78.0,66.84563941925495,11.154360580745049,11.154360580745049,1
P021,Electronics,2024-10-23,104.0,67.79371287447127,36.20628712552873,36.20628712552873,1
P021,Electronics,2024-10-24,60.0,63.86057398491273,-3.860573984912733,3.860573984912733,1
P021,Electronics,2024-10-25,60.0,63.70037862826835,-3.7003786282683535,3.7003786282683535,1
P021,Electronics,2024-10-26,81.0,82.88672411576653,-1.8867241157665262,1.8867241157665262,1
P021,Electronics,2024-10-27,87.0,81.79933220966205,5.2006677903379455,5.2006677903379455,1
P021,Electronics,2024-10-28,69.0,63.32020802252415,5.679791977475851,5.679791977475851,1
P021,Electronics,2024-10-29,69.0,64.93863733235993,4.0613626676400685,4.0613626676400685,1
P021,Electronics,2024-10-30,47.0,68.50959268945648,-21.509592689456483,21.509592689456483,1
P021,Electronics,2024-10-31,65.0,64.56446951468301,0.43553048531698835,0.43553048531698835,1
P021,Electronics,2024-11-01,125.0,115.67106086777083,9.328939132229166,9.328939132229166,1
P021,Electronics,2024-11-02,62.0,91.03730431166917,-29.037304311669175,29.037304311669175,1
P021,Electronics,2024-11-03,60.0,86.51108631745743,-26.511086317457426,26.511086317457426,2
P021,Electronics,2024-11-04,58.0,65.16719699880503,-7.167196998805025,7.167196998805025,2
P021,Electronics,2024-11-05,69.0,65.77161429615707,3.2283857038429318,3.2283857038429318,2
P021,Electronics,2024-11-06,75.0,64.024505713481,10.975494286518995,10.975494286518995,2
P021,Electronics,2024-11-07,77.0,64.04985545199597,12.950144548004033,12.950144548004033,2
P021,Electronics,2024-11-08,54.0,68.82380903954767,-14.823809039547669,14.823809039547669,2
P021,Electronics,2024-11-09,51.0,81.7605375932744,-30.760537593274407,30.760537593274407,2
P021,Electronics,2024-11-10,112.0,80.30936396727405,31.690636032725948,31.690636032725948,2
P021,Electronics,2024-11-11,84.0,67.25904200943236,16.740957990567637,16.740957990567637,2
P021,Electronics,2024-11-12,61.0,68.33580802020651,-7.335808020206514,7.335808020206514,2
P021,Electronics,2024-11-13,78.0,67.255953579708,10.744046420291994,10.744046420291994,2
P021,Electronics,2024-11-14,71.0,69.1997419463667,1.8002580536333,1.8002580536333,2
P021,Electronics,2024-11-15,65.0,66.52417100477874,-1.5241710047787365,1.5241710047787365,2
P021,Electronics,2024-11-16,117.0,82.7750502643467,34.2249497356533,34.2249497356533,2
P021,Electronics,2024-11-17,74.0,92.02142735180433,-18.021427351804334,18.021427351804334,2
P021,Electronics,2024-11-18,48.0,68.99611040320696,-20.996110403206956,20.996110403206956,2
P021,Electronics,2024-11-19,70.0,68.25283748256693,1.7471625174330683,1.7471625174330683,2
P021,Electronics,2024-11-20,60.0,69.60857151607632,-9.608571516076324,9.608571516076324,2
P021,Electronics,2024-11-21,71.0,68.22726831359024,2.772731686409756,2.772731686409756,2
P021,Electronics,2024-11-22,0.0,67.05387888380557,-67.05387888380557,67.05387888380557,2
P021,Electronics,2024-11-23,74.0,85.56709414332448,-11.567094143324482,11.567094143324482,2
P021,Electronics,2024-11-24,83.0,83.10221006470454,-0.10221006470453631,0.10221006470453631,2
P021,Electronics,2024-11-25,47.0,63.53244931565155,-16.532449315651547,16.532449315651547,2
P021,Electronics,2024-11-26,47.0,63.96633382633892,-16.966333826338918,16.966333826338918,2
P021,Electronics,2024-11-27,65.0,61.61178293817576,3.3882170618242426,3.3882170618242426,2
P021,Electronics,2024-11-28,75.0,64.12771407761495,10.872285922385046,10.872285922385046,2
P021,Electronics,2024-11-29,124.0,129.4266871552431,-5.426687155243087,5.426687155243087,2
P021,Electronics,2024-11-30,96.0,85.7610781346327,10.238921865367303,10.238921865367303,2
P021,Electronics,2024-12-01,79.0,84.17957057217949,-5.179570572179486,5.179570572179486,2
P021,Electronics,2024-12-02,75.0,62.09843727833617,12.90156272166383,12.90156272166383,2
P021,Electronics,2024-12-03,73.0,64.429544741793,8.570455258207005,8.570455258207005,2
P021,Electronics,2024-12-04,84.0,64.47534989636483,19.524650103635167,19.524650103635167,2
P021,Electronics,2024-12-05,68.0,68.9413118181477,-0.941311818147696,0.941311818147696,2
P021,Electronics,2024-12-06,46.0,66.13697342729161,-20.136973427291608,20.136973427291608,2
P021,Electronics,2024-12-07,127.0,87.38940628308585,39.61059371691415,39.61059371691415,2
P021,Electronics,2024-12-08,91.0,92.00131575109397,-1.0013157510939692,1.0013157510939692,2
P021,Electronics,2024-12-09,73.0,69.27713945969747,3.722860540302534,3.722860540302534,2
P021,Electronics,2024-12-10,0.0,68.33278794025627,-68.33278794025627,68.33278794025627,2
P021,Electronics,2024-12-11,157.0,118.06092044308056,38.93907955691944,38.93907955691944,2
P021,Electronics,2024-12-12,53.0,68.69456200903066,-15.694562009030662,15.694562009030662,2
P021,Electronics,2024-12-13,51.0,62.96479117306916,-11.964791173069159,11.964791173069159,2
P021,Electronics,2024-12-14,77.0,86.45972943845857,-9.459729438458567,9.459729438458567,2
P021,Electronics,2024-12-15,125.0,96.70608395228328,28.29391604771672,28.29391604771672,2
P021,Electronics,2024-12-16,61.0,68.1136716844009,-7.113671684400899,7.113671684400899,2
P021,Electronics,2024-12-17,61.0,64.34799828786579,-3.347998287865792,3.347998287865792,2
P021,Electronics,2024-12-18,56.0,68.25278516180516,-12.252785161805164,12.252785161805164,2
P021,Electronics,2024-12-19,86.0,64.68419445648274,21.315805543517257,21.315805543517257,2
P021,Electronics,2024-12-20,78.0,67.68122851184543,10.318771488154567,10.318771488154567,2
P021,Electronics,2024-12-21,107.0,89.14598426326445,17.854015736735548,17.854015736735548,2
P021,Electronics,2024-12-22,82.0,93.91923359898281,-11.919233598982814,11.919233598982814,2
P021,Electronics,2024-12-23,72.0,70.62806941935435,1.3719305806456532,1.3719305806456532,2
P021,Electronics,2024-12-24,85.0,69.68347189830286,15.316528101697145,15.316528101697145,2
P021,Electronics,2024-12-25,168.0,167.3036244143198,0.6963755856801868,0.6963755856801868,2
P021,Electronics,2024-12-26,89.0,75.40206863629882,13.597931363701178,13.597931363701178,2
P021,Electronics,2024-12-27,81.0,76.80081786440425,4.199182135595748,4.199182135595748,2
P021,Electronics,2024-12-28,119.0,100.92328365069132,18.076716349308683,18.076716349308683,2
P021,Electronics,2024-12-29,112.0,96.51268116269021,15.487318837309786,15.487318837309786,2
P021,Electronics,2024-12-30,49.0,77.24156589672934,-28.24156589672934,28.24156589672934,2
P021,Electronics,2024-12-31,66.0,77.441988740114,-11.441988740113999,11.441988740113999,2
P021,Electronics,2025-01-01,105.0,163.91898048702336,-58.91898048702336,58.91898048702336,2
P021,Electronics,2025-01-02,44.0,75.96039463982545,-31.960394639825452,31.960394639825452,3
P021,Electronics,2025-01-03,60.0,76.06996444101726,-16.069964441017262,16.069964441017262,3
P021,Electronics,2025-01-04,122.0,98.01797745079703,23.982022549202966,23.982022549202966,3
P021,Electronics,2025-01-05,95.0,94.86773999227616,0.1322600077238434,0.1322600077238434,3
P021,Electronics,2025-01-06,83.0,74.0135966265989,8.986403373401103,8.986403373401103,3
P021,Electronics,2025-01-07,68.0,78.82872426933093,-10.828724269330934,10.828724269330934,3
P021,Electronics,2025-01-08,71.0,79.6199140793124,-8.619914079312395,8.619914079312395,3
P021,Electronics,2025-01-09,139.0,117.16632881485869,21.833671185141313,21.833671185141313,3
P021,Electronics,2025-01-10,73.0,78.65394775824846,-5.653947758248464,5.653947758248464,3
P021,Electronics,2025-01-11,92.0,106.09694055832824,-14.096940558328242,14.096940558328242,3
P021,Electronics,2025-01-12,107.0,105.96580492916972,1.034195070830279,1.034195070830279,3
P021,Electronics,2025-01-13,88.0,120.75520000698168,-32.75520000698168,32.75520000698168,3
P021,Electronics,2025-01-14,80.0,81.59665602554763,-1.596656025547631,1.596656025547631,3
P021,Electronics,2025-01-15,81.0,82.11491398546558,-1.1149139854655772,1.1149139854655772,3
P021,Electronics,2025-01-16,49.0,85.39386872304671,-36.39386872304671,36.39386872304671,3
P021,Electronics,2025-01-17,60.0,81.40088620982294,-21.400886209822943,21.400886209822943,3
P021,Electronics,2025-01-18,85.0,104.33387500690732,-19.33387500690732,19.33387500690732,3
P021,Electronics,2025-01-19,88.0,102.51919995739976,-14.519199957399763,14.519199957399763,3
P021,Electronics,2025-01-20,86.0,81.89589023586385,4.104109764136155,4.104109764136155,3
P021,Electronics,2025-01-21,63.0,82.40505451909408,-19.40505451909408,19.40505451909408,3
P021,Electronics,2025-01-22,63.0,80.1774907386682,-17.177490738668197,17.177490738668197,3
P021,Electronics,2025-01-23,89.0,76.87985071422335,12.120149285776648,12.120149285776648,3
P021,Electronics,2025-01-24,94.0,78.48125216382549,15.518747836174512,15.518747836174512,3
P021,Electronics,2025-01-25,120.0,95.98810063589873,24.011899364101268,24.011899364101268,3
P021,Electronics,2025-01-26,76.0,99.0281635769214,-23.0281635769214,23.0281635769214,3
P021,Electronics,2025-01-27,64.0,78.67533267091163,-14.67533267091163,14.67533267091163,3
P021,Electronics,2025-01-28,51.0,78.59242697791059,-27.59242697791059,27.59242697791059,3
P021,Electronics,2025-01-29,36.0,77.42160316561134,-41.421603165611344,41.421603165611344,3
P021,Electronics,2025-01-30,94.0,115.32218604646638,-21.322186046466385,21.322186046466385,3
P021,Electronics,2025-01-31,69.0,77.59761462579002,-8.597614625790015,8.597614625790015,3
P021,Electronics,2025-02-01,105.0,98.12561505199835,6.874384948001648,6.874384948001648,3
P021,Electronics,2025-02-02,119.0,93.81678738550582,25.18321261449418,25.18321261449418,3
P021,Electronics,2025-02-03,78.0,79.48238214924602,-1.4823821492460212,1.4823821492460212,3
P021,Electronics,2025-02-04,104.0,78.35983054503997,25.64016945496003,25.64016945496003,3
P021,Electronics,2025-02-05,65.0,78.71037064819433,-13.710370648194328,13.710370648194328,3
P021,Electronics,2025-02-06,103.0,79.34001777637828,23.659982223621725,23.659982223621725,3
P021,Electronics,2025-02-07,67.0,80.68194641848157,-13.681946418481573,13.681946418481573,3
P021,Electronics,2025-02-08,112.0,102.01900605815283,9.980993941847174,9.980993941847174,3
P021,Electronics,2025-02-09,107.0,101.66733511838996,5.332664881610043,5.332664881610043,3
P021,Electronics,2025-02-10,101.0,79.67150846146922,21.328491538530784,21.328491538530784,3
P021,Electronics,2025-02-11,165.0,123.3105841474488,41.68941585255121,41.68941585255121,3
P021,Electronics,2025-02-12,87.0,114.96402378938782,-27.964023789387824,27.964023789387824,3
P021,Electronics,2025-02-13,42.0,80.03034857244386,-38.030348572443856,38.030348572443856,3
P021,Electronics,2025-02-14,78.0,78.71502397336305,-0.7150239733630457,0.7150239733630457,3
P021,Electronics,2025-02-15,112.0,103.47717098407466,8.522829015925339,8.522829015925339,3
P021,Electronics,2025-02-16,103.0,104.8466190989403,-1.8466190989402946,1.8466190989402946,3
P021,Electronics,2025-02-17,132.0,84.83636634568457,47.16363365431543,47.16363365431543,3
P021,Electronics,2025-02-18,92.0,85.24522940563782,6.754770594362185,6.754770594362185,3
P021,Electronics,2025-02-19,92.0,88.53201139176579,3.467988608234208,3.467988608234208,3
P021,Electronics,2025-02-20,60.0,90.4496706692897,-30.449670669289702,30.449670669289702,3
P021,Electronics,2025-02-21,73.0,88.5360984535463,-15.536098453546302,15.536098453546302,3
P021,Electronics,2025-02-22,115.0,106.87222754826178,8.127772451738224,8.127772451738224,3
P021,Electronics,2025-02-23,111.0,105.34324350471813,5.6567564952818685,5.6567564952818685,3
P021,Electronics,2025-02-24,84.0,89.39440492482979,-5.394404924829786,5.394404924829786,3
P021,Electronics,2025-02-25,105.0,88.44453797878741,16.55546202121259,16.55546202121259,3
P021,Electronics,2025-02-26,71.0,87.53227268486083,-16.53227268486083,16.53227268486083,3
P021,Electronics,2025-02-27,91.0,88.57222934178866,2.427770658211344,2.427770658211344,3
P021,Electronics,2025-02-28,72.0,88.97000910614763,-16.97000910614763,16.97000910614763,3
P021,Electronics,2025-03-01,168.0,109.25221781692667,58.747782183073326,58.747782183073326,3
P021,Electronics,2025-03-02,151.0,185.9306860953166,-34.93068609531659,34.93068609531659,3
P021,Electronics,2025-03-03,171.0,138.5097393711957,32.49026062880429,32.49026062880429,4
P021,Electronics,2025-03-04,79.0,97.94890462439935,-18.948904624399347,18.948904624399347,4
P021,Electronics,2025-03-05,73.0,97.08743025810996,-24.08743025810996,24.08743025810996,4
P021,Electronics,2025-03-06,83.0,97.84096059465588,-14.840960594655883,14.840960594655883,4
P021,Electronics,2025-03-07,64.0,97.09171199136735,-33.09171199136735,33.09171199136735,4
P021,Electronics,2025-03-08,86.0,121.09784918588605,-35.09784918588605,35.09784918588605,4
P021,Electronics,2025-03-09,143.0,122.19400187253382,20.805998127466182,20.805998127466182,4
P021,Electronics,2025-03-10,92.0,100.46916602343937,-8.46916602343937,8.46916602343937,4
P021,Electronics,2025-03-11,101.0,100.7007353585483,0.29926464145169973,0.29926464145169973,4
P021,Electronics,2025-03-12,103.0,126.13139899320448,-23.131398993204485,23.131398993204485,4
P021,Electronics,2025-03-13,97.0,92.78730426328252,4.212695736717478,4.212695736717478,4
P021,Electronics,2025-03-14,87.0,97.47812074890302,-10.478120748903024,10.478120748903024,4
P021,Electronics,2025-03-15,91.0,118.2727696065189,-27.272769606518906,27.272769606518906,4
P021,Electronics,2025-03-16,178.0,123.97714635828052,54.02285364171948,54.02285364171948,4
P021,Electronics,2025-03-17,60.0,99.89310517038409,-39.89310517038409,39.89310517038409,4
P021,Electronics,2025-03-18,86.0,93.88844499723402,-7.888444997234018,7.888444997234018,4
P021,Electronics,2025-03-19,95.0,95.79317898917138,-0.7931789891713805,0.7931789891713805,4
P021,Electronics,2025-03-20,90.0,95.43777560276104,-5.437775602761036,5.437775602761036,4
P021,Electronics,2025-03-21,77.0,95.52855900226868,-18.52855900226868,18.52855900226868,4
P021,Electronics,2025-03-22,93.0,117.78422335506453,-24.784223355064526,24.784223355064526,4
P021,Electronics,2025-03-23,115.0,122.61320807202887,-7.613208072028868,7.613208072028868,4
P021,Electronics,2025-03-24,72.0,96.53446942087125,-24.534469420871247,24.534469420871247,4
P021,Electronics,2025-03-25,105.0,96.46220621647235,8.537793783527647,8.537793783527647,4
P021,Electronics,2025-03-26,89.0,96.39047393727607,-7.39047393727607,7.39047393727607,4
P021,Electronics,2025-03-27,94.0,110.61442525961455,-16.61442525961455,16.61442525961455,4
P021,Electronics,2025-03-28,87.0,94.40154187079438,-7.401541870794375,7.401541870794375,4
P021,Electronics,2025-03-29,119.0,118.32104545968551,0.6789545403144928,0.6789545403144928,4
P021,Electronics,2025-03-30,137.0,119.10588900087252,17.894110999127477,17.894110999127477,4
P021,Electronics,2025-03-31,92.0,102.75579578178925,-10.755795781789246,10.755795781789246,4
P021,Electronics,2025-04-01,89.0,90.50188080325842,-1.501880803258416,1.501880803258416,4
P021,Electronics,2025-04-02,101.0,90.50346937417919,10.49653062582081,10.49653062582081,4
P021,Electronics,2025-04-03,60.0,92.2778217124713,-32.277821712471294,32.277821712471294,4
P021,Electronics,2025-04-04,75.0,87.81053757457306,-12.810537574573061,12.810537574573061,4
P021,Electronics,2025-04-05,104.0,110.14213410510594,-6.142134105105939,6.142134105105939,4
P021,Electronics,2025-04-06,88.0,117.36333069593482,-29.36333069593482,29.36333069593482,4
P021,Electronics,2025-04-07,98.0,87.36151508780772,10.638484912192283,10.638484912192283,4
P021,Electronics,2025-04-08,86.0,89.66236849037504,-3.6623684903750444,3.6623684903750444,4
P021,Electronics,2025-04-09,65.0,88.55814550247851,-23.55814550247851,23.55814550247851,4
P021,Electronics,2025-04-10,63.0,87.20849252785557,-24.20849252785557,24.20849252785557,4
P021,Electronics,2025-04-11,85.0,86.8946176790419,-1.8946176790419003,1.8946176790419003,4
P021,Electronics,2025-04-12,122.0,109.06838615275751,12.931613847242488,12.931613847242488,4
P021,Electronics,2025-04-13,109.0,110.19982848391255,-1.1998284839125546,1.1998284839125546,4
P021,Electronics,2025-04-14,131.0,83.39351804630404,47.60648195369596,47.60648195369596,4
P021,Electronics,2025-04-15,81.0,84.73615793412009,-3.7361579341200866,3.7361579341200866,4
P021,Electronics,2025-04-16,74.0,86.97106721407606,-12.971067214076058,12.971067214076058,4
P021,Electronics,2025-04-17,108.0,85.66321136990268,22.336788630097317,22.336788630097317,4
P021,Electronics,2025-04-18,91.0,84.29406118649608,6.70593881350392,6.70593881350392,4
P021,Electronics,2025-04-19,137.0,109.36852215712024,27.63147784287976,27.63147784287976,4
P021,Electronics,2025-04-20,139.0,107.05570763577161,31.94429236422839,31.94429236422839,4
P021,Electronics,2025-04-21,78.0,89.62550198400672,-11.625501984006718,11.625501984006718,4
P021,Electronics,2025-04-22,74.0,88.04642920632068,-14.046429206320681,14.046429206320681,4
P021,Electronics,2025-04-23,97.0,86.52213185101753,10.477868148982466,10.477868148982466,4
P021,Electronics,2025-04-24,70.0,86.60803871519082,-16.608038715190816,16.608038715190816,4
P021,Electronics,2025-04-25,76.0,87.24977958262942,-11.249779582629415,11.249779582629415,4
P021,Electronics,2025-04-26,63.0,112.06894803347866,-49.06894803347866,49.06894803347866,4
P021,Electronics,2025-04-27,103.0,111.90836531686605,-8.908365316866053,8.908365316866053,4
P021,Electronics,2025-04-28,110.0,84.50539333442394,25.494606665576057,25.494606665576057,4
P021,Electronics,2025-04-29,85.0,82.82068574915665,2.1793142508433476,2.1793142508433476,4
P021,Electronics,2025-04-30,55.0,81.8456487210287,-26.845648721028695,26.845648721028695,4
P021,Electronics,2025-05-01,120.0,79.84381326663406,40.15618673336594,40.15618673336594,4
P022,Home & Kitchen,2024-09-04,55.0,50.283233421868935,4.716766578131065,4.716766578131065,1
P022,Home & Kitchen,2024-09-05,52.0,50.526619087524814,1.4733809124751858,1.4733809124751858,1
P022,Home & Kitchen,2024-09-06,35.0,50.16415429414388,-15.164154294143877,15.164154294143877,1
P022,Home & Kitchen,2024-09-07,78.0,63.935175915877906,14.064824084122094,14.064824084122094,1
P022,Home & Kitchen,2024-09-08,43.0,62.7919011753936,-19.791901175393598,19.791901175393598,1
P022,Home & Kitchen,2024-09-09,62.0,48.22732234244892,13.772677657551078,13.772677657551078,1
P022,Home & Kitchen,2024-09-10,50.0,51.02591106392115,-1.02591106392115,1.02591106392115,1
P022,Home & Kitchen,2024-09-11,49.0,50.277605339854006,-1.2776053398540057,1.2776053398540057,1
P022,Home & Kitchen,2024-09-12,65.0,48.94339832473015,16.056601675269853,16.056601675269853,1
P022,Home & Kitchen,2024-09-13,49.0,47.677314430372085,1.3226855696279145,1.3226855696279145,1
P022,Home & Kitchen,2024-09-14,57.0,65.18698356551499,-8.186983565514993,8.186983565514993,1
P022,Home & Kitchen,2024-09-15,104.0,94.78877062423226,9.211229375767743,9.211229375767743,1
P022,Home & Kitchen,2024-09-16,36.0,52.002608346382935,-16.002608346382935,16.002608346382935,1
P022,Home & Kitchen,2024-09-17,51.0,51.29162428708276,-0.29162428708276167,0.29162428708276167,1
P022,Home & Kitchen,2024-09-18,45.0,49.47261804324961,-4.472618043249611,4.472618043249611,1
P022,Home & Kitchen,2024-09-19,38.0,50.599775986436136,-12.599775986436136,12.599775986436136,1
P022,Home & Kitchen,2024-09-20,80.0,49.486151141377135,30.513848858622865,30.513848858622865,1
P022,Home & Kitchen,2024-09-21,60.0,66.27674555633378,-6.276745556333779,6.276745556333779,1
P022,Home & Kitchen,2024-09-22,53.0,64.66732722234899,-11.667327222348987,11.667327222348987,1
P022,Home & Kitchen,2024-09-23,24.0,51.3579992741219,-27.3579992741219,27.3579992741219,1
P022,Home & Kitchen,2024-09-24,37.0,49.153738695003085,-12.153738695003085,12.153738695003085,1
P022,Home & Kitchen,2024-09-25,58.0,48.62927242465471,9.370727575345292,9.370727575345292,1
P022,Home & Kitchen,2024-09-26,26.0,50.34406165042855,-24.34406165042855,24.34406165042855,1
P022,Home & Kitchen,2024-09-27,32.0,48.64063668346061,-16.640636683460613,16.640636683460613,1
P022,Home & Kitchen,2024-09-28,82.0,60.39247869152923,21.607521308470773,21.607521308470773,1
P022,Home & Kitchen,2024-09-29,57.0,62.59376950868832,-5.593769508688318,5.593769508688318,1
P022,Home & Kitchen,2024-09-30,41.0,46.04267513760135,-5.04267513760135,5.04267513760135,1
P022,Home & Kitchen,2024-10-01,48.0,48.42410526629216,-0.42410526629215894,0.42410526629215894,1
P022,Home & Kitchen,2024-10-02,64.0,48.253671284682305,15.746328715317695,15.746328715317695,1
P022,Home & Kitchen,2024-10-03,34.0,47.267676931784344,-13.267676931784344,13.267676931784344,1
P022,Home & Kitchen,2024-10-04,74.0,48.74686117131595,25.25313882868405,25.25313882868405,1
P022,Home & Kitchen,2024-10-05,113.0,113.84887703750583,-0.8488770375058294,0.8488770375058294,1
P022,Home & Kitchen,2024-10-06,63.0,62.47540087289214,0.5245991271078623,0.5245991271078623,1
P022,Home & Kitchen,2024-10-07,56.0,49.44889721303198,6.551102786968023,6.551102786968023,1
P022,Home & Kitchen,2024-10-08,18.0,49.582976582728406,-31.582976582728406,31.582976582728406,1
P022,Home & Kitchen,2024-10-09,71.0,73.74873575117844,-2.748735751178444,2.748735751178444,1
P022,Home & Kitchen,2024-10-10,50.0,49.2365752326147,0.7634247673853025,0.7634247673853025,1
P022,Home & Kitchen,2024-10-11,72.0,51.20346936134041,20.79653063865959,20.79653063865959,1
P022,Home & Kitchen,2024-10-12,106.0,70.51766516523523,35.48233483476477,35.48233483476477,1
P022,Home & Kitchen,2024-10-13,68.0,66.63192317745238,1.3680768225476214,1.3680768225476214,1
P022,Home & Kitchen,2024-10-14,79.0,92.08667622621927,-13.086676226219268,13.086676226219268,1
P022,Home & Kitchen,2024-10-15,45.0,51.95239071092749,-6.952390710927489,6.952390710927489,1
P022,Home & Kitchen,2024-10-16,47.0,53.84540283504896,-6.845402835048958,6.845402835048958,1
P022,Home & Kitchen,2024-10-17,43.0,51.98431204507353,-8.98431204507353,8.98431204507353,1
P022,Home & Kitchen,2024-10-18,62.0,55.316729610246206,6.683270389753794,6.683270389753794,1
P022,Home & Kitchen,2024-10-19,90.0,73.33839457078224,16.661605429217758,16.661605429217758,1
P022,Home & Kitchen,2024-10-20,88.0,66.9790746292047,21.020925370795297,21.020925370795297,1
P022,Home & Kitchen,2024-10-21,66.0,55.30719074924763,10.692809250752369,10.692809250752369,1
P022,Home & Kitchen,2024-10-22,55.0,53.66066868687126,1.3393313131287385,1.3393313131287385,1
P022,Home & Kitchen,2024-10-23,59.0,56.04362668332272,2.956373316677279,2.956373316677279,1
P022,Home & Kitchen,2024-10-24,58.0,53.726999065128105,4.273000934871895,4.273000934871895,1
P022,Home & Kitchen,2024-10-25,28.0,57.28215867827805,-29.28215867827805,29.28215867827805,1
P022,Home & Kitchen,2024-10-26,60.0,79.49308712909553,-19.493087129095528,19.493087129095528,1
P022,Home & Kitchen,2024-10-27,54.0,74.4237033831621,-20.423703383162106,20.423703383162106,1
P022,Home & Kitchen,2024-10-28,47.0,56.99659159320555,-9.996591593205551,9.996591593205551,1
P022,Home & Kitchen,2024-10-29,58.0,66.95030564256783,-8.950305642567827,8.950305642567827,1
P022,Home & Kitchen,2024-10-30,57.0,56.29276415955294,0.707235840447062,0.707235840447062,1
P022,Home & Kitchen,2024-10-31,43.0,55.3168043731454,-12.316804373145402,12.316804373145402,1
P022,Home & Kitchen,2024-11-01,17.0,56.42111914363708,-39.42111914363708,39.42111914363708,1
P022,Home & Kitchen,2024-11-02,72.0,71.17328924425544,0.826710755744557,0.826710755744557,1
P022,Home & Kitchen,2024-11-03,61.0,64.52093491376729,-3.5209349137672916,3.5209349137672916,2
P022,Home & Kitchen,2024-11-04,88.0,81.15094671504231,6.849053284957691,6.849053284957691,2
P022,Home & Kitchen,2024-11-05,33.0,53.72529054368031,-20.72529054368031,20.72529054368031,2
P022,Home & Kitchen,2024-11-06,56.0,54.09594035244339,1.9040596475566076,1.9040596475566076,2
P022,Home & Kitchen,2024-11-07,37.0,51.93255739673559,-14.93255739673559,14.93255739673559,2
P022,Home & Kitchen,2024-11-08,26.0,51.1197994261099,-25.1197994261099,25.1197994261099,2
P022,Home & Kitchen,2024-11-09,60.0,67.07977967638168,-7.079779676381676,7.079779676381676,2
P022,Home & Kitchen,2024-11-10,33.0,65.46470285191916,-32.46470285191916,32.46470285191916,2
P022,Home & Kitchen,2024-11-11,40.0,51.927777784623814,-11.927777784623814,11.927777784623814,2
P022,Home & Kitchen,2024-11-12,51.0,47.95344764996533,3.0465523500346734,3.0465523500346734,2
P022,Home & Kitchen,2024-11-13,30.0,50.02181171544613,-20.021811715446127,20.021811715446127,2
P022,Home & Kitchen,2024-11-14,54.0,46.73243136121876,7.267568638781242,7.267568638781242,2
P022,Home & Kitchen,2024-11-15,30.0,48.4037387291552,-18.4037387291552,18.4037387291552,2
P022,Home & Kitchen,2024-11-16,49.0,62.825098549291134,-13.825098549291134,13.825098549291134,2
P022,Home & Kitchen,2024-11-17,47.0,58.77357231115185,-11.773572311151852,11.773572311151852,2
P022,Home & Kitchen,2024-11-18,59.0,46.155190223200194,12.844809776799806,12.844809776799806,2
P022,Home & Kitchen,2024-11-19,53.0,45.53659846124106,7.463401538758937,7.463401538758937,2
P022,Home & Kitchen,2024-11-20,44.0,45.52487022532949,-1.5248702253294866,1.5248702253294866,2
P022,Home & Kitchen,2024-11-21,19.0,45.04401885604323,-26.04401885604323,26.04401885604323,2
P022,Home & Kitchen,2024-11-22,50.0,40.26885018459083,9.731149815409168,9.731149815409168,2
P022,Home & Kitchen,2024-11-23,45.0,56.3477349527163,-11.347734952716301,11.347734952716301,2
P022,Home & Kitchen,2024-11-24,44.0,54.71342473544833,-10.713424735448328,10.713424735448328,2
P022,Home & Kitchen,2024-11-25,87.0,65.37743996528037,21.622560034719626,21.622560034719626,2
P022,Home & Kitchen,2024-11-26,39.0,46.74928486745708,-7.749284867457078,7.749284867457078,2
P022,Home & Kitchen,2024-11-27,52.0,43.22231391205657,8.77768608794343,8.77768608794343,2
P022,Home & Kitchen,2024-11-28,38.0,42.332000716990784,-4.332000716990784,4.332000716990784,2
P022,Home & Kitchen,2024-11-29,122.0,92.5884369972726,29.411563002727405,29.411563002727405,2
P022,Home & Kitchen,2024-11-30,81.0,57.77802598408986,23.221974015910142,23.221974015910142,2
P022,Home & Kitchen,2024-12-01,90.0,58.89977708336833,31.100222916631672,31.100222916631672,2
P022,Home & Kitchen,2024-12-02,70.0,57.61696831968863,12.383031680311369,12.383031680311369,2
P022,Home & Kitchen,2024-12-03,30.0,50.596200429544176,-20.596200429544176,20.596200429544176,2
P022,Home & Kitchen,2024-12-04,82.0,48.6050296714498,33.3949703285502,33.3949703285502,2
P022,Home & Kitchen,2024-12-05,15.0,51.25658174143871,-36.25658174143871,36.25658174143871,2
P022,Home & Kitchen,2024-12-06,44.0,51.583275515206644,-7.583275515206644,7.583275515206644,2
P022,Home & Kitchen,2024-12-07,62.0,66.31709583381496,-4.31709583381496,4.31709583381496,2
P022,Home & Kitchen,2024-12-08,36.0,65.9953149312528,-29.995314931252807,29.995314931252807,2
P022,Home & Kitchen,2024-12-09,45.0,52.79481017367457,-7.79481017367457,7.79481017367457,2
P022,Home & Kitchen,2024-12-10,68.0,48.46056654065177,19.53943345934823,19.53943345934823,2
P022,Home & Kitchen,2024-12-11,55.0,53.875957987375045,1.1240420126249546,1.1240420126249546,2
P022,Home & Kitchen,2024-12-12,29.0,49.17017410107769,-20.17017410107769,20.17017410107769,2
P022,Home & Kitchen,2024-12-13,49.0,49.91901502856456,-0.9190150285645586,0.9190150285645586,2
P022,Home & Kitchen,2024-12-14,92.0,62.2956326460919,29.704367353908097,29.704367353908097,2
P022,Home & Kitchen,2024-12-15,56.0,62.93078006916747,-6.930780069167469,6.930780069167469,2
P022,Home & Kitchen,2024-12-16,61.0,59.1809791906159,1.8190208093840994,1.8190208093840994,2
P022,Home & Kitchen,2024-12-17,61.0,52.174414860729144,8.825585139270856,8.825585139270856,2
P022,Home & Kitchen,2024-12-18,102.0,76.14468103796722,25.855318962032783,25.855318962032783,2
P022,Home & Kitchen,2024-12-19,65.0,49.50710893585971,15.492891064140288,15.492891064140288,2
P022,Home & Kitchen,2024-12-20,49.0,53.115358593869175,-4.115358593869175,4.115358593869175,2
P022,Home & Kitchen,2024-12-21,39.0,72.16655555308921,-33.16655555308921,33.16655555308921,2
P022,Home & Kitchen,2024-12-22,80.0,66.18865397741598,13.811346022584019,13.811346022584019,2
P022,Home & Kitchen,2024-12-23,31.0,56.92749775681372,-25.92749775681372,25.92749775681372,2
P022,Home & Kitchen,2024-12-24,53.0,54.8110452017164,-1.8110452017163965,1.8110452017163965,2
P022,Home & Kitchen,2024-12-25,79.0,123.53453561728338,-44.53453561728338,44.53453561728338,2
P022,Home & Kitchen,2024-12-26,89.0,94.7870439569188,-5.787043956918794,5.787043956918794,2
P022,Home & Kitchen,2024-12-27,76.0,55.73007525874948,20.26992474125052,20.26992474125052,2
P022,Home & Kitchen,2024-12-28,81.0,72.1148183249569,8.8851816750431,8.8851816750431,2
P022,Home & Kitchen,2024-12-29,99.0,76.18718842161444,22.812811578385563,22.812811578385563,2
P022,Home & Kitchen,2024-12-30,44.0,55.7247836428493,-11.724783642849303,11.724783642849303,2
P022,Home & Kitchen,2024-12-31,61.0,53.84316656583279,7.156833434167211,7.156833434167211,2
P022,Home & Kitchen,2025-01-01,73.0,126.81777632991108,-53.817776329911084,53.817776329911084,2
P022,Home & Kitchen,2025-01-02,53.0,60.033573814362846,-7.033573814362846,7.033573814362846,3
P022,Home & Kitchen,2025-01-03,65.0,57.403696723503046,7.596303276496954,7.596303276496954,3
P022,Home & Kitchen,2025-01-04,34.0,73.89390852161783,-39.89390852161783,39.89390852161783,3
P022,Home & Kitchen,2025-01-05,83.0,78.76454140669847,4.23545859330153,4.23545859330153,3
P022,Home & Kitchen,2025-01-06,65.0,54.78880773236455,10.211192267635447,10.211192267635447,3
P022,Home & Kitchen,2025-01-07,50.0,59.7448219069117,-9.744821906911703,9.744821906911703,3
P022,Home & Kitchen,2025-01-08,71.0,57.770410152300215,13.229589847699785,13.229589847699785,3
P022,Home & Kitchen,2025-01-09,56.0,58.35968568418646,-2.3596856841864593,2.3596856841864593,3
P022,Home & Kitchen,2025-01-10,34.0,59.98067000443749,-25.980670004437492,25.980670004437492,3
P022,Home & Kitchen,2025-01-11,85.0,73.54522985897941,11.454770141020589,11.454770141020589,3
P022,Home & Kitchen,2025-01-12,80.0,74.84464798735367,5.155352012646333,5.155352012646333,3
P022,Home & Kitchen,2025-01-13,56.0,60.77450022371514,-4.774500223715137,4.774500223715137,3
P022,Home & Kitchen,2025-01-14,58.0,59.74633601387467,-1.746336013874668,1.746336013874668,3
P022,Home & Kitchen,2025-01-15,71.0,60.80220408420491,10.19779591579509,10.19779591579509,3
P022,Home & Kitchen,2025-01-16,58.0,58.713981163019554,-0.7139811630195538,0.7139811630195538,3
P022,Home & Kitchen,2025-01-17,69.0,56.43491650601721,12.56508349398279,12.56508349398279,3
P022,Home & Kitchen,2025-01-18,113.0,73.42131077889238,39.57868922110762,39.57868922110762,3
P022,Home & Kitchen,2025-01-19,96.0,79.2513858033815,16.748614196618504,16.748614196618504,3
P022,Home & Kitchen,2025-01-20,59.0,61.78966970163848,-2.7896697016384806,2.7896697016384806,3
P022,Home & Kitchen,2025-01-21,59.0,60.47552193561874,-1.4755219356187368,1.4755219356187368,3
P022,Home & Kitchen,2025-01-22,55.0,62.31220130038501,-7.312201300385013,7.312201300385013,3
P022,Home & Kitchen,2025-01-23,61.0,61.310056734511306,-0.31005673451130633,0.31005673451130633,3
P022,Home & Kitchen,2025-01-24,62.0,62.373806872798056,-0.37380687279805613,0.37380687279805613,3
P022,Home & Kitchen,2025-01-25,65.0,81.41479627928429,-16.41479627928429,16.41479627928429,3
P022,Home & Kitchen,2025-01-26,69.0,81.08568949827632,-12.085689498276324,12.085689498276324,3
P022,Home & Kitchen,2025-01-27,45.0,59.73502688352645,-14.735026883526452,14.735026883526452,3
P022,Home & Kitchen,2025-01-28,73.0,59.81945079927645,13.180549200723547,13.180549200723547,3
P022,Home & Kitchen,2025-01-29,65.0,60.039704323084685,4.960295676915315,4.960295676915315,3
P022,Home & Kitchen,2025-01-30,60.0,60.513518311877995,-0.5135183118779949,0.5135183118779949,3
P022,Home & Kitchen,2025-01-31,49.0,61.63028120770934,-12.630281207709338,12.630281207709338,3
P022,Home & Kitchen,2025-02-01,97.0,76.52191507705632,20.47808492294368,20.47808492294368,3
P022,Home & Kitchen,2025-02-02,67.0,77.75024220526872,-10.75024220526872,10.75024220526872,3
P022,Home & Kitchen,2025-02-03,49.0,60.48468214970986,-11.484682149709862,11.484682149709862,3
P022,Home & Kitchen,2025-02-04,74.0,60.8379385583011,13.162061441698903,13.162061441698903,3
P022,Home & Kitchen,2025-02-05,54.0,61.84494040532458,-7.844940405324579,7.844940405324579,3
P022,Home & Kitchen,2025-02-06,66.0,60.52488609594578,5.4751139040542185,5.4751139040542185,3
P022,Home & Kitchen,2025-02-07,52.0,59.86104840744773,-7.861048407447733,7.861048407447733,3
P022,Home & Kitchen,2025-02-08,78.0,79.90729876299325,-1.9072987629932499,1.9072987629932499,3
P022,Home & Kitchen,2025-02-09,83.0,76.87048859984006,6.129511400159942,6.129511400159942,3
P022,Home & Kitchen,2025-02-10,81.0,59.77422934839147,21.225770651608528,21.225770651608528,3
P022,Home & Kitchen,2025-02-11,69.0,62.76812039630005,6.2318796036999515,6.2318796036999515,3
P022,Home & Kitchen,2025-02-12,71.0,60.8078197676815,10.1921802323185,10.1921802323185,3
P022,Home & Kitchen,2025-02-13,71.0,61.993957734866854,9.006042265133146,9.006042265133146,3
P022,Home & Kitchen,2025-02-14,81.0,60.877723745385424,20.122276254614576,20.122276254614576,3
P022,Home & Kitchen,2025-02-15,124.0,81.44548345912834,42.55451654087166,42.55451654087166,3
P022,Home & Kitchen,2025-02-16,98.0,83.7415883038543,14.2584116961457,14.2584116961457,3
P022,Home & Kitchen,2025-02-17,70.0,104.19314346191605,-34.19314346191605,34.19314346191605,3
P022,Home & Kitchen,2025-02-18,69.0,67.91373481913332,1.0862651808666755,1.0862651808666755,3
P022,Home & Kitchen,2025-02-19,87.0,65.79417025514047,21.20582974485953,21.20582974485953,3
P022,Home & Kitchen,2025-02-20,46.0,75.58722080531075,-29.58722080531075,29.58722080531075,3
P022,Home & Kitchen,2025-02-21,94.0,68.12719193933377,25.87280806066623,25.87280806066623,3
P022,Home & Kitchen,2025-02-22,103.0,87.24599806299355,15.75400193700645,15.75400193700645,3
P022,Home & Kitchen,2025-02-23,94.0,89.39647366567024,4.603526334329757,4.603526334329757,3
P022,Home & Kitchen,2025-02-24,59.0,70.67017929507757,-11.670179295077574,11.670179295077574,3
P022,Home & Kitchen,2025-02-25,54.0,70.90161055328133,-16.90161055328133,16.90161055328133,3
P022,Home & Kitchen,2025-02-26,83.0,70.65953180449189,12.340468195508109,12.340468195508109,3
P022,Home & Kitchen,2025-02-27,40.0,70.2031108845496,-30.203110884549602,30.203110884549602,3
P022,Home & Kitchen,2025-02-28,105.0,72.09580517051072,32.904194829489285,32.904194829489285,3
P022,Home & Kitchen,2025-03-01,110.0,92.43566204572416,17.564337954275842,17.564337954275842,3
P022,Home & Kitchen,2025-03-02,100.0,91.06885717385879,8.931142826141212,8.931142826141212,3
P022,Home & Kitchen,2025-03-03,72.0,71.36653685872496,0.633463141275044,0.633463141275044,4
P022,Home & Kitchen,2025-03-04,52.0,72.20643742936352,-20.20643742936352,20.20643742936352,4
P022,Home & Kitchen,2025-03-05,69.0,73.60361283133462,-4.603612831334615,4.603612831334615,4
P022,Home & Kitchen,2025-03-06,38.0,71.55663230646321,-33.556632306463214,33.556632306463214,4
P022,Home & Kitchen,2025-03-07,45.0,71.95797025490691,-26.95797025490691,26.95797025490691,4
P022,Home & Kitchen,2025-03-08,48.0,91.51218123512092,-43.51218123512092,43.51218123512092,4
P022,Home & Kitchen,2025-03-09,90.0,89.04491692082327,0.9550830791767311,0.9550830791767311,4
P022,Home & Kitchen,2025-03-10,57.0,69.51024478276595,-12.510244782765952,12.510244782765952,4
P022,Home & Kitchen,2025-03-11,62.0,66.2660073363746,-4.266007336374599,4.266007336374599,4
P022,Home & Kitchen,2025-03-12,69.0,67.44828426100835,1.5517157389916463,1.5517157389916463,4
P022,Home & Kitchen,2025-03-13,89.0,64.62186184162857,24.378138158371428,24.378138158371428,4
P022,Home & Kitchen,2025-03-14,37.0,69.72269688561738,-32.72269688561738,32.72269688561738,4
P022,Home & Kitchen,2025-03-15,124.0,82.74711619942593,41.25288380057407,41.25288380057407,4
P022,Home & Kitchen,2025-03-16,91.0,86.90013468607238,4.099865313927623,4.099865313927623,4
P022,Home & Kitchen,2025-03-17,57.0,65.53485659402851,-8.534856594028511,8.534856594028511,4
P022,Home & Kitchen,2025-03-18,100.0,96.0952531118018,3.904746888198204,3.904746888198204,4
P022,Home & Kitchen,2025-03-19,73.0,67.52379074007476,5.476209259925241,5.476209259925241,4
P022,Home & Kitchen,2025-03-20,88.0,63.77707309725794,24.22292690274206,24.22292690274206,4
P022,Home & Kitchen,2025-03-21,62.0,67.19895268628807,-5.198952686288067,5.198952686288067,4
P022,Home & Kitchen,2025-03-22,56.0,86.39896838306728,-30.398968383067285,30.398968383067285,4
P022,Home & Kitchen,2025-03-23,54.0,85.82655723520976,-31.826557235209762,31.826557235209762,4
P022,Home & Kitchen,2025-03-24,79.0,64.19110679532646,14.808893204673538,14.808893204673538,4
P022,Home & Kitchen,2025-03-25,76.0,65.73496428256803,10.26503571743197,10.26503571743197,4
P022,Home & Kitchen,2025-03-26,100.0,67.4557253363067,32.5442746636933,32.5442746636933,4
P022,Home & Kitchen,2025-03-27,39.0,68.14336439654888,-29.143364396548876,29.143364396548876,4
P022,Home & Kitchen,2025-03-28,75.0,65.74860521779972,9.251394782200279,9.251394782200279,4
P022,Home & Kitchen,2025-03-29,111.0,86.25127131978135,24.748728680218647,24.748728680218647,4
P022,Home & Kitchen,2025-03-30,97.0,82.7047004614579,14.295299538542096,14.295299538542096,4
P022,Home & Kitchen,2025-03-31,63.0,66.96618903234537,-3.966189032345369,3.966189032345369,4
P022,Home & Kitchen,2025-04-01,60.0,65.38997819279204,-5.389978192792043,5.389978192792043,4
P022,Home & Kitchen,2025-04-02,60.0,65.80231380963862,-5.802313809638619,5.802313809638619,4
P022,Home & Kitchen,2025-04-03,71.0,62.841832681355875,8.158167318644125,8.158167318644125,4
P022,Home & Kitchen,2025-04-04,89.0,65.13438762716186,23.865612372838143,23.865612372838143,4
P022,Home & Kitchen,2025-04-05,57.0,83.10626574986658,-26.10626574986658,26.10626574986658,4
P022,Home & Kitchen,2025-04-06,80.0,85.36275183230167,-5.362751832301669,5.362751832301669,4
P022,Home & Kitchen,2025-04-07,95.0,68.36725316991253,26.63274683008747,26.63274683008747,4
P022,Home & Kitchen,2025-04-08,42.0,70.16617354112644,-28.16617354112644,28.16617354112644,4
P022,Home & Kitchen,2025-04-09,75.0,68.1213840122953,6.8786159877047055,6.8786159877047055,4
P022,Home & Kitchen,2025-04-10,15.0,68.7575700486014,-53.757570048601394,53.757570048601394,4
P022,Home & Kitchen,2025-04-11,57.0,66.12260794676662,-9.122607946766621,9.122607946766621,4
P022,Home & Kitchen,2025-04-12,66.0,81.53384021999723,-15.53384021999723,15.53384021999723,4
P022,Home & Kitchen,2025-04-13,118.0,82.46532807752277,35.53467192247723,35.53467192247723,4
P022,Home & Kitchen,2025-04-14,44.0,65.06415008168915,-21.06415008168915,21.06415008168915,4
P022,Home & Kitchen,2025-04-15,45.0,61.77231403813697,-16.77231403813697,16.77231403813697,4
P022,Home & Kitchen,2025-04-16,49.0,63.12313737612605,-14.123137376126053,14.123137376126053,4
P022,Home & Kitchen,2025-04-17,56.0,60.83725757113348,-4.8372575711334775,4.8372575711334775,4
P022,Home & Kitchen,2025-04-18,58.0,62.00106392861362,-4.001063928613618,4.001063928613618,4
P022,Home & Kitchen,2025-04-19,74.0,73.30353361309582,0.6964663869041772,0.6964663869041772,4
P022,Home & Kitchen,2025-04-20,96.0,79.36207802293143,16.637921977068572,16.637921977068572,4
P022,Home & Kitchen,2025-04-21,45.0,62.92787037064406,-17.927870370644058,17.927870370644058,4
P022,Home & Kitchen,2025-04-22,74.0,63.0777251073226,10.9222748926774,10.9222748926774,4
P022,Home & Kitchen,2025-04-23,52.0,64.19327180113412,-12.193271801134117,12.193271801134117,4
P022,Home & Kitchen,2025-04-24,26.0,58.25719160840218,-32.25719160840218,32.25719160840218,4
P022,Home & Kitchen,2025-04-25,63.0,60.024107831245544,2.9758921687544557,2.9758921687544557,4
P022,Home & Kitchen,2025-04-26,100.0,74.49521035414783,25.50478964585217,25.50478964585217,4
P022,Home & Kitchen,2025-04-27,64.0,79.13156228053492,-15.131562280534922,15.131562280534922,4
P022,Home & Kitchen,2025-04-28,67.0,57.93860271100077,9.061397288999231,9.061397288999231,4
P022,Home & Kitchen,2025-04-29,57.0,59.92702972956705,-2.927029729567053,2.927029729567053,4
P022,Home & Kitchen,2025-04-30,55.0,58.43576641755736,-3.4357664175573603,3.4357664175573603,4
P022,Home & Kitchen,2025-05-01,77.0,58.79279938864072,18.207200611359283,18.207200611359283,4
P023,Apparel,2024-09-04,44.0,42.939585488312154,1.0604145116878456,1.0604145116878456,1
P023,Apparel,2024-09-05,44.0,36.477993923329095,7.522006076670905,7.522006076670905,1
P023,Apparel,2024-09-06,29.0,37.81640472507258,-8.81640472507258,8.81640472507258,1
P023,Apparel,2024-09-07,41.0,49.89135254593788,-8.891352545937877,8.891352545937877,1
P023,Apparel,2024-09-08,45.0,44.424600139902694,0.5753998600973063,0.5753998600973063,1
P023,Apparel,2024-09-09,41.0,39.085552669700604,1.9144473302993958,1.9144473302993958,1
P023,Apparel,2024-09-10,53.0,38.18414128995068,14.81585871004932,14.81585871004932,1
P023,Apparel,2024-09-11,50.0,37.593535674577694,12.406464325422306,12.406464325422306,1
P023,Apparel,2024-09-12,68.0,36.94253619382785,31.05746380617215,31.05746380617215,1
P023,Apparel,2024-09-13,34.0,37.40899087849,-3.408990878490002,3.408990878490002,1
P023,Apparel,2024-09-14,55.0,47.20223068601126,7.797769313988738,7.797769313988738,1
P023,Apparel,2024-09-15,50.0,49.46281635785684,0.5371836421431624,0.5371836421431624,1
P023,Apparel,2024-09-16,40.0,38.18981597711943,1.81018402288057,1.81018402288057,1
P023,Apparel,2024-09-17,46.0,38.5952733984027,7.404726601597297,7.404726601597297,1
P023,Apparel,2024-09-18,53.0,40.68997682092495,12.310023179075053,12.310023179075053,1
P023,Apparel,2024-09-19,40.0,40.12587521479871,-0.125875214798711,0.125875214798711,1
P023,Apparel,2024-09-20,52.0,36.68415096848832,15.315849031511682,15.315849031511682,1
P023,Apparel,2024-09-21,49.0,50.075440311608425,-1.0754403116084248,1.0754403116084248,1
P023,Apparel,2024-09-22,47.0,48.62494567645642,-1.62494567645642,1.62494567645642,1
P023,Apparel,2024-09-23,63.0,38.568785875156486,24.431214124843514,24.431214124843514,1
P023,Apparel,2024-09-24,55.0,65.56770267253665,-10.567702672536655,10.567702672536655,1
P023,Apparel,2024-09-25,48.0,41.67845098106849,6.321549018931513,6.321549018931513,1
P023,Apparel,2024-09-26,87.0,63.285252924321426,23.714747075678574,23.714747075678574,1
P023,Apparel,2024-09-27,46.0,43.16672522076767,2.833274779232333,2.833274779232333,1
P023,Apparel,2024-09-28,43.0,55.58425510091549,-12.584255100915492,12.584255100915492,1
P023,Apparel,2024-09-29,48.0,54.51877087387543,-6.518770873875432,6.518770873875432,1
P023,Apparel,2024-09-30,30.0,44.497011972753754,-14.497011972753754,14.497011972753754,1
P023,Apparel,2024-10-01,34.0,45.05241302421001,-11.052413024210011,11.052413024210011,1
P023,Apparel,2024-10-02,50.0,45.12202741140991,4.87797258859009,4.87797258859009,1
P023,Apparel,2024-10-03,37.0,45.94159686263519,-8.941596862635187,8.941596862635187,1
P023,Apparel,2024-10-04,33.0,44.26746220303599,-11.26746220303599,11.26746220303599,1
P023,Apparel,2024-10-05,49.0,52.62716662833327,-3.6271666283332706,3.6271666283332706,1
P023,Apparel,2024-10-06,41.0,53.693916919850416,-12.693916919850416,12.693916919850416,1
P023,Apparel,2024-10-07,47.0,42.79268449356367,4.207315506436331,4.207315506436331,1
P023,Apparel,2024-10-08,59.0,42.7902388496471,16.209761150352897,16.209761150352897,1
P023,Apparel,2024-10-09,60.0,67.32240251997759,-7.322402519977587,7.322402519977587,1
P023,Apparel,2024-10-10,39.0,44.81867678488277,-5.8186767848827685,5.8186767848827685,1
P023,Apparel,2024-10-11,51.0,61.625668846791505,-10.625668846791505,10.625668846791505,1
P023,Apparel,2024-10-12,38.0,54.21006190680845,-16.21006190680845,16.21006190680845,1
P023,Apparel,2024-10-13,42.0,52.92775608617652,-10.927756086176522,10.927756086176522,1
P023,Apparel,2024-10-14,29.0,42.346015232696274,-13.346015232696274,13.346015232696274,1
P023,Apparel,2024-10-15,51.0,42.70701314677585,8.29298685322415,8.29298685322415,1
P023,Apparel,2024-10-16,40.0,44.22818674269748,-4.228186742697481,4.228186742697481,1
P023,Apparel,2024-10-17,48.0,41.20469108342108,6.795308916578918,6.795308916578918,1
P023,Apparel,2024-10-18,47.0,42.66515421190153,4.33484578809847,4.33484578809847,1
P023,Apparel,2024-10-19,51.0,52.367983665362196,-1.3679836653621962,1.3679836653621962,1
P023,Apparel,2024-10-20,44.0,51.68171156719621,-7.68171156719621,7.68171156719621,1
P023,Apparel,2024-10-21,51.0,41.9555516042715,9.044448395728502,9.044448395728502,1
P023,Apparel,2024-10-22,52.0,44.2769609548959,7.723039045104102,7.723039045104102,1
P023,Apparel,2024-10-23,46.0,43.20625136065088,2.7937486393491184,2.7937486393491184,1
P023,Apparel,2024-10-24,33.0,44.08126433614676,-11.08126433614676,11.08126433614676,1
P023,Apparel,2024-10-25,55.0,41.68772576806794,13.312274231932058,13.312274231932058,1
P023,Apparel,2024-10-26,42.0,50.16664102630065,-8.166641026300653,8.166641026300653,1
P023,Apparel,2024-10-27,57.0,49.88954993599603,7.11045006400397,7.11045006400397,1
P023,Apparel,2024-10-28,48.0,40.62311099919268,7.376889000807317,7.376889000807317,1
P023,Apparel,2024-10-29,36.0,41.64155228601505,-5.641552286015049,5.641552286015049,1
P023,Apparel,2024-10-30,48.0,40.733538209351636,7.266461790648364,7.266461790648364,1
P023,Apparel,2024-10-31,52.0,51.2411812385378,0.7588187614622015,0.7588187614622015,1
P023,Apparel,2024-11-01,40.0,44.07650357188489,-4.076503571884892,4.076503571884892,1
P023,Apparel,2024-11-02,62.0,52.94423011623439,9.055769883765613,9.055769883765613,1
P023,Apparel,2024-11-03,37.0,55.344063867857024,-18.344063867857024,18.344063867857024,2
P023,Apparel,2024-11-04,46.0,43.364666450129135,2.6353335498708645,2.6353335498708645,2
P023,Apparel,2024-11-05,55.0,43.85603695306791,11.143963046932093,11.143963046932093,2
P023,Apparel,2024-11-06,47.0,44.60942898468824,2.3905710153117568,2.3905710153117568,2
P023,Apparel,2024-11-07,38.0,42.872842925434746,-4.872842925434746,4.872842925434746,2
P023,Apparel,2024-11-08,52.0,42.99365913745071,9.006340862549287,9.006340862549287,2
P023,Apparel,2024-11-09,45.0,55.34825799996832,-10.348257999968318,10.348257999968318,2
P023,Apparel,2024-11-10,47.0,53.436216037010816,-6.436216037010816,6.436216037010816,2
P023,Apparel,2024-11-11,27.0,43.08541590711693,-16.085415907116932,16.085415907116932,2
P023,Apparel,2024-11-12,57.0,42.87005815816771,14.129941841832292,14.129941841832292,2
P023,Apparel,2024-11-13,54.0,43.555941222054685,10.444058777945315,10.444058777945315,2
P023,Apparel,2024-11-14,54.0,43.52099652309574,10.47900347690426,10.47900347690426,2
P023,Apparel,2024-11-15,39.0,43.3151045630949,-4.3151045630948985,4.3151045630948985,2
P023,Apparel,2024-11-16,40.0,54.72953029620128,-14.729530296201283,14.729530296201283,2
P023,Apparel,2024-11-17,58.0,53.67137302940405,4.328626970595948,4.328626970595948,2
P023,Apparel,2024-11-18,50.0,41.9945369212386,8.005463078761402,8.005463078761402,2
P023,Apparel,2024-11-19,68.0,45.71980246665668,22.28019753334332,22.28019753334332,2
P023,Apparel,2024-11-20,55.0,44.6154121602143,10.384587839785702,10.384587839785702,2
P023,Apparel,2024-11-21,40.0,44.80793066417488,-4.807930664174883,4.807930664174883,2
P023,Apparel,2024-11-22,40.0,45.59574846476251,-5.595748464762508,5.595748464762508,2
P023,Apparel,2024-11-23,57.0,53.033896162681614,3.9661038373183857,3.9661038373183857,2
P023,Apparel,2024-11-24,62.0,58.82424806826057,3.175751931739427,3.175751931739427,2
P023,Apparel,2024-11-25,62.0,45.77028479150192,16.229715208498078,16.229715208498078,2
P023,Apparel,2024-11-26,55.0,49.365664494519486,5.634335505480514,5.634335505480514,2
P023,Apparel,2024-11-27,44.0,47.508326766535866,-3.508326766535866,3.508326766535866,2
P023,Apparel,2024-11-28,47.0,46.913875069905465,0.08612493009453459,0.08612493009453459,2
P023,Apparel,2024-11-29,98.0,90.78366987479528,7.2163301252047205,7.2163301252047205,2
P023,Apparel,2024-11-30,70.0,61.43314552388565,8.56685447611435,8.56685447611435,2
P023,Apparel,2024-12-01,57.0,63.85921944511725,-6.8592194451172475,6.8592194451172475,2
P023,Apparel,2024-12-02,19.0,53.061470418707486,-34.061470418707486,34.061470418707486,2
P023,Apparel,2024-12-03,59.0,49.26817492081828,9.731825079181718,9.731825079181718,2
P023,Apparel,2024-12-04,53.0,48.59419526339966,4.405804736600338,4.405804736600338,2
P023,Apparel,2024-12-05,48.0,47.81491400884422,0.1850859911557805,0.1850859911557805,2
P023,Apparel,2024-12-06,57.0,52.990576701409985,4.009423298590015,4.009423298590015,2
P023,Apparel,2024-12-07,61.0,65.00340980247762,-4.00340980247762,4.00340980247762,2
P023,Apparel,2024-12-08,67.0,64.74451594830694,2.2554840516930597,2.2554840516930597,2
P023,Apparel,2024-12-09,59.0,51.372013414594385,7.6279865854056155,7.6279865854056155,2
P023,Apparel,2024-12-10,59.0,54.995038368704286,4.004961631295714,4.004961631295714,2
P023,Apparel,2024-12-11,51.0,52.84836823467832,-1.8483682346783183,1.8483682346783183,2
P023,Apparel,2024-12-12,67.0,53.430954825389975,13.569045174610025,13.569045174610025,2
P023,Apparel,2024-12-13,33.0,55.41100807153587,-22.411008071535868,22.411008071535868,2
P023,Apparel,2024-12-14,64.0,63.942935057280614,0.05706494271938567,0.05706494271938567,2
P023,Apparel,2024-12-15,47.0,65.88185085012388,-18.881850850123882,18.881850850123882,2
P023,Apparel,2024-12-16,54.0,51.589727157459166,2.4102728425408344,2.4102728425408344,2
P023,Apparel,2024-12-17,64.0,54.17681165049689,9.823188349503113,9.823188349503113,2
P023,Apparel,2024-12-18,53.0,53.501077942929825,-0.5010779429298253,0.5010779429298253,2
P023,Apparel,2024-12-19,55.0,54.48456895128571,0.5154310487142908,0.5154310487142908,2
P023,Apparel,2024-12-20,68.0,52.42599333705725,15.57400666294275,15.57400666294275,2
P023,Apparel,2024-12-21,47.0,67.70511809055427,-20.705118090554265,20.705118090554265,2
P023,Apparel,2024-12-22,74.0,64.5208792959639,9.479120704036106,9.479120704036106,2
P023,Apparel,2024-12-23,57.0,55.26812344888037,1.7318765511196332,1.7318765511196332,2
P023,Apparel,2024-12-24,76.0,55.63409281237236,20.36590718762764,20.36590718762764,2
P023,Apparel,2024-12-25,127.0,122.1748681566358,4.825131843364204,4.825131843364204,2
P023,Apparel,2024-12-26,67.0,55.44285247958903,11.557147520410972,11.557147520410972,2
P023,Apparel,2024-12-27,66.0,59.31661229960208,6.6833877003979225,6.6833877003979225,2
P023,Apparel,2024-12-28,41.0,70.30666144730489,-29.30666144730489,29.30666144730489,2
P023,Apparel,2024-12-29,70.0,70.56009927080986,-0.5600992708098573,0.5600992708098573,2
P023,Apparel,2024-12-30,70.0,56.144278612400676,13.855721387599324,13.855721387599324,2
P023,Apparel,2024-12-31,55.0,58.419022666841336,-3.419022666841336,3.419022666841336,2
P023,Apparel,2025-01-01,201.0,118.67948148252889,82.32051851747111,82.32051851747111,2
P023,Apparel,2025-01-02,46.0,62.0970368353313,-16.097036835331302,16.097036835331302,3
P023,Apparel,2025-01-03,47.0,62.15702519070039,-15.157025190700388,15.157025190700388,3
P023,Apparel,2025-01-04,60.0,70.49560213704633,-10.495602137046333,10.495602137046333,3
P023,Apparel,2025-01-05,57.0,73.85315823978846,-16.853158239788456,16.853158239788456,3
P023,Apparel,2025-01-06,68.0,60.51826567190787,7.481734328092131,7.481734328092131,3
P023,Apparel,2025-01-07,74.0,60.38897756401143,13.611022435988573,13.611022435988573,3
P023,Apparel,2025-01-08,48.0,62.948265811540594,-14.948265811540594,14.948265811540594,3
P023,Apparel,2025-01-09,58.0,58.09794446617526,-0.09794446617525665,0.09794446617525665,3
P023,Apparel,2025-01-10,61.0,56.984454065171654,4.015545934828346,4.015545934828346,3
P023,Apparel,2025-01-11,100.0,93.80048499227064,6.19951500772936,6.19951500772936,3
P023,Apparel,2025-01-12,53.0,72.70904646750542,-19.709046467505416,19.709046467505416,3
P023,Apparel,2025-01-13,48.0,59.735095556712054,-11.735095556712054,11.735095556712054,3
P023,Apparel,2025-01-14,66.0,60.3224596905763,5.677540309423698,5.677540309423698,3
P023,Apparel,2025-01-15,70.0,57.48047219464746,12.519527805352539,12.519527805352539,3
P023,Apparel,2025-01-16,79.0,62.23287105467622,16.767128945323783,16.767128945323783,3
P023,Apparel,2025-01-17,117.0,67.23377963755257,49.76622036244743,49.76622036244743,3
P023,Apparel,2025-01-18,64.0,77.37525313474968,-13.375253134749684,13.375253134749684,3
P023,Apparel,2025-01-19,62.0,72.99354443887611,-10.993544438876114,10.993544438876114,3
P023,Apparel,2025-01-20,75.0,60.8051013363801,14.194898663619902,14.194898663619902,3
P023,Apparel,2025-01-21,71.0,64.00898515296286,6.991014847037135,6.991014847037135,3
P023,Apparel,2025-01-22,84.0,65.95943518086047,18.040564819139533,18.040564819139533,3
P023,Apparel,2025-01-23,64.0,63.96700908363661,0.03299091636338858,0.03299091636338858,3
P023,Apparel,2025-01-24,87.0,100.46554940393646,-13.465549403936464,13.465549403936464,3
P023,Apparel,2025-01-25,88.0,77.56322834406652,10.436771655933484,10.436771655933484,3
P023,Apparel,2025-01-26,77.0,76.78070767433245,0.21929232566755275,0.21929232566755275,3
P023,Apparel,2025-01-27,101.0,73.90652589240474,27.093474107595256,27.093474107595256,3
P023,Apparel,2025-01-28,72.0,67.99271983106422,4.007280168935779,4.007280168935779,3
P023,Apparel,2025-01-29,0.0,72.7262285014711,-72.7262285014711,72.7262285014711,3
P023,Apparel,2025-01-30,47.0,63.305157240453056,-16.305157240453056,16.305157240453056,3
P023,Apparel,2025-01-31,60.0,63.98726948738102,-3.9872694873810204,3.9872694873810204,3
P023,Apparel,2025-02-01,91.0,74.75928070700118,16.24071929299882,16.24071929299882,3
P023,Apparel,2025-02-02,188.0,127.69065034454862,60.309349655451385,60.309349655451385,3
P023,Apparel,2025-02-03,95.0,68.83087932406917,26.169120675930827,26.169120675930827,3
P023,Apparel,2025-02-04,99.0,68.87072537369227,30.129274626307733,30.129274626307733,3
P023,Apparel,2025-02-05,71.0,70.99192816710418,0.008071832895822695,0.008071832895822695,3
P023,Apparel,2025-02-06,80.0,69.67589534814772,10.32410465185228,10.32410465185228,3
P023,Apparel,2025-02-07,79.0,72.11923252220468,6.880767477795317,6.880767477795317,3
P023,Apparel,2025-02-08,72.0,88.80903837776391,-16.809038377763912,16.809038377763912,3
P023,Apparel,2025-02-09,81.0,86.59649996121767,-5.596499961217674,5.596499961217674,3
P023,Apparel,2025-02-10,78.0,71.80334298688136,6.196657013118639,6.196657013118639,3
P023,Apparel,2025-02-11,105.0,125.17757740534233,-20.177577405342333,20.177577405342333,3
P023,Apparel,2025-02-12,82.0,74.43004923104436,7.569950768955636,7.569950768955636,3
P023,Apparel,2025-02-13,83.0,74.51588805179813,8.484111948201871,8.484111948201871,3
P023,Apparel,2025-02-14,63.0,75.72116509216845,-12.721165092168448,12.721165092168448,3
P023,Apparel,2025-02-15,67.0,87.93743120739484,-20.937431207394837,20.937431207394837,3
P023,Apparel,2025-02-16,81.0,91.91265286690539,-10.91265286690539,10.91265286690539,3
P023,Apparel,2025-02-17,79.0,74.02353352752195,4.976466472478052,4.976466472478052,3
P023,Apparel,2025-02-18,67.0,75.34697078723826,-8.346970787238263,8.346970787238263,3
P023,Apparel,2025-02-19,114.0,86.80182132939927,27.198178670600726,27.198178670600726,3
P023,Apparel,2025-02-20,121.0,74.4885423251523,46.511457674847705,46.511457674847705,3
P023,Apparel,2025-02-21,133.0,77.8095950229524,55.190404977047606,55.190404977047606,3
P023,Apparel,2025-02-22,143.0,137.10215278851027,5.897847211489733,5.897847211489733,3
P023,Apparel,2025-02-23,75.0,98.6103494870417,-23.610349487041702,23.610349487041702,3
P023,Apparel,2025-02-24,65.0,82.1407231686568,-17.140723168656805,17.140723168656805,3
P023,Apparel,2025-02-25,92.0,77.5305815603403,14.469418439659705,14.469418439659705,3
P023,Apparel,2025-02-26,64.0,79.057666532934,-15.057666532933993,15.057666532933993,3
P023,Apparel,2025-02-27,88.0,83.37455131742941,4.6254486825705925,4.6254486825705925,3
P023,Apparel,2025-02-28,131.0,121.24485932800067,9.755140671999328,9.755140671999328,3
P023,Apparel,2025-03-01,105.0,101.88489285364044,3.1151071463595628,3.1151071463595628,3
P023,Apparel,2025-03-02,101.0,107.19074833222479,-6.190748332224786,6.190748332224786,3
P023,Apparel,2025-03-03,85.0,88.42428972538588,-3.4242897253858757,3.4242897253858757,4
P023,Apparel,2025-03-04,74.0,87.62405924098111,-13.624059240981111,13.624059240981111,4
P023,Apparel,2025-03-05,110.0,111.4935632143435,-1.4935632143434958,1.4935632143434958,4
P023,Apparel,2025-03-06,104.0,89.27229444368966,14.72770555631034,14.72770555631034,4
P023,Apparel,2025-03-07,0.0,92.72623876923065,-92.72623876923065,92.72623876923065,4
P023,Apparel,2025-03-08,91.0,104.63183493458536,-13.631834934585356,13.631834934585356,4
P023,Apparel,2025-03-09,62.0,98.69778004160372,-36.69778004160372,36.69778004160372,4
P023,Apparel,2025-03-10,68.0,81.39549083992443,-13.395490839924435,13.395490839924435,4
P023,Apparel,2025-03-11,69.0,81.87765269440013,-12.877652694400126,12.877652694400126,4
P023,Apparel,2025-03-12,72.0,79.71701756299613,-7.7170175629961335,7.7170175629961335,4
P023,Apparel,2025-03-13,108.0,80.60701157793613,27.392988422063866,27.392988422063866,4
P023,Apparel,2025-03-14,73.0,79.30161098833003,-6.301610988330026,6.301610988330026,4
P023,Apparel,2025-03-15,91.0,97.66736393353432,-6.667363933534318,6.667363933534318,4
P023,Apparel,2025-03-16,147.0,158.61225918559785,-11.61225918559785,11.61225918559785,4
P023,Apparel,2025-03-17,90.0,85.37541966174545,4.624580338254546,4.624580338254546,4
P023,Apparel,2025-03-18,72.0,84.45406836547393,-12.45406836547393,12.45406836547393,4
P023,Apparel,2025-03-19,56.0,86.30292163844378,-30.302921638443777,30.302921638443777,4
P023,Apparel,2025-03-20,98.0,82.94247638219029,15.057523617809707,15.057523617809707,4
P023,Apparel,2025-03-21,86.0,83.00409096551725,2.99590903448275,2.99590903448275,4
P023,Apparel,2025-03-22,105.0,98.4242534583948,6.575746541605199,6.575746541605199,4
P023,Apparel,2025-03-23,107.0,93.82501039088625,13.174989609113751,13.174989609113751,4
P023,Apparel,2025-03-24,67.0,79.16568508702242,-12.165685087022425,12.165685087022425,4
P023,Apparel,2025-03-25,85.0,80.23247689407481,4.767523105925193,4.767523105925193,4
P023,Apparel,2025-03-26,68.0,79.14946243076692,-11.149462430766917,11.149462430766917,4
P023,Apparel,2025-03-27,43.0,81.09649303677094,-38.09649303677094,38.09649303677094,4
P023,Apparel,2025-03-28,71.0,77.74965592394695,-6.749655923946946,6.749655923946946,4
P023,Apparel,2025-03-29,74.0,92.30965265267469,-18.309652652674686,18.309652652674686,4
P023,Apparel,2025-03-30,101.0,97.1791623583618,3.8208376416382066,3.8208376416382066,4
P023,Apparel,2025-03-31,77.0,78.0821754764703,-1.0821754764702973,1.0821754764702973,4
P023,Apparel,2025-04-01,91.0,75.82324653580821,15.17675346419179,15.17675346419179,4
P023,Apparel,2025-04-02,91.0,78.0766759112226,12.923324088777406,12.923324088777406,4
P023,Apparel,2025-04-03,61.0,76.93530619817945,-15.935306198179447,15.935306198179447,4
P023,Apparel,2025-04-04,63.0,76.58941573519022,-13.589415735190215,13.589415735190215,4
P023,Apparel,2025-04-05,95.0,90.79587432652417,4.204125673475829,4.204125673475829,4
P023,Apparel,2025-04-06,102.0,153.87705033381292,-51.87705033381292,51.87705033381292,4
P023,Apparel,2025-04-07,68.0,77.98719623149562,-9.987196231495616,9.987196231495616,4
P023,Apparel,2025-04-08,99.0,77.96733099616428,21.03266900383572,21.03266900383572,4
P023,Apparel,2025-04-09,78.0,77.82001431303604,0.17998568696395978,0.17998568696395978,4
P023,Apparel,2025-04-10,47.0,78.20850824866214,-31.20850824866214,31.20850824866214,4
P023,Apparel,2025-04-11,57.0,78.01988958610244,-21.019889586102437,21.019889586102437,4
P023,Apparel,2025-04-12,108.0,90.44933071448261,17.550669285517387,17.550669285517387,4
P023,Apparel,2025-04-13,98.0,93.17165866348002,4.828341336519983,4.828341336519983,4
P023,Apparel,2025-04-14,71.0,74.02655352731828,-3.026553527318285,3.026553527318285,4
P023,Apparel,2025-04-15,83.0,73.61681719562013,9.38318280437987,9.38318280437987,4
P023,Apparel,2025-04-16,95.0,73.45867468228373,21.54132531771627,21.54132531771627,4
P023,Apparel,2025-04-17,64.0,76.2653825922483,-12.2653825922483,12.2653825922483,4
P023,Apparel,2025-04-18,152.0,134.85001141868463,17.14998858131537,17.14998858131537,4
P023,Apparel,2025-04-19,70.0,91.66572169982749,-21.665721699827486,21.665721699827486,4
P023,Apparel,2025-04-20,93.0,92.38313953169305,0.6168604683069532,0.6168604683069532,4
P023,Apparel,2025-04-21,96.0,75.06913872083454,20.930861279165455,20.930861279165455,4
P023,Apparel,2025-04-22,98.0,76.02571645502843,21.97428354497157,21.97428354497157,4
P023,Apparel,2025-04-23,75.0,75.27187345904817,-0.27187345904816596,0.27187345904816596,4
P023,Apparel,2025-04-24,90.0,73.72205216082975,16.277947839170253,16.277947839170253,4
P023,Apparel,2025-04-25,86.0,77.04246052891514,8.957539471084857,8.957539471084857,4
P023,Apparel,2025-04-26,75.0,90.32833413572672,-15.32833413572672,15.32833413572672,4
P023,Apparel,2025-04-27,62.0,90.61458261276479,-28.614582612764792,28.614582612764792,4
P023,Apparel,2025-04-28,99.0,75.17378305074004,23.82621694925996,23.82621694925996,4
P023,Apparel,2025-04-29,77.0,75.8940851711839,1.105914828816097,1.105914828816097,4
P023,Apparel,2025-04-30,74.0,75.7550955961665,-1.7550955961664982,1.7550955961664982,4
P023,Apparel,2025-05-01,86.0,74.11372152908102,11.886278470918981,11.886278470918981,4
P024,Beauty,2024-09-04,56.0,82.11216881096664,-26.112168810966637,26.112168810966637,1
P024,Beauty,2024-09-05,81.0,82.00766566004873,-1.0076656600487297,1.0076656600487297,1
P024,Beauty,2024-09-06,67.0,81.82390812021043,-14.823908120210433,14.823908120210433,1
P024,Beauty,2024-09-07,105.0,95.21097851169054,9.789021488309459,9.789021488309459,1
P024,Beauty,2024-09-08,100.0,95.41002170423344,4.5899782957665565,4.5899782957665565,1
P024,Beauty,2024-09-09,101.0,80.2603904689558,20.739609531044195,20.739609531044195,1
P024,Beauty,2024-09-10,69.0,82.86767779063811,-13.867677790638112,13.867677790638112,1
P024,Beauty,2024-09-11,87.0,83.93038710070161,3.0696128992983915,3.0696128992983915,1
P024,Beauty,2024-09-12,55.0,81.38509814285554,-26.38509814285554,26.38509814285554,1
P024,Beauty,2024-09-13,85.0,80.73392037722436,4.266079622775635,4.266079622775635,1
P024,Beauty,2024-09-14,115.0,96.35116008030977,18.648839919690232,18.648839919690232,1
P024,Beauty,2024-09-15,121.0,94.88874063914122,26.11125936085878,26.11125936085878,1
P024,Beauty,2024-09-16,68.0,79.48514107487058,-11.485141074870583,11.485141074870583,1
P024,Beauty,2024-09-17,89.0,79.02989646430983,9.970103535690171,9.970103535690171,1
P024,Beauty,2024-09-18,100.0,78.72905971737643,21.27094028262357,21.27094028262357,1
P024,Beauty,2024-09-19,67.0,80.97418474090261,-13.974184740902615,13.974184740902615,1
P024,Beauty,2024-09-20,79.0,79.28982137463987,-0.289821374639871,0.289821374639871,1
P024,Beauty,2024-09-21,107.0,95.71613988511986,11.283860114880142,11.283860114880142,1
P024,Beauty,2024-09-22,86.0,96.13717342182065,-10.137173421820648,10.137173421820648,1
P024,Beauty,2024-09-23,70.0,79.75995642722779,-9.759956427227792,9.759956427227792,1
P024,Beauty,2024-09-24,66.0,79.18675431027881,-13.186754310278815,13.186754310278815,1
P024,Beauty,2024-09-25,78.0,76.32521644058109,1.6747835594189127,1.6747835594189127,1
P024,Beauty,2024-09-26,63.0,73.51061449185787,-10.510614491857865,10.510614491857865,1
P024,Beauty,2024-09-27,58.0,74.08165860712373,-16.081658607123728,16.081658607123728,1
P024,Beauty,2024-09-28,137.0,88.49825731883543,48.50174268116457,48.50174268116457,1
P024,Beauty,2024-09-29,108.0,88.95636694760724,19.043633052392764,19.043633052392764,1
P024,Beauty,2024-09-30,57.0,74.21347175129192,-17.21347175129192,17.21347175129192,1
P024,Beauty,2024-10-01,55.0,73.45438779454578,-18.45438779454578,18.45438779454578,1
P024,Beauty,2024-10-02,36.0,73.69493933304318,-37.69493933304318,37.69493933304318,1
P024,Beauty,2024-10-03,58.0,72.30232567153784,-14.302325671537844,14.302325671537844,1
P024,Beauty,2024-10-04,54.0,71.31127843551103,-17.311278435511028,17.311278435511028,1
P024,Beauty,2024-10-05,96.0,88.50067786920732,7.499322130792677,7.499322130792677,1
P024,Beauty,2024-10-06,92.0,83.7429962557628,8.257003744237196,8.257003744237196,1
P024,Beauty,2024-10-07,52.0,68.7984282044929,-16.798428204492893,16.798428204492893,1
P024,Beauty,2024-10-08,88.0,66.61614462991872,21.383855370081278,21.383855370081278,1
P024,Beauty,2024-10-09,52.0,68.7462117970252,-16.746211797025197,16.746211797025197,1
P024,Beauty,2024-10-10,110.0,80.2319917417236,29.768008258276396,29.768008258276396,1
P024,Beauty,2024-10-11,59.0,67.99684607862034,-8.996846078620337,8.996846078620337,1
P024,Beauty,2024-10-12,118.0,87.89692077463702,30.103079225362976,30.103079225362976,1
P024,Beauty,2024-10-13,82.0,85.49425885872506,-3.494258858725061,3.494258858725061,1
P024,Beauty,2024-10-14,63.0,66.99129024921004,-3.9912902492100386,3.9912902492100386,1
P024,Beauty,2024-10-15,97.0,68.25230422274204,28.74769577725796,28.74769577725796,1
P024,Beauty,2024-10-16,56.0,68.35238408677813,-12.35238408677813,12.35238408677813,1
P024,Beauty,2024-10-17,96.0,69.89860597673837,26.101394023261633,26.101394023261633,1
P024,Beauty,2024-10-18,71.0,70.02055789204493,0.9794421079550659,0.9794421079550659,1
P024,Beauty,2024-10-19,81.0,85.10498420226709,-4.10498420226709,4.10498420226709,1
P024,Beauty,2024-10-20,102.0,83.69445607380237,18.30554392619763,18.30554392619763,1
P024,Beauty,2024-10-21,84.0,70.71164486115406,13.288355138845944,13.288355138845944,1
P024,Beauty,2024-10-22,58.0,72.55518189407854,-14.555181894078544,14.555181894078544,1
P024,Beauty,2024-10-23,76.0,71.3195197246874,4.680480275312604,4.680480275312604,1
P024,Beauty,2024-10-24,82.0,72.95605397026864,9.043946029731359,9.043946029731359,1
P024,Beauty,2024-10-25,58.0,71.2337243574875,-13.233724357487503,13.233724357487503,1
P024,Beauty,2024-10-26,118.0,86.91034055824761,31.08965944175239,31.08965944175239,1
P024,Beauty,2024-10-27,118.0,87.19370391263982,30.80629608736018,30.80629608736018,1
P024,Beauty,2024-10-28,83.0,72.12003647443808,10.87996352556192,10.87996352556192,1
P024,Beauty,2024-10-29,84.0,72.33163132474314,11.668368675256858,11.668368675256858,1
P024,Beauty,2024-10-30,81.0,72.05912040259737,8.940879597402628,8.940879597402628,1
P024,Beauty,2024-10-31,84.0,92.52240166270764,-8.522401662707637,8.522401662707637,1
P024,Beauty,2024-11-01,82.0,75.36254422291384,6.63745577708616,6.63745577708616,1
P024,Beauty,2024-11-02,142.0,93.11314486885749,48.88685513114251,48.88685513114251,1
P024,Beauty,2024-11-03,36.0,99.57018771635835,-63.57018771635835,63.57018771635835,2
P024,Beauty,2024-11-04,62.0,74.80636990273483,-12.80636990273483,12.80636990273483,2
P024,Beauty,2024-11-05,67.0,77.09451246891804,-10.09451246891804,10.09451246891804,2
P024,Beauty,2024-11-06,63.0,75.67183267965287,-12.671832679652866,12.671832679652866,2
P024,Beauty,2024-11-07,60.0,77.46127371171512,-17.461273711715123,17.461273711715123,2
P024,Beauty,2024-11-08,84.0,73.90303642635034,10.09696357364966,10.09696357364966,2
P024,Beauty,2024-11-09,135.0,99.1420582546656,35.8579417453344,35.8579417453344,2
P024,Beauty,2024-11-10,98.0,91.2843255108652,6.715674489134798,6.715674489134798,2
P024,Beauty,2024-11-11,112.0,76.11747264943203,35.88252735056797,35.88252735056797,2
P024,Beauty,2024-11-12,118.0,77.98531228726014,40.01468771273986,40.01468771273986,2
P024,Beauty,2024-11-13,99.0,75.61854300892277,23.38145699107723,23.38145699107723,2
P024,Beauty,2024-11-14,76.0,80.07011106568122,-4.070111065681218,4.070111065681218,2
P024,Beauty,2024-11-15,59.0,78.90111214431666,-19.901112144316656,19.901112144316656,2
P024,Beauty,2024-11-16,115.0,105.41673304815164,9.583266951848358,9.583266951848358,2
P024,Beauty,2024-11-17,128.0,102.31276515281795,25.687234847182054,25.687234847182054,2
P024,Beauty,2024-11-18,94.0,80.72101925577833,13.27898074422167,13.27898074422167,2
P024,Beauty,2024-11-19,117.0,80.60936165807077,36.39063834192923,36.39063834192923,2
P024,Beauty,2024-11-20,131.0,86.70124960788368,44.29875039211632,44.29875039211632,2
P024,Beauty,2024-11-21,108.0,86.86461193591367,21.135388064086328,21.135388064086328,2
P024,Beauty,2024-11-22,89.0,86.74320425219526,2.2567957478047447,2.2567957478047447,2
P024,Beauty,2024-11-23,98.0,113.1569711791197,-15.156971179119694,15.156971179119694,2
P024,Beauty,2024-11-24,93.0,105.1237919339183,-12.123791933918298,12.123791933918298,2
P024,Beauty,2024-11-25,111.0,89.6734958670067,21.326504132993307,21.326504132993307,2
P024,Beauty,2024-11-26,79.0,90.16333663587875,-11.16333663587875,11.16333663587875,2
P024,Beauty,2024-11-27,80.0,89.74419655466752,-9.744196554667525,9.744196554667525,2
P024,Beauty,2024-11-28,80.0,88.85282368887039,-8.852823688870387,8.852823688870387,2
P024,Beauty,2024-11-29,166.0,194.45694544069832,-28.45694544069832,28.45694544069832,2
P024,Beauty,2024-11-30,101.0,113.41461009178526,-12.414610091785264,12.414610091785264,2
P024,Beauty,2024-12-01,158.0,103.75990759354787,54.240092406452135,54.240092406452135,2
P024,Beauty,2024-12-02,65.0,90.37473618366712,-25.374736183667125,25.374736183667125,2
P024,Beauty,2024-12-03,122.0,89.96504189953002,32.03495810046998,32.03495810046998,2
P024,Beauty,2024-12-04,75.0,89.68329110424641,-14.683291104246408,14.683291104246408,2
P024,Beauty,2024-12-05,66.0,89.3008593010793,-23.3008593010793,23.3008593010793,2
P024,Beauty,2024-12-06,102.0,92.29391670328133,9.706083296718674,9.706083296718674,2
P024,Beauty,2024-12-07,140.0,110.8562855405356,29.143714459464405,29.143714459464405,2
P024,Beauty,2024-12-08,130.0,113.38100666385019,16.618993336149813,16.618993336149813,2
P024,Beauty,2024-12-09,101.0,91.32335942694107,9.676640573058933,9.676640573058933,2
P024,Beauty,2024-12-10,106.0,92.80171846407009,13.198281535929908,13.198281535929908,2
P024,Beauty,2024-12-11,96.0,92.49567963733378,3.5043203626662205,3.5043203626662205,2
P024,Beauty,2024-12-12,80.0,90.82986320518289,-10.829863205182889,10.829863205182889,2
P024,Beauty,2024-12-13,74.0,96.56118802030745,-22.561188020307455,22.561188020307455,2
P024,Beauty,2024-12-14,139.0,114.98296714203624,24.017032857963756,24.017032857963756,2
P024,Beauty,2024-12-15,143.0,123.35748122236743,19.642518777632574,19.642518777632574,2
P024,Beauty,2024-12-16,119.0,93.7303528248638,25.2696471751362,25.2696471751362,2
P024,Beauty,2024-12-17,85.0,100.31471109613477,-15.314711096134772,15.314711096134772,2
P024,Beauty,2024-12-18,125.0,93.87685221319673,31.123147786803273,31.123147786803273,2
P024,Beauty,2024-12-19,143.0,93.58533754001658,49.41466245998342,49.41466245998342,2
P024,Beauty,2024-12-20,101.0,94.44829625939431,6.551703740605689,6.551703740605689,2
P024,Beauty,2024-12-21,88.0,130.40376012097894,-42.403760120978944,42.403760120978944,2
P024,Beauty,2024-12-22,99.0,125.8733314154961,-26.873331415496096,26.873331415496096,2
P024,Beauty,2024-12-23,90.0,97.23426445479451,-7.234264454794513,7.234264454794513,2
P024,Beauty,2024-12-24,57.0,96.25481232933177,-39.25481232933177,39.25481232933177,2
P024,Beauty,2024-12-25,232.0,162.84858551786334,69.15141448213666,69.15141448213666,2
P024,Beauty,2024-12-26,114.0,98.77135592063921,15.228644079360791,15.228644079360791,2
P024,Beauty,2024-12-27,113.0,96.09787183327617,16.902128166723827,16.902128166723827,2
P024,Beauty,2024-12-28,94.0,122.95585187426227,-28.955851874262265,28.955851874262265,2
P024,Beauty,2024-12-29,78.0,124.17351655459103,-46.17351655459103,46.17351655459103,2
P024,Beauty,2024-12-30,124.0,96.42808642623187,27.57191357376813,27.57191357376813,2
P024,Beauty,2024-12-31,160.0,102.66897742865612,57.33102257134388,57.33102257134388,2
P024,Beauty,2025-01-01,242.0,189.36975447212944,52.63024552787056,52.63024552787056,2
P024,Beauty,2025-01-02,108.0,106.10864623581087,1.8913537641891338,1.8913537641891338,3
P024,Beauty,2025-01-03,88.0,106.94934685147811,-18.94934685147811,18.94934685147811,3
P024,Beauty,2025-01-04,187.0,209.90436086274053,-22.904360862740532,22.904360862740532,3
P024,Beauty,2025-01-05,183.0,154.86262745968412,28.13737254031588,28.13737254031588,3
P024,Beauty,2025-01-06,97.0,114.33396105164279,-17.333961051642788,17.333961051642788,3
P024,Beauty,2025-01-07,103.0,115.03738692387364,-12.03738692387364,12.03738692387364,3
P024,Beauty,2025-01-08,111.0,125.50434335943626,-14.504343359436263,14.504343359436263,3
P024,Beauty,2025-01-09,142.0,112.98405027580392,29.015949724196076,29.015949724196076,3
P024,Beauty,2025-01-10,146.0,114.11751324293823,31.88248675706177,31.88248675706177,3
P024,Beauty,2025-01-11,196.0,152.70526836596687,43.29473163403313,43.29473163403313,3
P024,Beauty,2025-01-12,106.0,154.92068258227505,-48.92068258227505,48.92068258227505,3
P024,Beauty,2025-01-13,108.0,109.77603618337756,-1.7760361833775562,1.7760361833775562,3
P024,Beauty,2025-01-14,189.0,172.7201713606052,16.279828639394793,16.279828639394793,3
P024,Beauty,2025-01-15,102.0,113.83834485532726,-11.838344855327264,11.838344855327264,3
P024,Beauty,2025-01-16,101.0,124.39373607424014,-23.393736074240138,23.393736074240138,3
P024,Beauty,2025-01-17,158.0,119.49838449983373,38.50161550016627,38.50161550016627,3
P024,Beauty,2025-01-18,234.0,159.84356856954957,74.15643143045043,74.15643143045043,3
P024,Beauty,2025-01-19,123.0,156.443130979602,-33.44313097960199,33.44313097960199,3
P024,Beauty,2025-01-20,97.0,115.49693290905743,-18.496932909057435,18.496932909057435,3
P024,Beauty,2025-01-21,90.0,123.6718593258528,-33.67185932585279,33.67185932585279,3
P024,Beauty,2025-01-22,112.0,124.67265649453121,-12.67265649453121,12.67265649453121,3
P024,Beauty,2025-01-23,166.0,116.07967509228206,49.92032490771794,49.92032490771794,3
P024,Beauty,2025-01-24,103.0,120.47690246347499,-17.476902463474985,17.476902463474985,3
P024,Beauty,2025-01-25,0.0,173.22107329554422,-173.22107329554422,173.22107329554422,3
P024,Beauty,2025-01-26,245.0,153.63583081656643,91.36416918343357,91.36416918343357,3
P024,Beauty,2025-01-27,134.0,121.90124718553943,12.098752814460568,12.098752814460568,3
P024,Beauty,2025-01-28,149.0,124.26395115624513,24.736048843754872,24.736048843754872,3
P024,Beauty,2025-01-29,109.0,125.38902517528416,-16.38902517528416,16.38902517528416,3
P024,Beauty,2025-01-30,117.0,118.39439482304655,-1.3943948230465537,1.3943948230465537,3
P024,Beauty,2025-01-31,142.0,115.58720641915039,26.41279358084961,26.41279358084961,3
P024,Beauty,2025-02-01,201.0,165.53905268785283,35.46094731214717,35.46094731214717,3
P024,Beauty,2025-02-02,109.0,176.7641504499612,-67.76415044996119,67.76415044996119,3
P024,Beauty,2025-02-03,134.0,112.58357382990405,21.416426170095946,21.416426170095946,3
P024,Beauty,2025-02-04,116.0,116.13046665236251,-0.13046665236251442,0.13046665236251442,3
P024,Beauty,2025-02-05,81.0,112.55221979005744,-31.552219790057435,31.552219790057435,3
P024,Beauty,2025-02-06,114.0,117.32684483331074,-3.3268448333107443,3.3268448333107443,3
P024,Beauty,2025-02-07,139.0,118.93019456095075,20.069805439049247,20.069805439049247,3
P024,Beauty,2025-02-08,172.0,176.31634755998596,-4.316347559985957,4.316347559985957,3
P024,Beauty,2025-02-09,204.0,145.44343305554682,58.55656694445318,58.55656694445318,3
P024,Beauty,2025-02-10,145.0,113.31637524839462,31.68362475160538,31.68362475160538,3
P024,Beauty,2025-02-11,103.0,120.83737556394573,-17.837375563945727,17.837375563945727,3
P024,Beauty,2025-02-12,186.0,183.48730331552443,2.5126966844755714,2.5126966844755714,3
P024,Beauty,2025-02-13,160.0,107.76455236880165,52.235447631198355,52.235447631198355,3
P024,Beauty,2025-02-14,151.0,126.32800410746854,24.671995892531456,24.671995892531456,3
P024,Beauty,2025-02-15,204.0,162.47805030064507,41.521949699354934,41.521949699354934,3
P024,Beauty,2025-02-16,160.0,159.2210700433753,0.7789299566246939,0.7789299566246939,3
P024,Beauty,2025-02-17,180.0,115.48020647388827,64.51979352611173,64.51979352611173,3
P024,Beauty,2025-02-18,133.0,112.41646379434002,20.583536205659982,20.583536205659982,3
P024,Beauty,2025-02-19,214.0,120.33435920138899,93.66564079861101,93.66564079861101,3
P024,Beauty,2025-02-20,138.0,130.77037688397417,7.229623116025834,7.229623116025834,3
P024,Beauty,2025-02-21,145.0,115.84201814037884,29.15798185962116,29.15798185962116,3
P024,Beauty,2025-02-22,230.0,143.85105328268537,86.14894671731463,86.14894671731463,3
P024,Beauty,2025-02-23,141.0,155.06616274343907,-14.066162743439065,14.066162743439065,3
P024,Beauty,2025-02-24,136.0,131.3503742290182,4.6496257709818,4.6496257709818,3
P024,Beauty,2025-02-25,109.0,131.31564625917156,-22.315646259171558,22.315646259171558,3
P024,Beauty,2025-02-26,140.0,128.301599636707,11.69840036329299,11.69840036329299,3
P024,Beauty,2025-02-27,92.0,121.46672064088946,-29.466720640889463,29.466720640889463,3
P024,Beauty,2025-02-28,179.0,131.25510125596026,47.744898744039745,47.744898744039745,3
P024,Beauty,2025-03-01,211.0,173.25653463931417,37.74346536068583,37.74346536068583,3
P024,Beauty,2025-03-02,168.0,153.77773694955815,14.222263050441853,14.222263050441853,3
P024,Beauty,2025-03-03,154.0,133.66913533360665,20.330864666393353,20.330864666393353,4
P024,Beauty,2025-03-04,153.0,130.77081204846348,22.229187951536517,22.229187951536517,4
P024,Beauty,2025-03-05,160.0,134.87360421865864,25.12639578134136,25.12639578134136,4
P024,Beauty,2025-03-06,110.0,132.60537386544618,-22.605373865446182,22.605373865446182,4
P024,Beauty,2025-03-07,156.0,136.49168683189887,19.508313168101125,19.508313168101125,4
P024,Beauty,2025-03-08,143.0,169.84028440886723,-26.840284408867234,26.840284408867234,4
P024,Beauty,2025-03-09,222.0,160.5372292426765,61.46277075732351,61.46277075732351,4
P024,Beauty,2025-03-10,154.0,134.61384689265302,19.386153107346985,19.386153107346985,4
P024,Beauty,2025-03-11,125.0,132.35472942290025,-7.354729422900249,7.354729422900249,4
P024,Beauty,2025-03-12,185.0,136.58153553774295,48.41846446225705,48.41846446225705,4
P024,Beauty,2025-03-13,184.0,135.27880465898812,48.72119534101188,48.72119534101188,4
P024,Beauty,2025-03-14,120.0,135.9441958947718,-15.94419589477181,15.94419589477181,4
P024,Beauty,2025-03-15,141.0,157.73185739049123,-16.73185739049123,16.73185739049123,4
P024,Beauty,2025-03-16,146.0,162.7456261827383,-16.745626182738306,16.745626182738306,4
P024,Beauty,2025-03-17,146.0,136.7433540727004,9.256645927299587,9.256645927299587,4
P024,Beauty,2025-03-18,123.0,129.4545578583545,-6.454557858354491,6.454557858354491,4
P024,Beauty,2025-03-19,147.0,137.5432820654454,9.456717934554604,9.456717934554604,4
P024,Beauty,2025-03-20,175.0,134.55346261698068,40.44653738301932,40.44653738301932,4
P024,Beauty,2025-03-21,196.0,132.8466501863447,63.153349813655296,63.153349813655296,4
P024,Beauty,2025-03-22,123.0,158.33750321271063,-35.33750321271063,35.33750321271063,4
P024,Beauty,2025-03-23,86.0,158.6108693170324,-72.61086931703241,72.61086931703241,4
P024,Beauty,2025-03-24,133.0,132.7922972197155,0.20770278028450662,0.20770278028450662,4
P024,Beauty,2025-03-25,104.0,124.56931146606857,-20.56931146606857,20.56931146606857,4
P024,Beauty,2025-03-26,121.0,129.94795893419624,-8.947958934196237,8.947958934196237,4
P024,Beauty,2025-03-27,136.0,121.14971896785836,14.850281032141638,14.850281032141638,4
P024,Beauty,2025-03-28,168.0,137.79124337058605,30.208756629413955,30.208756629413955,4
P024,Beauty,2025-03-29,188.0,155.79923684508594,32.20076315491406,32.20076315491406,4
P024,Beauty,2025-03-30,160.0,155.434950035128,4.565049964872003,4.565049964872003,4
P024,Beauty,2025-03-31,149.0,129.5420293770868,19.457970622913194,19.457970622913194,4
P024,Beauty,2025-04-01,228.0,223.4060863999224,4.593913600077599,4.593913600077599,4
P024,Beauty,2025-04-02,132.0,132.4363065303669,-0.4363065303668918,0.4363065303668918,4
P024,Beauty,2025-04-03,111.0,128.53627485818566,-17.536274858185664,17.536274858185664,4
P024,Beauty,2025-04-04,130.0,138.32039745639193,-8.32039745639193,8.32039745639193,4
P024,Beauty,2025-04-05,208.0,158.86363198229438,49.13636801770562,49.13636801770562,4
P024,Beauty,2025-04-06,209.0,167.9582993772339,41.041700622766086,41.041700622766086,4
P024,Beauty,2025-04-07,109.0,142.97194111844914,-33.97194111844914,33.97194111844914,4
P024,Beauty,2025-04-08,131.0,135.22362151103604,-4.223621511036043,4.223621511036043,4
P024,Beauty,2025-04-09,112.0,133.00877841110315,-21.00877841110315,21.00877841110315,4
P024,Beauty,2025-04-10,169.0,131.6903184269637,37.3096815730363,37.3096815730363,4
P024,Beauty,2025-04-11,144.0,125.71322427966271,18.28677572033729,18.28677572033729,4
P024,Beauty,2025-04-12,149.0,166.8942600169117,-17.894260016911687,17.894260016911687,4
P024,Beauty,2025-04-13,166.0,163.63935180467573,2.3606481953242735,2.3606481953242735,4
P024,Beauty,2025-04-14,69.0,126.72391911911751,-57.72391911911751,57.72391911911751,4
P024,Beauty,2025-04-15,128.0,124.2801432893006,3.7198567106994034,3.7198567106994034,4
P024,Beauty,2025-04-16,154.0,123.27893462959716,30.72106537040284,30.72106537040284,4
P024,Beauty,2025-04-17,155.0,131.25401313831438,23.745986861685623,23.745986861685623,4
P024,Beauty,2025-04-18,123.0,130.49920311340804,-7.4992031134080435,7.4992031134080435,4
P024,Beauty,2025-04-19,180.0,161.79625776642834,18.20374223357166,18.20374223357166,4
P024,Beauty,2025-04-20,203.0,154.26294287564806,48.737057124351935,48.737057124351935,4
P024,Beauty,2025-04-21,171.0,128.28553035260106,42.71446964739894,42.71446964739894,4
P024,Beauty,2025-04-22,133.0,127.13056276250401,5.869437237495987,5.869437237495987,4
P024,Beauty,2025-04-23,164.0,131.30416799516857,32.69583200483143,32.69583200483143,4
P024,Beauty,2025-04-24,109.0,138.13794074215377,-29.137940742153773,29.137940742153773,4
P024,Beauty,2025-04-25,155.0,130.16684350422864,24.833156495771362,24.833156495771362,4
P024,Beauty,2025-04-26,192.0,158.8469340721506,33.15306592784941,33.15306592784941,4
P024,Beauty,2025-04-27,181.0,274.2825898308195,-93.28258983081952,93.28258983081952,4
P024,Beauty,2025-04-28,136.0,134.72186369609955,1.2781363039004532,1.2781363039004532,4
P024,Beauty,2025-04-29,179.0,129.97707666610654,49.02292333389346,49.02292333389346,4
P024,Beauty,2025-04-30,104.0,136.40131993930987,-32.40131993930987,32.40131993930987,4
P024,Beauty,2025-05-01,198.0,167.00387261376582,30.99612738623418,30.99612738623418,4
P025,Sports,2024-09-04,47.0,53.832499361999716,-6.832499361999716,6.832499361999716,1
P025,Sports,2024-09-05,65.0,49.29697685108196,15.703023148918042,15.703023148918042,1
P025,Sports,2024-09-06,55.0,51.056121233893876,3.943878766106124,3.943878766106124,1
P025,Sports,2024-09-07,74.0,66.32900719812034,7.670992801879663,7.670992801879663,1
P025,Sports,2024-09-08,107.0,112.80077552793998,-5.800775527939976,5.800775527939976,1
P025,Sports,2024-09-09,61.0,52.25944085648274,8.74055914351726,8.74055914351726,1
P025,Sports,2024-09-10,69.0,54.21422502284554,14.78577497715446,14.78577497715446,1
P025,Sports,2024-09-11,51.0,52.872227378231464,-1.8722273782314645,1.8722273782314645,1
P025,Sports,2024-09-12,55.0,54.72395341105763,0.27604658894237133,0.27604658894237133,1
P025,Sports,2024-09-13,70.0,69.77837192274116,0.22162807725884193,0.22162807725884193,1
P025,Sports,2024-09-14,82.0,72.34600415218424,9.653995847815764,9.653995847815764,1
P025,Sports,2024-09-15,78.0,75.53018501955313,2.46981498044687,2.46981498044687,1
P025,Sports,2024-09-16,63.0,55.47747922402302,7.522520775976979,7.522520775976979,1
P025,Sports,2024-09-17,57.0,56.43025522194932,0.5697447780506835,0.5697447780506835,1
P025,Sports,2024-09-18,58.0,55.34313741308202,2.656862586917981,2.656862586917981,1
P025,Sports,2024-09-19,59.0,56.242684833534994,2.7573151664650055,2.7573151664650055,1
P025,Sports,2024-09-20,59.0,54.78079862898126,4.219201371018741,4.219201371018741,1
P025,Sports,2024-09-21,64.0,71.66882409069318,-7.668824090693178,7.668824090693178,1
P025,Sports,2024-09-22,93.0,73.45933881338148,19.54066118661852,19.54066118661852,1
P025,Sports,2024-09-23,55.0,55.88970540792641,-0.8897054079264066,0.8897054079264066,1
P025,Sports,2024-09-24,56.0,55.97303323987247,0.026966760127528744,0.026966760127528744,1
P025,Sports,2024-09-25,59.0,56.9538539164517,2.046146083548301,2.046146083548301,1
P025,Sports,2024-09-26,56.0,55.44921822516117,0.550781774838832,0.550781774838832,1
P025,Sports,2024-09-27,59.0,57.622489832840536,1.377510167159464,1.377510167159464,1
P025,Sports,2024-09-28,64.0,71.07799386388736,-7.077993863887357,7.077993863887357,1
P025,Sports,2024-09-29,70.0,75.4761515898818,-5.476151589881795,5.476151589881795,1
P025,Sports,2024-09-30,53.0,58.92530365276011,-5.925303652760107,5.925303652760107,1
P025,Sports,2024-10-01,59.0,57.26143615357228,1.7385638464277235,1.7385638464277235,1
P025,Sports,2024-10-02,53.0,56.225757669653504,-3.225757669653504,3.225757669653504,1
P025,Sports,2024-10-03,54.0,60.066678221593655,-6.066678221593655,6.066678221593655,1
P025,Sports,2024-10-04,54.0,56.37683723692107,-2.3768372369210695,2.3768372369210695,1
P025,Sports,2024-10-05,81.0,71.2803131762191,9.719686823780904,9.719686823780904,1
P025,Sports,2024-10-06,46.0,72.89215062902711,-26.892150629027114,26.892150629027114,1
P025,Sports,2024-10-07,90.0,86.33225352033524,3.667746479664757,3.667746479664757,1
P025,Sports,2024-10-08,77.0,92.34452479780936,-15.344524797809356,15.344524797809356,1
P025,Sports,2024-10-09,41.0,56.244949792057334,-15.244949792057334,15.244949792057334,1
P025,Sports,2024-10-10,46.0,55.28316526414023,-9.28316526414023,9.28316526414023,1
P025,Sports,2024-10-11,46.0,55.613911545667335,-9.613911545667335,9.613911545667335,1
P025,Sports,2024-10-12,66.0,71.84762762789094,-5.847627627890944,5.847627627890944,1
P025,Sports,2024-10-13,63.0,69.81020687990583,-6.810206879905834,6.810206879905834,1
P025,Sports,2024-10-14,53.0,57.74688150415692,-4.746881504156917,4.746881504156917,1
P025,Sports,2024-10-15,58.0,56.88246320638626,1.1175367936137377,1.1175367936137377,1
P025,Sports,2024-10-16,54.0,54.70083280692996,-0.7008328069299594,0.7008328069299594,1
P025,Sports,2024-10-17,49.0,55.295628857738976,-6.295628857738976,6.295628857738976,1
P025,Sports,2024-10-18,55.0,54.15267121124611,0.8473287887538916,0.8473287887538916,1
P025,Sports,2024-10-19,76.0,70.44815309172482,5.551846908275181,5.551846908275181,1
P025,Sports,2024-10-20,81.0,69.4888487500523,11.511151249947702,11.511151249947702,1
P025,Sports,2024-10-21,48.0,55.17003863690103,-7.170038636901033,7.170038636901033,1
P025,Sports,2024-10-22,65.0,54.83806452539195,10.16193547460805,10.16193547460805,1
P025,Sports,2024-10-23,55.0,53.87744630086869,1.1225536991313092,1.1225536991313092,1
P025,Sports,2024-10-24,55.0,53.98917269842482,1.0108273015751834,1.0108273015751834,1
P025,Sports,2024-10-25,49.0,54.226782520651525,-5.2267825206515255,5.2267825206515255,1
P025,Sports,2024-10-26,60.0,69.98164117599002,-9.98164117599002,9.98164117599002,1
P025,Sports,2024-10-27,59.0,69.32342706441888,-10.32342706441888,10.32342706441888,1
P025,Sports,2024-10-28,67.0,52.9884328761701,14.011567123829899,14.011567123829899,1
P025,Sports,2024-10-29,64.0,55.63979939393589,8.360200606064112,8.360200606064112,1
P025,Sports,2024-10-30,59.0,53.5898345736626,5.4101654263374,5.4101654263374,1
P025,Sports,2024-10-31,48.0,54.24646878008305,-6.246468780083049,6.246468780083049,1
P025,Sports,2024-11-01,54.0,54.40735387800797,-0.4073538780079673,0.4073538780079673,1
P025,Sports,2024-11-02,59.0,69.6174682022076,-10.617468202207604,10.617468202207604,1
P025,Sports,2024-11-03,67.0,67.55190204951583,-0.5519020495158315,0.5519020495158315,2
P025,Sports,2024-11-04,45.0,57.39403034828795,-12.394030348287949,12.394030348287949,2
P025,Sports,2024-11-05,53.0,56.163085911441605,-3.1630859114416054,3.1630859114416054,2
P025,Sports,2024-11-06,54.0,54.84549557641376,-0.8454955764137608,0.8454955764137608,2
P025,Sports,2024-11-07,52.0,53.42639375447099,-1.4263937544709933,1.4263937544709933,2
P025,Sports,2024-11-08,50.0,53.02407388014179,-3.024073880141792,3.024073880141792,2
P025,Sports,2024-11-09,73.0,67.87646231436096,5.123537685639036,5.123537685639036,2
P025,Sports,2024-11-10,79.0,70.01828213437634,8.981717865623665,8.981717865623665,2
P025,Sports,2024-11-11,66.0,55.13585063103373,10.864149368966267,10.864149368966267,2
P025,Sports,2024-11-12,52.0,55.68765359025953,-3.6876535902595293,3.6876535902595293,2
P025,Sports,2024-11-13,62.0,54.969141185189216,7.0308588148107845,7.0308588148107845,2
P025,Sports,2024-11-14,62.0,54.06545491233292,7.934545087667082,7.934545087667082,2
P025,Sports,2024-11-15,60.0,55.397436635598496,4.6025633644015045,4.6025633644015045,2
P025,Sports,2024-11-16,84.0,72.88424379011128,11.115756209888715,11.115756209888715,2
P025,Sports,2024-11-17,78.0,73.92042722565674,4.079572774343262,4.079572774343262,2
P025,Sports,2024-11-18,58.0,56.806419559101236,1.1935804408987636,1.1935804408987636,2
P025,Sports,2024-11-19,63.0,55.7824276616051,7.217572338394902,7.217572338394902,2
P025,Sports,2024-11-20,73.0,57.284764735891684,15.715235264108316,15.715235264108316,2
P025,Sports,2024-11-21,48.0,57.536092654125945,-9.536092654125945,9.536092654125945,2
P025,Sports,2024-11-22,61.0,55.793500087035326,5.206499912964674,5.206499912964674,2
P025,Sports,2024-11-23,74.0,75.78979577131756,-1.7897957713175572,1.7897957713175572,2
P025,Sports,2024-11-24,68.0,76.09876785938995,-8.098767859389952,8.098767859389952,2
P025,Sports,2024-11-25,64.0,58.40177387426542,5.598226125734577,5.598226125734577,2
P025,Sports,2024-11-26,58.0,57.68884890806178,0.3111510919382212,0.3111510919382212,2
P025,Sports,2024-11-27,57.0,59.136490297941975,-2.1364902979419753,2.1364902979419753,2
P025,Sports,2024-11-28,63.0,55.384037109352285,7.615962890647715,7.615962890647715,2
P025,Sports,2024-11-29,173.0,129.85866724566696,43.141332754333035,43.141332754333035,2
P025,Sports,2024-11-30,70.0,80.7497121456047,-10.749712145604704,10.749712145604704,2
P025,Sports,2024-12-01,83.0,80.75780287740582,2.2421971225941775,2.2421971225941775,2
P025,Sports,2024-12-02,72.0,63.4580468984191,8.541953101580901,8.541953101580901,2
P025,Sports,2024-12-03,63.0,64.41853461687171,-1.4185346168717103,1.4185346168717103,2
P025,Sports,2024-12-04,61.0,65.03517328827556,-4.035173288275558,4.035173288275558,2
P025,Sports,2024-12-05,61.0,64.5038263629175,-3.5038263629174935,3.5038263629174935,2
P025,Sports,2024-12-06,47.0,65.93365065354652,-18.933650653546522,18.933650653546522,2
P025,Sports,2024-12-07,64.0,81.66327172230582,-17.663271722305822,17.663271722305822,2
P025,Sports,2024-12-08,93.0,82.90854450367944,10.091455496320563,10.091455496320563,2
P025,Sports,2024-12-09,79.0,67.56249704749405,11.437502952505952,11.437502952505952,2
P025,Sports,2024-12-10,77.0,65.25025638284616,11.74974361715384,11.74974361715384,2
P025,Sports,2024-12-11,79.0,66.14919497025375,12.850805029746255,12.850805029746255,2
P025,Sports,2024-12-12,62.0,66.94142103891609,-4.94142103891609,4.94142103891609,2
P025,Sports,2024-12-13,64.0,66.48486309032235,-2.4848630903223494,2.4848630903223494,2
P025,Sports,2024-12-14,73.0,79.61690826958635,-6.616908269586347,6.616908269586347,2
P025,Sports,2024-12-15,75.0,83.5907139512598,-8.5907139512598,8.5907139512598,2
P025,Sports,2024-12-16,72.0,66.88102868388438,5.118971316115619,5.118971316115619,2
P025,Sports,2024-12-17,60.0,66.57276757225972,-6.572767572259721,6.572767572259721,2
P025,Sports,2024-12-18,62.0,66.52442892295875,-4.524428922958748,4.524428922958748,2
P025,Sports,2024-12-19,64.0,63.75891997106963,0.2410800289303694,0.2410800289303694,2
P025,Sports,2024-12-20,74.0,64.0606394912184,9.939360508781604,9.939360508781604,2
P025,Sports,2024-12-21,88.0,83.66010933630963,4.339890663690369,4.339890663690369,2
P025,Sports,2024-12-22,82.0,85.05136067973436,-3.0513606797343584,3.0513606797343584,2
P025,Sports,2024-12-23,68.0,69.98693816652833,-1.9869381665283328,1.9869381665283328,2
P025,Sports,2024-12-24,75.0,68.22157299120636,6.778427008793642,6.778427008793642,2
P025,Sports,2024-12-25,163.0,156.35071203835895,6.6492879616410505,6.6492879616410505,2
P025,Sports,2024-12-26,60.0,70.87286245346303,-10.872862453463028,10.872862453463028,2
P025,Sports,2024-12-27,61.0,74.85050455443347,-13.85050455443347,13.85050455443347,2
P025,Sports,2024-12-28,113.0,86.82246006903888,26.177539930961117,26.177539930961117,2
P025,Sports,2024-12-29,83.0,90.23082082010025,-7.230820820100249,7.230820820100249,2
P025,Sports,2024-12-30,70.0,72.34858017046874,-2.348580170468736,2.348580170468736,2
P025,Sports,2024-12-31,54.0,71.43068745021768,-17.430687450217675,17.430687450217675,2
P025,Sports,2025-01-01,311.0,153.33765700929723,157.66234299070277,157.66234299070277,2
P025,Sports,2025-01-02,65.0,73.43430736943773,-8.434307369437732,8.434307369437732,3
P025,Sports,2025-01-03,75.0,73.24063472752557,1.759365272474426,1.759365272474426,3
P025,Sports,2025-01-04,92.0,88.79252074282083,3.2074792571791733,3.2074792571791733,3
P025,Sports,2025-01-05,85.0,92.2825759335379,-7.282575933537899,7.282575933537899,3
P025,Sports,2025-01-06,77.0,75.05312046973147,1.9468795302685322,1.9468795302685322,3
P025,Sports,2025-01-07,66.0,75.9790245846703,-9.979024584670299,9.979024584670299,3
P025,Sports,2025-01-08,81.0,77.53583405132748,3.464165948672516,3.464165948672516,3
P025,Sports,2025-01-09,96.0,73.34756946129666,22.652430538703342,22.652430538703342,3
P025,Sports,2025-01-10,80.0,73.87230249056891,6.127697509431087,6.127697509431087,3
P025,Sports,2025-01-11,86.0,100.56122601978777,-14.561226019787767,14.561226019787767,3
P025,Sports,2025-01-12,94.0,99.48981330451635,-5.489813304516346,5.489813304516346,3
P025,Sports,2025-01-13,58.0,82.1282524072925,-24.128252407292507,24.128252407292507,3
P025,Sports,2025-01-14,53.0,80.43253513372937,-27.432535133729374,27.432535133729374,3
P025,Sports,2025-01-15,62.0,77.92102137803634,-15.921021378036343,15.921021378036343,3
P025,Sports,2025-01-16,75.0,79.86210225231584,-4.862102252315836,4.862102252315836,3
P025,Sports,2025-01-17,78.0,80.25527956840877,-2.255279568408767,2.255279568408767,3
P025,Sports,2025-01-18,102.0,98.05344153309339,3.946558466906609,3.946558466906609,3
P025,Sports,2025-01-19,105.0,97.13117831740435,7.868821682595652,7.868821682595652,3
P025,Sports,2025-01-20,77.0,81.88997662459437,-4.889976624594368,4.889976624594368,3
P025,Sports,2025-01-21,83.0,80.49985248928523,2.5001475107147684,2.5001475107147684,3
P025,Sports,2025-01-22,78.0,83.46320108904088,-5.463201089040879,5.463201089040879,3
P025,Sports,2025-01-23,69.0,79.35667848201616,-10.356678482016164,10.356678482016164,3
P025,Sports,2025-01-24,85.0,82.77100537896347,2.2289946210365343,2.2289946210365343,3
P025,Sports,2025-01-25,87.0,98.6834885632546,-11.683488563254599,11.683488563254599,3
P025,Sports,2025-01-26,90.0,98.13285887058346,-8.132858870583462,8.132858870583462,3
P025,Sports,2025-01-27,97.0,82.54294468326594,14.457055316734056,14.457055316734056,3
P025,Sports,2025-01-28,68.0,82.6694670729817,-14.669467072981703,14.669467072981703,3
P025,Sports,2025-01-29,86.0,85.07232753872533,0.9276724612746676,0.9276724612746676,3
P025,Sports,2025-01-30,84.0,75.96732430465967,8.03267569534033,8.03267569534033,3
P025,Sports,2025-01-31,67.0,76.47236535702758,-9.472365357027584,9.472365357027584,3
P025,Sports,2025-02-01,138.0,93.6673572095029,44.332642790497104,44.332642790497104,3
P025,Sports,2025-02-02,100.0,98.72811072587845,1.2718892741215484,1.2718892741215484,3
P025,Sports,2025-02-03,75.0,80.29019226672928,-5.290192266729278,5.290192266729278,3
P025,Sports,2025-02-04,76.0,79.10103650798989,-3.101036507989889,3.101036507989889,3
P025,Sports,2025-02-05,84.0,78.48325795674343,5.516742043256571,5.516742043256571,3
P025,Sports,2025-02-06,73.0,78.80338794993078,-5.80338794993078,5.80338794993078,3
P025,Sports,2025-02-07,66.0,79.35789836251375,-13.357898362513751,13.357898362513751,3
P025,Sports,2025-02-08,114.0,98.13197414115805,15.868025858841946,15.868025858841946,3
P025,Sports,2025-02-09,89.0,96.53002969105795,-7.530029691057948,7.530029691057948,3
P025,Sports,2025-02-10,66.0,79.10103650798989,-13.101036507989889,13.101036507989889,3
P025,Sports,2025-02-11,75.0,77.72596641253773,-2.72596641253773,2.72596641253773,3
P025,Sports,2025-02-12,105.0,78.9825660221787,26.017433977821298,26.017433977821298,3
P025,Sports,2025-02-13,77.0,79.81304071343749,-2.8130407134374877,2.8130407134374877,3
P025,Sports,2025-02-14,99.0,79.6107361098587,19.389263890141294,19.389263890141294,3
P025,Sports,2025-02-15,106.0,106.63451754614435,-0.6345175461443517,0.6345175461443517,3
P025,Sports,2025-02-16,109.0,101.55662545123371,7.443374548766286,7.443374548766286,3
P025,Sports,2025-02-17,85.0,80.43962072943881,4.560379270561185,4.560379270561185,3
P025,Sports,2025-02-18,76.0,83.53767538586112,-7.537675385861121,7.537675385861121,3
P025,Sports,2025-02-19,83.0,81.72135115152521,1.2786488484747878,1.2786488484747878,3
P025,Sports,2025-02-20,89.0,83.29275915159134,5.707240848408659,5.707240848408659,3
P025,Sports,2025-02-21,85.0,84.88645596093775,0.11354403906224775,0.11354403906224775,3
P025,Sports,2025-02-22,101.0,106.50689823673288,-5.50689823673288,5.50689823673288,3
P025,Sports,2025-02-23,123.0,104.46978687064296,18.530213129357037,18.530213129357037,3
P025,Sports,2025-02-24,64.0,84.60281134458629,-20.602811344586286,20.602811344586286,3
P025,Sports,2025-02-25,91.0,82.37534364801171,8.624656351988293,8.624656351988293,3
P025,Sports,2025-02-26,88.0,83.41990432157881,4.580095678421188,4.580095678421188,3
P025,Sports,2025-02-27,85.0,84.28447281611207,0.7155271838879287,0.7155271838879287,3
P025,Sports,2025-02-28,97.0,84.84381340550927,12.156186594490734,12.156186594490734,3
P025,Sports,2025-03-01,117.0,106.80797813431222,10.192021865687778,10.192021865687778,3
P025,Sports,2025-03-02,72.0,106.98203782863158,-34.982037828631576,34.982037828631576,3
P025,Sports,2025-03-03,93.0,83.9673184567959,9.032681543204106,9.032681543204106,4
P025,Sports,2025-03-04,85.0,83.63912612331035,1.3608738766896522,1.3608738766896522,4
P025,Sports,2025-03-05,87.0,84.53646620098448,2.463533799015522,2.463533799015522,4
P025,Sports,2025-03-06,123.0,133.51466044623857,-10.514660446238565,10.514660446238565,4
P025,Sports,2025-03-07,87.0,88.73230544612345,-1.7323054461234477,1.7323054461234477,4
P025,Sports,2025-03-08,97.0,107.97381449432231,-10.973814494322312,10.973814494322312,4
P025,Sports,2025-03-09,104.0,107.26015528974068,-3.2601552897406805,3.2601552897406805,4
P025,Sports,2025-03-10,95.0,85.99242016714724,9.007579832852755,9.007579832852755,4
P025,Sports,2025-03-11,86.0,90.15430999316887,-4.154309993168866,4.154309993168866,4
P025,Sports,2025-03-12,88.0,90.41918270753273,-2.419182707532727,2.419182707532727,4
P025,Sports,2025-03-13,93.0,91.19340084322187,1.8065991567781339,1.8065991567781339,4
P025,Sports,2025-03-14,84.0,92.0690815333669,-8.069081533366898,8.069081533366898,4
P025,Sports,2025-03-15,129.0,108.90703193607162,20.09296806392838,20.09296806392838,4
P025,Sports,2025-03-16,117.0,107.90594409132214,9.09405590867786,9.09405590867786,4
P025,Sports,2025-03-17,75.0,90.94337432397184,-15.943374323971838,15.943374323971838,4
P025,Sports,2025-03-18,83.0,90.7899677420878,-7.789967742087796,7.789967742087796,4
P025,Sports,2025-03-19,83.0,91.05484045645166,-8.054840456451657,8.054840456451657,4
P025,Sports,2025-03-20,88.0,91.99585108830183,-3.9958510883018334,3.9958510883018334,4
P025,Sports,2025-03-21,75.0,88.89531678834565,-13.895316788345653,13.895316788345653,4
P025,Sports,2025-03-22,140.0,109.19054362528566,30.809456374714344,30.809456374714344,4
P025,Sports,2025-03-23,0.0,109.58171070958619,-109.58171070958619,109.58171070958619,4
P025,Sports,2025-03-24,90.0,84.98979975338443,5.010200246615568,5.010200246615568,4
P025,Sports,2025-03-25,88.0,85.01090409703062,2.9890959029693818,2.9890959029693818,4
P025,Sports,2025-03-26,98.0,85.01090409703062,12.989095902969382,12.989095902969382,4
P025,Sports,2025-03-27,71.0,85.0232304958855,-14.0232304958855,14.0232304958855,4
P025,Sports,2025-03-28,91.0,85.32533469020528,5.674665309794719,5.674665309794719,4
P025,Sports,2025-03-29,97.0,108.15310899737095,-11.15310899737095,11.15310899737095,4
P025,Sports,2025-03-30,128.0,104.53161968003029,23.46838031996971,23.46838031996971,4
P025,Sports,2025-03-31,78.0,85.9477073202178,-7.947707320217802,7.947707320217802,4
P025,Sports,2025-04-01,91.0,84.83714509246097,6.162854907539028,6.162854907539028,4
P025,Sports,2025-04-02,109.0,85.2822632792924,23.717736720707606,23.717736720707606,4
P025,Sports,2025-04-03,100.0,87.36984918822078,12.630150811779217,12.630150811779217,4
P025,Sports,2025-04-04,76.0,84.91240709152852,-8.912407091528522,8.912407091528522,4
P025,Sports,2025-04-05,118.0,105.86202789022495,12.137972109775049,12.137972109775049,4
P025,Sports,2025-04-06,116.0,108.28718784264909,7.7128121573509105,7.7128121573509105,4
P025,Sports,2025-04-07,87.0,90.59825650625831,-3.598256506258309,3.598256506258309,4
P025,Sports,2025-04-08,106.0,89.59318501944459,16.40681498055541,16.40681498055541,4
P025,Sports,2025-04-09,87.0,91.04475550096565,-4.04475550096565,4.04475550096565,4
P025,Sports,2025-04-10,112.0,89.80074455146394,22.199255448536064,22.199255448536064,4
P025,Sports,2025-04-11,80.0,91.06728536504326,-11.067285365043261,11.067285365043261,4
P025,Sports,2025-04-12,116.0,111.65107215010265,4.3489278498973505,4.3489278498973505,4
P025,Sports,2025-04-13,115.0,110.40266936623765,4.597330633762354,4.597330633762354,4
P025,Sports,2025-04-14,90.0,87.10243833013051,2.8975616698694893,2.8975616698694893,4
P025,Sports,2025-04-15,96.0,88.12933259162648,7.870667408373521,7.870667408373521,4
P025,Sports,2025-04-16,101.0,89.25643555853917,11.743564441460833,11.743564441460833,4
P025,Sports,2025-04-17,86.0,88.85733698856897,-2.8573369885689743,2.8573369885689743,4
P025,Sports,2025-04-18,85.0,87.73472809831833,-2.734728098318328,2.734728098318328,4
P025,Sports,2025-04-19,113.0,111.19527736814199,1.804722631858013,1.804722631858013,4
P025,Sports,2025-04-20,128.0,109.01311850327325,18.986881496726753,18.986881496726753,4
P025,Sports,2025-04-21,74.0,92.2267214582987,-18.226721458298698,18.226721458298698,4
P025,Sports,2025-04-22,82.0,88.85257614526424,-6.852576145264237,6.852576145264237,4
P025,Sports,2025-04-23,106.0,88.09182113426861,17.908178865731387,17.908178865731387,4
P025,Sports,2025-04-24,64.0,88.85020255844756,-24.850202558447563,24.850202558447563,4
P025,Sports,2025-04-25,96.0,86.43826849664286,9.561731503357137,9.561731503357137,4
P025,Sports,2025-04-26,176.0,146.1692448655012,29.830755134498787,29.830755134498787,4
P025,Sports,2025-04-27,127.0,118.81246414529599,8.18753585470401,8.18753585470401,4
P025,Sports,2025-04-28,81.0,92.29222130977818,-11.292221309778185,11.292221309778185,4
P025,Sports,2025-04-29,97.0,92.27736655623535,4.72263344376465,4.72263344376465,4
P025,Sports,2025-04-30,93.0,92.3648777561326,0.6351222438674,0.6351222438674,4
P025,Sports,2025-05-01,92.0,92.10742044381881,-0.10742044381881044,0.10742044381881044,4
P026,Electronics,2024-09-04,89.0,87.76749699606637,1.2325030039336298,1.2325030039336298,1
P026,Electronics,2024-09-05,90.0,87.50658894621796,2.49341105378204,2.49341105378204,1
P026,Electronics,2024-09-06,76.0,87.76749699606637,-11.76749699606637,11.76749699606637,1
P026,Electronics,2024-09-07,80.0,105.23530015590639,-25.235300155906387,25.235300155906387,1
P026,Electronics,2024-09-08,119.0,107.58120754627741,11.418792453722588,11.418792453722588,1
P026,Electronics,2024-09-09,74.0,87.40755530779005,-13.407555307790048,13.407555307790048,1
P026,Electronics,2024-09-10,89.0,88.10189092872434,0.8981090712756554,0.8981090712756554,1
P026,Electronics,2024-09-11,44.0,86.75225882089308,-42.752258820893076,42.752258820893076,1
P026,Electronics,2024-09-12,88.0,84.22412543356917,3.7758745664308293,3.7758745664308293,1
P026,Electronics,2024-09-13,84.0,85.5455575588196,-1.5455575588195956,1.5455575588195956,1
P026,Electronics,2024-09-14,115.0,105.4235229984967,9.576477001503306,9.576477001503306,1
P026,Electronics,2024-09-15,120.0,103.78648847724266,16.213511522757344,16.213511522757344,1
P026,Electronics,2024-09-16,95.0,86.45202940548978,8.547970594510218,8.547970594510218,1
P026,Electronics,2024-09-17,97.0,90.06790765685352,6.932092343146479,6.932092343146479,1
P026,Electronics,2024-09-18,81.0,81.88504664731926,-0.8850466473192569,0.8850466473192569,1
P026,Electronics,2024-09-19,104.0,83.72813965332571,20.271860346674288,20.271860346674288,1
P026,Electronics,2024-09-20,83.0,82.24448132138242,0.7555186786175767,0.7555186786175767,1
P026,Electronics,2024-09-21,76.0,100.34669996039858,-24.34669996039858,24.34669996039858,1
P026,Electronics,2024-09-22,132.0,103.0764490535657,28.923550946434304,28.923550946434304,1
P026,Electronics,2024-09-23,81.0,82.41706261085635,-1.4170626108563482,1.4170626108563482,1
P026,Electronics,2024-09-24,77.0,83.01009960563064,-6.010099605630643,6.010099605630643,1
P026,Electronics,2024-09-25,115.0,82.61362759158997,32.386372408410026,32.386372408410026,1
P026,Electronics,2024-09-26,80.0,83.66141807039587,-3.661418070395868,3.661418070395868,1
P026,Electronics,2024-09-27,91.0,83.87698515141264,7.12301484858736,7.12301484858736,1
P026,Electronics,2024-09-28,141.0,105.1039066313086,35.896093368691396,35.896093368691396,1
P026,Electronics,2024-09-29,99.0,108.01272341475746,-9.01272341475746,9.01272341475746,1
P026,Electronics,2024-09-30,100.0,84.65241750881583,15.34758249118417,15.34758249118417,1
P026,Electronics,2024-10-01,88.0,85.54250965232123,2.457490347678771,2.457490347678771,1
P026,Electronics,2024-10-02,112.0,84.82013160329852,27.17986839670148,27.17986839670148,1
P026,Electronics,2024-10-03,73.0,85.7692847679189,-12.769284767918904,12.769284767918904,1
P026,Electronics,2024-10-04,72.0,84.4128883108688,-12.412888310868794,12.412888310868794,1
P026,Electronics,2024-10-05,121.0,103.36035610651135,17.639643893488653,17.639643893488653,1
P026,Electronics,2024-10-06,87.0,104.87012480923794,-17.870124809237936,17.870124809237936,1
P026,Electronics,2024-10-07,111.0,84.08259391067327,26.917406089326732,26.917406089326732,1
P026,Electronics,2024-10-08,79.0,84.2060369971744,-5.206036997174394,5.206036997174394,1
P026,Electronics,2024-10-09,121.0,85.36254990517,35.63745009483,35.63745009483,1
P026,Electronics,2024-10-10,65.0,85.52215381991525,-20.522153819915246,20.522153819915246,1
P026,Electronics,2024-10-11,107.0,85.25849316511918,21.741506834880823,21.741506834880823,1
P026,Electronics,2024-10-12,107.0,108.86081856118827,-1.8608185611882675,1.8608185611882675,1
P026,Electronics,2024-10-13,97.0,102.75671908925618,-5.75671908925618,5.75671908925618,1
P026,Electronics,2024-10-14,95.0,85.06394125931236,9.936058740687642,9.936058740687642,1
P026,Electronics,2024-10-15,88.0,84.11478809469197,3.885211905308026,3.885211905308026,1
P026,Electronics,2024-10-16,97.0,85.88860702881958,11.111392971180422,11.111392971180422,1
P026,Electronics,2024-10-17,71.0,84.76729496003782,-13.767294960037816,13.767294960037816,1
P026,Electronics,2024-10-18,54.0,84.26063910813089,-30.26063910813089,30.26063910813089,1
P026,Electronics,2024-10-19,132.0,101.77503168794078,30.224968312059218,30.224968312059218,1
P026,Electronics,2024-10-20,96.0,102.24908671232862,-6.249086712328619,6.249086712328619,1
P026,Electronics,2024-10-21,87.0,85.96691786265056,1.0330821373494388,1.0330821373494388,1
P026,Electronics,2024-10-22,99.0,82.59837611399475,16.401623886005254,16.401623886005254,1
P026,Electronics,2024-10-23,90.0,87.01790085277248,2.9820991472275153,2.9820991472275153,1
P026,Electronics,2024-10-24,82.0,83.00561940642447,-1.0056194064244721,1.0056194064244721,1
P026,Electronics,2024-10-25,75.0,85.21681128130056,-10.216811281300565,10.216811281300565,1
P026,Electronics,2024-10-26,146.0,106.17475860493477,39.825241395065234,39.825241395065234,1
P026,Electronics,2024-10-27,137.0,103.26244492492037,33.73755507507963,33.73755507507963,1
P026,Electronics,2024-10-28,111.0,86.2624320904842,24.737567909515803,24.737567909515803,1
P026,Electronics,2024-10-29,64.0,85.73282687769431,-21.732826877694308,21.732826877694308,1
P026,Electronics,2024-10-30,74.0,87.05082508340122,-13.050825083401222,13.050825083401222,1
P026,Electronics,2024-10-31,79.0,85.28696088021537,-6.286960880215375,6.286960880215375,1
P026,Electronics,2024-11-01,95.0,85.40636465073271,9.593635349267288,9.593635349267288,1
P026,Electronics,2024-11-02,0.0,108.44122644069867,-108.44122644069867,108.44122644069867,1
P026,Electronics,2024-11-03,119.0,105.3794536312897,13.620546368710293,13.620546368710293,2
P026,Electronics,2024-11-04,79.0,83.96343218733989,-4.96343218733989,4.96343218733989,2
P026,Electronics,2024-11-05,94.0,82.24505493328668,11.754945066713319,11.754945066713319,2
P026,Electronics,2024-11-06,59.0,83.03771228176659,-24.037712281766588,24.037712281766588,2
P026,Electronics,2024-11-07,43.0,79.12361925208374,-36.12361925208374,36.12361925208374,2
P026,Electronics,2024-11-08,63.0,78.4648051419072,-15.464805141907206,15.464805141907206,2
P026,Electronics,2024-11-09,106.0,100.13073583624842,5.8692641637515806,5.8692641637515806,2
P026,Electronics,2024-11-10,131.0,106.68978608285428,24.310213917145717,24.310213917145717,2
P026,Electronics,2024-11-11,113.0,79.19824507270307,33.801754927296926,33.801754927296926,2
P026,Electronics,2024-11-12,118.0,79.78086570845323,38.219134291546766,38.219134291546766,2
P026,Electronics,2024-11-13,109.0,81.04234747164767,27.957652528352327,27.957652528352327,2
P026,Electronics,2024-11-14,62.0,78.05167140992117,-16.05167140992117,16.05167140992117,2
P026,Electronics,2024-11-15,85.0,79.72788360329831,5.272116396701691,5.272116396701691,2
P026,Electronics,2024-11-16,161.0,107.14181404340887,53.85818595659113,53.85818595659113,2
P026,Electronics,2024-11-17,80.0,111.62387276351487,-31.623872763514868,31.623872763514868,2
P026,Electronics,2024-11-18,91.0,84.11495638528058,6.885043614719422,6.885043614719422,2
P026,Electronics,2024-11-19,91.0,86.24065395608723,4.759346043912771,4.759346043912771,2
P026,Electronics,2024-11-20,109.0,86.19790626821568,22.802093731784325,22.802093731784325,2
P026,Electronics,2024-11-21,29.0,85.8910916131141,-56.8910916131141,56.8910916131141,2
P026,Electronics,2024-11-22,123.0,104.4872798011049,18.512720198895096,18.512720198895096,2
P026,Electronics,2024-11-23,86.0,110.25763546708437,-24.25763546708437,24.25763546708437,2
P026,Electronics,2024-11-24,148.0,110.2883626564776,37.7116373435224,37.7116373435224,2
P026,Electronics,2024-11-25,64.0,85.64593664680903,-21.645936646809034,21.645936646809034,2
P026,Electronics,2024-11-26,95.0,81.02412213503001,13.975877864969988,13.975877864969988,2
P026,Electronics,2024-11-27,49.0,83.0090421341895,-34.0090421341895,34.0090421341895,2
P026,Electronics,2024-11-28,70.0,76.72431047525515,-6.724310475255152,6.724310475255152,2
P026,Electronics,2024-11-29,179.0,180.23515029341416,-1.235150293414165,1.235150293414165,2
P026,Electronics,2024-11-30,104.0,115.56713687568423,-11.567136875684227,11.567136875684227,2
P026,Electronics,2024-12-01,143.0,107.05238179552384,35.94761820447616,35.94761820447616,2
P026,Electronics,2024-12-02,101.0,86.92927849672822,14.070721503271784,14.070721503271784,2
P026,Electronics,2024-12-03,91.0,87.89995711128711,3.100042888712892,3.100042888712892,2
P026,Electronics,2024-12-04,45.0,83.7443623553935,-38.744362355393505,38.744362355393505,2
P026,Electronics,2024-12-05,98.0,84.67254082489943,13.327459175100572,13.327459175100572,2
P026,Electronics,2024-12-06,111.0,86.87139344950016,24.12860655049984,24.12860655049984,2
P026,Electronics,2024-12-07,142.0,110.40466549261286,31.595334507387136,31.595334507387136,2
P026,Electronics,2024-12-08,101.0,120.19737962368016,-19.197379623680163,19.197379623680163,2
P026,Electronics,2024-12-09,101.0,89.93403189739412,11.06596810260588,11.06596810260588,2
P026,Electronics,2024-12-10,91.0,91.01274095929557,-0.012740959295570065,0.012740959295570065,2
P026,Electronics,2024-12-11,99.0,84.9131596368243,14.086840363175696,14.086840363175696,2
P026,Electronics,2024-12-12,184.0,132.0016947892082,51.99830521079181,51.99830521079181,2
P026,Electronics,2024-12-13,103.0,99.68740580592397,3.312594194076027,3.312594194076027,2
P026,Electronics,2024-12-14,113.0,116.60868705605913,-3.608687056059125,3.608687056059125,2
P026,Electronics,2024-12-15,146.0,119.31441263637448,26.685587363625515,26.685587363625515,2
P026,Electronics,2024-12-16,100.0,94.69026584108688,5.309734158913116,5.309734158913116,2
P026,Electronics,2024-12-17,121.0,94.66744380602302,26.332556193976984,26.332556193976984,2
P026,Electronics,2024-12-18,72.0,94.72412181249312,-22.724121812493124,22.724121812493124,2
P026,Electronics,2024-12-19,70.0,94.7285185985777,-24.728518598577693,24.728518598577693,2
P026,Electronics,2024-12-20,130.0,144.37801957574015,-14.378019575740154,14.378019575740154,2
P026,Electronics,2024-12-21,76.0,128.7101077117001,-52.71010771170009,52.71010771170009,2
P026,Electronics,2024-12-22,118.0,124.02076670667435,-6.020766706674351,6.020766706674351,2
P026,Electronics,2024-12-23,104.0,92.18169496929401,11.818305030705986,11.818305030705986,2
P026,Electronics,2024-12-24,164.0,122.2832272231034,41.716772776896605,41.716772776896605,2
P026,Electronics,2024-12-25,157.0,184.82852578299605,-27.828525782996053,27.828525782996053,2
P026,Electronics,2024-12-26,121.0,100.80061811035648,20.19938188964352,20.19938188964352,2
P026,Electronics,2024-12-27,106.0,101.70155314623194,4.298446853768056,4.298446853768056,2
P026,Electronics,2024-12-28,130.0,122.02725930318297,7.972740696817027,7.972740696817027,2
P026,Electronics,2024-12-29,103.0,133.42993077391557,-30.429930773915572,30.429930773915572,2
P026,Electronics,2024-12-30,87.0,100.0922967609933,-13.092296760993307,13.092296760993307,2
P026,Electronics,2024-12-31,88.0,104.49921321399749,-16.499213213997493,16.499213213997493,2
P026,Electronics,2025-01-01,161.0,175.6966730148413,-14.69667301484131,14.69667301484131,2
P026,Electronics,2025-01-02,89.0,103.14620128550175,-14.146201285501746,14.146201285501746,3
P026,Electronics,2025-01-03,123.0,101.57910155659506,21.420898443404937,21.420898443404937,3
P026,Electronics,2025-01-04,132.0,124.65308854131179,7.346911458688211,7.346911458688211,3
P026,Electronics,2025-01-05,305.0,209.97927659245013,95.02072340754987,95.02072340754987,3
P026,Electronics,2025-01-06,80.0,111.00440654996176,-31.004406549961757,31.004406549961757,3
P026,Electronics,2025-01-07,123.0,111.45909640574295,11.540903594257045,11.540903594257045,3
P026,Electronics,2025-01-08,75.0,115.28337018298194,-40.28337018298194,40.28337018298194,3
P026,Electronics,2025-01-09,98.0,113.43024457720645,-15.430244577206452,15.430244577206452,3
P026,Electronics,2025-01-10,98.0,110.33936158075004,-12.339361580750037,12.339361580750037,3
P026,Electronics,2025-01-11,132.0,131.95327447888286,0.046725521117139124,0.046725521117139124,3
P026,Electronics,2025-01-12,175.0,147.98219927099865,27.01780072900135,27.01780072900135,3
P026,Electronics,2025-01-13,182.0,174.36290361507952,7.637096384920483,7.637096384920483,3
P026,Electronics,2025-01-14,148.0,111.20810208489304,36.79189791510696,36.79189791510696,3
P026,Electronics,2025-01-15,138.0,111.77100267993937,26.22899732006063,26.22899732006063,3
P026,Electronics,2025-01-16,104.0,112.21887349457702,-8.218873494577025,8.218873494577025,3
P026,Electronics,2025-01-17,131.0,113.46927279203433,17.53072720796567,17.53072720796567,3
P026,Electronics,2025-01-18,100.0,137.28250137481507,-37.28250137481507,37.28250137481507,3
P026,Electronics,2025-01-19,139.0,151.19762157802302,-12.197621578023018,12.197621578023018,3
P026,Electronics,2025-01-20,103.0,115.77471356714632,-12.774713567146321,12.774713567146321,3
P026,Electronics,2025-01-21,118.0,123.24741929224126,-5.247419292241261,5.247419292241261,3
P026,Electronics,2025-01-22,123.0,122.44005468791265,0.5599453120873505,0.5599453120873505,3
P026,Electronics,2025-01-23,86.0,113.50044713283411,-27.50044713283411,27.50044713283411,3
P026,Electronics,2025-01-24,118.0,112.27178073177085,5.728219268229154,5.728219268229154,3
P026,Electronics,2025-01-25,187.0,132.1522366115964,54.84776338840359,54.84776338840359,3
P026,Electronics,2025-01-26,168.0,136.50693924581438,31.49306075418562,31.49306075418562,3
P026,Electronics,2025-01-27,118.0,112.5495949290282,5.450405070971797,5.450405070971797,3
P026,Electronics,2025-01-28,131.0,112.17273895122169,18.82726104877831,18.82726104877831,3
P026,Electronics,2025-01-29,50.0,118.09851213604964,-68.09851213604964,68.09851213604964,3
P026,Electronics,2025-01-30,62.0,109.08768838208223,-47.087688382082234,47.087688382082234,3
P026,Electronics,2025-01-31,151.0,112.82229960464444,38.17770039535556,38.17770039535556,3
P026,Electronics,2025-02-01,167.0,153.66351319078478,13.336486809215216,13.336486809215216,3
P026,Electronics,2025-02-02,156.0,150.00972690618127,5.990273093818729,5.990273093818729,3
P026,Electronics,2025-02-03,114.0,111.33443975287814,2.66556024712186,2.66556024712186,3
P026,Electronics,2025-02-04,110.0,116.49224225861079,-6.492242258610787,6.492242258610787,3
P026,Electronics,2025-02-05,122.0,108.85856721028851,13.141432789711487,13.141432789711487,3
P026,Electronics,2025-02-06,118.0,114.51249434176029,3.487505658239712,3.487505658239712,3
P026,Electronics,2025-02-07,101.0,118.32832944601513,-17.328329446015132,17.328329446015132,3
P026,Electronics,2025-02-08,157.0,152.68579308558787,4.314206914412125,4.314206914412125,3
P026,Electronics,2025-02-09,156.0,147.6353572275089,8.364642772491095,8.364642772491095,3
P026,Electronics,2025-02-10,97.0,117.12272292607057,-20.122722926070566,20.122722926070566,3
P026,Electronics,2025-02-11,141.0,114.97883198662329,26.02116801337671,26.02116801337671,3
P026,Electronics,2025-02-12,97.0,116.76131348532707,-19.761313485327065,19.761313485327065,3
P026,Electronics,2025-02-13,94.0,111.29008123725063,-17.290081237250632,17.290081237250632,3
P026,Electronics,2025-02-14,101.0,115.3291306458675,-14.329130645867494,14.329130645867494,3
P026,Electronics,2025-02-15,101.0,142.16147961419261,-41.161479614192615,41.161479614192615,3
P026,Electronics,2025-02-16,146.0,144.70889140506023,1.2911085949397716,1.2911085949397716,3
P026,Electronics,2025-02-17,103.0,112.6816671877598,-9.6816671877598,9.6816671877598,3
P026,Electronics,2025-02-18,130.0,116.2001203940487,13.799879605951304,13.799879605951304,3
P026,Electronics,2025-02-19,111.0,114.38749854792762,-3.3874985479276205,3.3874985479276205,3
P026,Electronics,2025-02-20,71.0,112.59124668351123,-41.59124668351123,41.59124668351123,3
P026,Electronics,2025-02-21,103.0,112.21853165980767,-9.218531659807667,9.218531659807667,3
P026,Electronics,2025-02-22,104.0,135.37964464579133,-31.37964464579133,31.37964464579133,3
P026,Electronics,2025-02-23,188.0,145.7079920982229,42.29200790177711,42.29200790177711,3
P026,Electronics,2025-02-24,142.0,110.2230116748435,31.776988325156495,31.776988325156495,3
P026,Electronics,2025-02-25,125.0,115.2913103731001,9.708689626899897,9.708689626899897,3
P026,Electronics,2025-02-26,134.0,108.98093275452844,25.01906724547156,25.01906724547156,3
P026,Electronics,2025-02-27,118.0,112.16430747687218,5.835692523127818,5.835692523127818,3
P026,Electronics,2025-02-28,123.0,117.03634738931329,5.963652610686708,5.963652610686708,3
P026,Electronics,2025-03-01,132.0,139.36077139669837,-7.360771396698368,7.360771396698368,3
P026,Electronics,2025-03-02,142.0,141.8529516482654,0.14704835173461106,0.14704835173461106,3
P026,Electronics,2025-03-03,136.0,118.04516425300248,17.954835746997517,17.954835746997517,4
P026,Electronics,2025-03-04,93.0,114.97789020837466,-21.97789020837466,21.97789020837466,4
P026,Electronics,2025-03-05,120.0,116.72331152566744,3.276688474332559,3.276688474332559,4
P026,Electronics,2025-03-06,100.0,113.84050688423736,-13.840506884237357,13.840506884237357,4
P026,Electronics,2025-03-07,99.0,114.52079206573713,-15.520792065737126,15.520792065737126,4
P026,Electronics,2025-03-08,194.0,142.87556220203163,51.12443779796837,51.12443779796837,4
P026,Electronics,2025-03-09,174.0,146.1364970062368,27.863502993763205,27.863502993763205,4
P026,Electronics,2025-03-10,124.0,120.04119600024927,3.958803999750728,3.958803999750728,4
P026,Electronics,2025-03-11,91.0,115.4357191889213,-24.435719188921297,24.435719188921297,4
P026,Electronics,2025-03-12,118.0,113.88591558433194,4.11408441566806,4.11408441566806,4
P026,Electronics,2025-03-13,109.0,112.7984629235949,-3.7984629235948972,3.7984629235948972,4
P026,Electronics,2025-03-14,85.0,112.8542704415795,-27.8542704415795,27.8542704415795,4
P026,Electronics,2025-03-15,176.0,143.71408268376854,32.28591731623146,32.28591731623146,4
P026,Electronics,2025-03-16,173.0,150.5539190986883,22.44608090131169,22.44608090131169,4
P026,Electronics,2025-03-17,65.0,113.01838342040861,-48.01838342040861,48.01838342040861,4
P026,Electronics,2025-03-18,113.0,112.98587722533752,0.01412277466248213,0.01412277466248213,4
P026,Electronics,2025-03-19,163.0,112.32697926874849,50.67302073125151,50.67302073125151,4
P026,Electronics,2025-03-20,124.0,111.74068048942996,12.259319510570037,12.259319510570037,4
P026,Electronics,2025-03-21,163.0,112.21385487169337,50.78614512830663,50.78614512830663,4
P026,Electronics,2025-03-22,221.0,155.51209527755927,65.48790472244073,65.48790472244073,4
P026,Electronics,2025-03-23,177.0,150.4300942331466,26.569905766853395,26.569905766853395,4
P026,Electronics,2025-03-24,113.0,115.36796535139094,-2.367965351390936,2.367965351390936,4
P026,Electronics,2025-03-25,96.0,114.50140215467187,-18.501402154671865,18.501402154671865,4
P026,Electronics,2025-03-26,94.0,119.30058479105462,-25.300584791054618,25.300584791054618,4
P026,Electronics,2025-03-27,147.0,112.50403751860972,34.49596248139028,34.49596248139028,4
P026,Electronics,2025-03-28,113.0,118.26568741385954,-5.265687413859538,5.265687413859538,4
P026,Electronics,2025-03-29,140.0,160.91940570346588,-20.919405703465884,20.919405703465884,4
P026,Electronics,2025-03-30,223.0,155.88180695558614,67.11819304441386,67.11819304441386,4
P026,Electronics,2025-03-31,174.0,116.55899774195038,57.44100225804962,57.44100225804962,4
P026,Electronics,2025-04-01,124.0,113.09693741798365,10.903062582016346,10.903062582016346,4
P026,Electronics,2025-04-02,74.0,112.38731802164936,-38.387318021649364,38.387318021649364,4
P026,Electronics,2025-04-03,116.0,117.15602244769953,-1.1560224476995273,1.1560224476995273,4
P026,Electronics,2025-04-04,92.0,113.53768874602268,-21.53768874602268,21.53768874602268,4
P026,Electronics,2025-04-05,116.0,164.05482049230835,-48.05482049230835,48.05482049230835,4
P026,Electronics,2025-04-06,206.0,164.62866784680705,41.37133215319295,41.37133215319295,4
P026,Electronics,2025-04-07,86.0,121.44778965208683,-35.447789652086826,35.447789652086826,4
P026,Electronics,2025-04-08,101.0,115.01558681297506,-14.015586812975059,14.015586812975059,4
P026,Electronics,2025-04-09,114.0,114.18348472039803,-0.18348472039802743,0.18348472039802743,4
P026,Electronics,2025-04-10,89.0,113.77448661457171,-24.774486614571714,24.774486614571714,4
P026,Electronics,2025-04-11,147.0,174.34509124944358,-27.345091249443584,27.345091249443584,4
P026,Electronics,2025-04-12,119.0,154.46635167430537,-35.46635167430537,35.46635167430537,4
P026,Electronics,2025-04-13,114.0,163.82100895919052,-49.82100895919052,49.82100895919052,4
P026,Electronics,2025-04-14,115.0,111.62224647090463,3.377753529095372,3.377753529095372,4
P026,Electronics,2025-04-15,117.0,114.03007390095897,2.9699260990410323,2.9699260990410323,4
P026,Electronics,2025-04-16,82.0,119.39366946772597,-37.39366946772597,37.39366946772597,4
P026,Electronics,2025-04-17,84.0,114.83630060376197,-30.83630060376197,30.83630060376197,4
P026,Electronics,2025-04-18,84.0,119.71120216402532,-35.71120216402532,35.71120216402532,4
P026,Electronics,2025-04-19,112.0,135.20217102725962,-23.202171027259624,23.202171027259624,4
P026,Electronics,2025-04-20,152.0,128.03252940051445,23.96747059948555,23.96747059948555,4
P026,Electronics,2025-04-21,125.0,105.15206598730276,19.847934012697237,19.847934012697237,4
P026,Electronics,2025-04-22,105.0,106.07082765607649,-1.0708276560764887,1.0708276560764887,4
P026,Electronics,2025-04-23,152.0,107.3717673267948,44.628232673205204,44.628232673205204,4
P026,Electronics,2025-04-24,173.0,116.44141188041233,56.55858811958767,56.55858811958767,4
P026,Electronics,2025-04-25,69.0,108.626046463073,-39.626046463072996,39.626046463072996,4
P026,Electronics,2025-04-26,160.0,129.65290012552933,30.347099874470672,30.347099874470672,4
P026,Electronics,2025-04-27,93.0,138.98501497693275,-45.985014976932746,45.985014976932746,4
P026,Electronics,2025-04-28,120.0,108.74219790373796,11.25780209626204,11.25780209626204,4
P026,Electronics,2025-04-29,144.0,105.25153601147578,38.74846398852422,38.74846398852422,4
P026,Electronics,2025-04-30,126.0,107.62701138723529,18.372988612764715,18.372988612764715,4
P026,Electronics,2025-05-01,94.0,111.93796586339805,-17.93796586339805,17.93796586339805,4
P027,Home & Kitchen,2024-09-04,33.0,35.169446070508855,-2.1694460705088545,2.1694460705088545,1
P027,Home & Kitchen,2024-09-05,40.0,35.822358921765016,4.177641078234984,4.177641078234984,1
P027,Home & Kitchen,2024-09-06,16.0,34.27022219031245,-18.270222190312452,18.270222190312452,1
P027,Home & Kitchen,2024-09-07,34.0,48.37830127370069,-14.378301273700693,14.378301273700693,1
P027,Home & Kitchen,2024-09-08,39.0,47.094012944114546,-8.094012944114546,8.094012944114546,1
P027,Home & Kitchen,2024-09-09,11.0,39.15081052770271,-28.15081052770271,28.15081052770271,1
P027,Home & Kitchen,2024-09-10,33.0,33.254623871248384,-0.25462387124838415,0.25462387124838415,1
P027,Home & Kitchen,2024-09-11,21.0,31.893294119330683,-10.893294119330683,10.893294119330683,1
P027,Home & Kitchen,2024-09-12,41.0,33.07752225356654,7.922477746433458,7.922477746433458,1
P027,Home & Kitchen,2024-09-13,23.0,31.225300502904858,-8.225300502904858,8.225300502904858,1
P027,Home & Kitchen,2024-09-14,73.0,50.19687395678975,22.80312604321025,22.80312604321025,1
P027,Home & Kitchen,2024-09-15,31.0,44.21701842858237,-13.21701842858237,13.21701842858237,1
P027,Home & Kitchen,2024-09-16,40.0,32.51154532073229,7.488454679267711,7.488454679267711,1
P027,Home & Kitchen,2024-09-17,28.0,32.26856843069057,-4.268568430690571,4.268568430690571,1
P027,Home & Kitchen,2024-09-18,24.0,31.9079778884307,-7.9079778884307,7.9079778884307,1
P027,Home & Kitchen,2024-09-19,45.0,32.44521842856509,12.554781571434908,12.554781571434908,1
P027,Home & Kitchen,2024-09-20,38.0,31.26966116936116,6.730338830638839,6.730338830638839,1
P027,Home & Kitchen,2024-09-21,41.0,43.91328497820721,-2.9132849782072086,2.9132849782072086,1
P027,Home & Kitchen,2024-09-22,37.0,61.370128068718984,-24.370128068718984,24.370128068718984,1
P027,Home & Kitchen,2024-09-23,21.0,33.23942261691732,-12.239422616917317,12.239422616917317,1
P027,Home & Kitchen,2024-09-24,31.0,31.5861330606568,-0.5861330606567989,0.5861330606567989,1
P027,Home & Kitchen,2024-09-25,25.0,30.379844293419,-5.379844293419001,5.379844293419001,1
P027,Home & Kitchen,2024-09-26,21.0,33.83901858575732,-12.839018585757323,12.839018585757323,1
P027,Home & Kitchen,2024-09-27,28.0,30.28212462423079,-2.2821246242307893,2.2821246242307893,1
P027,Home & Kitchen,2024-09-28,53.0,43.27888874281886,9.721111257181143,9.721111257181143,1
P027,Home & Kitchen,2024-09-29,64.0,40.703095891675545,23.296904108324455,23.296904108324455,1
P027,Home & Kitchen,2024-09-30,22.0,34.5902088055898,-12.590208805589803,12.590208805589803,1
P027,Home & Kitchen,2024-10-01,24.0,30.078377038746513,-6.078377038746513,6.078377038746513,1
P027,Home & Kitchen,2024-10-02,38.0,28.891237864525365,9.108762135474635,9.108762135474635,1
P027,Home & Kitchen,2024-10-03,51.0,31.23762422914915,19.76237577085085,19.76237577085085,1
P027,Home & Kitchen,2024-10-04,25.0,29.442196605140538,-4.442196605140538,4.442196605140538,1
P027,Home & Kitchen,2024-10-05,44.0,39.42731942957428,4.572680570425717,4.572680570425717,1
P027,Home & Kitchen,2024-10-06,56.0,43.17906999547889,12.82093000452111,12.82093000452111,1
P027,Home & Kitchen,2024-10-07,17.0,30.4880765690954,-13.488076569095401,13.488076569095401,1
P027,Home & Kitchen,2024-10-08,28.0,31.08859272210293,-3.0885927221029306,3.0885927221029306,1
P027,Home & Kitchen,2024-10-09,21.0,31.512918134424048,-10.512918134424048,10.512918134424048,1
P027,Home & Kitchen,2024-10-10,40.0,33.60274567850006,6.397254321499943,6.397254321499943,1
P027,Home & Kitchen,2024-10-11,33.0,31.246670201571654,1.7533297984283465,1.7533297984283465,1
P027,Home & Kitchen,2024-10-12,41.0,44.462090398134436,-3.4620903981344355,3.4620903981344355,1
P027,Home & Kitchen,2024-10-13,135.0,44.40174270144374,90.59825729855626,90.59825729855626,1
P027,Home & Kitchen,2024-10-14,34.0,33.80892036010219,0.19107963989780785,0.19107963989780785,1
P027,Home & Kitchen,2024-10-15,24.0,34.057860896439195,-10.057860896439195,10.057860896439195,1
P027,Home & Kitchen,2024-10-16,28.0,32.401352236946806,-4.401352236946806,4.401352236946806,1
P027,Home & Kitchen,2024-10-17,27.0,36.30403246836533,-9.304032468365328,9.304032468365328,1
P027,Home & Kitchen,2024-10-18,30.0,34.21844353094419,-4.218443530944192,4.218443530944192,1
P027,Home & Kitchen,2024-10-19,57.0,44.62894752266092,12.371052477339077,12.371052477339077,1
P027,Home & Kitchen,2024-10-20,34.0,47.739007081867015,-13.739007081867015,13.739007081867015,1
P027,Home & Kitchen,2024-10-21,61.0,53.17195473043059,7.828045269569408,7.828045269569408,1
P027,Home & Kitchen,2024-10-22,33.0,33.615876511748915,-0.6158765117489153,0.6158765117489153,1
P027,Home & Kitchen,2024-10-23,29.0,32.78741457038562,-3.7874145703856215,3.7874145703856215,1
P027,Home & Kitchen,2024-10-24,37.0,33.609515764169636,3.390484235830364,3.390484235830364,1
P027,Home & Kitchen,2024-10-25,31.0,36.34211988743537,-5.3421198874353735,5.3421198874353735,1
P027,Home & Kitchen,2024-10-26,50.0,50.82224516930885,-0.8222451693088502,0.8222451693088502,1
P027,Home & Kitchen,2024-10-27,61.0,49.631234046231775,11.368765953768225,11.368765953768225,1
P027,Home & Kitchen,2024-10-28,28.0,39.58376243337654,-11.583762433376542,11.583762433376542,1
P027,Home & Kitchen,2024-10-29,28.0,35.31918169973762,-7.319181699737619,7.319181699737619,1
P027,Home & Kitchen,2024-10-30,37.0,36.82542226410097,0.17457773589902814,0.17457773589902814,1
P027,Home & Kitchen,2024-10-31,32.0,37.80112312437382,-5.801123124373817,5.801123124373817,1
P027,Home & Kitchen,2024-11-01,42.0,35.68375234151705,6.3162476584829506,6.3162476584829506,1
P027,Home & Kitchen,2024-11-02,75.0,50.09313037350211,24.906869626497887,24.906869626497887,1
P027,Home & Kitchen,2024-11-03,68.0,53.34458918148998,14.65541081851002,14.65541081851002,2
P027,Home & Kitchen,2024-11-04,24.0,37.23770556588526,-13.237705565885257,13.237705565885257,2
P027,Home & Kitchen,2024-11-05,40.0,35.01216847375067,4.98783152624933,4.98783152624933,2
P027,Home & Kitchen,2024-11-06,16.0,36.25323424883559,-20.25323424883559,20.25323424883559,2
P027,Home & Kitchen,2024-11-07,37.0,35.93071594263673,1.0692840573632694,1.0692840573632694,2
P027,Home & Kitchen,2024-11-08,32.0,36.33314507612259,-4.333145076122591,4.333145076122591,2
P027,Home & Kitchen,2024-11-09,56.0,52.29416754858147,3.70583245141853,3.70583245141853,2
P027,Home & Kitchen,2024-11-10,49.0,55.389712378963594,-6.389712378963594,6.389712378963594,2
P027,Home & Kitchen,2024-11-11,30.0,35.821917352476696,-5.821917352476696,5.821917352476696,2
P027,Home & Kitchen,2024-11-12,53.0,49.6529744259046,3.3470255740953974,3.3470255740953974,2
P027,Home & Kitchen,2024-11-13,46.0,37.35494351777858,8.64505648222142,8.64505648222142,2
P027,Home & Kitchen,2024-11-14,58.0,38.211436861496686,19.788563138503314,19.788563138503314,2
P027,Home & Kitchen,2024-11-15,49.0,38.607844654595645,10.392155345404355,10.392155345404355,2
P027,Home & Kitchen,2024-11-16,63.0,56.618676174618535,6.381323825381465,6.381323825381465,2
P027,Home & Kitchen,2024-11-17,65.0,54.264607106047855,10.735392893952145,10.735392893952145,2
P027,Home & Kitchen,2024-11-18,35.0,41.56672614917442,-6.566726149174421,6.566726149174421,2
P027,Home & Kitchen,2024-11-19,36.0,40.022321679512814,-4.022321679512814,4.022321679512814,2
P027,Home & Kitchen,2024-11-20,44.0,39.676392179526,4.3236078204740025,4.3236078204740025,2
P027,Home & Kitchen,2024-11-21,20.0,42.03012825236232,-22.030128252362317,22.030128252362317,2
P027,Home & Kitchen,2024-11-22,42.0,40.04677717332223,1.9532228266777665,1.9532228266777665,2
P027,Home & Kitchen,2024-11-23,52.0,56.96986588579326,-4.969865885793261,4.969865885793261,2
P027,Home & Kitchen,2024-11-24,51.0,57.56890817788241,-6.568908177882413,6.568908177882413,2
P027,Home & Kitchen,2024-11-25,26.0,39.86231430500302,-13.862314305003018,13.862314305003018,2
P027,Home & Kitchen,2024-11-26,41.0,40.20987287520099,0.7901271247990067,0.7901271247990067,2
P027,Home & Kitchen,2024-11-27,31.0,40.67681192042628,-9.676811920426282,9.676811920426282,2
P027,Home & Kitchen,2024-11-28,41.0,39.50379704694153,1.4962029530584715,1.4962029530584715,2
P027,Home & Kitchen,2024-11-29,111.0,80.54348770311135,30.456512296888647,30.456512296888647,2
P027,Home & Kitchen,2024-11-30,47.0,62.29746214315687,-15.29746214315687,15.29746214315687,2
P027,Home & Kitchen,2024-12-01,75.0,57.73595777935095,17.264042220649053,17.264042220649053,2
P027,Home & Kitchen,2024-12-02,38.0,39.777978370524785,-1.7779783705247851,1.7779783705247851,2
P027,Home & Kitchen,2024-12-03,47.0,42.132781097739475,4.867218902260525,4.867218902260525,2
P027,Home & Kitchen,2024-12-04,29.0,40.67394945220874,-11.673949452208738,11.673949452208738,2
P027,Home & Kitchen,2024-12-05,38.0,42.00708043995693,-4.00708043995693,4.00708043995693,2
P027,Home & Kitchen,2024-12-06,30.0,45.19634830948865,-15.196348309488648,15.196348309488648,2
P027,Home & Kitchen,2024-12-07,61.0,59.51909018791408,1.480909812085919,1.480909812085919,2
P027,Home & Kitchen,2024-12-08,66.0,60.320587131318014,5.679412868681986,5.679412868681986,2
P027,Home & Kitchen,2024-12-09,46.0,42.25277512555352,3.7472248744464807,3.7472248744464807,2
P027,Home & Kitchen,2024-12-10,63.0,44.57344365569572,18.42655634430428,18.42655634430428,2
P027,Home & Kitchen,2024-12-11,54.0,44.13132744008028,9.868672559919723,9.868672559919723,2
P027,Home & Kitchen,2024-12-12,25.0,47.02781980295027,-22.02781980295027,22.02781980295027,2
P027,Home & Kitchen,2024-12-13,54.0,43.13605852387048,10.863941476129519,10.863941476129519,2
P027,Home & Kitchen,2024-12-14,63.0,79.81248588659031,-16.81248588659031,16.81248588659031,2
P027,Home & Kitchen,2024-12-15,78.0,64.331017750538,13.668982249462005,13.668982249462005,2
P027,Home & Kitchen,2024-12-16,23.0,45.72737234665305,-22.72737234665305,22.72737234665305,2
P027,Home & Kitchen,2024-12-17,43.0,45.0328017316832,-2.0328017316832003,2.0328017316832003,2
P027,Home & Kitchen,2024-12-18,50.0,42.82336492439788,7.176635075602121,7.176635075602121,2
P027,Home & Kitchen,2024-12-19,33.0,42.123552642079765,-9.123552642079765,9.123552642079765,2
P027,Home & Kitchen,2024-12-20,63.0,44.294596064709566,18.705403935290434,18.705403935290434,2
P027,Home & Kitchen,2024-12-21,105.0,63.34727353320325,41.65272646679675,41.65272646679675,2
P027,Home & Kitchen,2024-12-22,66.0,67.13270084944547,-1.1327008494454702,1.1327008494454702,2
P027,Home & Kitchen,2024-12-23,58.0,46.613327711126644,11.386672288873356,11.386672288873356,2
P027,Home & Kitchen,2024-12-24,59.0,49.095411061807916,9.904588938192084,9.904588938192084,2
P027,Home & Kitchen,2024-12-25,109.0,114.75347190121963,-5.753471901219626,5.753471901219626,2
P027,Home & Kitchen,2024-12-26,39.0,52.288438247487655,-13.288438247487655,13.288438247487655,2
P027,Home & Kitchen,2024-12-27,53.0,55.564022734188,-2.5640227341880006,2.5640227341880006,2
P027,Home & Kitchen,2024-12-28,100.0,73.8350971486665,26.164902851333494,26.164902851333494,2
P027,Home & Kitchen,2024-12-29,91.0,76.7768435026211,14.223156497378895,14.223156497378895,2
P027,Home & Kitchen,2024-12-30,28.0,55.67059708794338,-27.670597087943378,27.670597087943378,2
P027,Home & Kitchen,2024-12-31,67.0,53.45423336348505,13.545766636514948,13.545766636514948,2
P027,Home & Kitchen,2025-01-01,185.0,120.04389791228787,64.95610208771213,64.95610208771213,2
P027,Home & Kitchen,2025-01-02,10.0,54.27392120287142,-44.27392120287142,44.27392120287142,3
P027,Home & Kitchen,2025-01-03,62.0,56.55919450618798,5.440805493812022,5.440805493812022,3
P027,Home & Kitchen,2025-01-04,75.0,79.06679356453844,-4.066793564538443,4.066793564538443,3
P027,Home & Kitchen,2025-01-05,102.0,75.05003581722605,26.949964182773954,26.949964182773954,3
P027,Home & Kitchen,2025-01-06,66.0,56.37293541568262,9.627064584317381,9.627064584317381,3
P027,Home & Kitchen,2025-01-07,61.0,59.413135987297665,1.5868640127023355,1.5868640127023355,3
P027,Home & Kitchen,2025-01-08,55.0,62.23999273780384,-7.2399927378038385,7.2399927378038385,3
P027,Home & Kitchen,2025-01-09,58.0,56.848253443167934,1.151746556832066,1.151746556832066,3
P027,Home & Kitchen,2025-01-10,30.0,59.69861679008438,-29.69861679008438,29.69861679008438,3
P027,Home & Kitchen,2025-01-11,42.0,79.10023002121312,-37.10023002121312,37.10023002121312,3
P027,Home & Kitchen,2025-01-12,91.0,79.98392946251954,11.01607053748046,11.01607053748046,3
P027,Home & Kitchen,2025-01-13,56.0,57.182978640647875,-1.1829786406478746,1.1829786406478746,3
P027,Home & Kitchen,2025-01-14,65.0,58.12756999921247,6.872430000787531,6.872430000787531,3
P027,Home & Kitchen,2025-01-15,83.0,86.65400560705349,-3.6540056070534916,3.6540056070534916,3
P027,Home & Kitchen,2025-01-16,44.0,58.08042672658878,-14.080426726588783,14.080426726588783,3
P027,Home & Kitchen,2025-01-17,48.0,59.39182856477671,-11.39182856477671,11.39182856477671,3
P027,Home & Kitchen,2025-01-18,62.0,76.73718954875582,-14.737189548755822,14.737189548755822,3
P027,Home & Kitchen,2025-01-19,106.0,78.13970523480606,27.86029476519394,27.86029476519394,3
P027,Home & Kitchen,2025-01-20,68.0,59.66055723431781,8.339442765682193,8.339442765682193,3
P027,Home & Kitchen,2025-01-21,138.0,59.71050698953668,78.28949301046332,78.28949301046332,3
P027,Home & Kitchen,2025-01-22,80.0,63.68312967548394,16.31687032451606,16.31687032451606,3
P027,Home & Kitchen,2025-01-23,45.0,59.61179839622503,-14.611798396225034,14.611798396225034,3
P027,Home & Kitchen,2025-01-24,36.0,59.08295850407678,-23.082958504076778,23.082958504076778,3
P027,Home & Kitchen,2025-01-25,78.0,80.10472197961505,-2.10472197961505,2.10472197961505,3
P027,Home & Kitchen,2025-01-26,94.0,85.20446043984823,8.795539560151767,8.795539560151767,3
P027,Home & Kitchen,2025-01-27,47.0,63.13501512493437,-16.13501512493437,16.13501512493437,3
P027,Home & Kitchen,2025-01-28,41.0,64.89470223788211,-23.894702237882115,23.894702237882115,3
P027,Home & Kitchen,2025-01-29,45.0,65.7832830310379,-20.783283031037897,20.783283031037897,3
P027,Home & Kitchen,2025-01-30,74.0,55.238086392003375,18.761913607996625,18.761913607996625,3
P027,Home & Kitchen,2025-01-31,70.0,60.02164646204751,9.978353537952493,9.978353537952493,3
P027,Home & Kitchen,2025-02-01,122.0,80.18876982298256,41.811230177017435,41.811230177017435,3
P027,Home & Kitchen,2025-02-02,123.0,86.06468038433724,36.93531961566276,36.93531961566276,3
P027,Home & Kitchen,2025-02-03,66.0,63.121836124819744,2.878163875180256,2.878163875180256,3
P027,Home & Kitchen,2025-02-04,28.0,63.33498189443243,-35.33498189443243,35.33498189443243,3
P027,Home & Kitchen,2025-02-05,93.0,83.20435524054632,9.79564475945368,9.79564475945368,3
P027,Home & Kitchen,2025-02-06,63.0,62.95715434927929,0.04284565072070734,0.04284565072070734,3
P027,Home & Kitchen,2025-02-07,67.0,62.16274756309396,4.8372524369060415,4.8372524369060415,3
P027,Home & Kitchen,2025-02-08,74.0,85.47301934971321,-11.473019349713212,11.473019349713212,3
P027,Home & Kitchen,2025-02-09,60.0,87.54963368109826,-27.549633681098257,27.549633681098257,3
P027,Home & Kitchen,2025-02-10,68.0,62.468290727550375,5.531709272449625,5.531709272449625,3
P027,Home & Kitchen,2025-02-11,36.0,61.160788490852966,-25.160788490852966,25.160788490852966,3
P027,Home & Kitchen,2025-02-12,81.0,64.66401743720006,16.33598256279994,16.33598256279994,3
P027,Home & Kitchen,2025-02-13,38.0,64.27197355673954,-26.27197355673954,26.27197355673954,3
P027,Home & Kitchen,2025-02-14,28.0,62.7878972683405,-34.7878972683405,34.7878972683405,3
P027,Home & Kitchen,2025-02-15,104.0,82.92856421507898,21.07143578492102,21.07143578492102,3
P027,Home & Kitchen,2025-02-16,84.0,83.28927945773887,0.7107205422611287,0.7107205422611287,3
P027,Home & Kitchen,2025-02-17,29.0,63.108736730486065,-34.108736730486065,34.108736730486065,3
P027,Home & Kitchen,2025-02-18,52.0,57.76285734276251,-5.7628573427625085,5.7628573427625085,3
P027,Home & Kitchen,2025-02-19,78.0,60.86010860724634,17.13989139275366,17.13989139275366,3
P027,Home & Kitchen,2025-02-20,70.0,56.67685967087057,13.32314032912943,13.32314032912943,3
P027,Home & Kitchen,2025-02-21,89.0,88.83293147523783,0.16706852476217193,0.16706852476217193,3
P027,Home & Kitchen,2025-02-22,95.0,82.95927015032032,12.040729849679678,12.040729849679678,3
P027,Home & Kitchen,2025-02-23,90.0,84.7566086195241,5.243391380475899,5.243391380475899,3
P027,Home & Kitchen,2025-02-24,45.0,58.42173139752775,-13.42173139752775,13.42173139752775,3
P027,Home & Kitchen,2025-02-25,37.0,56.53328786456383,-19.53328786456383,19.53328786456383,3
P027,Home & Kitchen,2025-02-26,63.0,63.228081150481856,-0.22808115048185584,0.22808115048185584,3
P027,Home & Kitchen,2025-02-27,79.0,62.83775307775006,16.162246922249942,16.162246922249942,3
P027,Home & Kitchen,2025-02-28,61.0,65.11471802700132,-4.114718027001317,4.114718027001317,3
P027,Home & Kitchen,2025-03-01,106.0,88.28320592798731,17.71679407201269,17.71679407201269,3
P027,Home & Kitchen,2025-03-02,157.0,102.42521363572615,54.57478636427385,54.57478636427385,3
P027,Home & Kitchen,2025-03-03,42.0,60.72381095270506,-18.72381095270506,18.72381095270506,4
P027,Home & Kitchen,2025-03-04,82.0,58.41016125759542,23.58983874240458,23.58983874240458,4
P027,Home & Kitchen,2025-03-05,37.0,65.60422810337027,-28.604228103370275,28.604228103370275,4
P027,Home & Kitchen,2025-03-06,110.0,62.922183675817664,47.077816324182336,47.077816324182336,4
P027,Home & Kitchen,2025-03-07,58.0,67.36462906808696,-9.364629068086955,9.364629068086955,4
P027,Home & Kitchen,2025-03-08,130.0,88.75912521063583,41.24087478936417,41.24087478936417,4
P027,Home & Kitchen,2025-03-09,130.0,104.6025948534688,25.3974051465312,25.3974051465312,4
P027,Home & Kitchen,2025-03-10,50.0,66.5286987655649,-16.528698765564897,16.528698765564897,4
P027,Home & Kitchen,2025-03-11,28.0,66.00027666349276,-38.000276663492755,38.000276663492755,4
P027,Home & Kitchen,2025-03-12,75.0,65.84508426098189,9.154915739018108,9.154915739018108,4
P027,Home & Kitchen,2025-03-13,71.0,66.70515201781807,4.294847982181935,4.294847982181935,4
P027,Home & Kitchen,2025-03-14,75.0,67.02190481367728,7.978095186322719,7.978095186322719,4
P027,Home & Kitchen,2025-03-15,82.0,96.90599480540494,-14.905994805404944,14.905994805404944,4
P027,Home & Kitchen,2025-03-16,101.0,93.59763007939488,7.402369920605125,7.402369920605125,4
P027,Home & Kitchen,2025-03-17,80.0,64.2535268555382,15.746473144461802,15.746473144461802,4
P027,Home & Kitchen,2025-03-18,88.0,67.41932247429169,20.58067752570831,20.58067752570831,4
P027,Home & Kitchen,2025-03-19,70.0,72.13943563509277,-2.1394356350927666,2.1394356350927666,4
P027,Home & Kitchen,2025-03-20,48.0,107.06461574724752,-59.064615747247515,59.064615747247515,4
P027,Home & Kitchen,2025-03-21,67.0,71.85185367642504,-4.851853676425037,4.851853676425037,4
P027,Home & Kitchen,2025-03-22,83.0,94.28540793922514,-11.285407939225138,11.285407939225138,4
P027,Home & Kitchen,2025-03-23,108.0,92.88223237556372,15.117767624436283,15.117767624436283,4
P027,Home & Kitchen,2025-03-24,73.0,66.66721912828099,6.3327808717190095,6.3327808717190095,4
P027,Home & Kitchen,2025-03-25,83.0,66.42703308323854,16.57296691676146,16.57296691676146,4
P027,Home & Kitchen,2025-03-26,56.0,71.99347034526944,-15.993470345269444,15.993470345269444,4
P027,Home & Kitchen,2025-03-27,56.0,70.87951194653128,-14.87951194653128,14.87951194653128,4
P027,Home & Kitchen,2025-03-28,91.0,70.59099948567108,20.409000514328923,20.409000514328923,4
P027,Home & Kitchen,2025-03-29,71.0,95.27094786069796,-24.27094786069796,24.27094786069796,4
P027,Home & Kitchen,2025-03-30,98.0,97.90964945994972,0.09035054005028087,0.09035054005028087,4
P027,Home & Kitchen,2025-03-31,71.0,69.8843153872567,1.1156846127432942,1.1156846127432942,4
P027,Home & Kitchen,2025-04-01,29.0,72.04165737227652,-43.04165737227652,43.04165737227652,4
P027,Home & Kitchen,2025-04-02,72.0,67.80892018985904,4.1910798101409625,4.1910798101409625,4
P027,Home & Kitchen,2025-04-03,71.0,69.44059605082046,1.55940394917954,1.55940394917954,4
P027,Home & Kitchen,2025-04-04,72.0,70.44096921921272,1.5590307807872819,1.5590307807872819,4
P027,Home & Kitchen,2025-04-05,75.0,91.36237049658163,-16.362370496581633,16.362370496581633,4
P027,Home & Kitchen,2025-04-06,68.0,90.58290447780912,-22.582904477809123,22.582904477809123,4
P027,Home & Kitchen,2025-04-07,44.0,64.8774170151758,-20.877417015175794,20.877417015175794,4
P027,Home & Kitchen,2025-04-08,94.0,61.9707282730116,32.0292717269884,32.0292717269884,4
P027,Home & Kitchen,2025-04-09,75.0,68.01976698296632,6.980233017033683,6.980233017033683,4
P027,Home & Kitchen,2025-04-10,57.0,67.70938713461885,-10.70938713461885,10.70938713461885,4
P027,Home & Kitchen,2025-04-11,47.0,67.31126035721535,-20.311260357215346,20.311260357215346,4
P027,Home & Kitchen,2025-04-12,64.0,86.09355899092311,-22.093558990923114,22.093558990923114,4
P027,Home & Kitchen,2025-04-13,102.0,86.10625575967035,15.893744240329653,15.893744240329653,4
P027,Home & Kitchen,2025-04-14,69.0,64.22302380270655,4.77697619729345,4.77697619729345,4
P027,Home & Kitchen,2025-04-15,37.0,64.08966177648422,-27.08966177648422,27.08966177648422,4
P027,Home & Kitchen,2025-04-16,47.0,64.02168689570405,-17.02168689570405,17.02168689570405,4
P027,Home & Kitchen,2025-04-17,54.0,61.75681071304526,-7.756810713045262,7.756810713045262,4
P027,Home & Kitchen,2025-04-18,87.0,62.2158721527325,24.7841278472675,24.7841278472675,4
P027,Home & Kitchen,2025-04-19,75.0,82.63688270047028,-7.636882700470281,7.636882700470281,4
P027,Home & Kitchen,2025-04-20,98.0,86.34117647810457,11.658823521895428,11.658823521895428,4
P027,Home & Kitchen,2025-04-21,89.0,62.73604427450174,26.263955725498263,26.263955725498263,4
P027,Home & Kitchen,2025-04-22,88.0,64.01432209230524,23.985677907694765,23.985677907694765,4
P027,Home & Kitchen,2025-04-23,82.0,62.70254433137416,19.297455668625837,19.297455668625837,4
P027,Home & Kitchen,2025-04-24,98.0,62.98764947682692,35.01235052317308,35.01235052317308,4
P027,Home & Kitchen,2025-04-25,73.0,65.8924939867187,7.107506013281295,7.107506013281295,4
P027,Home & Kitchen,2025-04-26,77.0,84.81558609983239,-7.815586099832387,7.815586099832387,4
P027,Home & Kitchen,2025-04-27,146.0,88.75119512174346,57.248804878256536,57.248804878256536,4
P027,Home & Kitchen,2025-04-28,78.0,69.908764505946,8.091235494054004,8.091235494054004,4
P027,Home & Kitchen,2025-04-29,53.0,67.51348651075214,-14.513486510752145,14.513486510752145,4
P027,Home & Kitchen,2025-04-30,79.0,68.85165737281255,10.148342627187446,10.148342627187446,4
P027,Home & Kitchen,2025-05-01,31.0,69.45938317826123,-38.459383178261234,38.459383178261234,4
P028,Apparel,2024-09-04,20.0,22.34111243277609,-2.3411124327760895,2.3411124327760895,1
P028,Apparel,2024-09-05,35.0,22.637638345544442,12.362361654455558,12.362361654455558,1
P028,Apparel,2024-09-06,30.0,23.659090772747767,6.340909227252233,6.340909227252233,1
P028,Apparel,2024-09-07,32.0,29.80255819930857,2.197441800691429,2.197441800691429,1
P028,Apparel,2024-09-08,31.0,30.841149262112534,0.15885073788746595,0.15885073788746595,1
P028,Apparel,2024-09-09,22.0,24.4155922424122,-2.415592242412199,2.415592242412199,1
P028,Apparel,2024-09-10,16.0,22.531577000566667,-6.531577000566667,6.531577000566667,1
P028,Apparel,2024-09-11,32.0,23.96287959336459,8.03712040663541,8.03712040663541,1
P028,Apparel,2024-09-12,12.0,25.91398897380886,-13.91398897380886,13.91398897380886,1
P028,Apparel,2024-09-13,13.0,24.22433245940291,-11.224332459402909,11.224332459402909,1
P028,Apparel,2024-09-14,28.0,27.329006979166017,0.6709930208339827,0.6709930208339827,1
P028,Apparel,2024-09-15,27.0,28.426696894275263,-1.4266968942752634,1.4266968942752634,1
P028,Apparel,2024-09-16,30.0,22.457702250761137,7.5422977492388625,7.5422977492388625,1
P028,Apparel,2024-09-17,10.0,23.058966118598704,-13.058966118598704,13.058966118598704,1
P028,Apparel,2024-09-18,24.0,21.8972761088544,2.102723891145601,2.102723891145601,1
P028,Apparel,2024-09-19,23.0,22.38388992362456,0.6161100763754384,0.6161100763754384,1
P028,Apparel,2024-09-20,21.0,21.734448279504313,-0.7344482795043135,0.7344482795043135,1
P028,Apparel,2024-09-21,17.0,28.98116555091806,-11.98116555091806,11.98116555091806,1
P028,Apparel,2024-09-22,23.0,26.30377174597828,-3.303771745978281,3.303771745978281,1
P028,Apparel,2024-09-23,20.0,20.957248013179086,-0.9572480131790861,0.9572480131790861,1
P028,Apparel,2024-09-24,35.0,20.37214079824324,14.62785920175676,14.62785920175676,1
P028,Apparel,2024-09-25,25.0,22.573466620663037,2.426533379336963,2.426533379336963,1
P028,Apparel,2024-09-26,14.0,21.457384827284216,-7.457384827284216,7.457384827284216,1
P028,Apparel,2024-09-27,30.0,21.394223458615986,8.605776541384014,8.605776541384014,1
P028,Apparel,2024-09-28,31.0,28.25192629418523,2.7480737058147717,2.7480737058147717,1
P028,Apparel,2024-09-29,25.0,28.52390542162229,-3.5239054216222883,3.5239054216222883,1
P028,Apparel,2024-09-30,21.0,24.019109124489194,-3.0191091244891943,3.0191091244891943,1
P028,Apparel,2024-10-01,18.0,23.945415787533594,-5.9454157875335945,5.9454157875335945,1
P028,Apparel,2024-10-02,22.0,22.510345626169062,-0.5103456261690624,0.5103456261690624,1
P028,Apparel,2024-10-03,24.0,23.231751359483575,0.7682486405164255,0.7682486405164255,1
P028,Apparel,2024-10-04,27.0,27.156732133390967,-0.15673213339096748,0.15673213339096748,1
P028,Apparel,2024-10-05,25.0,29.327710706531867,-4.327710706531867,4.327710706531867,1
P028,Apparel,2024-10-06,28.0,27.323261049138264,0.6767389508617363,0.6767389508617363,1
P028,Apparel,2024-10-07,25.0,22.769066169820896,2.2309338301791044,2.2309338301791044,1
P028,Apparel,2024-10-08,23.0,23.161565614298393,-0.161565614298393,0.161565614298393,1
P028,Apparel,2024-10-09,25.0,23.491641723224443,1.5083582767755566,1.5083582767755566,1
P028,Apparel,2024-10-10,16.0,22.391603653137707,-6.391603653137707,6.391603653137707,1
P028,Apparel,2024-10-11,25.0,23.558180006740937,1.4418199932590632,1.4418199932590632,1
P028,Apparel,2024-10-12,18.0,29.320748144844693,-11.320748144844693,11.320748144844693,1
P028,Apparel,2024-10-13,33.0,28.31334291311793,4.686657086882072,4.686657086882072,1
P028,Apparel,2024-10-14,12.0,23.605166463995584,-11.605166463995584,11.605166463995584,1
P028,Apparel,2024-10-15,28.0,21.67900064034923,6.32099935965077,6.32099935965077,1
P028,Apparel,2024-10-16,28.0,22.402254611606054,5.597745388393946,5.597745388393946,1
P028,Apparel,2024-10-17,23.0,22.402254611606054,0.5977453883939461,0.5977453883939461,1
P028,Apparel,2024-10-18,18.0,23.408244052294602,-5.408244052294602,5.408244052294602,1
P028,Apparel,2024-10-19,26.0,26.804648344933018,-0.8046483449330175,0.8046483449330175,1
P028,Apparel,2024-10-20,33.0,29.400178303264934,3.5998216967350665,3.5998216967350665,1
P028,Apparel,2024-10-21,25.0,22.828426141464774,2.1715738585352256,2.1715738585352256,1
P028,Apparel,2024-10-22,18.0,24.676308617926146,-6.676308617926146,6.676308617926146,1
P028,Apparel,2024-10-23,19.0,23.415206613981773,-4.415206613981773,4.415206613981773,1
P028,Apparel,2024-10-24,36.0,21.911267354151725,14.088732645848275,14.088732645848275,1
P028,Apparel,2024-10-25,14.0,23.9361375668904,-9.936137566890402,9.936137566890402,1
P028,Apparel,2024-10-26,11.0,28.805092490874756,-17.805092490874756,17.805092490874756,1
P028,Apparel,2024-10-27,12.0,27.80960237622972,-15.80960237622972,15.80960237622972,1
P028,Apparel,2024-10-28,22.0,20.919307881077543,1.0806921189224568,1.0806921189224568,1
P028,Apparel,2024-10-29,18.0,21.763778543205426,-3.763778543205426,3.763778543205426,1
P028,Apparel,2024-10-30,21.0,21.4397437905199,-0.4397437905198984,0.4397437905198984,1
P028,Apparel,2024-10-31,28.0,22.35437804244208,5.645621957557921,5.645621957557921,1
P028,Apparel,2024-11-01,34.0,21.636666202220876,12.363333797779124,12.363333797779124,1
P028,Apparel,2024-11-02,29.0,27.366278706578665,1.6337212934213348,1.6337212934213348,1
P028,Apparel,2024-11-03,29.0,27.796285915950822,1.203714084049178,1.203714084049178,2
P028,Apparel,2024-11-04,33.0,22.714542134875618,10.285457865124382,10.285457865124382,2
P028,Apparel,2024-11-05,26.0,24.029370537014344,1.9706294629856558,1.9706294629856558,2
P028,Apparel,2024-11-06,26.0,23.955834304059152,2.0441656959408476,2.0441656959408476,2
P028,Apparel,2024-11-07,31.0,23.93370372209921,7.06629627790079,7.06629627790079,2
P028,Apparel,2024-11-08,22.0,25.173711297993318,-3.173711297993318,3.173711297993318,2
P028,Apparel,2024-11-09,18.0,28.341450081921685,-10.341450081921685,10.341450081921685,2
P028,Apparel,2024-11-10,29.0,29.778435940336777,-0.7784359403367773,0.7784359403367773,2
P028,Apparel,2024-11-11,18.0,24.991557140118875,-6.991557140118875,6.991557140118875,2
P028,Apparel,2024-11-12,21.0,24.459753683197818,-3.4597536831978175,3.4597536831978175,2
P028,Apparel,2024-11-13,19.0,24.171076224829193,-5.171076224829193,5.171076224829193,2
P028,Apparel,2024-11-14,24.0,24.751546593949914,-0.7515465939499144,0.7515465939499144,2
P028,Apparel,2024-11-15,25.0,23.228071464606177,1.7719285353938226,1.7719285353938226,2
P028,Apparel,2024-11-16,18.0,28.187871605610702,-10.187871605610702,10.187871605610702,2
P028,Apparel,2024-11-17,41.0,28.71245303653173,12.28754696346827,12.28754696346827,2
P028,Apparel,2024-11-18,30.0,24.583716366283713,5.4162836337162865,5.4162836337162865,2
P028,Apparel,2024-11-19,17.0,22.64800411863519,-5.648004118635189,5.648004118635189,2
P028,Apparel,2024-11-20,26.0,22.356379387829396,3.6436206121706043,3.6436206121706043,2
P028,Apparel,2024-11-21,40.0,24.56817892019517,15.43182107980483,15.43182107980483,2
P028,Apparel,2024-11-22,26.0,23.552954476203922,2.4470455237960778,2.4470455237960778,2
P028,Apparel,2024-11-23,31.0,27.969409387304793,3.0305906126952067,3.0305906126952067,2
P028,Apparel,2024-11-24,19.0,30.671627444949873,-11.671627444949873,11.671627444949873,2
P028,Apparel,2024-11-25,20.0,25.103680594470646,-5.103680594470646,5.103680594470646,2
P028,Apparel,2024-11-26,26.0,22.824137533641352,3.175862466358648,3.175862466358648,2
P028,Apparel,2024-11-27,29.0,24.882623978151855,4.117376021848145,4.117376021848145,2
P028,Apparel,2024-11-28,22.0,27.196051520844364,-5.196051520844364,5.196051520844364,2
P028,Apparel,2024-11-29,56.0,40.26106458932831,15.738935410671687,15.738935410671687,2
P028,Apparel,2024-11-30,45.0,33.13012684830287,11.869873151697128,11.869873151697128,2
P028,Apparel,2024-12-01,33.0,34.049350110605594,-1.0493501106055945,1.0493501106055945,2
P028,Apparel,2024-12-02,34.0,28.014516299879684,5.985483700120316,5.985483700120316,2
P028,Apparel,2024-12-03,25.0,27.50669607038474,-2.5066960703847414,2.5066960703847414,2
P028,Apparel,2024-12-04,34.0,27.79424607198677,6.20575392801323,6.20575392801323,2
P028,Apparel,2024-12-05,30.0,28.1054903392317,1.8945096607682999,1.8945096607682999,2
P028,Apparel,2024-12-06,21.0,30.895875546568764,-9.895875546568764,9.895875546568764,2
P028,Apparel,2024-12-07,36.0,48.56163498070813,-12.561634980708128,12.561634980708128,2
P028,Apparel,2024-12-08,45.0,34.21192555650402,10.78807444349598,10.78807444349598,2
P028,Apparel,2024-12-09,49.0,39.99910059264297,9.000899407357032,9.000899407357032,2
P028,Apparel,2024-12-10,20.0,28.633601349118628,-8.633601349118628,8.633601349118628,2
P028,Apparel,2024-12-11,27.0,28.14799004463684,-1.1479900446368383,1.1479900446368383,2
P028,Apparel,2024-12-12,54.0,44.44755465116059,9.552445348839413,9.552445348839413,2
P028,Apparel,2024-12-13,13.0,31.160264675411927,-18.160264675411927,18.160264675411927,2
P028,Apparel,2024-12-14,37.0,36.06210399988163,0.9378960001183714,0.9378960001183714,2
P028,Apparel,2024-12-15,41.0,39.026522352756615,1.973477647243385,1.973477647243385,2
P028,Apparel,2024-12-16,29.0,31.84325277492746,-2.8432527749274605,2.8432527749274605,2
P028,Apparel,2024-12-17,34.0,27.211323039084597,6.788676960915403,6.788676960915403,2
P028,Apparel,2024-12-18,21.0,29.667393323254256,-8.667393323254256,8.667393323254256,2
P028,Apparel,2024-12-19,43.0,31.20607141501239,11.793928584987611,11.793928584987611,2
P028,Apparel,2024-12-20,6.0,28.654985904409404,-22.654985904409404,22.654985904409404,2
P028,Apparel,2024-12-21,21.0,37.491802466605826,-16.491802466605826,16.491802466605826,2
P028,Apparel,2024-12-22,44.0,36.977432228307464,7.022567771692536,7.022567771692536,2
P028,Apparel,2024-12-23,31.0,28.621281636446163,2.378718363553837,2.378718363553837,2
P028,Apparel,2024-12-24,16.0,29.456168991850742,-13.456168991850742,13.456168991850742,2
P028,Apparel,2024-12-25,83.0,51.36123666699307,31.638763333006928,31.638763333006928,2
P028,Apparel,2024-12-26,21.0,34.11032260641437,-13.110322606414371,13.110322606414371,2
P028,Apparel,2024-12-27,35.0,30.22297594002367,4.7770240599763305,4.7770240599763305,2
P028,Apparel,2024-12-28,11.0,38.48302994526508,-27.48302994526508,27.48302994526508,2
P028,Apparel,2024-12-29,26.0,47.64904123286923,-21.64904123286923,21.64904123286923,2
P028,Apparel,2024-12-30,38.0,29.181692142733766,8.818307857266234,8.818307857266234,2
P028,Apparel,2024-12-31,65.0,38.634755341707,26.365244658293,26.365244658293,2
P028,Apparel,2025-01-01,0.0,34.6396462836163,-34.6396462836163,34.6396462836163,2
P028,Apparel,2025-01-02,32.0,28.054697859986923,3.9453021400130766,3.9453021400130766,3
P028,Apparel,2025-01-03,19.0,28.727834108218303,-9.727834108218303,9.727834108218303,3
P028,Apparel,2025-01-04,45.0,49.23002545997661,-4.230025459976609,4.230025459976609,3
P028,Apparel,2025-01-05,29.0,36.9102158593982,-7.9102158593982,7.9102158593982,3
P028,Apparel,2025-01-06,25.0,30.52429597245502,-5.524295972455018,5.524295972455018,3
P028,Apparel,2025-01-07,19.0,31.52212339309042,-12.522123393090421,12.522123393090421,3
P028,Apparel,2025-01-08,38.0,30.856026256971077,7.143973743028923,7.143973743028923,3
P028,Apparel,2025-01-09,28.0,29.694883539284795,-1.6948835392847954,1.6948835392847954,3
P028,Apparel,2025-01-10,44.0,27.01328808240477,16.98671191759523,16.98671191759523,3
P028,Apparel,2025-01-11,30.0,38.158250682536,-8.158250682536,8.158250682536,3
P028,Apparel,2025-01-12,182.0,36.434876201429404,145.5651237985706,145.5651237985706,3
P028,Apparel,2025-01-13,33.0,32.269203941789876,0.7307960582101245,0.7307960582101245,3
P028,Apparel,2025-01-14,28.0,34.685838631670656,-6.685838631670656,6.685838631670656,3
P028,Apparel,2025-01-15,63.0,31.073904321945268,31.926095678054732,31.926095678054732,3
P028,Apparel,2025-01-16,35.0,31.86177194752549,3.13822805247451,3.13822805247451,3
P028,Apparel,2025-01-17,40.0,32.96454356080362,7.0354564391963805,7.0354564391963805,3
P028,Apparel,2025-01-18,44.0,43.003395187862786,0.996604812137214,0.996604812137214,3
P028,Apparel,2025-01-19,53.0,49.491013191663086,3.508986808336914,3.508986808336914,3
P028,Apparel,2025-01-20,27.0,35.428306740316216,-8.428306740316216,8.428306740316216,3
P028,Apparel,2025-01-21,53.0,33.59431782488677,19.405682175113228,19.405682175113228,3
P028,Apparel,2025-01-22,32.0,40.82341599548777,-8.823415995487771,8.823415995487771,3
P028,Apparel,2025-01-23,40.0,40.924249345277595,-0.9242493452775946,0.9242493452775946,3
P028,Apparel,2025-01-24,39.0,38.158877177342625,0.8411228226573755,0.8411228226573755,3
P028,Apparel,2025-01-25,64.0,47.27165772131716,16.728342278682838,16.728342278682838,3
P028,Apparel,2025-01-26,39.0,52.54371816182063,-13.543718161820628,13.543718161820628,3
P028,Apparel,2025-01-27,46.0,36.40392421602608,9.596075783973923,9.596075783973923,3
P028,Apparel,2025-01-28,36.0,38.26207272684491,-2.262072726844913,2.262072726844913,3
P028,Apparel,2025-01-29,19.0,37.37406647629254,-18.37406647629254,18.37406647629254,3
P028,Apparel,2025-01-30,37.0,37.38959700155355,-0.3895970015535468,0.3895970015535468,3
P028,Apparel,2025-01-31,34.0,35.988749540042384,-1.9887495400423845,1.9887495400423845,3
P028,Apparel,2025-02-01,62.0,50.1132293397022,11.886770660297799,11.886770660297799,3
P028,Apparel,2025-02-02,32.0,48.910211924115586,-16.910211924115586,16.910211924115586,3
P028,Apparel,2025-02-03,30.0,37.68638975311276,-7.686389753112763,7.686389753112763,3
P028,Apparel,2025-02-04,24.0,38.27027742653695,-14.27027742653695,14.27027742653695,3
P028,Apparel,2025-02-05,44.0,37.50278541343866,6.497214586561341,6.497214586561341,3
P028,Apparel,2025-02-06,35.0,37.23981273281561,-2.239812732815608,2.239812732815608,3
P028,Apparel,2025-02-07,40.0,37.03178399005253,2.9682160099474686,2.9682160099474686,3
P028,Apparel,2025-02-08,64.0,71.26639242405763,-7.266392424057628,7.266392424057628,3
P028,Apparel,2025-02-09,18.0,56.052271297110345,-38.052271297110345,38.052271297110345,3
P028,Apparel,2025-02-10,13.0,35.44191636116107,-22.44191636116107,22.44191636116107,3
P028,Apparel,2025-02-11,47.0,32.53477737955594,14.46522262044406,14.46522262044406,3
P028,Apparel,2025-02-12,30.0,36.401204057713045,-6.401204057713045,6.401204057713045,3
P028,Apparel,2025-02-13,43.0,33.87157772154089,9.128422278459112,9.128422278459112,3
P028,Apparel,2025-02-14,37.0,34.883850576241485,2.1161494237585146,2.1161494237585146,3
P028,Apparel,2025-02-15,68.0,47.424826914301164,20.575173085698836,20.575173085698836,3
P028,Apparel,2025-02-16,44.0,44.78272905821931,-0.78272905821931,0.78272905821931,3
P028,Apparel,2025-02-17,45.0,34.51406225573841,10.48593774426159,10.48593774426159,3
P028,Apparel,2025-02-18,38.0,38.02741485916703,-0.027414859167031125,0.027414859167031125,3
P028,Apparel,2025-02-19,39.0,35.03509571526954,3.9649042847304585,3.9649042847304585,3
P028,Apparel,2025-02-20,33.0,36.759282382135666,-3.759282382135666,3.759282382135666,3
P028,Apparel,2025-02-21,39.0,35.40802811007266,3.5919718899273434,3.5919718899273434,3
P028,Apparel,2025-02-22,41.0,49.92018122178441,-8.92018122178441,8.92018122178441,3
P028,Apparel,2025-02-23,39.0,56.15833425377119,-17.158334253771187,17.158334253771187,3
P028,Apparel,2025-02-24,33.0,35.92486145087909,-2.924861450879092,2.924861450879092,3
P028,Apparel,2025-02-25,34.0,36.654517651145376,-2.654517651145376,2.654517651145376,3
P028,Apparel,2025-02-26,43.0,34.61642694405034,8.383573055949661,8.383573055949661,3
P028,Apparel,2025-02-27,25.0,35.37077255137297,-10.370772551372973,10.370772551372973,3
P028,Apparel,2025-02-28,23.0,35.026900482368156,-12.026900482368156,12.026900482368156,3
P028,Apparel,2025-03-01,54.0,46.72711801419539,7.272881985804609,7.272881985804609,3
P028,Apparel,2025-03-02,46.0,43.93997889452847,2.0600211054715274,2.0600211054715274,3
P028,Apparel,2025-03-03,54.0,35.74302469267706,18.25697530732294,18.25697530732294,4
P028,Apparel,2025-03-04,24.0,35.49294622113971,-11.49294622113971,11.49294622113971,4
P028,Apparel,2025-03-05,33.0,35.43546420279498,-2.435464202794982,2.435464202794982,4
P028,Apparel,2025-03-06,54.0,34.943809043985695,19.056190956014305,19.056190956014305,4
P028,Apparel,2025-03-07,21.0,35.763042858572035,-14.763042858572035,14.763042858572035,4
P028,Apparel,2025-03-08,54.0,47.25526759923609,6.744732400763908,6.744732400763908,4
P028,Apparel,2025-03-09,48.0,45.613665775936184,2.386334224063816,2.386334224063816,4
P028,Apparel,2025-03-10,47.0,36.32423462287427,10.675765377125728,10.675765377125728,4
P028,Apparel,2025-03-11,47.0,36.630892724728824,10.369107275271176,10.369107275271176,4
P028,Apparel,2025-03-12,28.0,37.09904554841938,-9.099045548419383,9.099045548419383,4
P028,Apparel,2025-03-13,54.0,38.17798889801938,15.822011101980621,15.822011101980621,4
P028,Apparel,2025-03-14,40.0,36.23621429396883,3.7637857060311717,3.7637857060311717,4
P028,Apparel,2025-03-15,52.0,52.121040053533335,-0.12104005353333491,0.12104005353333491,4
P028,Apparel,2025-03-16,54.0,50.1667463370111,3.833253662988902,3.833253662988902,4
P028,Apparel,2025-03-17,46.0,39.23897778202846,6.7610222179715365,6.7610222179715365,4
P028,Apparel,2025-03-18,26.0,37.91425766835224,-11.914257668352242,11.914257668352242,4
P028,Apparel,2025-03-19,42.0,36.31639601288279,5.683603987117209,5.683603987117209,4
P028,Apparel,2025-03-20,42.0,39.555700999459496,2.4442990005405036,2.4442990005405036,4
P028,Apparel,2025-03-21,49.0,54.92298500254813,-5.922985002548131,5.922985002548131,4
P028,Apparel,2025-03-22,54.0,49.68010440104463,4.31989559895537,4.31989559895537,4
P028,Apparel,2025-03-23,50.0,50.29876527176614,-0.2987652717661433,0.2987652717661433,4
P028,Apparel,2025-03-24,25.0,39.52893378817193,-14.528933788171933,14.528933788171933,4
P028,Apparel,2025-03-25,44.0,36.86706793776964,7.13293206223036,7.13293206223036,4
P028,Apparel,2025-03-26,33.0,37.790410894030806,-4.790410894030806,4.790410894030806,4
P028,Apparel,2025-03-27,54.0,37.80435647580214,16.195643524197862,16.195643524197862,4
P028,Apparel,2025-03-28,40.0,38.17418626082392,1.825813739176077,1.825813739176077,4
P028,Apparel,2025-03-29,35.0,52.61150066778091,-17.61150066778091,17.61150066778091,4
P028,Apparel,2025-03-30,59.0,49.18469484194696,9.815305158053043,9.815305158053043,4
P028,Apparel,2025-03-31,28.0,39.23813883684434,-11.238138836844342,11.238138836844342,4
P028,Apparel,2025-04-01,71.0,55.73874002754312,15.261259972456877,15.261259972456877,4
P028,Apparel,2025-04-02,31.0,38.43861129857374,-7.43861129857374,7.43861129857374,4
P028,Apparel,2025-04-03,42.0,40.60057946617818,1.399420533821818,1.399420533821818,4
P028,Apparel,2025-04-04,20.0,39.22782336358607,-19.22782336358607,19.22782336358607,4
P028,Apparel,2025-04-05,26.0,49.46048220432154,-23.460482204321544,23.460482204321544,4
P028,Apparel,2025-04-06,63.0,50.91096144039549,12.08903855960451,12.08903855960451,4
P028,Apparel,2025-04-07,49.0,36.749724423864016,12.250275576135984,12.250275576135984,4
P028,Apparel,2025-04-08,66.0,56.37822989917091,9.621770100829089,9.621770100829089,4
P028,Apparel,2025-04-09,50.0,37.84969512848814,12.150304871511857,12.150304871511857,4
P028,Apparel,2025-04-10,34.0,40.57188787023805,-6.571887870238051,6.571887870238051,4
P028,Apparel,2025-04-11,31.0,37.68197930883309,-6.6819793088330925,6.6819793088330925,4
P028,Apparel,2025-04-12,39.0,48.67369066864466,-9.67369066864466,9.67369066864466,4
P028,Apparel,2025-04-13,42.0,52.57492814865764,-10.57492814865764,10.57492814865764,4
P028,Apparel,2025-04-14,51.0,37.96386599476789,13.036134005232107,13.036134005232107,4
P028,Apparel,2025-04-15,35.0,41.6204206472556,-6.6204206472555995,6.6204206472555995,4
P028,Apparel,2025-04-16,30.0,38.870128936283166,-8.870128936283166,8.870128936283166,4
P028,Apparel,2025-04-17,44.0,36.92333642390811,7.076663576091889,7.076663576091889,4
P028,Apparel,2025-04-18,32.0,36.10774807115166,-4.107748071151661,4.107748071151661,4
P028,Apparel,2025-04-19,48.0,47.529376632673504,0.4706233673264961,0.4706233673264961,4
P028,Apparel,2025-04-20,60.0,49.543200992769215,10.456799007230785,10.456799007230785,4
P028,Apparel,2025-04-21,37.0,39.339930198765984,-2.339930198765984,2.339930198765984,4
P028,Apparel,2025-04-22,41.0,38.076043259189966,2.923956740810034,2.923956740810034,4
P028,Apparel,2025-04-23,46.0,37.1768243123837,8.823175687616299,8.823175687616299,4
P028,Apparel,2025-04-24,46.0,38.261751273695154,7.738248726304846,7.738248726304846,4
P028,Apparel,2025-04-25,31.0,36.95390368224859,-5.953903682248587,5.953903682248587,4
P028,Apparel,2025-04-26,37.0,47.762195668766665,-10.762195668766665,10.762195668766665,4
P028,Apparel,2025-04-27,35.0,50.74813344607939,-15.748133446079393,15.748133446079393,4
P028,Apparel,2025-04-28,40.0,37.337499913552364,2.6625000864476362,2.6625000864476362,4
P028,Apparel,2025-04-29,36.0,38.649134902735405,-2.6491349027354048,2.6491349027354048,4
P028,Apparel,2025-04-30,42.0,37.33856598884042,4.661434011159578,4.661434011159578,4
P028,Apparel,2025-05-01,24.0,37.793911645063375,-13.793911645063375,13.793911645063375,4
P029,Beauty,2024-09-04,42.0,46.188162351331265,-4.188162351331265,4.188162351331265,1
P029,Beauty,2024-09-05,60.0,44.699935949488165,15.300064050511835,15.300064050511835,1
P029,Beauty,2024-09-06,37.0,48.30570591575312,-11.305705915753123,11.305705915753123,1
P029,Beauty,2024-09-07,114.0,60.37241623616511,53.62758376383489,53.62758376383489,1
P029,Beauty,2024-09-08,70.0,62.55125047371198,7.448749526288019,7.448749526288019,1
P029,Beauty,2024-09-09,47.0,48.80390991854636,-1.8039099185463598,1.8039099185463598,1
P029,Beauty,2024-09-10,35.0,47.91446864737066,-12.914468647370661,12.914468647370661,1
P029,Beauty,2024-09-11,45.0,45.812002104586746,-0.812002104586746,0.812002104586746,1
P029,Beauty,2024-09-12,45.0,46.83940009697782,-1.839400096977819,1.839400096977819,1
P029,Beauty,2024-09-13,44.0,45.048690227943126,-1.0486902279431263,1.0486902279431263,1
P029,Beauty,2024-09-14,36.0,65.1133605362688,-29.1133605362688,29.1133605362688,1
P029,Beauty,2024-09-15,48.0,60.83013197471478,-12.830131974714782,12.830131974714782,1
P029,Beauty,2024-09-16,60.0,47.47511602418457,12.524883975815428,12.524883975815428,1
P029,Beauty,2024-09-17,37.0,46.2692116581319,-9.269211658131901,9.269211658131901,1
P029,Beauty,2024-09-18,72.0,45.32527828417593,26.67472171582407,26.67472171582407,1
P029,Beauty,2024-09-19,71.0,45.11137975419497,25.88862024580503,25.88862024580503,1
P029,Beauty,2024-09-20,33.0,44.182304948072,-11.182304948072002,11.182304948072002,1
P029,Beauty,2024-09-21,43.0,55.931161792277,-12.931161792277003,12.931161792277003,1
P029,Beauty,2024-09-22,23.0,57.48437647830073,-34.48437647830073,34.48437647830073,1
P029,Beauty,2024-09-23,83.0,43.66395964816454,39.33604035183546,39.33604035183546,1
P029,Beauty,2024-09-24,46.0,41.975655407592605,4.024344592407395,4.024344592407395,1
P029,Beauty,2024-09-25,44.0,45.54498900519953,-1.5449890051995325,1.5449890051995325,1
P029,Beauty,2024-09-26,47.0,44.60911247332458,2.390887526675421,2.390887526675421,1
P029,Beauty,2024-09-27,55.0,42.83033194856001,12.169668051439992,12.169668051439992,1
P029,Beauty,2024-09-28,31.0,58.13135710887609,-27.131357108876088,27.131357108876088,1
P029,Beauty,2024-09-29,73.0,53.809196783052506,19.190803216947494,19.190803216947494,1
P029,Beauty,2024-09-30,65.0,50.15291475334316,14.847085246656839,14.847085246656839,1
P029,Beauty,2024-10-01,51.0,49.050293689004164,1.9497063109958361,1.9497063109958361,1
P029,Beauty,2024-10-02,51.0,49.25853208791653,1.741467912083472,1.741467912083472,1
P029,Beauty,2024-10-03,33.0,50.093430725241674,-17.093430725241674,17.093430725241674,1
P029,Beauty,2024-10-04,67.0,46.11969453852928,20.88030546147072,20.88030546147072,1
P029,Beauty,2024-10-05,71.0,62.177487027801256,8.822512972198744,8.822512972198744,1
P029,Beauty,2024-10-06,47.0,61.25488785833415,-14.25488785833415,14.25488785833415,1
P029,Beauty,2024-10-07,54.0,48.05098479773161,5.9490152022683915,5.9490152022683915,1
P029,Beauty,2024-10-08,64.0,46.362084226025736,17.637915773974264,17.637915773974264,1
P029,Beauty,2024-10-09,0.0,47.316005043591844,-47.316005043591844,47.316005043591844,1
P029,Beauty,2024-10-10,66.0,44.60527777615873,21.39472222384127,21.39472222384127,1
P029,Beauty,2024-10-11,48.0,47.68988819207685,0.31011180792314974,0.31011180792314974,1
P029,Beauty,2024-10-12,69.0,58.28993418262994,10.710065817370058,10.710065817370058,1
P029,Beauty,2024-10-13,47.0,60.61189657654579,-13.611896576545789,13.611896576545789,1
P029,Beauty,2024-10-14,19.0,48.72954669489463,-29.72954669489463,29.72954669489463,1
P029,Beauty,2024-10-15,54.0,46.51371286937069,7.486287130629307,7.486287130629307,1
P029,Beauty,2024-10-16,33.0,47.11522664863087,-14.115226648630873,14.115226648630873,1
P029,Beauty,2024-10-17,26.0,45.37908965269371,-19.379089652693708,19.379089652693708,1
P029,Beauty,2024-10-18,34.0,44.0243917950964,-10.024391795096399,10.024391795096399,1
P029,Beauty,2024-10-19,81.0,55.86053819728502,25.139461802714983,25.139461802714983,1
P029,Beauty,2024-10-20,86.0,53.89450592916955,32.10549407083045,32.10549407083045,1
P029,Beauty,2024-10-21,113.0,78.34610325506956,34.653896744930435,34.653896744930435,1
P029,Beauty,2024-10-22,67.0,48.570324762268704,18.429675237731296,18.429675237731296,1
P029,Beauty,2024-10-23,38.0,46.7473575071876,-8.747357507187601,8.747357507187601,1
P029,Beauty,2024-10-24,34.0,48.43167192623123,-14.431671926231232,14.431671926231232,1
P029,Beauty,2024-10-25,83.0,76.06950733974925,6.930492660250749,6.930492660250749,1
P029,Beauty,2024-10-26,74.0,66.74210287576673,7.257897124233267,7.257897124233267,1
P029,Beauty,2024-10-27,82.0,67.64020365672357,14.359796343276429,14.359796343276429,1
P029,Beauty,2024-10-28,61.0,54.68650012531887,6.313499874681128,6.313499874681128,1
P029,Beauty,2024-10-29,51.0,54.35902440508909,-3.3590244050890874,3.3590244050890874,1
P029,Beauty,2024-10-30,66.0,50.45789294914474,15.542107050855257,15.542107050855257,1
P029,Beauty,2024-10-31,52.0,50.67266688009131,1.3273331199086869,1.3273331199086869,1
P029,Beauty,2024-11-01,69.0,56.20953947409469,12.79046052590531,12.79046052590531,1
P029,Beauty,2024-11-02,52.0,71.82129630994851,-19.821296309948508,19.821296309948508,1
P029,Beauty,2024-11-03,36.0,72.37878258792263,-36.37878258792263,36.37878258792263,2
P029,Beauty,2024-11-04,48.0,54.02551983209114,-6.025519832091142,6.025519832091142,2
P029,Beauty,2024-11-05,49.0,53.27458083316225,-4.274580833162247,4.274580833162247,2
P029,Beauty,2024-11-06,45.0,53.39227416417106,-8.392274164171063,8.392274164171063,2
P029,Beauty,2024-11-07,34.0,52.81677612093582,-18.81677612093582,18.81677612093582,2
P029,Beauty,2024-11-08,48.0,54.22133388204732,-6.221333882047318,6.221333882047318,2
P029,Beauty,2024-11-09,49.0,63.58607417979605,-14.58607417979605,14.58607417979605,2
P029,Beauty,2024-11-10,50.0,61.309596476491976,-11.309596476491976,11.309596476491976,2
P029,Beauty,2024-11-11,40.0,50.41006562882333,-10.410065628823332,10.410065628823332,2
P029,Beauty,2024-11-12,24.0,49.75457300745923,-25.75457300745923,25.75457300745923,2
P029,Beauty,2024-11-13,49.0,49.16179679275773,-0.16179679275772685,0.16179679275772685,2
P029,Beauty,2024-11-14,60.0,48.75027256387388,11.249727436126122,11.249727436126122,2
P029,Beauty,2024-11-15,36.0,50.44395909121751,-14.443959091217508,14.443959091217508,2
P029,Beauty,2024-11-16,95.0,63.25742318105795,31.742576818942048,31.742576818942048,2
P029,Beauty,2024-11-17,53.0,64.02542432818424,-11.025424328184243,11.025424328184243,2
P029,Beauty,2024-11-18,53.0,51.96076727003921,1.039232729960787,1.039232729960787,2
P029,Beauty,2024-11-19,42.0,50.079322053485186,-8.079322053485186,8.079322053485186,2
P029,Beauty,2024-11-20,33.0,48.61178487489307,-15.611784874893068,15.611784874893068,2
P029,Beauty,2024-11-21,46.0,48.99770623336786,-2.9977062333678575,2.9977062333678575,2
P029,Beauty,2024-11-22,43.0,49.72672716591945,-6.726727165919449,6.726727165919449,2
P029,Beauty,2024-11-23,69.0,63.183129445379805,5.816870554620195,5.816870554620195,2
P029,Beauty,2024-11-24,78.0,60.81224296399679,17.187757036003212,17.187757036003212,2
P029,Beauty,2024-11-25,86.0,49.506635554954514,36.493364445045486,36.493364445045486,2
P029,Beauty,2024-11-26,60.0,49.480703674502315,10.519296325497685,10.519296325497685,2
P029,Beauty,2024-11-27,58.0,52.08157480347662,5.91842519652338,5.91842519652338,2
P029,Beauty,2024-11-28,52.0,52.09852059303527,-0.09852059303526772,0.09852059303526772,2
P029,Beauty,2024-11-29,89.0,119.30529888331868,-30.305298883318684,30.305298883318684,2
P029,Beauty,2024-11-30,80.0,70.9164312634279,9.083568736572104,9.083568736572104,2
P029,Beauty,2024-12-01,59.0,70.69845774807888,-11.69845774807888,11.69845774807888,2
P029,Beauty,2024-12-02,57.0,56.948950471544364,0.051049528455635595,0.051049528455635595,2
P029,Beauty,2024-12-03,50.0,53.90378839370412,-3.9037883937041187,3.9037883937041187,2
P029,Beauty,2024-12-04,12.0,53.812814354352106,-41.812814354352106,41.812814354352106,2
P029,Beauty,2024-12-05,52.0,50.29492048418914,1.7050795158108585,1.7050795158108585,2
P029,Beauty,2024-12-06,51.0,55.55996857567506,-4.559968575675057,4.559968575675057,2
P029,Beauty,2024-12-07,90.0,70.24662922557746,19.753370774422535,19.753370774422535,2
P029,Beauty,2024-12-08,95.0,68.41477197166348,26.585228028336516,26.585228028336516,2
P029,Beauty,2024-12-09,67.0,56.76602557669497,10.233974423305028,10.233974423305028,2
P029,Beauty,2024-12-10,51.0,54.005175361262076,-3.0051753612620757,3.0051753612620757,2
P029,Beauty,2024-12-11,66.0,53.34437912663179,12.655620873368207,12.655620873368207,2
P029,Beauty,2024-12-12,51.0,55.76434821055702,-4.764348210557017,4.764348210557017,2
P029,Beauty,2024-12-13,61.0,54.993067974249485,6.006932025750515,6.006932025750515,2
P029,Beauty,2024-12-14,105.0,75.97937460865396,29.020625391346044,29.020625391346044,2
P029,Beauty,2024-12-15,84.0,74.52992518060798,9.470074819392025,9.470074819392025,2
P029,Beauty,2024-12-16,96.0,58.47288163494842,37.52711836505158,37.52711836505158,2
P029,Beauty,2024-12-17,77.0,57.70728809248365,19.29271190751635,19.29271190751635,2
P029,Beauty,2024-12-18,45.0,62.52540281845888,-17.52540281845888,17.52540281845888,2
P029,Beauty,2024-12-19,55.0,60.201369096953556,-5.201369096953556,5.201369096953556,2
P029,Beauty,2024-12-20,0.0,62.83690595326475,-62.83690595326475,62.83690595326475,2
P029,Beauty,2024-12-21,74.0,80.97583776753648,-6.9758377675364756,6.9758377675364756,2
P029,Beauty,2024-12-22,88.0,80.21489025142422,7.785109748575778,7.785109748575778,2
P029,Beauty,2024-12-23,42.0,68.62018587221363,-26.620185872213625,26.620185872213625,2
P029,Beauty,2024-12-24,55.0,58.87551936668551,-3.8755193666855092,3.8755193666855092,2
P029,Beauty,2024-12-25,0.0,58.203229577583905,-58.203229577583905,58.203229577583905,2
P029,Beauty,2024-12-26,59.0,51.89880077514999,7.1011992248500135,7.1011992248500135,2
P029,Beauty,2024-12-27,92.0,53.78774707636097,38.21225292363903,38.21225292363903,2
P029,Beauty,2024-12-28,70.0,72.72500429912904,-2.72500429912904,2.72500429912904,2
P029,Beauty,2024-12-29,76.0,98.46552849194842,-22.46552849194842,22.46552849194842,2
P029,Beauty,2024-12-30,85.0,53.24737769308572,31.752622306914283,31.752622306914283,2
P029,Beauty,2024-12-31,70.0,55.509527689847566,14.490472310152434,14.490472310152434,2
P029,Beauty,2025-01-01,254.0,117.71886160096841,136.2811383990316,136.2811383990316,2
P029,Beauty,2025-01-02,49.0,62.1754789519073,-13.175478951907301,13.175478951907301,3
P029,Beauty,2025-01-03,65.0,61.49360735546833,3.5063926445316724,3.5063926445316724,3
P029,Beauty,2025-01-04,89.0,82.9002826471232,6.0997173528767945,6.0997173528767945,3
P029,Beauty,2025-01-05,101.0,81.99389846425206,19.006101535747945,19.006101535747945,3
P029,Beauty,2025-01-06,137.0,103.89931850734995,33.100681492650054,33.100681492650054,3
P029,Beauty,2025-01-07,84.0,105.85717124523622,-21.857171245236216,21.857171245236216,3
P029,Beauty,2025-01-08,60.0,76.62504672761345,-16.62504672761345,16.62504672761345,3
P029,Beauty,2025-01-09,41.0,68.68813394097724,-27.688133940977238,27.688133940977238,3
P029,Beauty,2025-01-10,58.0,70.81905089499944,-12.819050894999435,12.819050894999435,3
P029,Beauty,2025-01-11,178.0,88.64503914218139,89.35496085781861,89.35496085781861,3
P029,Beauty,2025-01-12,75.0,89.75706250728186,-14.757062507281859,14.757062507281859,3
P029,Beauty,2025-01-13,59.0,72.58118913590656,-13.581189135906556,13.581189135906556,3
P029,Beauty,2025-01-14,91.0,70.57908194914191,20.42091805085809,20.42091805085809,3
P029,Beauty,2025-01-15,84.0,69.23696344341099,14.763036556589014,14.763036556589014,3
P029,Beauty,2025-01-16,54.0,67.04043659785216,-13.040436597852164,13.040436597852164,3
P029,Beauty,2025-01-17,75.0,72.79128088880465,2.20871911119535,2.20871911119535,3
P029,Beauty,2025-01-18,132.0,94.15107086542115,37.84892913457885,37.84892913457885,3
P029,Beauty,2025-01-19,141.0,90.43821408820482,50.561785911795184,50.561785911795184,3
P029,Beauty,2025-01-20,86.0,76.18942636516451,9.810573634835492,9.810573634835492,3
P029,Beauty,2025-01-21,67.0,96.75595150323193,-29.755951503231927,29.755951503231927,3
P029,Beauty,2025-01-22,69.0,84.19617660624857,-15.19617660624857,15.19617660624857,3
P029,Beauty,2025-01-23,64.0,82.46872017345753,-18.468720173457527,18.468720173457527,3
P029,Beauty,2025-01-24,103.0,83.86502745758736,19.13497254241264,19.13497254241264,3
P029,Beauty,2025-01-25,67.0,105.19480872304057,-38.194808723040566,38.194808723040566,3
P029,Beauty,2025-01-26,64.0,101.2850381249744,-37.285038124974406,37.285038124974406,3
P029,Beauty,2025-01-27,46.0,82.91783963518715,-36.91783963518715,36.91783963518715,3
P029,Beauty,2025-01-28,41.0,80.88731273126798,-39.88731273126798,39.88731273126798,3
P029,Beauty,2025-01-29,70.0,82.66701318396885,-12.667013183968848,12.667013183968848,3
P029,Beauty,2025-01-30,58.0,72.48194371134907,-14.481943711349075,14.481943711349075,3
P029,Beauty,2025-01-31,37.0,74.37666572478346,-37.376665724783464,37.376665724783464,3
P029,Beauty,2025-02-01,71.0,90.04613263094473,-19.046132630944726,19.046132630944726,3
P029,Beauty,2025-02-02,99.0,86.93837341547305,12.061626584526948,12.061626584526948,3
P029,Beauty,2025-02-03,81.0,68.73431694086658,12.265683059133423,12.265683059133423,3
P029,Beauty,2025-02-04,72.0,98.01567454070882,-26.015674540708815,26.015674540708815,3
P029,Beauty,2025-02-05,45.0,67.98976362890943,-22.98976362890943,22.98976362890943,3
P029,Beauty,2025-02-06,97.0,67.10790258415943,29.892097415840567,29.892097415840567,3
P029,Beauty,2025-02-07,59.0,66.2393621225108,-7.239362122510798,7.239362122510798,3
P029,Beauty,2025-02-08,148.0,84.81573442507604,63.184265574923955,63.184265574923955,3
P029,Beauty,2025-02-09,101.0,87.05606724786006,13.943932752139943,13.943932752139943,3
P029,Beauty,2025-02-10,31.0,70.03094776870607,-39.03094776870607,39.03094776870607,3
P029,Beauty,2025-02-11,57.0,70.43378023007445,-13.433780230074447,13.433780230074447,3
P029,Beauty,2025-02-12,72.0,64.17001562363212,7.829984376367875,7.829984376367875,3
P029,Beauty,2025-02-13,88.0,68.3615399190951,19.638460080904906,19.638460080904906,3
P029,Beauty,2025-02-14,48.0,69.81430291064545,-21.814302910645452,21.814302910645452,3
P029,Beauty,2025-02-15,92.0,86.60110896122231,5.398891038777691,5.398891038777691,3
P029,Beauty,2025-02-16,87.0,103.04514435708583,-16.04514435708583,16.04514435708583,3
P029,Beauty,2025-02-17,89.0,65.88891983434043,23.111080165659573,23.111080165659573,3
P029,Beauty,2025-02-18,46.0,68.109526749425,-22.109526749425,22.109526749425,3
P029,Beauty,2025-02-19,75.0,65.02240233367326,9.977597666326744,9.977597666326744,3
P029,Beauty,2025-02-20,65.0,68.95283770368309,-3.9528377036830875,3.9528377036830875,3
P029,Beauty,2025-02-21,79.0,64.30078054630862,14.699219453691384,14.699219453691384,3
P029,Beauty,2025-02-22,88.0,88.75515269872757,-0.7551526987275707,0.7551526987275707,3
P029,Beauty,2025-02-23,65.0,83.43908529130275,-18.439085291302746,18.439085291302746,3
P029,Beauty,2025-02-24,68.0,64.05946969510971,3.940530304890288,3.940530304890288,3
P029,Beauty,2025-02-25,45.0,63.22289646631139,-18.22289646631139,18.22289646631139,3
P029,Beauty,2025-02-26,51.0,65.86335042712263,-14.863350427122626,14.863350427122626,3
P029,Beauty,2025-02-27,72.0,65.30723709417282,6.6927629058271805,6.6927629058271805,3
P029,Beauty,2025-02-28,33.0,66.07843708920025,-33.07843708920025,33.07843708920025,3
P029,Beauty,2025-03-01,125.0,81.38956929845328,43.61043070154672,43.61043070154672,3
P029,Beauty,2025-03-02,107.0,82.57502173742576,24.424978262574243,24.424978262574243,3
P029,Beauty,2025-03-03,119.0,68.81565828328756,50.18434171671244,50.18434171671244,4
P029,Beauty,2025-03-04,123.0,67.03612836039544,55.96387163960456,55.96387163960456,4
P029,Beauty,2025-03-05,50.0,68.74672846069272,-18.746728460692722,18.746728460692722,4
P029,Beauty,2025-03-06,92.0,73.00825289714554,18.99174710285446,18.99174710285446,4
P029,Beauty,2025-03-07,0.0,70.54895532608181,-70.54895532608181,70.54895532608181,4
P029,Beauty,2025-03-08,132.0,95.48337934913374,36.51662065086626,36.51662065086626,4
P029,Beauty,2025-03-09,90.0,90.68462187948394,-0.6846218794839416,0.6846218794839416,4
P029,Beauty,2025-03-10,69.0,67.80986189538234,1.1901381046176596,1.1901381046176596,4
P029,Beauty,2025-03-11,74.0,69.76427356770682,4.235726432293177,4.235726432293177,4
P029,Beauty,2025-03-12,82.0,68.51926016599458,13.48073983400542,13.48073983400542,4
P029,Beauty,2025-03-13,125.0,130.73473610031974,-5.734736100319736,5.734736100319736,4
P029,Beauty,2025-03-14,89.0,68.78210262267191,20.217897377328086,20.217897377328086,4
P029,Beauty,2025-03-15,84.0,97.10324924215791,-13.103249242157915,13.103249242157915,4
P029,Beauty,2025-03-16,55.0,96.22493752406133,-41.22493752406133,41.22493752406133,4
P029,Beauty,2025-03-17,67.0,71.86441655506569,-4.864416555065688,4.864416555065688,4
P029,Beauty,2025-03-18,66.0,69.63340972166988,-3.633409721669878,3.633409721669878,4
P029,Beauty,2025-03-19,129.0,71.4699963386179,57.530003661382096,57.530003661382096,4
P029,Beauty,2025-03-20,77.0,74.48932271672649,2.510677283273509,2.510677283273509,4
P029,Beauty,2025-03-21,96.0,73.74405926881352,22.255940731186485,22.255940731186485,4
P029,Beauty,2025-03-22,98.0,98.9914262816412,-0.9914262816411963,0.9914262816411963,4
P029,Beauty,2025-03-23,67.0,94.48461855906487,-27.48461855906487,27.48461855906487,4
P029,Beauty,2025-03-24,55.0,77.02549099638263,-22.02549099638263,22.02549099638263,4
P029,Beauty,2025-03-25,86.0,75.09273865611081,10.90726134388919,10.90726134388919,4
P029,Beauty,2025-03-26,98.0,76.91878732429487,21.08121267570513,21.08121267570513,4
P029,Beauty,2025-03-27,94.0,77.78422672698615,16.215773273013852,16.215773273013852,4
P029,Beauty,2025-03-28,85.0,77.85722696976612,7.142773030233883,7.142773030233883,4
P029,Beauty,2025-03-29,121.0,102.21874116963059,18.78125883036941,18.78125883036941,4
P029,Beauty,2025-03-30,118.0,101.72007076383652,16.279929236163483,16.279929236163483,4
P029,Beauty,2025-03-31,88.0,80.31056087613159,7.689439123868411,7.689439123868411,4
P029,Beauty,2025-04-01,91.0,81.16150712678511,9.83849287321489,9.83849287321489,4
P029,Beauty,2025-04-02,86.0,75.55384433206679,10.446155667933212,10.446155667933212,4
P029,Beauty,2025-04-03,68.0,81.090379357831,-13.090379357830997,13.090379357830997,4
P029,Beauty,2025-04-04,80.0,80.71319582123549,-0.7131958212354874,0.7131958212354874,4
P029,Beauty,2025-04-05,170.0,108.72390926846077,61.27609073153923,61.27609073153923,4
P029,Beauty,2025-04-06,118.0,104.87874520260569,13.121254797394315,13.121254797394315,4
P029,Beauty,2025-04-07,107.0,88.3048906246556,18.6951093753444,18.6951093753444,4
P029,Beauty,2025-04-08,69.0,89.12016187374613,-20.120161873746127,20.120161873746127,4
P029,Beauty,2025-04-09,76.0,89.27815910998561,-13.278159109985609,13.278159109985609,4
P029,Beauty,2025-04-10,57.0,89.50481519141114,-32.50481519141114,32.50481519141114,4
P029,Beauty,2025-04-11,65.0,83.81920644246235,-18.819206442462345,18.819206442462345,4
P029,Beauty,2025-04-12,125.0,106.5690811609202,18.430918839079794,18.430918839079794,4
P029,Beauty,2025-04-13,70.0,103.56385087915925,-33.56385087915925,33.56385087915925,4
P029,Beauty,2025-04-14,122.0,80.61569820568158,41.38430179431842,41.38430179431842,4
P029,Beauty,2025-04-15,84.0,82.32160983667676,1.6783901633232432,1.6783901633232432,4
P029,Beauty,2025-04-16,120.0,84.33942240161325,35.66057759838675,35.66057759838675,4
P029,Beauty,2025-04-17,109.0,86.08755701656078,22.91244298343922,22.91244298343922,4
P029,Beauty,2025-04-18,85.0,87.32874677910905,-2.3287467791090535,2.3287467791090535,4
P029,Beauty,2025-04-19,78.0,107.95979666328297,-29.959796663282972,29.959796663282972,4
P029,Beauty,2025-04-20,92.0,104.0881796692887,-12.088179669288706,12.088179669288706,4
P029,Beauty,2025-04-21,79.0,84.17769947988131,-5.177699479881312,5.177699479881312,4
P029,Beauty,2025-04-22,77.0,82.93109701839994,-5.931097018399939,5.931097018399939,4
P029,Beauty,2025-04-23,85.0,84.1766766318402,0.8233233681598051,0.8233233681598051,4
P029,Beauty,2025-04-24,124.0,83.13806487238011,40.86193512761989,40.86193512761989,4
P029,Beauty,2025-04-25,68.0,84.71581729314639,-16.715817293146387,16.715817293146387,4
P029,Beauty,2025-04-26,75.0,105.14310753825019,-30.14310753825019,30.14310753825019,4
P029,Beauty,2025-04-27,169.0,149.7362120591998,19.2637879408002,19.2637879408002,4
P029,Beauty,2025-04-28,210.0,87.13343328148117,122.86656671851883,122.86656671851883,4
P029,Beauty,2025-04-29,57.0,90.18963855187646,-33.189638551876456,33.189638551876456,4
P029,Beauty,2025-04-30,104.0,86.65497795964164,17.34502204035836,17.34502204035836,4
P029,Beauty,2025-05-01,39.0,88.18956120051556,-49.189561200515556,49.189561200515556,4
P030,Sports,2024-09-04,23.0,25.11141712877196,-2.1114171287719614,2.1114171287719614,1
P030,Sports,2024-09-05,21.0,24.59098121932961,-3.59098121932961,3.59098121932961,1
P030,Sports,2024-09-06,25.0,24.999388989612317,0.0006110103876828532,0.0006110103876828532,1
P030,Sports,2024-09-07,28.0,33.595299095480335,-5.595299095480335,5.595299095480335,1
P030,Sports,2024-09-08,36.0,31.528704500689532,4.471295499310468,4.471295499310468,1
P030,Sports,2024-09-09,29.0,25.85727925468864,3.1427207453113617,3.1427207453113617,1
P030,Sports,2024-09-10,31.0,23.87573303197372,7.12426696802628,7.12426696802628,1
P030,Sports,2024-09-11,24.0,24.70450596010075,-0.7045059601007502,0.7045059601007502,1
P030,Sports,2024-09-12,15.0,25.977071052270205,-10.977071052270205,10.977071052270205,1
P030,Sports,2024-09-13,27.0,25.277053449456776,1.7229465505432238,1.7229465505432238,1
P030,Sports,2024-09-14,19.0,31.095022036535113,-12.095022036535113,12.095022036535113,1
P030,Sports,2024-09-15,16.0,32.769220632756955,-16.769220632756955,16.769220632756955,1
P030,Sports,2024-09-16,17.0,23.069644969939418,-6.069644969939418,6.069644969939418,1
P030,Sports,2024-09-17,16.0,23.19865070461731,-7.198650704617311,7.198650704617311,1
P030,Sports,2024-09-18,22.0,22.15990220005927,-0.15990220005927114,0.15990220005927114,1
P030,Sports,2024-09-19,26.0,21.510460555939023,4.489539444060977,4.489539444060977,1
P030,Sports,2024-09-20,23.0,22.29175807028969,0.7082419297103115,0.7082419297103115,1
P030,Sports,2024-09-21,17.0,28.73016979470789,-11.73016979470789,11.73016979470789,1
P030,Sports,2024-09-22,20.0,27.599225228720698,-7.599225228720698,7.599225228720698,1
P030,Sports,2024-09-23,20.0,21.12484342148809,-1.124843421488091,1.124843421488091,1
P030,Sports,2024-09-24,20.0,21.91465936805834,-1.9146593680583415,1.9146593680583415,1
P030,Sports,2024-09-25,25.0,20.86261860525478,4.137381394745219,4.137381394745219,1
P030,Sports,2024-09-26,25.0,20.71698582558628,4.283014174413719,4.283014174413719,1
P030,Sports,2024-09-27,23.0,22.232739883354053,0.7672601166459465,0.7672601166459465,1
P030,Sports,2024-09-28,24.0,26.483134215379728,-2.483134215379728,2.483134215379728,1
P030,Sports,2024-09-29,9.0,26.9721970827429,-17.9721970827429,17.9721970827429,1
P030,Sports,2024-09-30,14.0,21.789335402954162,-7.789335402954162,7.789335402954162,1
P030,Sports,2024-10-01,27.0,20.199554079826523,6.800445920173477,6.800445920173477,1
P030,Sports,2024-10-02,34.0,21.173206924298686,12.826793075701314,12.826793075701314,1
P030,Sports,2024-10-03,11.0,21.820058162111287,-10.820058162111287,10.820058162111287,1
P030,Sports,2024-10-04,13.0,20.919307881077543,-7.919307881077543,7.919307881077543,1
P030,Sports,2024-10-05,45.0,25.213270671016975,19.786729328983025,19.786729328983025,1
P030,Sports,2024-10-06,33.0,27.242663631657276,5.757336368342724,5.757336368342724,1
P030,Sports,2024-10-07,25.0,23.07761604605693,1.9223839539430685,1.9223839539430685,1
P030,Sports,2024-10-08,14.0,24.150116133062905,-10.150116133062905,10.150116133062905,1
P030,Sports,2024-10-09,20.0,22.96085590506236,-2.9608559050623597,2.9608559050623597,1
P030,Sports,2024-10-10,30.0,21.301051377569394,8.698948622430606,8.698948622430606,1
P030,Sports,2024-10-11,20.0,22.994950487413252,-2.994950487413252,2.994950487413252,1
P030,Sports,2024-10-12,32.0,29.89496147922116,2.105038520778841,2.105038520778841,1
P030,Sports,2024-10-13,39.0,27.860849942344313,11.139150057655687,11.139150057655687,1
P030,Sports,2024-10-14,29.0,22.767545033226288,6.232454966773712,6.232454966773712,1
P030,Sports,2024-10-15,24.0,23.938933943977343,0.06106605602265702,0.06106605602265702,1
P030,Sports,2024-10-16,23.0,24.609906764053857,-1.6099067640538571,1.6099067640538571,1
P030,Sports,2024-10-17,17.0,25.220702906113218,-8.220702906113218,8.220702906113218,1
P030,Sports,2024-10-18,108.0,23.682435810447036,84.31756418955297,84.31756418955297,1
P030,Sports,2024-10-19,38.0,34.47290674568345,3.527093254316547,3.527093254316547,1
P030,Sports,2024-10-20,40.0,33.83510011187439,6.1648998881256105,6.1648998881256105,1
P030,Sports,2024-10-21,0.0,26.769301928784333,-26.769301928784333,26.769301928784333,1
P030,Sports,2024-10-22,27.0,25.742122216632723,1.2578777833672774,1.2578777833672774,1
P030,Sports,2024-10-23,24.0,26.233109474087055,-2.2331094740870547,2.2331094740870547,1
P030,Sports,2024-10-24,26.0,39.021165324191514,-13.021165324191514,13.021165324191514,1
P030,Sports,2024-10-25,26.0,30.473283670196984,-4.4732836701969845,4.4732836701969845,1
P030,Sports,2024-10-26,43.0,32.539016551671146,10.460983448328854,10.460983448328854,1
P030,Sports,2024-10-27,37.0,33.09291215111535,3.9070878488846503,3.9070878488846503,1
P030,Sports,2024-10-28,20.0,25.56572231909893,-5.565722319098931,5.565722319098931,1
P030,Sports,2024-10-29,24.0,27.266177568741032,-3.266177568741032,3.266177568741032,1
P030,Sports,2024-10-30,19.0,26.73877909761151,-7.738779097611509,7.738779097611509,1
P030,Sports,2024-10-31,17.0,25.87578799679967,-8.87578799679967,8.87578799679967,1
P030,Sports,2024-11-01,22.0,29.356949575708676,-7.356949575708676,7.356949575708676,1
P030,Sports,2024-11-02,35.0,32.21124955355558,2.7887504464444177,2.7887504464444177,1
P030,Sports,2024-11-03,27.0,30.916298369227103,-3.9162983692271034,3.9162983692271034,2
P030,Sports,2024-11-04,26.0,23.819836370596875,2.1801636294031255,2.1801636294031255,2
P030,Sports,2024-11-05,24.0,24.167744906368906,-0.16774490636890604,0.16774490636890604,2
P030,Sports,2024-11-06,17.0,23.24684586981812,-6.24684586981812,6.24684586981812,2
P030,Sports,2024-11-07,26.0,24.545491356361588,1.4545086436384125,1.4545086436384125,2
P030,Sports,2024-11-08,20.0,23.644928810241705,-3.644928810241705,3.644928810241705,2
P030,Sports,2024-11-09,46.0,30.847743632914582,15.152256367085418,15.152256367085418,2
P030,Sports,2024-11-10,26.0,33.15993363846993,-7.15993363846993,7.15993363846993,2
P030,Sports,2024-11-11,22.0,24.966163545682374,-2.966163545682374,2.966163545682374,2
P030,Sports,2024-11-12,23.0,24.52312876114546,-1.5231287611454611,1.5231287611454611,2
P030,Sports,2024-11-13,23.0,24.185796865002818,-1.1857968650028177,1.1857968650028177,2
P030,Sports,2024-11-14,34.0,24.424676129578806,9.575323870421194,9.575323870421194,2
P030,Sports,2024-11-15,28.0,27.673264903665565,0.32673509633443487,0.32673509633443487,2
P030,Sports,2024-11-16,39.0,33.13504113919036,5.864958860809637,5.864958860809637,2
P030,Sports,2024-11-17,37.0,33.47551730574341,3.5244826942565908,3.5244826942565908,2
P030,Sports,2024-11-18,29.0,25.629546351242663,3.370453648757337,3.370453648757337,2
P030,Sports,2024-11-19,16.0,26.716679202877796,-10.716679202877796,10.716679202877796,2
P030,Sports,2024-11-20,29.0,26.21433338779898,2.7856666122010196,2.7856666122010196,2
P030,Sports,2024-11-21,154.0,27.66018602290826,126.33981397709174,126.33981397709174,2
P030,Sports,2024-11-22,17.0,27.871115284549614,-10.871115284549614,10.871115284549614,2
P030,Sports,2024-11-23,39.0,36.33275472351333,2.6672452764866676,2.6672452764866676,2
P030,Sports,2024-11-24,34.0,36.245847371194614,-2.245847371194614,2.245847371194614,2
P030,Sports,2024-11-25,30.0,25.91810803248018,4.0818919675198195,4.0818919675198195,2
P030,Sports,2024-11-26,23.0,26.704093020987866,-3.704093020987866,3.704093020987866,2
P030,Sports,2024-11-27,30.0,26.216949419860374,3.7830505801396264,3.7830505801396264,2
P030,Sports,2024-11-28,28.0,28.964986127832432,-0.9649861278324323,0.9649861278324323,2
P030,Sports,2024-11-29,36.0,47.16057610186208,-11.160576101862077,11.160576101862077,2
P030,Sports,2024-11-30,31.0,36.81284594356751,-5.81284594356751,5.81284594356751,2
P030,Sports,2024-12-01,46.0,35.984707299649,10.015292700350997,10.015292700350997,2
P030,Sports,2024-12-02,28.0,29.72885311341252,-1.7288531134125193,1.7288531134125193,2
P030,Sports,2024-12-03,23.0,28.571518802509484,-5.571518802509484,5.571518802509484,2
P030,Sports,2024-12-04,30.0,28.84399066501766,1.1560093349823397,1.1560093349823397,2
P030,Sports,2024-12-05,21.0,30.29373739776375,-9.29373739776375,9.29373739776375,2
P030,Sports,2024-12-06,26.0,28.81522378143781,-2.8152237814378083,2.8152237814378083,2
P030,Sports,2024-12-07,32.0,37.50986798389565,-5.509867983895653,5.509867983895653,2
P030,Sports,2024-12-08,37.0,38.733014580605385,-1.733014580605385,1.733014580605385,2
P030,Sports,2024-12-09,28.0,28.853774221927516,-0.853774221927516,0.853774221927516,2
P030,Sports,2024-12-10,17.0,28.358716136977876,-11.358716136977876,11.358716136977876,2
P030,Sports,2024-12-11,30.0,29.11593928244723,0.8840607175527708,0.8840607175527708,2
P030,Sports,2024-12-12,30.0,28.902987808323438,1.097012191676562,1.097012191676562,2
P030,Sports,2024-12-13,33.0,29.13127545554078,3.8687245444592193,3.8687245444592193,2
P030,Sports,2024-12-14,55.0,37.88341901319146,17.116580986808543,17.116580986808543,2
P030,Sports,2024-12-15,49.0,41.32607846726105,7.673921532738952,7.673921532738952,2
P030,Sports,2024-12-16,32.0,31.255463108119322,0.7445368918806778,0.7445368918806778,2
P030,Sports,2024-12-17,19.0,28.386610029517012,-9.386610029517012,9.386610029517012,2
P030,Sports,2024-12-18,32.0,30.80149271606578,1.1985072839342195,1.1985072839342195,2
P030,Sports,2024-12-19,36.0,32.48221947499508,3.517780525004923,3.517780525004923,2
P030,Sports,2024-12-20,36.0,28.572015497692345,7.427984502307655,7.427984502307655,2
P030,Sports,2024-12-21,55.0,45.30357053862647,9.696429461373533,9.696429461373533,2
P030,Sports,2024-12-22,56.0,38.99514567520402,17.00485432479598,17.00485432479598,2
P030,Sports,2024-12-23,42.0,32.58579342095002,9.414206579049981,9.414206579049981,2
P030,Sports,2024-12-24,25.0,30.295492482885948,-5.2954924828859475,5.2954924828859475,2
P030,Sports,2024-12-25,59.0,63.863748864292496,-4.863748864292496,4.863748864292496,2
P030,Sports,2024-12-26,34.0,34.79238983335206,-0.7923898333520611,0.7923898333520611,2
P030,Sports,2024-12-27,23.0,34.358999524138724,-11.358999524138724,11.358999524138724,2
P030,Sports,2024-12-28,50.0,45.261596769058634,4.7384032309413655,4.7384032309413655,2
P030,Sports,2024-12-29,52.0,46.53793815663377,5.462061843366229,5.462061843366229,2
P030,Sports,2024-12-30,25.0,35.02795476891972,-10.02795476891972,10.02795476891972,2
P030,Sports,2024-12-31,22.0,31.782261403232837,-9.782261403232837,9.782261403232837,2
P030,Sports,2025-01-01,56.0,74.57630020484666,-18.57630020484666,18.57630020484666,2
P030,Sports,2025-01-02,30.0,34.11815563918653,-4.118155639186533,4.118155639186533,3
P030,Sports,2025-01-03,26.0,33.73488054541353,-7.734880545413532,7.734880545413532,3
P030,Sports,2025-01-04,28.0,45.34215559059178,-17.34215559059178,17.34215559059178,3
P030,Sports,2025-01-05,48.0,44.30899948414999,3.691000515850007,3.691000515850007,3
P030,Sports,2025-01-06,166.0,33.532763204510076,132.46723679548992,132.46723679548992,3
P030,Sports,2025-01-07,33.0,52.417516346085826,-19.417516346085826,19.417516346085826,3
P030,Sports,2025-01-08,34.0,40.67582284517165,-6.675822845171652,6.675822845171652,3
P030,Sports,2025-01-09,33.0,37.39118516617415,-4.391185166174147,4.391185166174147,3
P030,Sports,2025-01-10,23.0,36.33377779285841,-13.333777792858413,13.333777792858413,3
P030,Sports,2025-01-11,36.0,47.997041776322995,-11.997041776322995,11.997041776322995,3
P030,Sports,2025-01-12,36.0,49.865372247027615,-13.865372247027615,13.865372247027615,3
P030,Sports,2025-01-13,34.0,41.285047460740394,-7.285047460740394,7.285047460740394,3
P030,Sports,2025-01-14,37.0,33.9037406049317,3.0962593950683015,3.0962593950683015,3
P030,Sports,2025-01-15,14.0,38.56248350678584,-24.56248350678584,24.56248350678584,3
P030,Sports,2025-01-16,28.0,34.709199066583714,-6.7091990665837145,6.7091990665837145,3
P030,Sports,2025-01-17,30.0,34.34973940863408,-4.349739408634079,4.349739408634079,3
P030,Sports,2025-01-18,91.0,44.926992193193755,46.073007806806245,46.073007806806245,3
P030,Sports,2025-01-19,49.0,50.38131282193208,-1.3813128219320774,1.3813128219320774,3
P030,Sports,2025-01-20,27.0,39.65670064360701,-12.65670064360701,12.65670064360701,3
P030,Sports,2025-01-21,40.0,35.44313855772298,4.556861442277018,4.556861442277018,3
P030,Sports,2025-01-22,22.0,36.9923246575642,-14.992324657564197,14.992324657564197,3
P030,Sports,2025-01-23,30.0,47.92453399510048,-17.924533995100482,17.924533995100482,3
P030,Sports,2025-01-24,37.0,34.0732921553245,2.926707844675498,2.926707844675498,3
P030,Sports,2025-01-25,56.0,49.276877788752536,6.723122211247464,6.723122211247464,3
P030,Sports,2025-01-26,39.0,46.38089087546347,-7.3808908754634714,7.3808908754634714,3
P030,Sports,2025-01-27,37.0,34.682255712351065,2.317744287648935,2.317744287648935,3
P030,Sports,2025-01-28,30.0,35.47048109447325,-5.47048109447325,5.47048109447325,3
P030,Sports,2025-01-29,37.0,48.05151317146849,-11.051513171468493,11.051513171468493,3
P030,Sports,2025-01-30,43.0,35.654210339865294,7.345789660134706,7.345789660134706,3
P030,Sports,2025-01-31,41.0,54.54453415795526,-13.544534157955262,13.544534157955262,3
P030,Sports,2025-02-01,54.0,52.39824770467718,1.601752295322818,1.601752295322818,3
P030,Sports,2025-02-02,71.0,47.50105632224114,23.49894367775886,23.49894367775886,3
P030,Sports,2025-02-03,40.0,43.39038749134747,-3.390387491347468,3.390387491347468,3
P030,Sports,2025-02-04,27.0,34.898354082067414,-7.898354082067414,7.898354082067414,3
P030,Sports,2025-02-05,45.0,35.036511632564796,9.963488367435204,9.963488367435204,3
P030,Sports,2025-02-06,31.0,35.46896050792113,-4.468960507921132,4.468960507921132,3
P030,Sports,2025-02-07,101.0,35.3107429386504,65.6892570613496,65.6892570613496,3
P030,Sports,2025-02-08,53.0,51.431084536697426,1.5689154633025737,1.5689154633025737,3
P030,Sports,2025-02-09,41.0,51.22995119448962,-10.229951194489622,10.229951194489622,3
P030,Sports,2025-02-10,25.0,39.11544589377576,-14.115445893775757,14.115445893775757,3
P030,Sports,2025-02-11,27.0,37.89650842249583,-10.896508422495828,10.896508422495828,3
P030,Sports,2025-02-12,56.0,38.77474727293794,17.225252727062063,17.225252727062063,3
P030,Sports,2025-02-13,40.0,38.8204766544048,1.1795233455952001,1.1795233455952001,3
P030,Sports,2025-02-14,20.0,43.85393204606888,-23.853932046068877,23.853932046068877,3
P030,Sports,2025-02-15,65.0,51.909411740038834,13.090588259961166,13.090588259961166,3
P030,Sports,2025-02-16,67.0,50.87686413936538,16.12313586063462,16.12313586063462,3
P030,Sports,2025-02-17,26.0,38.3503415377179,-12.350341537717902,12.350341537717902,3
P030,Sports,2025-02-18,51.0,55.96007395980125,-4.9600739598012495,4.9600739598012495,3
P030,Sports,2025-02-19,16.0,41.41113052656004,-25.411130526560036,25.411130526560036,3
P030,Sports,2025-02-20,31.0,37.83258040789224,-6.832580407892237,6.832580407892237,3
P030,Sports,2025-02-21,18.0,39.86577428871319,-21.86577428871319,21.86577428871319,3
P030,Sports,2025-02-22,57.0,51.19944648508978,5.80055351491022,5.80055351491022,3
P030,Sports,2025-02-23,76.0,49.48362015781392,26.516379842186083,26.516379842186083,3
P030,Sports,2025-02-24,43.0,38.41758424393188,4.582415756068123,4.582415756068123,3
P030,Sports,2025-02-25,39.0,39.48923380196348,-0.4892338019634792,0.4892338019634792,3
P030,Sports,2025-02-26,38.0,39.20882854644144,-1.2088285464414383,1.2088285464414383,3
P030,Sports,2025-02-27,50.0,37.89007899038793,12.109921009612073,12.109921009612073,3
P030,Sports,2025-02-28,45.0,38.01403450793291,6.985965492067088,6.985965492067088,3
P030,Sports,2025-03-01,30.0,54.87686065894737,-24.876860658947372,24.876860658947372,3
P030,Sports,2025-03-02,54.0,55.119981963518796,-1.1199819635187964,1.1199819635187964,3
P030,Sports,2025-03-03,26.0,38.87558950291142,-12.875589502911417,12.875589502911417,4
P030,Sports,2025-03-04,46.0,38.26393878386292,7.736061216137081,7.736061216137081,4
P030,Sports,2025-03-05,41.0,38.70827586501249,2.2917241349875113,2.2917241349875113,4
P030,Sports,2025-03-06,28.0,39.39862900767526,-11.398629007675261,11.398629007675261,4
P030,Sports,2025-03-07,49.0,41.72982170585351,7.27017829414649,7.27017829414649,4
P030,Sports,2025-03-08,64.0,49.40459848766877,14.595401512331229,14.595401512331229,4
P030,Sports,2025-03-09,94.0,51.92333683226005,42.07666316773995,42.07666316773995,4
P030,Sports,2025-03-10,29.0,37.999253750888755,-8.999253750888755,8.999253750888755,4
P030,Sports,2025-03-11,34.0,39.239610980673866,-5.239610980673866,5.239610980673866,4
P030,Sports,2025-03-12,24.0,39.399835755882016,-15.399835755882016,15.399835755882016,4
P030,Sports,2025-03-13,31.0,37.06158060049432,-6.061580600494317,6.061580600494317,4
P030,Sports,2025-03-14,30.0,38.32178667876187,-8.321786678761868,8.321786678761868,4
P030,Sports,2025-03-15,62.0,50.77206653499363,11.227933465006373,11.227933465006373,4
P030,Sports,2025-03-16,47.0,53.873996199279155,-6.873996199279155,6.873996199279155,4
P030,Sports,2025-03-17,33.0,36.63201727818891,-3.6320172781889113,3.6320172781889113,4
P030,Sports,2025-03-18,31.0,38.192168465342604,-7.192168465342604,7.192168465342604,4
P030,Sports,2025-03-19,39.0,37.42159937023253,1.5784006297674722,1.5784006297674722,4
P030,Sports,2025-03-20,41.0,36.30058666149438,4.699413338505622,4.699413338505622,4
P030,Sports,2025-03-21,16.0,36.93325980536292,-20.933259805362923,20.933259805362923,4
P030,Sports,2025-03-22,66.0,52.13234769584651,13.867652304153488,13.867652304153488,4
P030,Sports,2025-03-23,57.0,51.92964591671993,5.070354083280073,5.070354083280073,4
P030,Sports,2025-03-24,31.0,36.96808240354805,-5.968082403548053,5.968082403548053,4
P030,Sports,2025-03-25,36.0,36.24504616033656,-0.2450461603365568,0.2450461603365568,4
P030,Sports,2025-03-26,40.0,36.80397597361339,3.1960240263866098,3.1960240263866098,4
P030,Sports,2025-03-27,45.0,37.63948095316726,7.360519046832742,7.360519046832742,4
P030,Sports,2025-03-28,34.0,36.315488792075165,-2.315488792075165,2.315488792075165,4
P030,Sports,2025-03-29,77.0,51.22164483547429,25.778355164525713,25.778355164525713,4
P030,Sports,2025-03-30,81.0,52.72602415547834,28.273975844521658,28.273975844521658,4
P030,Sports,2025-03-31,37.0,37.600767896365646,-0.600767896365646,0.600767896365646,4
P030,Sports,2025-04-01,54.0,38.16922164708609,15.83077835291391,15.83077835291391,4
P030,Sports,2025-04-02,24.0,39.13298290049076,-15.13298290049076,15.13298290049076,4
P030,Sports,2025-04-03,27.0,38.498074851836016,-11.498074851836016,11.498074851836016,4
P030,Sports,2025-04-04,46.0,37.6242832534191,8.375716746580899,8.375716746580899,4
P030,Sports,2025-04-05,83.0,54.883022978983064,28.116977021016936,28.116977021016936,4
P030,Sports,2025-04-06,42.0,55.638585735899774,-13.638585735899774,13.638585735899774,4
P030,Sports,2025-04-07,60.0,53.65139489524934,6.348605104750661,6.348605104750661,4
P030,Sports,2025-04-08,50.0,40.60559876660335,9.39440123339665,9.39440123339665,4
P030,Sports,2025-04-09,30.0,38.52317356865413,-8.52317356865413,8.52317356865413,4
P030,Sports,2025-04-10,27.0,39.33849327769497,-12.338493277694973,12.338493277694973,4
P030,Sports,2025-04-11,38.0,39.37525075343985,-1.3752507534398504,1.3752507534398504,4
P030,Sports,2025-04-12,46.0,55.196169998222175,-9.196169998222175,9.196169998222175,4
P030,Sports,2025-04-13,24.0,50.375810029819625,-26.375810029819625,26.375810029819625,4
P030,Sports,2025-04-14,44.0,39.65999980661141,4.34000019338859,4.34000019338859,4
P030,Sports,2025-04-15,36.0,39.78072480990207,-3.7807248099020683,3.7807248099020683,4
P030,Sports,2025-04-16,31.0,36.69385873673636,-5.69385873673636,5.69385873673636,4
P030,Sports,2025-04-17,43.0,37.339705323599475,5.660294676400525,5.660294676400525,4
P030,Sports,2025-04-18,35.0,39.0982192689826,-4.0982192689825965,4.0982192689825965,4
P030,Sports,2025-04-19,72.0,51.009227036148545,20.990772963851455,20.990772963851455,4
P030,Sports,2025-04-20,64.0,48.874090474323616,15.125909525676384,15.125909525676384,4
P030,Sports,2025-04-21,0.0,40.16168610575563,-40.16168610575563,40.16168610575563,4
P030,Sports,2025-04-22,46.0,38.030239366272994,7.969760633727006,7.969760633727006,4
P030,Sports,2025-04-23,46.0,36.985258700933976,9.014741299066024,9.014741299066024,4
P030,Sports,2025-04-24,35.0,37.773756928369586,-2.773756928369586,2.773756928369586,4
P030,Sports,2025-04-25,51.0,37.448905256586585,13.551094743413415,13.551094743413415,4
P030,Sports,2025-04-26,60.0,53.293158275242185,6.706841724757815,6.706841724757815,4
P030,Sports,2025-04-27,78.0,71.59392678108863,6.406073218911374,6.406073218911374,4
P030,Sports,2025-04-28,35.0,38.836367886284755,-3.836367886284755,3.836367886284755,4
P030,Sports,2025-04-29,20.0,39.72411881059907,-19.724118810599073,19.724118810599073,4
P030,Sports,2025-04-30,44.0,37.043103255223556,6.956896744776444,6.956896744776444,4
P030,Sports,2025-05-01,36.0,38.41130602415331,-2.411306024153312,2.411306024153312,4
P031,Electronics,2024-09-04,75.0,78.56938012905168,-3.5693801290516802,3.5693801290516802,1
P031,Electronics,2024-09-05,88.0,75.84919290852125,12.150807091478754,12.150807091478754,1
P031,Electronics,2024-09-06,69.0,75.6489362486994,-6.6489362486994,6.6489362486994,1
P031,Electronics,2024-09-07,79.0,93.95291046025984,-14.952910460259844,14.952910460259844,1
P031,Electronics,2024-09-08,84.0,92.37557868514388,-8.375578685143878,8.375578685143878,1
P031,Electronics,2024-09-09,64.0,74.99883213755166,-10.99883213755166,10.99883213755166,1
P031,Electronics,2024-09-10,52.0,75.28591411128579,-23.28591411128579,23.28591411128579,1
P031,Electronics,2024-09-11,73.0,71.67694968119118,1.323050318808825,1.323050318808825,1
P031,Electronics,2024-09-12,41.0,71.12431164056387,-30.124311640563874,30.124311640563874,1
P031,Electronics,2024-09-13,73.0,69.1904657955495,3.8095342044505003,3.8095342044505003,1
P031,Electronics,2024-09-14,165.0,125.4384219995486,39.561578000451405,39.561578000451405,1
P031,Electronics,2024-09-15,91.0,87.96829462637342,3.031705373626579,3.031705373626579,1
P031,Electronics,2024-09-16,83.0,70.67994142161363,12.320058578386366,12.320058578386366,1
P031,Electronics,2024-09-17,75.0,70.35631421424151,4.643685785758493,4.643685785758493,1
P031,Electronics,2024-09-18,68.0,70.32520158858519,-2.3252015885851876,2.3252015885851876,1
P031,Electronics,2024-09-19,71.0,70.63215760211362,0.3678423978863776,0.3678423978863776,1
P031,Electronics,2024-09-20,93.0,70.04190894573404,22.958091054265964,22.958091054265964,1
P031,Electronics,2024-09-21,105.0,88.49718661906094,16.50281338093906,16.50281338093906,1
P031,Electronics,2024-09-22,142.0,121.56023044660745,20.43976955339255,20.43976955339255,1
P031,Electronics,2024-09-23,97.0,70.24508723208146,26.75491276791854,26.75491276791854,1
P031,Electronics,2024-09-24,91.0,72.28539240697802,18.71460759302198,18.71460759302198,1
P031,Electronics,2024-09-25,64.0,73.22079694483091,-9.220796944830909,9.220796944830909,1
P031,Electronics,2024-09-26,62.0,72.31896902706934,-10.318969027069343,10.318969027069343,1
P031,Electronics,2024-09-27,85.0,71.94461027691523,13.055389723084772,13.055389723084772,1
P031,Electronics,2024-09-28,97.0,91.23094057952284,5.769059420477163,5.769059420477163,1
P031,Electronics,2024-09-29,112.0,89.32276526640372,22.67723473359628,22.67723473359628,1
P031,Electronics,2024-09-30,75.0,74.68799949273806,0.31200050726194206,0.31200050726194206,1
P031,Electronics,2024-10-01,82.0,73.27835240752702,8.721647592472976,8.721647592472976,1
P031,Electronics,2024-10-02,96.0,74.84542113933509,21.154578860664913,21.154578860664913,1
P031,Electronics,2024-10-03,52.0,74.92517426837749,-22.92517426837749,22.92517426837749,1
P031,Electronics,2024-10-04,68.0,74.53171267567292,-6.531712675672921,6.531712675672921,1
P031,Electronics,2024-10-05,113.0,89.95865429163958,23.041345708360424,23.041345708360424,1
P031,Electronics,2024-10-06,89.0,93.48480364087153,-4.484803640871533,4.484803640871533,1
P031,Electronics,2024-10-07,79.0,74.81962291060624,4.180377089393758,4.180377089393758,1
P031,Electronics,2024-10-08,65.0,73.62106436727304,-8.621064367273036,8.621064367273036,1
P031,Electronics,2024-10-09,83.0,77.32725908821902,5.672740911780977,5.672740911780977,1
P031,Electronics,2024-10-10,75.0,75.83359092587605,-0.8335909258760523,0.8335909258760523,1
P031,Electronics,2024-10-11,67.0,77.95019961064581,-10.95019961064581,10.95019961064581,1
P031,Electronics,2024-10-12,104.0,97.97319503307729,6.026804966922711,6.026804966922711,1
P031,Electronics,2024-10-13,77.0,90.05929121999723,-13.059291219997235,13.059291219997235,1
P031,Electronics,2024-10-14,84.0,74.90721352366039,9.092786476339612,9.092786476339612,1
P031,Electronics,2024-10-15,83.0,75.21362799749177,7.78637200250823,7.78637200250823,1
P031,Electronics,2024-10-16,81.0,75.00018735192629,5.999812648073714,5.999812648073714,1
P031,Electronics,2024-10-17,91.0,74.57557889548733,16.424421104512675,16.424421104512675,1
P031,Electronics,2024-10-18,117.0,77.76201897792654,39.237981022073456,39.237981022073456,1
P031,Electronics,2024-10-19,67.0,97.33726261880787,-30.33726261880787,30.33726261880787,1
P031,Electronics,2024-10-20,76.0,89.05761844445088,-13.057618444450881,13.057618444450881,1
P031,Electronics,2024-10-21,71.0,75.95628289718047,-4.956282897180472,4.956282897180472,1
P031,Electronics,2024-10-22,67.0,77.23233083534437,-10.23233083534437,10.23233083534437,1
P031,Electronics,2024-10-23,53.0,74.0927289099018,-21.092728909901794,21.092728909901794,1
P031,Electronics,2024-10-24,60.0,73.20614093795008,-13.206140937950082,13.206140937950082,1
P031,Electronics,2024-10-25,106.0,73.3781920780988,32.621807921901194,32.621807921901194,1
P031,Electronics,2024-10-26,73.0,88.97672302113325,-15.976723021133253,15.976723021133253,1
P031,Electronics,2024-10-27,111.0,88.57315928098231,22.42684071901769,22.42684071901769,1
P031,Electronics,2024-10-28,68.0,74.36479547432376,-6.364795474323756,6.364795474323756,1
P031,Electronics,2024-10-29,81.0,74.25642691901795,6.7435730809820456,6.7435730809820456,1
P031,Electronics,2024-10-30,71.0,73.10860158753943,-2.1086015875394253,2.1086015875394253,1
P031,Electronics,2024-10-31,68.0,72.87890918944527,-4.878909189445267,4.878909189445267,1
P031,Electronics,2024-11-01,87.0,90.118614999221,-3.118614999220995,3.118614999220995,1
P031,Electronics,2024-11-02,127.0,89.22720344430398,37.77279655569602,37.77279655569602,1
P031,Electronics,2024-11-03,94.0,96.75241599717621,-2.7524159971762145,2.7524159971762145,2
P031,Electronics,2024-11-04,79.0,78.15760535638495,0.8423946436150516,0.8423946436150516,2
P031,Electronics,2024-11-05,86.0,77.08827213117559,8.911727868824414,8.911727868824414,2
P031,Electronics,2024-11-06,111.0,78.13926498020294,32.86073501979706,32.86073501979706,2
P031,Electronics,2024-11-07,76.0,77.34341327873581,-1.3434132787358095,1.3434132787358095,2
P031,Electronics,2024-11-08,71.0,77.54198837865096,-6.541988378650956,6.541988378650956,2
P031,Electronics,2024-11-09,85.0,97.40316591227517,-12.40316591227517,12.40316591227517,2
P031,Electronics,2024-11-10,107.0,91.66168755235064,15.338312447649358,15.338312447649358,2
P031,Electronics,2024-11-11,63.0,78.5064712686952,-15.506471268695194,15.506471268695194,2
P031,Electronics,2024-11-12,60.0,78.3879353819087,-18.387935381908704,18.387935381908704,2
P031,Electronics,2024-11-13,74.0,79.85199708161461,-5.851997081614613,5.851997081614613,2
P031,Electronics,2024-11-14,87.0,78.68031479555647,8.31968520444353,8.31968520444353,2
P031,Electronics,2024-11-15,64.0,78.6917304761266,-14.691730476126594,14.691730476126594,2
P031,Electronics,2024-11-16,130.0,91.03314202719703,38.96685797280297,38.96685797280297,2
P031,Electronics,2024-11-17,120.0,95.41754073527252,24.582459264727476,24.582459264727476,2
P031,Electronics,2024-11-18,90.0,77.69920263928613,12.300797360713872,12.300797360713872,2
P031,Electronics,2024-11-19,141.0,105.85883358656962,35.14116641343038,35.14116641343038,2
P031,Electronics,2024-11-20,87.0,80.22438921640153,6.7756107835984665,6.7756107835984665,2
P031,Electronics,2024-11-21,122.0,80.18514298624827,41.814857013751734,41.814857013751734,2
P031,Electronics,2024-11-22,65.0,85.09196077078533,-20.091960770785334,20.091960770785334,2
P031,Electronics,2024-11-23,62.0,103.8421991414265,-41.842199141426505,41.842199141426505,2
P031,Electronics,2024-11-24,73.0,104.87875585727924,-31.878755857279245,31.878755857279245,2
P031,Electronics,2024-11-25,94.0,79.83140538230427,14.168594617695732,14.168594617695732,2
P031,Electronics,2024-11-26,105.0,83.2101405325753,21.789859467424705,21.789859467424705,2
P031,Electronics,2024-11-27,110.0,83.84877160897143,26.151228391028567,26.151228391028567,2
P031,Electronics,2024-11-28,129.0,87.36323046346709,41.63676953653291,41.63676953653291,2
P031,Electronics,2024-11-29,136.0,188.49963801543714,-52.49963801543714,52.49963801543714,2
P031,Electronics,2024-11-30,117.0,108.99768611998068,8.002313880019315,8.002313880019315,2
P031,Electronics,2024-12-01,51.0,104.64382081485957,-53.643820814859566,53.643820814859566,2
P031,Electronics,2024-12-02,69.0,87.65244895954086,-18.652448959540862,18.652448959540862,2
P031,Electronics,2024-12-03,113.0,90.74364025984582,22.25635974015418,22.25635974015418,2
P031,Electronics,2024-12-04,86.0,89.74755515662942,-3.747555156629417,3.747555156629417,2
P031,Electronics,2024-12-05,94.0,87.17108461148874,6.828915388511263,6.828915388511263,2
P031,Electronics,2024-12-06,80.0,85.7666362423248,-5.766636242324793,5.766636242324793,2
P031,Electronics,2024-12-07,98.0,102.27101584357845,-4.2710158435784535,4.2710158435784535,2
P031,Electronics,2024-12-08,105.0,96.97950271789615,8.020497282103847,8.020497282103847,2
P031,Electronics,2024-12-09,185.0,129.3563616025152,55.64363839748481,55.64363839748481,2
P031,Electronics,2024-12-10,131.0,88.64207381251066,42.35792618748934,42.35792618748934,2
P031,Electronics,2024-12-11,83.0,90.78077346457604,-7.780773464576043,7.780773464576043,2
P031,Electronics,2024-12-12,121.0,93.9695858968789,27.030414103121103,27.030414103121103,2
P031,Electronics,2024-12-13,129.0,92.76101296758002,36.238987032419985,36.238987032419985,2
P031,Electronics,2024-12-14,110.0,119.83570822910185,-9.835708229101854,9.835708229101854,2
P031,Electronics,2024-12-15,76.0,110.17350041084464,-34.17350041084464,34.17350041084464,2
P031,Electronics,2024-12-16,130.0,96.76880461079503,33.23119538920497,33.23119538920497,2
P031,Electronics,2024-12-17,71.0,96.09683715210636,-25.09683715210636,25.09683715210636,2
P031,Electronics,2024-12-18,72.0,112.11609898031999,-40.11609898031999,40.11609898031999,2
P031,Electronics,2024-12-19,112.0,94.70257946282545,17.297420537174546,17.297420537174546,2
P031,Electronics,2024-12-20,88.0,90.08704058658796,-2.0870405865879604,2.0870405865879604,2
P031,Electronics,2024-12-21,163.0,105.90693629773547,57.09306370226453,57.09306370226453,2
P031,Electronics,2024-12-22,89.0,113.31054700374519,-24.310547003745185,24.310547003745185,2
P031,Electronics,2024-12-23,93.0,102.93477836269261,-9.934778362692612,9.934778362692612,2
P031,Electronics,2024-12-24,101.0,98.73821455015094,2.2617854498490573,2.2617854498490573,2
P031,Electronics,2024-12-25,230.0,179.61176810526334,50.38823189473666,50.38823189473666,2
P031,Electronics,2024-12-26,86.0,104.19239501339655,-18.19239501339655,18.19239501339655,2
P031,Electronics,2024-12-27,99.0,101.90851063665772,-2.9085106366577236,2.9085106366577236,2
P031,Electronics,2024-12-28,32.0,119.66481401316818,-87.66481401316818,87.66481401316818,2
P031,Electronics,2024-12-29,213.0,164.5208907681889,48.479109231811094,48.479109231811094,2
P031,Electronics,2024-12-30,49.0,101.242428866805,-52.242428866805,52.242428866805,2
P031,Electronics,2024-12-31,141.0,102.09386867180947,38.906131328190526,38.906131328190526,2
P031,Electronics,2025-01-01,191.0,176.29747799373828,14.702522006261717,14.702522006261717,2
P031,Electronics,2025-01-02,250.0,166.55014763667518,83.44985236332482,83.44985236332482,3
P031,Electronics,2025-01-03,94.0,109.06486925119813,-15.064869251198132,15.064869251198132,3
P031,Electronics,2025-01-04,137.0,133.1853561200145,3.8146438799855105,3.8146438799855105,3
P031,Electronics,2025-01-05,154.0,240.40064590407806,-86.40064590407806,86.40064590407806,3
P031,Electronics,2025-01-06,107.0,116.46461851698099,-9.464618516980991,9.464618516980991,3
P031,Electronics,2025-01-07,118.0,121.46605275363106,-3.466052753631061,3.466052753631061,3
P031,Electronics,2025-01-08,106.0,118.02141104018315,-12.021411040183153,12.021411040183153,3
P031,Electronics,2025-01-09,133.0,121.85716596321929,11.142834036780712,11.142834036780712,3
P031,Electronics,2025-01-10,86.0,116.25586980042387,-30.255869800423866,30.255869800423866,3
P031,Electronics,2025-01-11,206.0,141.00065742473868,64.99934257526132,64.99934257526132,3
P031,Electronics,2025-01-12,151.0,143.55689733980373,7.443102660196274,7.443102660196274,3
P031,Electronics,2025-01-13,77.0,115.99394233310983,-38.99394233310983,38.99394233310983,3
P031,Electronics,2025-01-14,115.0,112.20457917860426,2.795420821395737,2.795420821395737,3
P031,Electronics,2025-01-15,100.0,114.4791162133514,-14.479116213351404,14.479116213351404,3
P031,Electronics,2025-01-16,131.0,115.47838252997404,15.521617470025959,15.521617470025959,3
P031,Electronics,2025-01-17,70.0,112.94726606850759,-42.94726606850759,42.94726606850759,3
P031,Electronics,2025-01-18,140.0,154.58015115494925,-14.580151154949249,14.580151154949249,3
P031,Electronics,2025-01-19,207.0,134.26535603073518,72.73464396926482,72.73464396926482,3
P031,Electronics,2025-01-20,128.0,117.39716698504192,10.60283301495808,10.60283301495808,3
P031,Electronics,2025-01-21,66.0,115.68223688832984,-49.68223688832984,49.68223688832984,3
P031,Electronics,2025-01-22,125.0,121.25171813942835,3.7482818605716517,3.7482818605716517,3
P031,Electronics,2025-01-23,114.0,114.955725255267,-0.9557252552669979,0.9557252552669979,3
P031,Electronics,2025-01-24,144.0,114.56002182707343,29.439978172926573,29.439978172926573,3
P031,Electronics,2025-01-25,163.0,150.01898254890313,12.981017451096875,12.981017451096875,3
P031,Electronics,2025-01-26,162.0,172.09442231235266,-10.094422312352663,10.094422312352663,3
P031,Electronics,2025-01-27,109.0,114.36914960387011,-5.369149603870113,5.369149603870113,3
P031,Electronics,2025-01-28,68.0,119.29978371388367,-51.29978371388367,51.29978371388367,3
P031,Electronics,2025-01-29,130.0,120.8507964094184,9.149203590581607,9.149203590581607,3
P031,Electronics,2025-01-30,92.0,123.58077748941378,-31.580777489413776,31.580777489413776,3
P031,Electronics,2025-01-31,209.0,155.60463088258604,53.39536911741396,53.39536911741396,3
P031,Electronics,2025-02-01,116.0,155.48214665504477,-39.48214665504477,39.48214665504477,3
P031,Electronics,2025-02-02,253.0,159.16689414501684,93.83310585498316,93.83310585498316,3
P031,Electronics,2025-02-03,93.0,117.12501574632789,-24.12501574632789,24.12501574632789,3
P031,Electronics,2025-02-04,135.0,114.03487129445789,20.965128705542114,20.965128705542114,3
P031,Electronics,2025-02-05,65.0,116.3491508257547,-51.349150825754705,51.349150825754705,3
P031,Electronics,2025-02-06,186.0,117.46993530561176,68.53006469438824,68.53006469438824,3
P031,Electronics,2025-02-07,99.0,126.75426238831662,-27.75426238831662,27.75426238831662,3
P031,Electronics,2025-02-08,167.0,162.241295335559,4.758704664441012,4.758704664441012,3
P031,Electronics,2025-02-09,176.0,176.04564176998883,-0.0456417699888334,0.0456417699888334,3
P031,Electronics,2025-02-10,154.0,116.62528582628569,37.37471417371431,37.37471417371431,3
P031,Electronics,2025-02-11,146.0,114.45534164373,31.544658356270006,31.544658356270006,3
P031,Electronics,2025-02-12,125.0,116.27878073147046,8.721219268529538,8.721219268529538,3
P031,Electronics,2025-02-13,158.0,123.15918788440163,34.84081211559837,34.84081211559837,3
P031,Electronics,2025-02-14,133.0,113.2686995154311,19.731300484568905,19.731300484568905,3
P031,Electronics,2025-02-15,165.0,272.38081756895946,-107.38081756895946,107.38081756895946,3
P031,Electronics,2025-02-16,125.0,161.4277827353705,-36.4277827353705,36.4277827353705,3
P031,Electronics,2025-02-17,166.0,117.72863051276838,48.271369487231624,48.271369487231624,3
P031,Electronics,2025-02-18,158.0,117.16459185158376,40.835408148416235,40.835408148416235,3
P031,Electronics,2025-02-19,81.0,118.46749760487978,-37.46749760487978,37.46749760487978,3
P031,Electronics,2025-02-20,163.0,190.9991996056296,-27.9991996056296,27.9991996056296,3
P031,Electronics,2025-02-21,99.0,121.44774732497419,-22.447747324974188,22.447747324974188,3
P031,Electronics,2025-02-22,158.0,152.30460081988323,5.695399180116766,5.695399180116766,3
P031,Electronics,2025-02-23,151.0,146.55083055719766,4.449169442802344,4.449169442802344,3
P031,Electronics,2025-02-24,138.0,119.36987340976415,18.630126590235847,18.630126590235847,3
P031,Electronics,2025-02-25,167.0,119.8698256338446,47.1301743661554,47.1301743661554,3
P031,Electronics,2025-02-26,137.0,120.58670050317416,16.413299496825843,16.413299496825843,3
P031,Electronics,2025-02-27,118.0,119.00812194653484,-1.0081219465348426,1.0081219465348426,3
P031,Electronics,2025-02-28,159.0,126.55914177237287,32.44085822762713,32.44085822762713,3
P031,Electronics,2025-03-01,176.0,139.8746739649638,36.12532603503621,36.12532603503621,3
P031,Electronics,2025-03-02,136.0,153.8504491296442,-17.850449129644204,17.850449129644204,3
P031,Electronics,2025-03-03,109.0,127.2485722905649,-18.248572290564894,18.248572290564894,4
P031,Electronics,2025-03-04,132.0,132.15650737027087,-0.15650737027087303,0.15650737027087303,4
P031,Electronics,2025-03-05,113.0,129.58734962499287,-16.587349624992868,16.587349624992868,4
P031,Electronics,2025-03-06,102.0,129.88924532810844,-27.889245328108444,27.889245328108444,4
P031,Electronics,2025-03-07,165.0,126.94080388743008,38.05919611256992,38.05919611256992,4
P031,Electronics,2025-03-08,292.0,181.5497648273209,110.4502351726791,110.4502351726791,4
P031,Electronics,2025-03-09,240.0,164.5482780023276,75.4517219976724,75.4517219976724,4
P031,Electronics,2025-03-10,220.0,235.56352912379705,-15.563529123797053,15.563529123797053,4
P031,Electronics,2025-03-11,153.0,133.98523555462464,19.014764445375363,19.014764445375363,4
P031,Electronics,2025-03-12,119.0,135.26671605309826,-16.266716053098264,16.266716053098264,4
P031,Electronics,2025-03-13,135.0,136.05214942521698,-1.0521494252169816,1.0521494252169816,4
P031,Electronics,2025-03-14,110.0,137.43943787298488,-27.439437872984882,27.439437872984882,4
P031,Electronics,2025-03-15,212.0,167.99562755616816,44.00437244383184,44.00437244383184,4
P031,Electronics,2025-03-16,160.0,164.84247365560566,-4.842473655605659,4.842473655605659,4
P031,Electronics,2025-03-17,171.0,140.48922098619784,30.510779013802164,30.510779013802164,4
P031,Electronics,2025-03-18,167.0,137.02442461978,29.975575380219993,29.975575380219993,4
P031,Electronics,2025-03-19,150.0,130.79943956316524,19.200560436834763,19.200560436834763,4
P031,Electronics,2025-03-20,152.0,137.25943206160574,14.740567938394264,14.740567938394264,4
P031,Electronics,2025-03-21,109.0,127.83082984980935,-18.830829849809348,18.830829849809348,4
P031,Electronics,2025-03-22,131.0,162.5440315926598,-31.544031592659792,31.544031592659792,4
P031,Electronics,2025-03-23,91.0,157.36589276478884,-66.36589276478884,66.36589276478884,4
P031,Electronics,2025-03-24,114.0,134.5942005432208,-20.594200543220808,20.594200543220808,4
P031,Electronics,2025-03-25,112.0,138.63462691895043,-26.63462691895043,26.63462691895043,4
P031,Electronics,2025-03-26,168.0,135.61017698728378,32.38982301271622,32.38982301271622,4
P031,Electronics,2025-03-27,170.0,134.2671639190325,35.7328360809675,35.7328360809675,4
P031,Electronics,2025-03-28,138.0,135.58998142627408,2.410018573725921,2.410018573725921,4
P031,Electronics,2025-03-29,189.0,156.31486374475367,32.685136255246334,32.685136255246334,4
P031,Electronics,2025-03-30,130.0,152.89258420585432,-22.89258420585432,22.89258420585432,4
P031,Electronics,2025-03-31,131.0,129.88946364629922,1.1105363537007804,1.1105363537007804,4
P031,Electronics,2025-04-01,89.0,132.40825454142023,-43.408254541420234,43.408254541420234,4
P031,Electronics,2025-04-02,133.0,132.65419913596062,0.3458008640393757,0.3458008640393757,4
P031,Electronics,2025-04-03,135.0,132.99770953896558,2.00229046103442,2.00229046103442,4
P031,Electronics,2025-04-04,99.0,138.06116144298005,-39.06116144298005,39.06116144298005,4
P031,Electronics,2025-04-05,199.0,164.34145544267506,34.658544557324944,34.658544557324944,4
P031,Electronics,2025-04-06,143.0,151.62683841466668,-8.626838414666679,8.626838414666679,4
P031,Electronics,2025-04-07,73.0,129.47052865708287,-56.470528657082866,56.470528657082866,4
P031,Electronics,2025-04-08,110.0,131.57943955474894,-21.579439554748944,21.579439554748944,4
P031,Electronics,2025-04-09,161.0,120.7235533235667,40.276446676433295,40.276446676433295,4
P031,Electronics,2025-04-10,85.0,131.56202714233083,-46.562027142330834,46.562027142330834,4
P031,Electronics,2025-04-11,144.0,120.0092009054651,23.990799094534907,23.990799094534907,4
P031,Electronics,2025-04-12,135.0,160.31222646948498,-25.312226469484983,25.312226469484983,4
P031,Electronics,2025-04-13,140.0,156.749289291064,-16.749289291064002,16.749289291064002,4
P031,Electronics,2025-04-14,112.0,123.5359173166749,-11.535917316674897,11.535917316674897,4
P031,Electronics,2025-04-15,122.0,124.0148456356639,-2.014845635663903,2.014845635663903,4
P031,Electronics,2025-04-16,119.0,126.37808464829168,-7.378084648291676,7.378084648291676,4
P031,Electronics,2025-04-17,168.0,120.72832910440692,47.271670895593076,47.271670895593076,4
P031,Electronics,2025-04-18,162.0,117.83608729161723,44.16391270838277,44.16391270838277,4
P031,Electronics,2025-04-19,203.0,146.85977322803666,56.14022677196334,56.14022677196334,4
P031,Electronics,2025-04-20,170.0,144.9192051453027,25.080794854697302,25.080794854697302,4
P031,Electronics,2025-04-21,191.0,177.47504393163283,13.524956068367175,13.524956068367175,4
P031,Electronics,2025-04-22,144.0,122.30858877590158,21.691411224098417,21.691411224098417,4
P031,Electronics,2025-04-23,185.0,139.44624749979505,45.55375250020495,45.55375250020495,4
P031,Electronics,2025-04-24,139.0,130.97171315301554,8.028286846984457,8.028286846984457,4
P031,Electronics,2025-04-25,135.0,128.3721553470328,6.627844652967212,6.627844652967212,4
P031,Electronics,2025-04-26,210.0,154.48217200330103,55.51782799669897,55.51782799669897,4
P031,Electronics,2025-04-27,167.0,155.13179361943813,11.868206380561872,11.868206380561872,4
P031,Electronics,2025-04-28,144.0,127.01860178911188,16.981398210888116,16.981398210888116,4
P031,Electronics,2025-04-29,171.0,124.49573756043226,46.50426243956774,46.50426243956774,4
P031,Electronics,2025-04-30,200.0,127.59806799826671,72.40193200173329,72.40193200173329,4
P031,Electronics,2025-05-01,113.0,132.52545055877042,-19.525450558770416,19.525450558770416,4
P032,Home & Kitchen,2024-09-04,43.0,40.51284465484981,2.4871553451501924,2.4871553451501924,1
P032,Home & Kitchen,2024-09-05,44.0,40.19011048466649,3.8098895153335093,3.8098895153335093,1
P032,Home & Kitchen,2024-09-06,39.0,39.50275027021376,-0.5027502702137596,0.5027502702137596,1
P032,Home & Kitchen,2024-09-07,59.0,50.417049793645035,8.582950206354965,8.582950206354965,1
P032,Home & Kitchen,2024-09-08,95.0,73.76995956427267,21.230040435727332,21.230040435727332,1
P032,Home & Kitchen,2024-09-09,38.0,40.12883397315626,-2.1288339731562615,2.1288339731562615,1
P032,Home & Kitchen,2024-09-10,39.0,42.157713074756835,-3.1577130747568347,3.1577130747568347,1
P032,Home & Kitchen,2024-09-11,38.0,40.70128930783508,-2.701289307835083,2.701289307835083,1
P032,Home & Kitchen,2024-09-12,34.0,41.303376363124165,-7.3033763631241655,7.3033763631241655,1
P032,Home & Kitchen,2024-09-13,28.0,40.1718991993486,-12.171899199348601,12.171899199348601,1
P032,Home & Kitchen,2024-09-14,43.0,52.601396098442144,-9.601396098442144,9.601396098442144,1
P032,Home & Kitchen,2024-09-15,51.0,56.49684600833447,-5.496846008334472,5.496846008334472,1
P032,Home & Kitchen,2024-09-16,51.0,56.803481360418395,-5.803481360418395,5.803481360418395,1
P032,Home & Kitchen,2024-09-17,34.0,39.29144122346908,-5.291441223469079,5.291441223469079,1
P032,Home & Kitchen,2024-09-18,46.0,39.18626562916105,6.813734370838951,6.813734370838951,1
P032,Home & Kitchen,2024-09-19,41.0,38.769675562145146,2.230324437854854,2.230324437854854,1
P032,Home & Kitchen,2024-09-20,56.0,39.44537238116617,16.554627618833827,16.554627618833827,1
P032,Home & Kitchen,2024-09-21,51.0,49.50823920567356,1.4917607943264386,1.4917607943264386,1
P032,Home & Kitchen,2024-09-22,49.0,51.5733625843406,-2.5733625843406003,2.5733625843406003,1
P032,Home & Kitchen,2024-09-23,36.0,38.365328108639524,-2.365328108639524,2.365328108639524,1
P032,Home & Kitchen,2024-09-24,43.0,37.45162791210629,5.548372087893711,5.548372087893711,1
P032,Home & Kitchen,2024-09-25,31.0,39.22631889462987,-8.22631889462987,8.22631889462987,1
P032,Home & Kitchen,2024-09-26,39.0,37.84697824505998,1.1530217549400206,1.1530217549400206,1
P032,Home & Kitchen,2024-09-27,37.0,39.05612810012187,-2.0561281001218674,2.0561281001218674,1
P032,Home & Kitchen,2024-09-28,80.0,72.61302683691319,7.386973163086807,7.386973163086807,1
P032,Home & Kitchen,2024-09-29,48.0,50.12583999863715,-2.1258399986371472,2.1258399986371472,1
P032,Home & Kitchen,2024-09-30,39.0,39.84531493611041,-0.8453149361104124,0.8453149361104124,1
P032,Home & Kitchen,2024-10-01,46.0,39.71579916388593,6.284200836114067,6.284200836114067,1
P032,Home & Kitchen,2024-10-02,48.0,41.58377708732165,6.41622291267835,6.41622291267835,1
P032,Home & Kitchen,2024-10-03,47.0,42.22965669359394,4.770343306406062,4.770343306406062,1
P032,Home & Kitchen,2024-10-04,44.0,42.963321440485096,1.036678559514904,1.036678559514904,1
P032,Home & Kitchen,2024-10-05,49.0,56.43122425618888,-7.431224256188877,7.431224256188877,1
P032,Home & Kitchen,2024-10-06,52.0,54.65918053021999,-2.6591805302199916,2.6591805302199916,1
P032,Home & Kitchen,2024-10-07,41.0,39.82097475819396,1.1790252418060376,1.1790252418060376,1
P032,Home & Kitchen,2024-10-08,44.0,41.306736759699774,2.693263240300226,2.693263240300226,1
P032,Home & Kitchen,2024-10-09,38.0,40.667059200743914,-2.667059200743914,2.667059200743914,1
P032,Home & Kitchen,2024-10-10,40.0,40.002558104787205,-0.0025581047872051954,0.0025581047872051954,1
P032,Home & Kitchen,2024-10-11,48.0,39.576734491401496,8.423265508598504,8.423265508598504,1
P032,Home & Kitchen,2024-10-12,0.0,51.913839150993475,-51.913839150993475,51.913839150993475,1
P032,Home & Kitchen,2024-10-13,52.0,50.08779009073488,1.9122099092651226,1.9122099092651226,1
P032,Home & Kitchen,2024-10-14,39.0,39.2482399937533,-0.24823999375330175,0.24823999375330175,1
P032,Home & Kitchen,2024-10-15,40.0,38.99188905760491,1.008110942395092,1.008110942395092,1
P032,Home & Kitchen,2024-10-16,33.0,39.89877974216884,-6.898779742168841,6.898779742168841,1
P032,Home & Kitchen,2024-10-17,39.0,39.10971399602713,-0.10971399602713205,0.10971399602713205,1
P032,Home & Kitchen,2024-10-18,41.0,40.173611632260474,0.8263883677395256,0.8263883677395256,1
P032,Home & Kitchen,2024-10-19,49.0,46.703147237728295,2.2968527622717048,2.2968527622717048,1
P032,Home & Kitchen,2024-10-20,38.0,48.85693607554784,-10.856936075547843,10.856936075547843,1
P032,Home & Kitchen,2024-10-21,50.0,38.33002935226192,11.669970647738083,11.669970647738083,1
P032,Home & Kitchen,2024-10-22,38.0,39.053612532021944,-1.053612532021944,1.053612532021944,1
P032,Home & Kitchen,2024-10-23,31.0,36.832602229923175,-5.832602229923175,5.832602229923175,1
P032,Home & Kitchen,2024-10-24,51.0,55.588198698848835,-4.588198698848835,4.588198698848835,1
P032,Home & Kitchen,2024-10-25,34.0,39.236129324397375,-5.236129324397375,5.236129324397375,1
P032,Home & Kitchen,2024-10-26,43.0,49.091212339892095,-6.091212339892095,6.091212339892095,1
P032,Home & Kitchen,2024-10-27,52.0,47.771780210723406,4.228219789276594,4.228219789276594,1
P032,Home & Kitchen,2024-10-28,48.0,38.99428756868703,9.005712431312972,9.005712431312972,1
P032,Home & Kitchen,2024-10-29,39.0,38.148203126137076,0.8517968738629236,0.8517968738629236,1
P032,Home & Kitchen,2024-10-30,25.0,37.365396602842196,-12.365396602842196,12.365396602842196,1
P032,Home & Kitchen,2024-10-31,32.0,38.889111974379,-6.889111974378999,6.889111974378999,1
P032,Home & Kitchen,2024-11-01,45.0,37.68184836256774,7.318151637432258,7.318151637432258,1
P032,Home & Kitchen,2024-11-02,41.0,47.953307510111784,-6.9533075101117845,6.9533075101117845,1
P032,Home & Kitchen,2024-11-03,50.0,48.66325541716892,1.3367445828310807,1.3367445828310807,2
P032,Home & Kitchen,2024-11-04,34.0,39.9895040877077,-5.989504087707701,5.989504087707701,2
P032,Home & Kitchen,2024-11-05,42.0,38.0389462632458,3.9610537367542022,3.9610537367542022,2
P032,Home & Kitchen,2024-11-06,41.0,37.21040129609277,3.789598703907231,3.789598703907231,2
P032,Home & Kitchen,2024-11-07,42.0,37.995560916641516,4.004439083358484,4.004439083358484,2
P032,Home & Kitchen,2024-11-08,40.0,38.9873388382942,1.0126611617058003,1.0126611617058003,2
P032,Home & Kitchen,2024-11-09,40.0,46.631487679121655,-6.631487679121655,6.631487679121655,2
P032,Home & Kitchen,2024-11-10,61.0,49.559803207079774,11.440196792920226,11.440196792920226,2
P032,Home & Kitchen,2024-11-11,43.0,38.64443853525358,4.3555614647464225,4.3555614647464225,2
P032,Home & Kitchen,2024-11-12,51.0,38.870938639777755,12.129061360222245,12.129061360222245,2
P032,Home & Kitchen,2024-11-13,46.0,38.66697491775851,7.333025082241491,7.333025082241491,2
P032,Home & Kitchen,2024-11-14,50.0,39.07908073405925,10.920919265940753,10.920919265940753,2
P032,Home & Kitchen,2024-11-15,43.0,39.57863379268719,3.4213662073128077,3.4213662073128077,2
P032,Home & Kitchen,2024-11-16,54.0,48.67552756884465,5.32447243115535,5.32447243115535,2
P032,Home & Kitchen,2024-11-17,49.0,51.42838281893416,-2.4283828189341605,2.4283828189341605,2
P032,Home & Kitchen,2024-11-18,47.0,40.543244433148296,6.4567555668517045,6.4567555668517045,2
P032,Home & Kitchen,2024-11-19,49.0,40.84121541225381,8.15878458774619,8.15878458774619,2
P032,Home & Kitchen,2024-11-20,38.0,40.93144804792951,-2.931448047929507,2.931448047929507,2
P032,Home & Kitchen,2024-11-21,50.0,40.92077917062889,9.07922082937111,9.07922082937111,2
P032,Home & Kitchen,2024-11-22,54.0,40.14779674199413,13.852203258005872,13.852203258005872,2
P032,Home & Kitchen,2024-11-23,125.0,79.09665785915405,45.90334214084595,45.90334214084595,2
P032,Home & Kitchen,2024-11-24,58.0,56.82620274376457,1.1737972562354315,1.1737972562354315,2
P032,Home & Kitchen,2024-11-25,47.0,44.35344500028007,2.646554999719932,2.646554999719932,2
P032,Home & Kitchen,2024-11-26,36.0,44.029181849140436,-8.029181849140436,8.029181849140436,2
P032,Home & Kitchen,2024-11-27,47.0,42.60051380577946,4.399486194220543,4.399486194220543,2
P032,Home & Kitchen,2024-11-28,99.0,45.35049419050939,53.64950580949061,53.64950580949061,2
P032,Home & Kitchen,2024-11-29,94.0,96.50517410666632,-2.505174106666317,2.505174106666317,2
P032,Home & Kitchen,2024-11-30,38.0,70.79766016278762,-32.79766016278762,32.79766016278762,2
P032,Home & Kitchen,2024-12-01,58.0,63.80790407138802,-5.807904071388023,5.807904071388023,2
P032,Home & Kitchen,2024-12-02,51.0,50.318361534454255,0.6816384655457455,0.6816384655457455,2
P032,Home & Kitchen,2024-12-03,53.0,51.391471854254,1.608528145746,1.608528145746,2
P032,Home & Kitchen,2024-12-04,97.0,79.01959714219066,17.980402857809338,17.980402857809338,2
P032,Home & Kitchen,2024-12-05,58.0,57.74533792830818,0.2546620716918184,0.2546620716918184,2
P032,Home & Kitchen,2024-12-06,81.0,103.31658883501592,-22.31658883501592,22.31658883501592,2
P032,Home & Kitchen,2024-12-07,63.0,67.668075227708,-4.668075227708002,4.668075227708002,2
P032,Home & Kitchen,2024-12-08,56.0,69.3762003260091,-13.376200326009098,13.376200326009098,2
P032,Home & Kitchen,2024-12-09,59.0,53.51054064360772,5.489459356392281,5.489459356392281,2
P032,Home & Kitchen,2024-12-10,54.0,53.46051579915911,0.5394842008408887,0.5394842008408887,2
P032,Home & Kitchen,2024-12-11,58.0,57.893674748997626,0.10632525100237444,0.10632525100237444,2
P032,Home & Kitchen,2024-12-12,52.0,55.826720343037245,-3.8267203430372447,3.8267203430372447,2
P032,Home & Kitchen,2024-12-13,41.0,58.03854593038946,-17.03854593038946,17.03854593038946,2
P032,Home & Kitchen,2024-12-14,98.0,95.79588444194746,2.2041155580525356,2.2041155580525356,2
P032,Home & Kitchen,2024-12-15,73.0,69.31111369094212,3.688886309057878,3.688886309057878,2
P032,Home & Kitchen,2024-12-16,70.0,56.60364566794594,13.39635433205406,13.39635433205406,2
P032,Home & Kitchen,2024-12-17,60.0,57.390536141182714,2.6094638588172856,2.6094638588172856,2
P032,Home & Kitchen,2024-12-18,56.0,58.770406510821196,-2.7704065108211964,2.7704065108211964,2
P032,Home & Kitchen,2024-12-19,75.0,57.10216689259225,17.89783310740775,17.89783310740775,2
P032,Home & Kitchen,2024-12-20,58.0,62.03826394908996,-4.038263949089959,4.038263949089959,2
P032,Home & Kitchen,2024-12-21,65.0,79.47674287725557,-14.476742877255575,14.476742877255575,2
P032,Home & Kitchen,2024-12-22,72.0,71.71268164684663,0.28731835315336696,0.28731835315336696,2
P032,Home & Kitchen,2024-12-23,60.0,59.868757793971625,0.1312422060283751,0.1312422060283751,2
P032,Home & Kitchen,2024-12-24,55.0,58.66974697202566,-3.6697469720256635,3.6697469720256635,2
P032,Home & Kitchen,2024-12-25,97.0,135.32737206402246,-38.327372064022455,38.327372064022455,2
P032,Home & Kitchen,2024-12-26,63.0,65.49015768518086,-2.4901576851808613,2.4901576851808613,2
P032,Home & Kitchen,2024-12-27,47.0,63.58938630538187,-16.589386305381872,16.589386305381872,2
P032,Home & Kitchen,2024-12-28,70.0,71.5648714521242,-1.5648714521241942,1.5648714521241942,2
P032,Home & Kitchen,2024-12-29,71.0,75.61920685201093,-4.619206852010933,4.619206852010933,2
P032,Home & Kitchen,2024-12-30,64.0,60.85620457390865,3.1437954260913514,3.1437954260913514,2
P032,Home & Kitchen,2024-12-31,66.0,59.887003348754,6.112996651246,6.112996651246,2
P032,Home & Kitchen,2025-01-01,115.0,122.94741636168924,-7.9474163616892355,7.9474163616892355,2
P032,Home & Kitchen,2025-01-02,63.0,62.285431703709676,0.7145682962903237,0.7145682962903237,3
P032,Home & Kitchen,2025-01-03,68.0,59.91308558360164,8.086914416398358,8.086914416398358,3
P032,Home & Kitchen,2025-01-04,77.0,74.2705930821686,2.7294069178313975,2.7294069178313975,3
P032,Home & Kitchen,2025-01-05,70.0,75.04864137080116,-5.048641370801164,5.048641370801164,3
P032,Home & Kitchen,2025-01-06,84.0,73.70754482541156,10.29245517458844,10.29245517458844,3
P032,Home & Kitchen,2025-01-07,87.0,62.00476914007448,24.99523085992552,24.99523085992552,3
P032,Home & Kitchen,2025-01-08,69.0,69.30187759468292,-0.30187759468292086,0.30187759468292086,3
P032,Home & Kitchen,2025-01-09,71.0,64.22087770010302,6.779122299896983,6.779122299896983,3
P032,Home & Kitchen,2025-01-10,63.0,64.7869788370992,-1.7869788370991984,1.7869788370991984,3
P032,Home & Kitchen,2025-01-11,77.0,79.51832503994657,-2.518325039946575,2.518325039946575,3
P032,Home & Kitchen,2025-01-12,74.0,79.89924331103116,-5.899243311031157,5.899243311031157,3
P032,Home & Kitchen,2025-01-13,69.0,66.68107888478623,2.3189211152137688,2.3189211152137688,3
P032,Home & Kitchen,2025-01-14,79.0,66.32136216085331,12.678637839146688,12.678637839146688,3
P032,Home & Kitchen,2025-01-15,69.0,65.6928623560738,3.307137643926197,3.307137643926197,3
P032,Home & Kitchen,2025-01-16,84.0,65.31433179974425,18.685668200255748,18.685668200255748,3
P032,Home & Kitchen,2025-01-17,73.0,66.393794923018,6.606205076981993,6.606205076981993,3
P032,Home & Kitchen,2025-01-18,74.0,81.2703705358375,-7.2703705358375,7.2703705358375,3
P032,Home & Kitchen,2025-01-19,102.0,90.76929003742896,11.23070996257104,11.23070996257104,3
P032,Home & Kitchen,2025-01-20,63.0,71.47044350198301,-8.470443501983013,8.470443501983013,3
P032,Home & Kitchen,2025-01-21,64.0,68.79176043173273,-4.791760431732726,4.791760431732726,3
P032,Home & Kitchen,2025-01-22,70.0,67.84066196796778,2.159338032032224,2.159338032032224,3
P032,Home & Kitchen,2025-01-23,97.0,66.60786302060919,30.392136979390813,30.392136979390813,3
P032,Home & Kitchen,2025-01-24,86.0,69.30456403570686,16.69543596429314,16.69543596429314,3
P032,Home & Kitchen,2025-01-25,73.0,83.93444976037016,-10.934449760370157,10.934449760370157,3
P032,Home & Kitchen,2025-01-26,89.0,86.45942437047809,2.5405756295219106,2.5405756295219106,3
P032,Home & Kitchen,2025-01-27,90.0,73.0771449972965,16.9228550027035,16.9228550027035,3
P032,Home & Kitchen,2025-01-28,83.0,73.46524659284341,9.534753407156586,9.534753407156586,3
P032,Home & Kitchen,2025-01-29,76.0,73.57796748777712,2.4220325122228843,2.4220325122228843,3
P032,Home & Kitchen,2025-01-30,55.0,75.66102874201725,-20.66102874201725,20.66102874201725,3
P032,Home & Kitchen,2025-01-31,64.0,73.2089759176779,-9.208975917677904,9.208975917677904,3
P032,Home & Kitchen,2025-02-01,90.0,85.28168512452885,4.718314875471151,4.718314875471151,3
P032,Home & Kitchen,2025-02-02,110.0,88.10493740970841,21.895062590291587,21.895062590291587,3
P032,Home & Kitchen,2025-02-03,141.0,115.08939892587553,25.91060107412447,25.91060107412447,3
P032,Home & Kitchen,2025-02-04,73.0,75.08185319436703,-2.081853194367028,2.081853194367028,3
P032,Home & Kitchen,2025-02-05,91.0,75.27463809835947,15.725361901640525,15.725361901640525,3
P032,Home & Kitchen,2025-02-06,143.0,75.24312479671255,67.75687520328745,67.75687520328745,3
P032,Home & Kitchen,2025-02-07,88.0,79.39906128465579,8.600938715344213,8.600938715344213,3
P032,Home & Kitchen,2025-02-08,60.0,92.7835537434691,-32.7835537434691,32.7835537434691,3
P032,Home & Kitchen,2025-02-09,80.0,93.55463227531125,-13.55463227531125,13.55463227531125,3
P032,Home & Kitchen,2025-02-10,67.0,81.12546436959187,-14.125464369591867,14.125464369591867,3
P032,Home & Kitchen,2025-02-11,61.0,78.73956929385596,-17.739569293855965,17.739569293855965,3
P032,Home & Kitchen,2025-02-12,85.0,78.35305625017855,6.646943749821446,6.646943749821446,3
P032,Home & Kitchen,2025-02-13,70.0,80.56574387886052,-10.565743878860516,10.565743878860516,3
P032,Home & Kitchen,2025-02-14,69.0,78.76104703950507,-9.761047039505073,9.761047039505073,3
P032,Home & Kitchen,2025-02-15,98.0,90.17646044810597,7.823539551894029,7.823539551894029,3
P032,Home & Kitchen,2025-02-16,79.0,94.00377649073997,-15.003776490739966,15.003776490739966,3
P032,Home & Kitchen,2025-02-17,66.0,78.19550850701691,-12.19550850701691,12.19550850701691,3
P032,Home & Kitchen,2025-02-18,91.0,78.39415736693934,12.60584263306066,12.60584263306066,3
P032,Home & Kitchen,2025-02-19,91.0,78.88341125570568,12.116588744294319,12.116588744294319,3
P032,Home & Kitchen,2025-02-20,100.0,77.9666721054853,22.0333278945147,22.0333278945147,3
P032,Home & Kitchen,2025-02-21,100.0,79.17290941240965,20.827090587590348,20.827090587590348,3
P032,Home & Kitchen,2025-02-22,82.0,92.39571048979244,-10.395710489792435,10.395710489792435,3
P032,Home & Kitchen,2025-02-23,103.0,93.12620794029934,9.873792059700662,9.873792059700662,3
P032,Home & Kitchen,2025-02-24,107.0,79.39742616588754,27.602573834112462,27.602573834112462,3
P032,Home & Kitchen,2025-02-25,97.0,80.10790045880935,16.892099541190646,16.892099541190646,3
P032,Home & Kitchen,2025-02-26,71.0,83.55040426163708,-12.550404261637084,12.550404261637084,3
P032,Home & Kitchen,2025-02-27,94.0,83.37054256508443,10.629457434915565,10.629457434915565,3
P032,Home & Kitchen,2025-02-28,77.0,84.28457724279994,-7.284577242799941,7.284577242799941,3
P032,Home & Kitchen,2025-03-01,99.0,98.71958443503065,0.2804155649693456,0.2804155649693456,3
P032,Home & Kitchen,2025-03-02,112.0,99.97032100697001,12.02967899302999,12.02967899302999,3
P032,Home & Kitchen,2025-03-03,95.0,84.92792091060073,10.072079089399267,10.072079089399267,4
P032,Home & Kitchen,2025-03-04,84.0,86.65136655961606,-2.651366559616065,2.651366559616065,4
P032,Home & Kitchen,2025-03-05,65.0,86.52316555077881,-21.523165550778813,21.523165550778813,4
P032,Home & Kitchen,2025-03-06,84.0,83.6248627031421,0.37513729685790054,0.37513729685790054,4
P032,Home & Kitchen,2025-03-07,90.0,82.96492576415744,7.035074235842558,7.035074235842558,4
P032,Home & Kitchen,2025-03-08,69.0,95.1202357650561,-26.120235765056094,26.120235765056094,4
P032,Home & Kitchen,2025-03-09,99.0,96.0841151222148,2.915884877785203,2.915884877785203,4
P032,Home & Kitchen,2025-03-10,78.0,83.0389499092471,-5.038949909247094,5.038949909247094,4
P032,Home & Kitchen,2025-03-11,83.0,82.2483594720509,0.7516405279491067,0.7516405279491067,4
P032,Home & Kitchen,2025-03-12,82.0,81.91195271170304,0.08804728829696273,0.08804728829696273,4
P032,Home & Kitchen,2025-03-13,62.0,82.36232072855562,-20.362320728555616,20.362320728555616,4
P032,Home & Kitchen,2025-03-14,116.0,124.43848946145059,-8.438489461450587,8.438489461450587,4
P032,Home & Kitchen,2025-03-15,97.0,99.37657391590483,-2.376573915904828,2.376573915904828,4
P032,Home & Kitchen,2025-03-16,114.0,101.67005439251899,12.329945607481008,12.329945607481008,4
P032,Home & Kitchen,2025-03-17,69.0,83.54592157965553,-14.545921579655527,14.545921579655527,4
P032,Home & Kitchen,2025-03-18,104.0,103.31743731162338,0.6825626883766205,0.6825626883766205,4
P032,Home & Kitchen,2025-03-19,74.0,84.9964078539574,-10.996407853957393,10.996407853957393,4
P032,Home & Kitchen,2025-03-20,98.0,84.27420851789412,13.725791482105876,13.725791482105876,4
P032,Home & Kitchen,2025-03-21,105.0,84.89453119006784,20.105468809932162,20.105468809932162,4
P032,Home & Kitchen,2025-03-22,129.0,101.29105785271607,27.708942147283935,27.708942147283935,4
P032,Home & Kitchen,2025-03-23,143.0,102.64641865022469,40.35358134977531,40.35358134977531,4
P032,Home & Kitchen,2025-03-24,48.0,90.39888991961489,-42.39888991961489,42.39888991961489,4
P032,Home & Kitchen,2025-03-25,80.0,88.00047368025065,-8.00047368025065,8.00047368025065,4
P032,Home & Kitchen,2025-03-26,107.0,86.25214430502324,20.747855694976764,20.747855694976764,4
P032,Home & Kitchen,2025-03-27,76.0,89.66484394657002,-13.664843946570016,13.664843946570016,4
P032,Home & Kitchen,2025-03-28,113.0,90.41289431365388,22.58710568634612,22.58710568634612,4
P032,Home & Kitchen,2025-03-29,111.0,103.95950188391083,7.040498116089168,7.040498116089168,4
P032,Home & Kitchen,2025-03-30,113.0,105.6127565896151,7.387243410384897,7.387243410384897,4
P032,Home & Kitchen,2025-03-31,83.0,90.0859008793247,-7.085900879324697,7.085900879324697,4
P032,Home & Kitchen,2025-04-01,108.0,90.49458513132348,17.505414868676525,17.505414868676525,4
P032,Home & Kitchen,2025-04-02,104.0,89.3964106182169,14.603589381783095,14.603589381783095,4
P032,Home & Kitchen,2025-04-03,95.0,91.68258067152072,3.317419328479275,3.317419328479275,4
P032,Home & Kitchen,2025-04-04,59.0,91.88671541048672,-32.886715410486715,32.886715410486715,4
P032,Home & Kitchen,2025-04-05,91.0,103.47077402742963,-12.470774027429627,12.470774027429627,4
P032,Home & Kitchen,2025-04-06,65.0,103.77224200224579,-38.77224200224579,38.77224200224579,4
P032,Home & Kitchen,2025-04-07,105.0,86.88503473817045,18.114965261829553,18.114965261829553,4
P032,Home & Kitchen,2025-04-08,109.0,87.95248790849413,21.047512091505865,21.047512091505865,4
P032,Home & Kitchen,2025-04-09,85.0,90.16885438474904,-5.168854384749039,5.168854384749039,4
P032,Home & Kitchen,2025-04-10,92.0,87.22601089857822,4.773989101421776,4.773989101421776,4
P032,Home & Kitchen,2025-04-11,88.0,90.55859244331171,-2.55859244331171,2.55859244331171,4
P032,Home & Kitchen,2025-04-12,136.0,103.33275258362572,32.66724741637428,32.66724741637428,4
P032,Home & Kitchen,2025-04-13,111.0,103.64224870072054,7.357751299279457,7.357751299279457,4
P032,Home & Kitchen,2025-04-14,83.0,86.73348105760665,-3.733481057606653,3.733481057606653,4
P032,Home & Kitchen,2025-04-15,91.0,89.19072429392064,1.8092757060793616,1.8092757060793616,4
P032,Home & Kitchen,2025-04-16,92.0,87.4488343254164,4.551165674583601,4.551165674583601,4
P032,Home & Kitchen,2025-04-17,97.0,86.01521283756772,10.984787162432283,10.984787162432283,4
P032,Home & Kitchen,2025-04-18,78.0,86.05667651570926,-8.056676515709256,8.056676515709256,4
P032,Home & Kitchen,2025-04-19,91.0,106.31956798404204,-15.319567984042038,15.319567984042038,4
P032,Home & Kitchen,2025-04-20,75.0,102.58883968441134,-27.58883968441134,27.58883968441134,4
P032,Home & Kitchen,2025-04-21,79.0,84.29302287619946,-5.293022876199458,5.293022876199458,4
P032,Home & Kitchen,2025-04-22,147.0,129.95419048113442,17.045809518865582,17.045809518865582,4
P032,Home & Kitchen,2025-04-23,95.0,87.38111788170903,7.618882118290969,7.618882118290969,4
P032,Home & Kitchen,2025-04-24,105.0,86.48453490444892,18.51546509555108,18.51546509555108,4
P032,Home & Kitchen,2025-04-25,47.0,87.53645628993628,-40.53645628993628,40.53645628993628,4
P032,Home & Kitchen,2025-04-26,116.0,102.24414796836723,13.75585203163277,13.75585203163277,4
P032,Home & Kitchen,2025-04-27,101.0,100.44979715682867,0.5502028431713342,0.5502028431713342,4
P032,Home & Kitchen,2025-04-28,140.0,127.00240919431754,12.997590805682464,12.997590805682464,4
P032,Home & Kitchen,2025-04-29,85.0,88.34495820409028,-3.3449582040902754,3.3449582040902754,4
P032,Home & Kitchen,2025-04-30,85.0,86.79374084186306,-1.7937408418630554,1.7937408418630554,4
P032,Home & Kitchen,2025-05-01,89.0,85.63171067629757,3.3682893237024274,3.3682893237024274,4
P033,Apparel,2024-09-04,47.0,50.411861502222315,-3.4118615022223153,3.4118615022223153,1
P033,Apparel,2024-09-05,43.0,51.950238870800106,-8.950238870800106,8.950238870800106,1
P033,Apparel,2024-09-06,29.0,54.307626897641526,-25.307626897641526,25.307626897641526,1
P033,Apparel,2024-09-07,49.0,69.90157708780065,-20.901577087800646,20.901577087800646,1
P033,Apparel,2024-09-08,39.0,63.91003155888964,-24.910031558889642,24.910031558889642,1
P033,Apparel,2024-09-09,49.0,48.180346144811864,0.819653855188136,0.819653855188136,1
P033,Apparel,2024-09-10,60.0,48.49087430450619,11.509125695493807,11.509125695493807,1
P033,Apparel,2024-09-11,70.0,49.56649214292914,20.433507857070857,20.433507857070857,1
P033,Apparel,2024-09-12,40.0,50.520294242220835,-10.520294242220835,10.520294242220835,1
P033,Apparel,2024-09-13,48.0,47.49287928288473,0.5071207171152707,0.5071207171152707,1
P033,Apparel,2024-09-14,45.0,61.8467649138721,-16.8467649138721,16.8467649138721,1
P033,Apparel,2024-09-15,36.0,58.522912609216164,-22.522912609216164,22.522912609216164,1
P033,Apparel,2024-09-16,79.0,81.0144722804684,-2.0144722804683965,2.0144722804683965,1
P033,Apparel,2024-09-17,19.0,48.891798535853766,-29.891798535853766,29.891798535853766,1
P033,Apparel,2024-09-18,55.0,47.606380196094776,7.393619803905224,7.393619803905224,1
P033,Apparel,2024-09-19,39.0,45.82013523676259,-6.820135236762589,6.820135236762589,1
P033,Apparel,2024-09-20,39.0,45.5595635702338,-6.559563570233799,6.559563570233799,1
P033,Apparel,2024-09-21,27.0,59.569898293264814,-32.569898293264814,32.569898293264814,1
P033,Apparel,2024-09-22,43.0,65.02416387790937,-22.024163877909373,22.024163877909373,1
P033,Apparel,2024-09-23,54.0,45.19357835756919,8.806421642430813,8.806421642430813,1
P033,Apparel,2024-09-24,49.0,44.27458066721521,4.725419332784789,4.725419332784789,1
P033,Apparel,2024-09-25,41.0,44.51786881841052,-3.51786881841052,3.51786881841052,1
P033,Apparel,2024-09-26,47.0,41.7067628250633,5.293237174936699,5.293237174936699,1
P033,Apparel,2024-09-27,34.0,43.81141326670454,-9.811413266704541,9.811413266704541,1
P033,Apparel,2024-09-28,32.0,66.43231671668858,-34.432316716688575,34.432316716688575,1
P033,Apparel,2024-09-29,64.0,48.29297024105522,15.707029758944778,15.707029758944778,1
P033,Apparel,2024-09-30,56.0,42.45687451840179,13.54312548159821,13.54312548159821,1
P033,Apparel,2024-10-01,42.0,39.9226698333875,2.077330166612498,2.077330166612498,1
P033,Apparel,2024-10-02,61.0,40.84164132551799,20.15835867448201,20.15835867448201,1
P033,Apparel,2024-10-03,30.0,42.78873931571102,-12.78873931571102,12.78873931571102,1
P033,Apparel,2024-10-04,56.0,38.37895853360982,17.62104146639018,17.62104146639018,1
P033,Apparel,2024-10-05,42.0,51.71112320806433,-9.711123208064329,9.711123208064329,1
P033,Apparel,2024-10-06,46.0,54.8409457786303,-8.8409457786303,8.8409457786303,1
P033,Apparel,2024-10-07,31.0,44.992113004268454,-13.992113004268454,13.992113004268454,1
P033,Apparel,2024-10-08,58.0,42.96665316687948,15.033346833120518,15.033346833120518,1
P033,Apparel,2024-10-09,58.0,44.138494812324026,13.861505187675974,13.861505187675974,1
P033,Apparel,2024-10-10,42.0,39.757336679079785,2.242663320920215,2.242663320920215,1
P033,Apparel,2024-10-11,42.0,41.84910555975746,0.1508944402425385,0.1508944402425385,1
P033,Apparel,2024-10-12,72.0,49.151708567794216,22.848291432205784,22.848291432205784,1
P033,Apparel,2024-10-13,55.0,56.57536359578927,-1.5753635957892698,1.5753635957892698,1
P033,Apparel,2024-10-14,62.0,68.06755423207409,-6.067554232074087,6.067554232074087,1
P033,Apparel,2024-10-15,21.0,44.49620286821952,-23.49620286821952,23.49620286821952,1
P033,Apparel,2024-10-16,62.0,45.243994503399115,16.756005496600885,16.756005496600885,1
P033,Apparel,2024-10-17,32.0,41.94265487316107,-9.942654873161068,9.942654873161068,1
P033,Apparel,2024-10-18,52.0,42.95838204951527,9.041617950484728,9.041617950484728,1
P033,Apparel,2024-10-19,35.0,55.44762371751242,-20.44762371751242,20.44762371751242,1
P033,Apparel,2024-10-20,60.0,53.883327472770084,6.116672527229916,6.116672527229916,1
P033,Apparel,2024-10-21,41.0,45.0878746685741,-4.087874668574102,4.087874668574102,1
P033,Apparel,2024-10-22,36.0,42.89267647329882,-6.89267647329882,6.89267647329882,1
P033,Apparel,2024-10-23,21.0,45.72397202908918,-24.723972029089182,24.723972029089182,1
P033,Apparel,2024-10-24,41.0,41.53373614138948,-0.5337361413894826,0.5337361413894826,1
P033,Apparel,2024-10-25,23.0,42.57385166629296,-19.57385166629296,19.57385166629296,1
P033,Apparel,2024-10-26,56.0,49.39874143166357,6.6012585683364335,6.6012585683364335,1
P033,Apparel,2024-10-27,60.0,55.55082138958454,4.4491786104154585,4.4491786104154585,1
P033,Apparel,2024-10-28,50.0,43.49809994904346,6.501900050956543,6.501900050956543,1
P033,Apparel,2024-10-29,165.0,40.903025799079415,124.09697420092058,124.09697420092058,1
P033,Apparel,2024-10-30,55.0,75.21743080389632,-20.21743080389632,20.21743080389632,1
P033,Apparel,2024-10-31,57.0,43.48163439423424,13.518365605765759,13.518365605765759,1
P033,Apparel,2024-11-01,78.0,46.459462353333116,31.540537646666884,31.540537646666884,1
P033,Apparel,2024-11-02,50.0,60.73343496730071,-10.73343496730071,10.73343496730071,1
P033,Apparel,2024-11-03,65.0,65.24479762783005,-0.244797627830053,0.244797627830053,2
P033,Apparel,2024-11-04,43.0,49.804342961789004,-6.804342961789004,6.804342961789004,2
P033,Apparel,2024-11-05,47.0,50.44856509368922,-3.4485650936892185,3.4485650936892185,2
P033,Apparel,2024-11-06,39.0,49.12848352693527,-10.12848352693527,10.12848352693527,2
P033,Apparel,2024-11-07,56.0,50.55060691148342,5.4493930885165796,5.4493930885165796,2
P033,Apparel,2024-11-08,32.0,77.4465435450374,-45.4465435450374,45.4465435450374,2
P033,Apparel,2024-11-09,16.0,62.85999903556598,-46.85999903556598,46.85999903556598,2
P033,Apparel,2024-11-10,52.0,60.88431765630817,-8.88431765630817,8.88431765630817,2
P033,Apparel,2024-11-11,63.0,46.44554229109449,16.55445770890551,16.55445770890551,2
P033,Apparel,2024-11-12,59.0,45.80490876341289,13.19509123658711,13.19509123658711,2
P033,Apparel,2024-11-13,58.0,47.11531509774334,10.884684902256659,10.884684902256659,2
P033,Apparel,2024-11-14,76.0,48.283482200012116,27.716517799987884,27.716517799987884,2
P033,Apparel,2024-11-15,70.0,49.37238712913647,20.62761287086353,20.62761287086353,2
P033,Apparel,2024-11-16,53.0,59.08767658795887,-6.0876765879588675,6.0876765879588675,2
P033,Apparel,2024-11-17,50.0,62.41849208381032,-12.418492083810321,12.418492083810321,2
P033,Apparel,2024-11-18,26.0,49.55567864352224,-23.555678643522242,23.555678643522242,2
P033,Apparel,2024-11-19,74.0,73.50107829390151,0.49892170609848563,0.49892170609848563,2
P033,Apparel,2024-11-20,74.0,50.86154025533344,23.138459744666562,23.138459744666562,2
P033,Apparel,2024-11-21,66.0,54.916687515399175,11.083312484600825,11.083312484600825,2
P033,Apparel,2024-11-22,69.0,52.638755558094196,16.361244441905804,16.361244441905804,2
P033,Apparel,2024-11-23,59.0,65.45342420936687,-6.453424209366872,6.453424209366872,2
P033,Apparel,2024-11-24,52.0,66.0989125343605,-14.098912534360494,14.098912534360494,2
P033,Apparel,2024-11-25,83.0,77.88474852100718,5.115251478992818,5.115251478992818,2
P033,Apparel,2024-11-26,63.0,58.59441654357123,4.405583456428772,4.405583456428772,2
P033,Apparel,2024-11-27,49.0,58.17541607993485,-9.175416079934848,9.175416079934848,2
P033,Apparel,2024-11-28,62.0,57.61570450252327,4.384295497476728,4.384295497476728,2
P033,Apparel,2024-11-29,109.0,120.53498448482696,-11.534984484826964,11.534984484826964,2
P033,Apparel,2024-11-30,61.0,70.50370978647682,-9.503709786476819,9.503709786476819,2
P033,Apparel,2024-12-01,51.0,69.79625609534232,-18.796256095342315,18.796256095342315,2
P033,Apparel,2024-12-02,54.0,57.31140657915841,-3.311406579158408,3.311406579158408,2
P033,Apparel,2024-12-03,76.0,76.99363250421446,-0.9936325042144603,0.9936325042144603,2
P033,Apparel,2024-12-04,53.0,55.988805017872586,-2.9888050178725862,2.9888050178725862,2
P033,Apparel,2024-12-05,41.0,57.428432092921405,-16.428432092921405,16.428432092921405,2
P033,Apparel,2024-12-06,32.0,59.65174856001333,-27.65174856001333,27.65174856001333,2
P033,Apparel,2024-12-07,94.0,67.42643827850371,26.57356172149629,26.57356172149629,2
P033,Apparel,2024-12-08,74.0,70.12140168044374,3.8785983195562608,3.8785983195562608,2
P033,Apparel,2024-12-09,51.0,58.79763627914091,-7.79763627914091,7.79763627914091,2
P033,Apparel,2024-12-10,69.0,59.121166734673174,9.878833265326826,9.878833265326826,2
P033,Apparel,2024-12-11,55.0,57.18923673628572,-2.1892367362857215,2.1892367362857215,2
P033,Apparel,2024-12-12,75.0,58.15648611026797,16.84351388973203,16.84351388973203,2
P033,Apparel,2024-12-13,45.0,60.36235677050386,-15.362356770503858,15.362356770503858,2
P033,Apparel,2024-12-14,44.0,72.26483034611117,-28.264830346111168,28.264830346111168,2
P033,Apparel,2024-12-15,42.0,70.25801175158918,-28.25801175158918,28.25801175158918,2
P033,Apparel,2024-12-16,50.0,53.83203959078678,-3.8320395907867777,3.8320395907867777,2
P033,Apparel,2024-12-17,24.0,58.37148979055519,-34.37148979055519,34.37148979055519,2
P033,Apparel,2024-12-18,53.0,52.385558995645944,0.614441004354056,0.614441004354056,2
P033,Apparel,2024-12-19,43.0,55.10808117981704,-12.108081179817042,12.108081179817042,2
P033,Apparel,2024-12-20,49.0,51.47035611799489,-2.470356117994889,2.470356117994889,2
P033,Apparel,2024-12-21,74.0,64.33327733885412,9.666722661145883,9.666722661145883,2
P033,Apparel,2024-12-22,75.0,62.987103488870915,12.012896511129085,12.012896511129085,2
P033,Apparel,2024-12-23,30.0,53.70292459163153,-23.70292459163153,23.70292459163153,2
P033,Apparel,2024-12-24,72.0,51.700775813266304,20.299224186733696,20.299224186733696,2
P033,Apparel,2024-12-25,113.0,109.75239578303183,3.2476042169681705,3.2476042169681705,2
P033,Apparel,2024-12-26,23.0,54.701911615062194,-31.701911615062194,31.701911615062194,2
P033,Apparel,2024-12-27,22.0,52.212078205333974,-30.212078205333974,30.212078205333974,2
P033,Apparel,2024-12-28,84.0,64.95763437853736,19.042365621462636,19.042365621462636,2
P033,Apparel,2024-12-29,73.0,64.86582787054022,8.134172129459785,8.134172129459785,2
P033,Apparel,2024-12-30,74.0,52.52474150139036,21.47525849860964,21.47525849860964,2
P033,Apparel,2024-12-31,93.0,57.07404711939884,35.92595288060116,35.92595288060116,2
P033,Apparel,2025-01-01,129.0,115.17050527909339,13.82949472090661,13.82949472090661,2
P033,Apparel,2025-01-02,79.0,53.0590326657634,25.940967334236603,25.940967334236603,3
P033,Apparel,2025-01-03,47.0,54.96048130551119,-7.960481305511188,7.960481305511188,3
P033,Apparel,2025-01-04,57.0,76.10944346579377,-19.109443465793774,19.109443465793774,3
P033,Apparel,2025-01-05,84.0,74.00588027702949,9.99411972297051,9.99411972297051,3
P033,Apparel,2025-01-06,37.0,56.23128056787108,-19.23128056787108,19.23128056787108,3
P033,Apparel,2025-01-07,31.0,59.65122158802237,-28.651221588022374,28.651221588022374,3
P033,Apparel,2025-01-08,38.0,58.99300786240646,-20.993007862406458,20.993007862406458,3
P033,Apparel,2025-01-09,44.0,52.5691318537118,-8.569131853711802,8.569131853711802,3
P033,Apparel,2025-01-10,41.0,49.432275500410675,-8.432275500410675,8.432275500410675,3
P033,Apparel,2025-01-11,55.0,68.78010675258209,-13.780106752582086,13.780106752582086,3
P033,Apparel,2025-01-12,88.0,70.80652371932219,17.193476280677814,17.193476280677814,3
P033,Apparel,2025-01-13,67.0,53.13293093191566,13.86706906808434,13.86706906808434,3
P033,Apparel,2025-01-14,54.0,54.30351221710307,-0.3035122171030693,0.3035122171030693,3
P033,Apparel,2025-01-15,69.0,52.44067493257887,16.559325067421128,16.559325067421128,3
P033,Apparel,2025-01-16,89.0,54.01207761433392,34.98792238566608,34.98792238566608,3
P033,Apparel,2025-01-17,69.0,55.44971835029919,13.550281649700807,13.550281649700807,3
P033,Apparel,2025-01-18,90.0,71.79343704141763,18.206562958582367,18.206562958582367,3
P033,Apparel,2025-01-19,66.0,76.59081600770406,-10.590816007704063,10.590816007704063,3
P033,Apparel,2025-01-20,74.0,59.81846665602626,14.18153334397374,14.18153334397374,3
P033,Apparel,2025-01-21,78.0,59.72900489782009,18.27099510217991,18.27099510217991,3
P033,Apparel,2025-01-22,25.0,61.786824864768285,-36.786824864768285,36.786824864768285,3
P033,Apparel,2025-01-23,104.0,58.497561784480304,45.502438215519696,45.502438215519696,3
P033,Apparel,2025-01-24,55.0,61.05952612211549,-6.059526122115493,6.059526122115493,3
P033,Apparel,2025-01-25,61.0,79.32823823541831,-18.32823823541831,18.32823823541831,3
P033,Apparel,2025-01-26,71.0,76.89392731868105,-5.893927318681051,5.893927318681051,3
P033,Apparel,2025-01-27,96.0,63.623123186076334,32.376876813923666,32.376876813923666,3
P033,Apparel,2025-01-28,32.0,64.01295010498389,-32.01295010498389,32.01295010498389,3
P033,Apparel,2025-01-29,76.0,60.640100561538105,15.359899438461895,15.359899438461895,3
P033,Apparel,2025-01-30,58.0,63.591132968985214,-5.591132968985214,5.591132968985214,3
P033,Apparel,2025-01-31,75.0,56.48238754228642,18.517612457713582,18.517612457713582,3
P033,Apparel,2025-02-01,61.0,75.01648080292276,-14.016480802922757,14.016480802922757,3
P033,Apparel,2025-02-02,71.0,74.6809285762631,-3.680928576263099,3.680928576263099,3
P033,Apparel,2025-02-03,52.0,61.89687208027119,-9.896872080271187,9.896872080271187,3
P033,Apparel,2025-02-04,67.0,56.91633698285439,10.08366301714561,10.08366301714561,3
P033,Apparel,2025-02-05,51.0,60.46737179123725,-9.467371791237248,9.467371791237248,3
P033,Apparel,2025-02-06,67.0,61.0719682667878,5.928031733212201,5.928031733212201,3
P033,Apparel,2025-02-07,73.0,61.41529077642197,11.584709223578031,11.584709223578031,3
P033,Apparel,2025-02-08,120.0,75.65388639531305,44.34611360468695,44.34611360468695,3
P033,Apparel,2025-02-09,79.0,80.09572277756051,-1.0957227775605105,1.0957227775605105,3
P033,Apparel,2025-02-10,56.0,65.03137332262048,-9.031373322620482,9.031373322620482,3
P033,Apparel,2025-02-11,53.0,62.61360920181657,-9.613609201816573,9.613609201816573,3
P033,Apparel,2025-02-12,50.0,63.26056271613525,-13.260562716135247,13.260562716135247,3
P033,Apparel,2025-02-13,57.0,64.26710971782838,-7.267109717828376,7.267109717828376,3
P033,Apparel,2025-02-14,53.0,62.39996192714875,-9.399961927148752,9.399961927148752,3
P033,Apparel,2025-02-15,103.0,80.74009854425367,22.25990145574633,22.25990145574633,3
P033,Apparel,2025-02-16,77.0,78.63123919622646,-1.6312391962264599,1.6312391962264599,3
P033,Apparel,2025-02-17,62.0,61.60687674240003,0.39312325759996725,0.39312325759996725,3
P033,Apparel,2025-02-18,70.0,60.752718649043196,9.247281350956804,9.247281350956804,3
P033,Apparel,2025-02-19,87.0,59.56395734617447,27.43604265382553,27.43604265382553,3
P033,Apparel,2025-02-20,51.0,65.46535391165195,-14.465353911651945,14.465353911651945,3
P033,Apparel,2025-02-21,65.0,60.59556300267258,4.404436997327423,4.404436997327423,3
P033,Apparel,2025-02-22,116.0,83.59093910309754,32.40906089690246,32.40906089690246,3
P033,Apparel,2025-02-23,82.0,123.6142494722342,-41.61424947223421,41.61424947223421,3
P033,Apparel,2025-02-24,52.0,64.99456203945329,-12.994562039453285,12.994562039453285,3
P033,Apparel,2025-02-25,81.0,61.14504257563835,19.85495742436165,19.85495742436165,3
P033,Apparel,2025-02-26,59.0,66.45569384585139,-7.4556938458513855,7.4556938458513855,3
P033,Apparel,2025-02-27,60.0,64.27162628236444,-4.271626282364437,4.271626282364437,3
P033,Apparel,2025-02-28,73.0,65.38870233809801,7.611297661901986,7.611297661901986,3
P033,Apparel,2025-03-01,59.0,88.19388361622491,-29.19388361622491,29.19388361622491,3
P033,Apparel,2025-03-02,92.0,81.9480915315668,10.051908468433197,10.051908468433197,3
P033,Apparel,2025-03-03,145.0,82.6354475628386,62.36455243716139,62.36455243716139,4
P033,Apparel,2025-03-04,42.0,70.2256926551775,-28.225692655177497,28.225692655177497,4
P033,Apparel,2025-03-05,49.0,66.17832439085014,-17.178324390850136,17.178324390850136,4
P033,Apparel,2025-03-06,107.0,65.71705012572532,41.28294987427468,41.28294987427468,4
P033,Apparel,2025-03-07,57.0,72.0471203560548,-15.047120356054805,15.047120356054805,4
P033,Apparel,2025-03-08,76.0,88.7150574060666,-12.715057406066606,12.715057406066606,4
P033,Apparel,2025-03-09,48.0,87.12371265852097,-39.12371265852097,39.12371265852097,4
P033,Apparel,2025-03-10,99.0,65.01568400449247,33.98431599550753,33.98431599550753,4
P033,Apparel,2025-03-11,85.0,64.22627704729379,20.77372295270621,20.77372295270621,4
P033,Apparel,2025-03-12,75.0,63.61425347611328,11.385746523886723,11.385746523886723,4
P033,Apparel,2025-03-13,70.0,68.96381822562614,1.0361817743738584,1.0361817743738584,4
P033,Apparel,2025-03-14,59.0,69.41171466927155,-10.411714669271547,10.411714669271547,4
P033,Apparel,2025-03-15,76.0,87.70960641536692,-11.70960641536692,11.70960641536692,4
P033,Apparel,2025-03-16,94.0,86.38365379420271,7.616346205797285,7.616346205797285,4
P033,Apparel,2025-03-17,50.0,70.6752255118014,-20.6752255118014,20.6752255118014,4
P033,Apparel,2025-03-18,101.0,67.49335480010183,33.50664519989817,33.50664519989817,4
P033,Apparel,2025-03-19,100.0,70.74316567664381,29.256834323356188,29.256834323356188,4
P033,Apparel,2025-03-20,87.0,72.04711109237606,14.952888907623944,14.952888907623944,4
P033,Apparel,2025-03-21,80.0,72.19114128910117,7.808858710898832,7.808858710898832,4
P033,Apparel,2025-03-22,102.0,91.8408925149635,10.1591074850365,10.1591074850365,4
P033,Apparel,2025-03-23,124.0,92.00730966345382,31.992690336546175,31.992690336546175,4
P033,Apparel,2025-03-24,59.0,72.26679680228817,-13.26679680228817,13.26679680228817,4
P033,Apparel,2025-03-25,91.0,76.00073156028485,14.999268439715152,14.999268439715152,4
P033,Apparel,2025-03-26,43.0,74.9346865577192,-31.934686557719203,31.934686557719203,4
P033,Apparel,2025-03-27,77.0,73.62880786396933,3.371192136030672,3.371192136030672,4
P033,Apparel,2025-03-28,77.0,74.5151058553525,2.484894144647498,2.484894144647498,4
P033,Apparel,2025-03-29,97.0,93.58260742530524,3.417392574694759,3.417392574694759,4
P033,Apparel,2025-03-30,54.0,97.65174299313138,-43.65174299313138,43.65174299313138,4
P033,Apparel,2025-03-31,66.0,73.85465629493049,-7.854656294930493,7.854656294930493,4
P033,Apparel,2025-04-01,80.0,72.58834418364174,7.411655816358262,7.411655816358262,4
P033,Apparel,2025-04-02,81.0,71.17075444711506,9.829245552884942,9.829245552884942,4
P033,Apparel,2025-04-03,72.0,75.69932240636449,-3.6993224063644874,3.6993224063644874,4
P033,Apparel,2025-04-04,78.0,74.0532248179815,3.9467751820184986,3.9467751820184986,4
P033,Apparel,2025-04-05,85.0,92.22344487941196,-7.223444879411957,7.223444879411957,4
P033,Apparel,2025-04-06,66.0,89.36171933001204,-23.361719330012036,23.361719330012036,4
P033,Apparel,2025-04-07,69.0,72.52341186659967,-3.523411866599673,3.523411866599673,4
P033,Apparel,2025-04-08,44.0,71.19459381386602,-27.19459381386602,27.19459381386602,4
P033,Apparel,2025-04-09,67.0,69.47993333671229,-2.4799333367122927,2.4799333367122927,4
P033,Apparel,2025-04-10,64.0,71.08738887871509,-7.087388878715089,7.087388878715089,4
P033,Apparel,2025-04-11,54.0,71.17002649217228,-17.170026492172283,17.170026492172283,4
P033,Apparel,2025-04-12,81.0,87.89044358541501,-6.890443585415014,6.890443585415014,4
P033,Apparel,2025-04-13,74.0,85.73766914344941,-11.73766914344941,11.73766914344941,4
P033,Apparel,2025-04-14,94.0,68.14106256271563,25.858937437284368,25.858937437284368,4
P033,Apparel,2025-04-15,163.0,121.17544151454948,41.824558485450524,41.824558485450524,4
P033,Apparel,2025-04-16,26.0,73.29471369912139,-47.29471369912139,47.29471369912139,4
P033,Apparel,2025-04-17,66.0,68.26258375624047,-2.262583756240474,2.262583756240474,4
P033,Apparel,2025-04-18,70.0,66.212906807373,3.7870931926269975,3.7870931926269975,4
P033,Apparel,2025-04-19,85.0,86.40438448077522,-1.4043844807752208,1.4043844807752208,4
P033,Apparel,2025-04-20,79.0,83.5407270432358,-4.540727043235805,4.540727043235805,4
P033,Apparel,2025-04-21,83.0,98.41543619359426,-15.41543619359426,15.41543619359426,4
P033,Apparel,2025-04-22,89.0,68.39399737820551,20.606002621794488,20.606002621794488,4
P033,Apparel,2025-04-23,83.0,65.597275493603,17.402724506397007,17.402724506397007,4
P033,Apparel,2025-04-24,99.0,71.20943914171023,27.790560858289766,27.790560858289766,4
P033,Apparel,2025-04-25,60.0,71.63974676962845,-11.639746769628445,11.639746769628445,4
P033,Apparel,2025-04-26,52.0,91.06080203400725,-39.06080203400725,39.06080203400725,4
P033,Apparel,2025-04-27,108.0,86.7709385839377,21.229061416062294,21.229061416062294,4
P033,Apparel,2025-04-28,77.0,71.64223415935388,5.357765840646124,5.357765840646124,4
P033,Apparel,2025-04-29,59.0,72.01206332907606,-13.012063329076057,13.012063329076057,4
P033,Apparel,2025-04-30,59.0,68.9393527816941,-9.939352781694097,9.939352781694097,4
P033,Apparel,2025-05-01,43.0,68.88963464721739,-25.88963464721739,25.88963464721739,4
P034,Beauty,2024-09-04,19.0,20.080911955307204,-1.0809119553072044,1.0809119553072044,1
P034,Beauty,2024-09-05,16.0,20.080911955307204,-4.080911955307204,4.080911955307204,1
P034,Beauty,2024-09-06,17.0,20.080911955307204,-3.0809119553072044,3.0809119553072044,1
P034,Beauty,2024-09-07,25.0,24.806064044155477,0.19393595584452328,0.19393595584452328,1
P034,Beauty,2024-09-08,32.0,25.83948163355544,6.16051836644456,6.16051836644456,1
P034,Beauty,2024-09-09,13.0,20.831524938685686,-7.8315249386856856,7.8315249386856856,1
P034,Beauty,2024-09-10,18.0,19.940537652857202,-1.940537652857202,1.940537652857202,1
P034,Beauty,2024-09-11,17.0,20.31800016954039,-3.3180001695403902,3.3180001695403902,1
P034,Beauty,2024-09-12,17.0,20.31800016954039,-3.3180001695403902,3.3180001695403902,1
P034,Beauty,2024-09-13,13.0,19.940537652857202,-6.940537652857202,6.940537652857202,1
P034,Beauty,2024-09-14,21.0,24.200680511549823,-3.200680511549823,3.200680511549823,1
P034,Beauty,2024-09-15,26.0,24.357918505330986,1.6420814946690143,1.6420814946690143,1
P034,Beauty,2024-09-16,13.0,20.021748937634744,-7.021748937634744,7.021748937634744,1
P034,Beauty,2024-09-17,21.0,19.530761680180415,1.4692383198195849,1.4692383198195849,1
P034,Beauty,2024-09-18,17.0,19.530761680180415,-2.530761680180415,2.530761680180415,1
P034,Beauty,2024-09-19,0.0,19.530761680180415,-19.530761680180415,19.530761680180415,1
P034,Beauty,2024-09-20,13.0,19.908224196863603,-6.908224196863603,6.908224196863603,1
P034,Beauty,2024-09-21,28.0,21.18855184228015,6.811448157719848,6.811448157719848,1
P034,Beauty,2024-09-22,31.0,24.52182210938272,6.478177890617282,6.478177890617282,1
P034,Beauty,2024-09-23,22.0,22.347634041053038,-0.34763404105303763,0.34763404105303763,1
P034,Beauty,2024-09-24,18.0,19.530761680180415,-1.5307616801804151,1.5307616801804151,1
P034,Beauty,2024-09-25,16.0,19.530761680180415,-3.530761680180415,3.530761680180415,1
P034,Beauty,2024-09-26,14.0,19.530761680180415,-5.530761680180415,5.530761680180415,1
P034,Beauty,2024-09-27,16.0,19.530761680180415,-3.530761680180415,3.530761680180415,1
P034,Beauty,2024-09-28,28.0,24.437329236505203,3.562670763494797,3.562670763494797,1
P034,Beauty,2024-09-29,23.0,25.071289886718695,-2.071289886718695,2.071289886718695,1
P034,Beauty,2024-09-30,19.0,19.746723703033638,-0.7467237030336378,0.7467237030336378,1
P034,Beauty,2024-10-01,15.0,19.70046624633153,-4.70046624633153,4.70046624633153,1
P034,Beauty,2024-10-02,16.0,19.70046624633153,-3.70046624633153,3.70046624633153,1
P034,Beauty,2024-10-03,16.0,19.70046624633153,-3.70046624633153,3.70046624633153,1
P034,Beauty,2024-10-04,22.0,26.743158707836113,-4.743158707836113,4.743158707836113,1
P034,Beauty,2024-10-05,19.0,25.42720956825431,-6.427209568254309,6.427209568254309,1
P034,Beauty,2024-10-06,26.0,24.791551391454277,1.208448608545723,1.208448608545723,1
P034,Beauty,2024-10-07,18.0,19.81399098710267,-1.8139909871026703,1.8139909871026703,1
P034,Beauty,2024-10-08,15.0,19.70046624633153,-4.70046624633153,4.70046624633153,1
P034,Beauty,2024-10-09,16.0,19.70046624633153,-3.70046624633153,3.70046624633153,1
P034,Beauty,2024-10-10,15.0,21.801132823831114,-6.801132823831114,6.801132823831114,1
P034,Beauty,2024-10-11,12.0,19.70046624633153,-7.70046624633153,7.70046624633153,1
P034,Beauty,2024-10-12,0.0,24.187717811082084,-24.187717811082084,24.187717811082084,1
P034,Beauty,2024-10-13,24.0,22.080394985047008,1.9196050149529924,1.9196050149529924,1
P034,Beauty,2024-10-14,15.0,17.50064431523093,-2.500644315230929,2.500644315230929,1
P034,Beauty,2024-10-15,17.0,17.878106831914117,-0.878106831914117,0.878106831914117,1
P034,Beauty,2024-10-16,13.0,17.50064431523093,-4.500644315230929,4.500644315230929,1
P034,Beauty,2024-10-17,21.0,17.50064431523093,3.499355684769071,3.499355684769071,1
P034,Beauty,2024-10-18,16.0,17.50064431523093,-1.5006443152309288,1.5006443152309288,1
P034,Beauty,2024-10-19,27.0,21.96208998880346,5.037910011196541,5.037910011196541,1
P034,Beauty,2024-10-20,33.0,22.596050639016955,10.403949360983045,10.403949360983045,1
P034,Beauty,2024-10-21,15.0,17.991631572685257,-2.9916315726852574,2.9916315726852574,1
P034,Beauty,2024-10-22,13.0,17.50064431523093,-4.500644315230929,4.500644315230929,1
P034,Beauty,2024-10-23,16.0,20.024323671313883,-4.0243236713138835,4.0243236713138835,1
P034,Beauty,2024-10-24,21.0,17.50064431523093,3.499355684769071,3.499355684769071,1
P034,Beauty,2024-10-25,15.0,17.50064431523093,-2.500644315230929,2.500644315230929,1
P034,Beauty,2024-10-26,23.0,22.489488459932982,0.5105115400670179,0.5105115400670179,1
P034,Beauty,2024-10-27,45.0,39.498820527976136,5.501179472023864,5.501179472023864,1
P034,Beauty,2024-10-28,18.0,20.685044045725938,-2.685044045725938,2.685044045725938,1
P034,Beauty,2024-10-29,21.0,20.599554108200678,0.4004458917993219,0.4004458917993219,1
P034,Beauty,2024-10-30,16.0,20.599554108200678,-4.599554108200678,4.599554108200678,1
P034,Beauty,2024-10-31,18.0,20.599554108200678,-2.599554108200678,2.599554108200678,1
P034,Beauty,2024-11-01,16.0,20.977016624883866,-4.977016624883866,4.977016624883866,1
P034,Beauty,2024-11-02,28.0,25.151785750254767,2.848214249745233,2.848214249745233,1
P034,Beauty,2024-11-03,28.0,26.848543138085322,1.1514568619146779,1.1514568619146779,2
P034,Beauty,2024-11-04,18.0,18.947557038130018,-0.947557038130018,0.947557038130018,2
P034,Beauty,2024-11-05,23.0,19.021630372388444,3.9783696276115563,3.9783696276115563,2
P034,Beauty,2024-11-06,22.0,19.79601830709398,2.2039816929060194,2.2039816929060194,2
P034,Beauty,2024-11-07,15.0,19.79601830709398,-4.796018307093981,4.796018307093981,2
P034,Beauty,2024-11-08,17.0,19.79601830709398,-2.7960183070939806,2.7960183070939806,2
P034,Beauty,2024-11-09,24.0,24.064743895785544,-0.06474389578554351,0.06474389578554351,2
P034,Beauty,2024-11-10,35.0,26.86587895977793,8.13412104022207,8.13412104022207,2
P034,Beauty,2024-11-11,16.0,20.26777302021614,-4.26777302021614,4.26777302021614,2
P034,Beauty,2024-11-12,22.0,20.42252443447829,1.5774755655217092,1.5774755655217092,2
P034,Beauty,2024-11-13,22.0,20.194236787260948,1.805763212739052,1.805763212739052,2
P034,Beauty,2024-11-14,15.0,20.60588764044303,-5.605887640443029,5.605887640443029,2
P034,Beauty,2024-11-15,14.0,20.085192538335647,-6.085192538335647,6.085192538335647,2
P034,Beauty,2024-11-16,21.0,26.523650870369792,-5.523650870369792,5.523650870369792,2
P034,Beauty,2024-11-17,34.0,27.430401769472365,6.569598230527635,6.569598230527635,2
P034,Beauty,2024-11-18,21.0,20.26777302021614,0.7322269797838601,0.7322269797838601,2
P034,Beauty,2024-11-19,21.0,20.194236787260948,0.8057632127390519,0.8057632127390519,2
P034,Beauty,2024-11-20,23.0,20.194236787260948,2.805763212739052,2.805763212739052,2
P034,Beauty,2024-11-21,18.0,20.60588764044303,-2.6058876404430293,2.6058876404430293,2
P034,Beauty,2024-11-22,19.0,20.085192538335647,-1.0851925383356473,1.0851925383356473,2
P034,Beauty,2024-11-23,42.0,26.032267157741195,15.967732842258805,15.967732842258805,2
P034,Beauty,2024-11-24,33.0,29.654177938911435,3.3458220610885654,3.3458220610885654,2
P034,Beauty,2024-11-25,15.0,21.58511328283576,-6.58511328283576,6.58511328283576,2
P034,Beauty,2024-11-26,23.0,21.92322790306265,1.0767720969373507,1.0767720969373507,2
P034,Beauty,2024-11-27,25.0,21.63082044817261,3.36917955182739,3.36917955182739,2
P034,Beauty,2024-11-28,18.0,21.293488552029967,-3.2934885520299666,3.2934885520299666,2
P034,Beauty,2024-11-29,87.0,49.02597259952435,37.97402740047565,37.97402740047565,2
P034,Beauty,2024-11-30,33.0,34.406968813042226,-1.4069688130422264,1.4069688130422264,2
P034,Beauty,2024-12-01,30.0,34.37810429034019,-4.37810429034019,4.37810429034019,2
P034,Beauty,2024-12-02,20.0,25.535633338173948,-5.535633338173948,5.535633338173948,2
P034,Beauty,2024-12-03,22.0,26.62933574762079,-4.6293357476207895,4.6293357476207895,2
P034,Beauty,2024-12-04,19.0,26.43586106656301,-7.43586106656301,7.43586106656301,2
P034,Beauty,2024-12-05,21.0,24.450063177513154,-3.4500631775131545,3.4500631775131545,2
P034,Beauty,2024-12-06,25.0,29.981182371600845,-4.981182371600845,4.981182371600845,2
P034,Beauty,2024-12-07,36.0,32.275303077091536,3.724696922908464,3.724696922908464,2
P034,Beauty,2024-12-08,37.0,32.90091974689486,4.099080253105143,4.099080253105143,2
P034,Beauty,2024-12-09,20.0,24.729474250291922,-4.729474250291922,4.729474250291922,2
P034,Beauty,2024-12-10,22.0,25.292370082538334,-3.2923700825383335,3.2923700825383335,2
P034,Beauty,2024-12-11,42.0,39.040500283882714,2.9594997161172856,2.9594997161172856,2
P034,Beauty,2024-12-12,24.0,25.757922905675937,-1.7579229056759367,1.7579229056759367,2
P034,Beauty,2024-12-13,26.0,28.477385866105585,-2.4773858661055854,2.4773858661055854,2
P034,Beauty,2024-12-14,37.0,31.579020236395028,5.420979763604972,5.420979763604972,2
P034,Beauty,2024-12-15,30.0,34.160337854916214,-4.160337854916214,4.160337854916214,2
P034,Beauty,2024-12-16,30.0,27.32874680245736,2.67125319754264,2.67125319754264,2
P034,Beauty,2024-12-17,19.0,25.71080240435402,-6.71080240435402,6.71080240435402,2
P034,Beauty,2024-12-18,23.0,27.52802337227376,-4.528023372273761,4.528023372273761,2
P034,Beauty,2024-12-19,29.0,25.235814467583488,3.764185532416512,3.764185532416512,2
P034,Beauty,2024-12-20,23.0,25.590344055371077,-2.5903440553710766,2.5903440553710766,2
P034,Beauty,2024-12-21,32.0,34.25941230693519,-2.2594123069351895,2.2594123069351895,2
P034,Beauty,2024-12-22,39.0,33.33214422347964,5.667855776520362,5.667855776520362,2
P034,Beauty,2024-12-23,27.0,25.77463143640567,1.2253685635943299,1.2253685635943299,2
P034,Beauty,2024-12-24,23.0,25.937665522863917,-2.9376655228639166,2.9376655228639166,2
P034,Beauty,2024-12-25,70.0,55.792207237988336,14.207792762011664,14.207792762011664,2
P034,Beauty,2024-12-26,28.0,28.34588703344998,-0.34588703344997995,0.34588703344997995,2
P034,Beauty,2024-12-27,19.0,30.440201612452267,-11.440201612452267,11.440201612452267,2
P034,Beauty,2024-12-28,41.0,34.69137935745841,6.308620642541591,6.308620642541591,2
P034,Beauty,2024-12-29,40.0,35.763366557545794,4.236633442454206,4.236633442454206,2
P034,Beauty,2024-12-30,23.0,27.868018428121598,-4.868018428121598,4.868018428121598,2
P034,Beauty,2024-12-31,29.0,27.722144081728242,1.277855918271758,1.277855918271758,2
P034,Beauty,2025-01-01,90.0,65.81720255741442,24.18279744258558,24.18279744258558,2
P034,Beauty,2025-01-02,22.0,29.334055606690114,-7.334055606690114,7.334055606690114,3
P034,Beauty,2025-01-03,29.0,28.159837129586297,0.8401628704137032,0.8401628704137032,3
P034,Beauty,2025-01-04,29.0,38.569584014191754,-9.569584014191754,9.569584014191754,3
P034,Beauty,2025-01-05,31.0,37.906215802210504,-6.906215802210504,6.906215802210504,3
P034,Beauty,2025-01-06,28.0,28.45139256855073,-0.4513925685507303,0.4513925685507303,3
P034,Beauty,2025-01-07,18.0,28.6876114496066,-10.6876114496066,10.6876114496066,3
P034,Beauty,2025-01-08,26.0,35.476804837801836,-9.476804837801836,9.476804837801836,3
P034,Beauty,2025-01-09,26.0,27.688828106313302,-1.6888281063133022,1.6888281063133022,3
P034,Beauty,2025-01-10,32.0,28.007482605953964,3.992517394046036,3.992517394046036,3
P034,Beauty,2025-01-11,32.0,35.721394966858405,-3.721394966858405,3.721394966858405,3
P034,Beauty,2025-01-12,42.0,35.534327650647036,6.465672349352964,6.465672349352964,3
P034,Beauty,2025-01-13,27.0,28.0502478910596,-1.0502478910595983,1.0502478910595983,3
P034,Beauty,2025-01-14,24.0,27.344255022731193,-3.3442550227311933,3.3442550227311933,3
P034,Beauty,2025-01-15,26.0,30.5324852557308,-4.532485255730801,4.532485255730801,3
P034,Beauty,2025-01-16,28.0,27.721844826498074,0.27815517350192565,0.27815517350192565,3
P034,Beauty,2025-01-17,36.0,28.98235477838141,7.01764522161859,7.01764522161859,3
P034,Beauty,2025-01-18,39.0,37.32284467353847,1.6771553264615306,1.6771553264615306,3
P034,Beauty,2025-01-19,43.0,38.107309921211105,4.892690078788895,4.892690078788895,3
P034,Beauty,2025-01-20,37.0,29.981717410761497,7.018282589238503,7.018282589238503,3
P034,Beauty,2025-01-21,30.0,28.639626977470034,1.3603730225299664,1.3603730225299664,3
P034,Beauty,2025-01-22,28.0,31.06210599164986,-3.0621059916498616,3.0621059916498616,3
P034,Beauty,2025-01-23,36.0,29.332888038459117,6.667111961540883,6.667111961540883,3
P034,Beauty,2025-01-24,24.0,29.769572068590644,-5.769572068590644,5.769572068590644,3
P034,Beauty,2025-01-25,52.0,37.729522644510304,14.270477355489696,14.270477355489696,3
P034,Beauty,2025-01-26,32.0,38.51678797140132,-6.516787971401321,6.516787971401321,3
P034,Beauty,2025-01-27,24.0,30.205100840254655,-6.205100840254655,6.205100840254655,3
P034,Beauty,2025-01-28,33.0,29.094812171980433,3.9051878280195673,3.9051878280195673,3
P034,Beauty,2025-01-29,27.0,31.169390822901097,-4.1693908229010965,4.1693908229010965,3
P034,Beauty,2025-01-30,29.0,29.1477792856013,-0.14777928560129894,0.14777928560129894,3
P034,Beauty,2025-01-31,27.0,29.206096558145347,-2.2060965581453473,2.2060965581453473,3
P034,Beauty,2025-02-01,49.0,37.85448600396018,11.145513996039817,11.145513996039817,3
P034,Beauty,2025-02-02,62.0,37.52583933944458,24.47416066055542,24.47416066055542,3
P034,Beauty,2025-02-03,22.0,30.515116548438026,-8.515116548438026,8.515116548438026,3
P034,Beauty,2025-02-04,27.0,28.787003173598727,-1.7870031735987268,1.7870031735987268,3
P034,Beauty,2025-02-05,32.0,30.1212935241794,1.8787064758206,1.8787064758206,3
P034,Beauty,2025-02-06,28.0,30.331002277510976,-2.3310022775109758,2.3310022775109758,3
P034,Beauty,2025-02-07,33.0,29.301081632278066,3.6989183677219337,3.6989183677219337,3
P034,Beauty,2025-02-08,57.0,40.30745008327844,16.69254991672156,16.69254991672156,3
P034,Beauty,2025-02-09,45.0,41.008869625322156,3.9911303746778444,3.9911303746778444,3
P034,Beauty,2025-02-10,27.0,31.132824053043628,-4.1328240530436275,4.1328240530436275,3
P034,Beauty,2025-02-11,38.0,31.210175095255085,6.789824904744915,6.789824904744915,3
P034,Beauty,2025-02-12,36.0,32.24151231688642,3.7584876831135787,3.7584876831135787,3
P034,Beauty,2025-02-13,36.0,32.70784127968435,3.2921587203156477,3.2921587203156477,3
P034,Beauty,2025-02-14,33.0,33.76059079226657,-0.7605907922665693,0.7605907922665693,3
P034,Beauty,2025-02-15,60.0,46.02680944247243,13.973190557527573,13.973190557527573,3
P034,Beauty,2025-02-16,46.0,45.94199739915201,0.058002600847991914,0.058002600847991914,3
P034,Beauty,2025-02-17,36.0,32.93197861247176,3.0680213875282405,3.0680213875282405,3
P034,Beauty,2025-02-18,40.0,34.52327265562828,5.476727344371717,5.476727344371717,3
P034,Beauty,2025-02-19,37.0,34.918368714602735,2.0816312853972647,2.0816312853972647,3
P034,Beauty,2025-02-20,60.0,52.60386924298542,7.396130757014582,7.396130757014582,3
P034,Beauty,2025-02-21,30.0,35.123520202304604,-5.123520202304604,5.123520202304604,3
P034,Beauty,2025-02-22,53.0,48.25044451050238,4.749555489497617,4.749555489497617,3
P034,Beauty,2025-02-23,39.0,45.351606255256044,-6.351606255256044,6.351606255256044,3
P034,Beauty,2025-02-24,31.0,35.09302035768718,-4.09302035768718,4.09302035768718,3
P034,Beauty,2025-02-25,35.0,35.18390843954751,-0.18390843954750835,0.18390843954750835,3
P034,Beauty,2025-02-26,36.0,35.281237068912496,0.7187629310875039,0.7187629310875039,3
P034,Beauty,2025-02-27,38.0,37.55699212628555,0.44300787371444983,0.44300787371444983,3
P034,Beauty,2025-02-28,36.0,34.861301727753634,1.1386982722463657,1.1386982722463657,3
P034,Beauty,2025-03-01,53.0,48.78283421844994,4.217165781550058,4.217165781550058,3
P034,Beauty,2025-03-02,43.0,48.275308761786626,-5.275308761786626,5.275308761786626,3
P034,Beauty,2025-03-03,34.0,34.8753417714717,-0.8753417714717031,0.8753417714717031,4
P034,Beauty,2025-03-04,35.0,35.79859644600437,-0.7985964460043675,0.7985964460043675,4
P034,Beauty,2025-03-05,23.0,37.05877323270661,-14.058773232706613,14.058773232706613,4
P034,Beauty,2025-03-06,43.0,36.64646674322764,6.353533256772359,6.353533256772359,4
P034,Beauty,2025-03-07,43.0,37.283793789055785,5.716206210944215,5.716206210944215,4
P034,Beauty,2025-03-08,53.0,51.37565104268787,1.6243489573121295,1.6243489573121295,4
P034,Beauty,2025-03-09,57.0,47.535657024610515,9.464342975389485,9.464342975389485,4
P034,Beauty,2025-03-10,39.0,36.65133008373502,2.3486699162649813,2.3486699162649813,4
P034,Beauty,2025-03-11,41.0,37.03856700079316,3.961432999206842,3.961432999206842,4
P034,Beauty,2025-03-12,46.0,36.365272600695675,9.634727399304325,9.634727399304325,4
P034,Beauty,2025-03-13,43.0,37.00542063744075,5.99457936255925,5.99457936255925,4
P034,Beauty,2025-03-14,37.0,36.990931059094095,0.009068940905905265,0.009068940905905265,4
P034,Beauty,2025-03-15,53.0,50.978919679433304,2.0210803205666963,2.0210803205666963,4
P034,Beauty,2025-03-16,64.0,50.418613313685405,13.581386686314595,13.581386686314595,4
P034,Beauty,2025-03-17,37.0,37.77604325589571,-0.7760432558957078,0.7760432558957078,4
P034,Beauty,2025-03-18,35.0,37.44551432104049,-2.4455143210404913,2.4455143210404913,4
P034,Beauty,2025-03-19,24.0,38.229061823487186,-14.229061823487186,14.229061823487186,4
P034,Beauty,2025-03-20,30.0,38.258249746911346,-8.258249746911346,8.258249746911346,4
P034,Beauty,2025-03-21,44.0,37.08934507443727,6.910654925562731,6.910654925562731,4
P034,Beauty,2025-03-22,58.0,50.66576168262019,7.334238317379807,7.334238317379807,4
P034,Beauty,2025-03-23,54.0,51.37502841621767,2.624971583782333,2.624971583782333,4
P034,Beauty,2025-03-24,32.0,37.14929187326592,-5.149291873265923,5.149291873265923,4
P034,Beauty,2025-03-25,36.0,36.501750632599006,-0.5017506325990055,0.5017506325990055,4
P034,Beauty,2025-03-26,33.0,36.56080950426651,-3.5608095042665084,3.5608095042665084,4
P034,Beauty,2025-03-27,40.0,36.09843950230672,3.901560497693282,3.901560497693282,4
P034,Beauty,2025-03-28,32.0,37.041474228236936,-5.041474228236936,5.041474228236936,4
P034,Beauty,2025-03-29,51.0,50.68047703231199,0.3195229676880089,0.3195229676880089,4
P034,Beauty,2025-03-30,42.0,49.374692317276036,-7.374692317276036,7.374692317276036,4
P034,Beauty,2025-03-31,54.0,56.5954851064021,-2.5954851064021014,2.5954851064021014,4
P034,Beauty,2025-04-01,33.0,37.236676733068336,-4.236676733068336,4.236676733068336,4
P034,Beauty,2025-04-02,33.0,36.015794900108965,-3.015794900108965,3.015794900108965,4
P034,Beauty,2025-04-03,41.0,37.052495766297625,3.947504233702375,3.947504233702375,4
P034,Beauty,2025-04-04,32.0,37.1052501969964,-5.105250196996401,5.105250196996401,4
P034,Beauty,2025-04-05,67.0,49.610284136354295,17.389715863645705,17.389715863645705,4
P034,Beauty,2025-04-06,58.0,49.53939480045642,8.46060519954358,8.46060519954358,4
P034,Beauty,2025-04-07,38.0,38.21168980600798,-0.21168980600798193,0.21168980600798193,4
P034,Beauty,2025-04-08,33.0,36.60379142219484,-3.6037914221948384,3.6037914221948384,4
P034,Beauty,2025-04-09,34.0,36.60379142219484,-2.6037914221948384,2.6037914221948384,4
P034,Beauty,2025-04-10,49.0,50.68497795946153,-1.684977959461527,1.684977959461527,4
P034,Beauty,2025-04-11,32.0,37.10041139613455,-5.100411396134547,5.100411396134547,4
P034,Beauty,2025-04-12,70.0,51.12730111212934,18.872698887870662,18.872698887870662,4
P034,Beauty,2025-04-13,55.0,52.18421372824494,2.8157862717550586,2.8157862717550586,4
P034,Beauty,2025-04-14,37.0,38.5905053047449,-1.5905053047449016,1.5905053047449016,4
P034,Beauty,2025-04-15,34.0,36.79555350143497,-2.7955535014349735,2.7955535014349735,4
P034,Beauty,2025-04-16,39.0,36.44290571286208,2.5570942871379216,2.5570942871379216,4
P034,Beauty,2025-04-17,42.0,38.08844590884018,3.9115540911598217,3.9115540911598217,4
P034,Beauty,2025-04-18,41.0,37.232532261607126,3.767467738392874,3.767467738392874,4
P034,Beauty,2025-04-19,52.0,53.827595822795686,-1.8275958227956863,1.8275958227956863,4
P034,Beauty,2025-04-20,64.0,51.65713145761156,12.342868542388437,12.342868542388437,4
P034,Beauty,2025-04-21,30.0,37.57478678039298,-7.5747867803929765,7.5747867803929765,4
P034,Beauty,2025-04-22,32.0,36.9805842682528,-4.980584268252798,4.980584268252798,4
P034,Beauty,2025-04-23,38.0,37.24425784553776,0.75574215446224,0.75574215446224,4
P034,Beauty,2025-04-24,44.0,38.227718018392046,5.772281981607954,5.772281981607954,4
P034,Beauty,2025-04-25,31.0,38.312752237739815,-7.312752237739815,7.312752237739815,4
P034,Beauty,2025-04-26,50.0,51.8538603777928,-1.8538603777927989,1.8538603777927989,4
P034,Beauty,2025-04-27,51.0,51.97937141803253,-0.9793714180325281,0.9793714180325281,4
P034,Beauty,2025-04-28,43.0,38.25977667761392,4.740223322386079,4.740223322386079,4
P034,Beauty,2025-04-29,30.0,36.652878683366446,-6.6528786833664455,6.6528786833664455,4
P034,Beauty,2025-04-30,34.0,36.84321058687922,-2.8432105868792235,2.8432105868792235,4
P034,Beauty,2025-05-01,39.0,37.57948950107798,1.4205104989220203,1.4205104989220203,4
P035,Sports,2024-09-04,58.0,44.181834991731684,13.818165008268316,13.818165008268316,1
P035,Sports,2024-09-05,37.0,31.87525930842096,5.1247406915790386,5.1247406915790386,1
P035,Sports,2024-09-06,33.0,31.706936932122776,1.293063067877224,1.293063067877224,1
P035,Sports,2024-09-07,60.0,41.93259966083358,18.06740033916642,18.06740033916642,1
P035,Sports,2024-09-08,65.0,40.45488693891397,24.545113061086028,24.545113061086028,1
P035,Sports,2024-09-09,35.0,33.33139486399465,1.6686051360053469,1.6686051360053469,1
P035,Sports,2024-09-10,28.0,32.29681301258851,-4.296813012588508,4.296813012588508,1
P035,Sports,2024-09-11,31.0,35.46754936492125,-4.467549364921247,4.467549364921247,1
P035,Sports,2024-09-12,32.0,33.64044365008453,-1.6404436500845279,1.6404436500845279,1
P035,Sports,2024-09-13,21.0,33.118677988760595,-12.118677988760595,12.118677988760595,1
P035,Sports,2024-09-14,44.0,44.58901869464933,-0.589018694649333,0.589018694649333,1
P035,Sports,2024-09-15,35.0,45.136547473867324,-10.136547473867324,10.136547473867324,1
P035,Sports,2024-09-16,27.0,34.70212462370383,-7.702124623703831,7.702124623703831,1
P035,Sports,2024-09-17,32.0,33.2094187257648,-1.2094187257647988,1.2094187257647988,1
P035,Sports,2024-09-18,33.0,34.51507515715831,-1.5150751571583072,1.5150751571583072,1
P035,Sports,2024-09-19,25.0,32.19399351541756,-7.19399351541756,7.19399351541756,1
P035,Sports,2024-09-20,27.0,46.389736414567814,-19.389736414567814,19.389736414567814,1
P035,Sports,2024-09-21,44.0,41.88558484869475,2.114415151305252,2.114415151305252,1
P035,Sports,2024-09-22,44.0,41.38277630213416,2.617223697865839,2.617223697865839,1
P035,Sports,2024-09-23,48.0,31.71361898039211,16.28638101960789,16.28638101960789,1
P035,Sports,2024-09-24,31.0,32.46741536346692,-1.4674153634669196,1.4674153634669196,1
P035,Sports,2024-09-25,34.0,32.50780356822571,1.492196431774289,1.492196431774289,1
P035,Sports,2024-09-26,28.0,32.63961479838545,-4.639614798385452,4.639614798385452,1
P035,Sports,2024-09-27,27.0,31.831502391120445,-4.831502391120445,4.831502391120445,1
P035,Sports,2024-09-28,55.0,41.53841123712811,13.46158876287189,13.46158876287189,1
P035,Sports,2024-09-29,31.0,42.808243397055335,-11.808243397055335,11.808243397055335,1
P035,Sports,2024-09-30,30.0,33.05045166867378,-3.05045166867378,3.05045166867378,1
P035,Sports,2024-10-01,45.0,31.590211140354295,13.409788859645705,13.409788859645705,1
P035,Sports,2024-10-02,43.0,40.958687899969945,2.041312100030055,2.041312100030055,1
P035,Sports,2024-10-03,37.0,32.97582592605643,4.02417407394357,4.02417407394357,1
P035,Sports,2024-10-04,29.0,32.85271648122511,-3.8527164812251087,3.8527164812251087,1
P035,Sports,2024-10-05,37.0,44.29339860615956,-7.293398606159563,7.293398606159563,1
P035,Sports,2024-10-06,45.0,42.135737809542626,2.8642621904573744,2.8642621904573744,1
P035,Sports,2024-10-07,26.0,33.327680037271314,-7.327680037271314,7.327680037271314,1
P035,Sports,2024-10-08,38.0,33.01423715002203,4.9857628499779665,4.9857628499779665,1
P035,Sports,2024-10-09,29.0,32.94695461380099,-3.9469546138009903,3.9469546138009903,1
P035,Sports,2024-10-10,33.0,37.0512781472851,-4.051278147285103,4.051278147285103,1
P035,Sports,2024-10-11,46.0,31.39976998242242,14.60023001757758,14.60023001757758,1
P035,Sports,2024-10-12,50.0,43.376472115415304,6.623527884584696,6.623527884584696,1
P035,Sports,2024-10-13,34.0,42.34811844015884,-8.348118440158842,8.348118440158842,1
P035,Sports,2024-10-14,34.0,32.00293797752865,1.9970620224713471,1.9970620224713471,1
P035,Sports,2024-10-15,30.0,34.17002496916782,-4.1700249691678195,4.1700249691678195,1
P035,Sports,2024-10-16,38.0,47.82788691755591,-9.827886917555908,9.827886917555908,1
P035,Sports,2024-10-17,28.0,31.964063139705353,-3.9640631397053525,3.9640631397053525,1
P035,Sports,2024-10-18,38.0,33.15694491762252,4.843055082377482,4.843055082377482,1
P035,Sports,2024-10-19,47.0,44.2374574280676,2.7625425719324,2.7625425719324,1
P035,Sports,2024-10-20,0.0,43.8072834423977,-43.8072834423977,43.8072834423977,1
P035,Sports,2024-10-21,23.0,32.321211307828015,-9.321211307828015,9.321211307828015,1
P035,Sports,2024-10-22,42.0,31.333978631982674,10.666021368017326,10.666021368017326,1
P035,Sports,2024-10-23,23.0,32.35672522441894,-9.356725224418938,9.356725224418938,1
P035,Sports,2024-10-24,29.0,31.333978631982674,-2.3339786319826743,2.3339786319826743,1
P035,Sports,2024-10-25,20.0,33.052504247379986,-13.052504247379986,13.052504247379986,1
P035,Sports,2024-10-26,50.0,39.85071660714564,10.149283392854358,10.149283392854358,1
P035,Sports,2024-10-27,39.0,35.994263562940425,3.005736437059575,3.005736437059575,1
P035,Sports,2024-10-28,36.0,29.651613843109097,6.3483861568909035,6.3483861568909035,1
P035,Sports,2024-10-29,31.0,33.07951406434213,-2.0795140643421277,2.0795140643421277,1
P035,Sports,2024-10-30,35.0,30.213858155320782,4.786141844679218,4.786141844679218,1
P035,Sports,2024-10-31,33.0,31.006976748469835,1.9930232515301647,1.9930232515301647,1
P035,Sports,2024-11-01,26.0,29.664503308388134,-3.6645033083881344,3.6645033083881344,1
P035,Sports,2024-11-02,54.0,40.85409769147259,13.145902308527411,13.145902308527411,1
P035,Sports,2024-11-03,49.0,44.3299027261811,4.670097273818897,4.670097273818897,2
P035,Sports,2024-11-04,54.0,33.32447282282522,20.67552717717478,20.67552717717478,2
P035,Sports,2024-11-05,21.0,34.19395337471511,-13.193953374715107,13.193953374715107,2
P035,Sports,2024-11-06,41.0,32.579387834136064,8.420612165863936,8.420612165863936,2
P035,Sports,2024-11-07,43.0,33.364034694302845,9.635965305697155,9.635965305697155,2
P035,Sports,2024-11-08,29.0,33.292190840787484,-4.292190840787484,4.292190840787484,2
P035,Sports,2024-11-09,52.0,46.32604829791391,5.673951702086093,5.673951702086093,2
P035,Sports,2024-11-10,59.0,45.56039989607266,13.43960010392734,13.43960010392734,2
P035,Sports,2024-11-11,75.0,58.804357525197766,16.195642474802234,16.195642474802234,2
P035,Sports,2024-11-12,23.0,35.44112904525736,-12.441129045257362,12.441129045257362,2
P035,Sports,2024-11-13,36.0,35.91307002117027,0.08692997882972975,0.08692997882972975,2
P035,Sports,2024-11-14,47.0,35.813995569151295,11.186004430848705,11.186004430848705,2
P035,Sports,2024-11-15,72.0,53.1090937433893,18.890906256610698,18.890906256610698,2
P035,Sports,2024-11-16,49.0,51.0988064560276,-2.098806456027603,2.098806456027603,2
P035,Sports,2024-11-17,51.0,50.27659733278543,0.7234026672145717,0.7234026672145717,2
P035,Sports,2024-11-18,37.0,42.45559906680617,-5.4555990668061725,5.4555990668061725,2
P035,Sports,2024-11-19,38.0,36.846120249527836,1.1538797504721643,1.1538797504721643,2
P035,Sports,2024-11-20,32.0,37.920808896167074,-5.920808896167074,5.920808896167074,2
P035,Sports,2024-11-21,27.0,39.58641603224633,-12.586416032246333,12.586416032246333,2
P035,Sports,2024-11-22,31.0,40.055870968070785,-9.055870968070785,9.055870968070785,2
P035,Sports,2024-11-23,49.0,52.23474132921051,-3.2347413292105074,3.2347413292105074,2
P035,Sports,2024-11-24,44.0,52.094077682048464,-8.094077682048464,8.094077682048464,2
P035,Sports,2024-11-25,33.0,39.92812064992922,-6.92812064992922,6.92812064992922,2
P035,Sports,2024-11-26,44.0,37.545904246068716,6.454095753931284,6.454095753931284,2
P035,Sports,2024-11-27,38.0,38.338323291750896,-0.33832329175089626,0.33832329175089626,2
P035,Sports,2024-11-28,35.0,37.6122161172849,-2.612216117284902,2.612216117284902,2
P035,Sports,2024-11-29,72.0,79.72269262487569,-7.722692624875691,7.722692624875691,2
P035,Sports,2024-11-30,42.0,54.044126424474236,-12.044126424474236,12.044126424474236,2
P035,Sports,2024-12-01,50.0,51.99783154016383,-1.9978315401638298,1.9978315401638298,2
P035,Sports,2024-12-02,38.0,40.40709382225813,-2.4070938222581333,2.4070938222581333,2
P035,Sports,2024-12-03,32.0,39.02858043095478,-7.028580430954783,7.028580430954783,2
P035,Sports,2024-12-04,44.0,39.12980786215618,4.870192137843823,4.870192137843823,2
P035,Sports,2024-12-05,36.0,39.47296553569382,-3.4729655356938167,3.4729655356938167,2
P035,Sports,2024-12-06,33.0,42.081127528101916,-9.081127528101916,9.081127528101916,2
P035,Sports,2024-12-07,43.0,51.85704616273244,-8.857046162732438,8.857046162732438,2
P035,Sports,2024-12-08,44.0,53.51357816028619,-9.513578160286187,9.513578160286187,2
P035,Sports,2024-12-09,29.0,40.013659268601465,-11.013659268601465,11.013659268601465,2
P035,Sports,2024-12-10,45.0,37.07544371786432,7.924556282135683,7.924556282135683,2
P035,Sports,2024-12-11,40.0,38.99595853830395,1.0040414616960476,1.0040414616960476,2
P035,Sports,2024-12-12,38.0,38.7478734200565,-0.7478734200565,0.7478734200565,2
P035,Sports,2024-12-13,36.0,40.000828296658604,-4.000828296658604,4.000828296658604,2
P035,Sports,2024-12-14,37.0,49.34236983940706,-12.342369839407063,12.342369839407063,2
P035,Sports,2024-12-15,60.0,49.562100436232164,10.437899563767836,10.437899563767836,2
P035,Sports,2024-12-16,31.0,37.961184211732785,-6.961184211732785,6.961184211732785,2
P035,Sports,2024-12-17,28.0,38.69971858279271,-10.699718582792713,10.699718582792713,2
P035,Sports,2024-12-18,47.0,37.69468097867233,9.30531902132767,9.30531902132767,2
P035,Sports,2024-12-19,39.0,37.832838867289986,1.1671611327100138,1.1671611327100138,2
P035,Sports,2024-12-20,19.0,37.81282874738248,-18.812828747382483,18.812828747382483,2
P035,Sports,2024-12-21,41.0,48.587317333487555,-7.5873173334875545,7.5873173334875545,2
P035,Sports,2024-12-22,66.0,51.577845897779326,14.422154102220674,14.422154102220674,2
P035,Sports,2024-12-23,57.0,51.52449050993736,5.475509490062642,5.475509490062642,2
P035,Sports,2024-12-24,33.0,38.41476578626295,-5.414765786262947,5.414765786262947,2
P035,Sports,2024-12-25,80.0,83.02449908868411,-3.0244990886841094,3.0244990886841094,2
P035,Sports,2024-12-26,30.0,39.85784570156213,-9.857845701562127,9.857845701562127,2
P035,Sports,2024-12-27,49.0,51.892853319580645,-2.892853319580645,2.892853319580645,2
P035,Sports,2024-12-28,83.0,50.888489489361184,32.111510510638816,32.111510510638816,2
P035,Sports,2024-12-29,79.0,56.99854069133928,22.00145930866072,22.00145930866072,2
P035,Sports,2024-12-30,36.0,42.8849240515571,-6.8849240515571,6.8849240515571,2
P035,Sports,2024-12-31,40.0,39.546097355366356,0.4539026446336436,0.4539026446336436,2
P035,Sports,2025-01-01,84.0,80.62602188356352,3.3739781164364757,3.3739781164364757,2
P035,Sports,2025-01-02,49.0,43.065469991222,5.9345300087779975,5.9345300087779975,3
P035,Sports,2025-01-03,37.0,43.29285536593161,-6.292855365931608,6.292855365931608,3
P035,Sports,2025-01-04,52.0,58.36087869762929,-6.360878697629289,6.360878697629289,3
P035,Sports,2025-01-05,53.0,60.68394356532813,-7.6839435653281285,7.6839435653281285,3
P035,Sports,2025-01-06,30.0,43.512269509201104,-13.512269509201104,13.512269509201104,3
P035,Sports,2025-01-07,32.0,42.11752609683459,-10.117526096834588,10.117526096834588,3
P035,Sports,2025-01-08,41.0,48.031442058689336,-7.031442058689336,7.031442058689336,3
P035,Sports,2025-01-09,36.0,42.49326566065301,-6.493265660653009,6.493265660653009,3
P035,Sports,2025-01-10,38.0,42.85446971225768,-4.854469712257682,4.854469712257682,3
P035,Sports,2025-01-11,65.0,58.382091259278525,6.617908740721475,6.617908740721475,3
P035,Sports,2025-01-12,59.0,56.9620680362748,2.0379319637251996,2.0379319637251996,3
P035,Sports,2025-01-13,39.0,40.75929387875997,-1.7592938787599692,1.7592938787599692,3
P035,Sports,2025-01-14,55.0,40.52018812258996,14.479811877410043,14.479811877410043,3
P035,Sports,2025-01-15,50.0,45.51688124109356,4.483118758906443,4.483118758906443,3
P035,Sports,2025-01-16,41.0,44.708363874153754,-3.708363874153754,3.708363874153754,3
P035,Sports,2025-01-17,46.0,54.533134057673436,-8.533134057673436,8.533134057673436,3
P035,Sports,2025-01-18,62.0,59.555878054211746,2.444121945788254,2.444121945788254,3
P035,Sports,2025-01-19,56.0,60.506141612336286,-4.506141612336286,4.506141612336286,3
P035,Sports,2025-01-20,38.0,44.63818327684684,-6.6381832768468385,6.6381832768468385,3
P035,Sports,2025-01-21,38.0,44.03762919742865,-6.03762919742865,6.03762919742865,3
P035,Sports,2025-01-22,44.0,44.954439107887325,-0.9544391078873247,0.9544391078873247,3
P035,Sports,2025-01-23,39.0,42.911015842130546,-3.9110158421305456,3.9110158421305456,3
P035,Sports,2025-01-24,38.0,43.98792411571287,-5.987924115712872,5.987924115712872,3
P035,Sports,2025-01-25,102.0,89.16693765155703,12.833062348442965,12.833062348442965,3
P035,Sports,2025-01-26,99.0,91.37448501178197,7.625514988218029,7.625514988218029,3
P035,Sports,2025-01-27,80.0,45.78356893107264,34.21643106892736,34.21643106892736,3
P035,Sports,2025-01-28,41.0,51.00440844877338,-10.004408448773383,10.004408448773383,3
P035,Sports,2025-01-29,79.0,72.53364455528988,6.466355444710118,6.466355444710118,3
P035,Sports,2025-01-30,53.0,50.25497553751807,2.745024462481929,2.745024462481929,3
P035,Sports,2025-01-31,42.0,51.07040875308661,-9.07040875308661,9.07040875308661,3
P035,Sports,2025-02-01,39.0,73.25807337498955,-34.25807337498955,34.25807337498955,3
P035,Sports,2025-02-02,61.0,70.86127857563409,-9.861278575634088,9.861278575634088,3
P035,Sports,2025-02-03,41.0,59.04334941371722,-18.043349413717223,18.043349413717223,3
P035,Sports,2025-02-04,42.0,47.52154248289128,-5.521542482891277,5.521542482891277,3
P035,Sports,2025-02-05,41.0,50.749093540613394,-9.749093540613394,9.749093540613394,3
P035,Sports,2025-02-06,49.0,47.96882065004101,1.0311793499589896,1.0311793499589896,3
P035,Sports,2025-02-07,35.0,48.582058282461674,-13.582058282461674,13.582058282461674,3
P035,Sports,2025-02-08,67.0,65.34606792345218,1.653932076547818,1.653932076547818,3
P035,Sports,2025-02-09,67.0,66.60769238443483,0.3923076155651728,0.3923076155651728,3
P035,Sports,2025-02-10,45.0,49.477570146463016,-4.477570146463016,4.477570146463016,3
P035,Sports,2025-02-11,49.0,47.25306941166201,1.7469305883379889,1.7469305883379889,3
P035,Sports,2025-02-12,65.0,73.48397173553475,-8.483971735534752,8.483971735534752,3
P035,Sports,2025-02-13,34.0,49.25767353909696,-15.257673539096963,15.257673539096963,3
P035,Sports,2025-02-14,43.0,45.87278795490234,-2.8727879549023427,2.8727879549023427,3
P035,Sports,2025-02-15,58.0,62.30919728892444,-4.309197288924437,4.309197288924437,3
P035,Sports,2025-02-16,77.0,65.32011314179849,11.679886858201513,11.679886858201513,3
P035,Sports,2025-02-17,50.0,48.234914499107006,1.7650855008929938,1.7650855008929938,3
P035,Sports,2025-02-18,57.0,48.363494588070964,8.636505411929036,8.636505411929036,3
P035,Sports,2025-02-19,44.0,49.69059180919135,-5.690591809191353,5.690591809191353,3
P035,Sports,2025-02-20,37.0,48.27334698460705,-11.273346984607052,11.273346984607052,3
P035,Sports,2025-02-21,58.0,47.48901640803709,10.510983591962912,10.510983591962912,3
P035,Sports,2025-02-22,77.0,66.65414343919745,10.345856560802545,10.345856560802545,3
P035,Sports,2025-02-23,77.0,69.45080166275751,7.549198337242487,7.549198337242487,3
P035,Sports,2025-02-24,49.0,50.16484006817596,-1.1648400681759625,1.1648400681759625,3
P035,Sports,2025-02-25,46.0,50.36883330137025,-4.368833301370252,4.368833301370252,3
P035,Sports,2025-02-26,51.0,49.7274539672897,1.2725460327103022,1.2725460327103022,3
P035,Sports,2025-02-27,50.0,46.58485042312669,3.4151495768733113,3.4151495768733113,3
P035,Sports,2025-02-28,58.0,49.03357285334365,8.96642714665635,8.96642714665635,3
P035,Sports,2025-03-01,80.0,68.08985512238579,11.910144877614215,11.910144877614215,3
P035,Sports,2025-03-02,64.0,72.66263852946754,-8.662638529467543,8.662638529467543,3
P035,Sports,2025-03-03,50.0,50.15247702732457,-0.15247702732457213,0.15247702732457213,4
P035,Sports,2025-03-04,45.0,50.212633875473216,-5.212633875473216,5.212633875473216,4
P035,Sports,2025-03-05,48.0,58.89439394087485,-10.89439394087485,10.89439394087485,4
P035,Sports,2025-03-06,64.0,50.45613824283263,13.54386175716737,13.54386175716737,4
P035,Sports,2025-03-07,64.0,54.27880213789039,9.721197862109612,9.721197862109612,4
P035,Sports,2025-03-08,74.0,73.05405281327953,0.9459471867204741,0.9459471867204741,4
P035,Sports,2025-03-09,71.0,70.78475879866646,0.21524120133354074,0.21524120133354074,4
P035,Sports,2025-03-10,40.0,52.72036115527663,-12.720361155276628,12.720361155276628,4
P035,Sports,2025-03-11,37.0,51.49214729668368,-14.492147296683683,14.492147296683683,4
P035,Sports,2025-03-12,35.0,52.88267055073229,-17.882670550732293,17.882670550732293,4
P035,Sports,2025-03-13,55.0,51.236368438591875,3.7636315614081255,3.7636315614081255,4
P035,Sports,2025-03-14,63.0,51.68448985195705,11.315510148042947,11.315510148042947,4
P035,Sports,2025-03-15,76.0,71.52870342222832,4.471296577771682,4.471296577771682,4
P035,Sports,2025-03-16,70.0,69.12545523709855,0.8745447629014507,0.8745447629014507,4
P035,Sports,2025-03-17,37.0,50.42369604521753,-13.423696045217532,13.423696045217532,4
P035,Sports,2025-03-18,39.0,50.23115100178856,-11.231151001788561,11.231151001788561,4
P035,Sports,2025-03-19,62.0,48.56317235399262,13.43682764600738,13.43682764600738,4
P035,Sports,2025-03-20,62.0,51.46173870713063,10.538261292869372,10.538261292869372,4
P035,Sports,2025-03-21,41.0,61.025894925315,-20.025894925315,20.025894925315,4
P035,Sports,2025-03-22,84.0,69.10455353062956,14.895446469370441,14.895446469370441,4
P035,Sports,2025-03-23,61.0,68.32088411374738,-7.320884113747383,7.320884113747383,4
P035,Sports,2025-03-24,42.0,47.99196419123908,-5.991964191239077,5.991964191239077,4
P035,Sports,2025-03-25,43.0,48.326987229260645,-5.326987229260645,5.326987229260645,4
P035,Sports,2025-03-26,58.0,50.63185969428485,7.368140305715151,7.368140305715151,4
P035,Sports,2025-03-27,41.0,52.377320649956935,-11.377320649956935,11.377320649956935,4
P035,Sports,2025-03-28,56.0,50.231800207119576,5.768199792880424,5.768199792880424,4
P035,Sports,2025-03-29,71.0,69.983340400433,1.0166595995670065,1.0166595995670065,4
P035,Sports,2025-03-30,73.0,66.28875955147079,6.71124044852921,6.71124044852921,4
P035,Sports,2025-03-31,44.0,48.47693175965578,-4.476931759655777,4.476931759655777,4
P035,Sports,2025-04-01,45.0,47.901160801380975,-2.901160801380975,2.901160801380975,4
P035,Sports,2025-04-02,65.0,51.005469274708325,13.994530725291675,13.994530725291675,4
P035,Sports,2025-04-03,54.0,51.84468011867582,2.155319881324182,2.155319881324182,4
P035,Sports,2025-04-04,57.0,51.39247071129714,5.607529288702857,5.607529288702857,4
P035,Sports,2025-04-05,59.0,69.36510226846903,-10.36510226846903,10.36510226846903,4
P035,Sports,2025-04-06,85.0,68.96980744206319,16.030192557936815,16.030192557936815,4
P035,Sports,2025-04-07,48.0,49.878096986411826,-1.8780969864118262,1.8780969864118262,4
P035,Sports,2025-04-08,66.0,50.05959936953307,15.940400630466932,15.940400630466932,4
P035,Sports,2025-04-09,45.0,54.02542636346417,-9.02542636346417,9.02542636346417,4
P035,Sports,2025-04-10,42.0,52.711581658896854,-10.711581658896854,10.711581658896854,4
P035,Sports,2025-04-11,56.0,54.736439384478025,1.2635606155219747,1.2635606155219747,4
P035,Sports,2025-04-12,77.0,69.48134304696727,7.518656953032732,7.518656953032732,4
P035,Sports,2025-04-13,50.0,71.44197918597364,-21.441979185973636,21.441979185973636,4
P035,Sports,2025-04-14,44.0,49.285547921330476,-5.285547921330476,5.285547921330476,4
P035,Sports,2025-04-15,0.0,51.54001040399076,-51.54001040399076,51.54001040399076,4
P035,Sports,2025-04-16,68.0,66.40258757002476,1.5974124299752361,1.5974124299752361,4
P035,Sports,2025-04-17,52.0,48.83063213690092,3.169367863099083,3.169367863099083,4
P035,Sports,2025-04-18,45.0,49.639346369924134,-4.639346369924134,4.639346369924134,4
P035,Sports,2025-04-19,89.0,67.16476568113956,21.835234318860444,21.835234318860444,4
P035,Sports,2025-04-20,51.0,63.42548165997036,-12.425481659970359,12.425481659970359,4
P035,Sports,2025-04-21,63.0,47.77607216924248,15.223927830757518,15.223927830757518,4
P035,Sports,2025-04-22,52.0,48.78204925642497,3.217950743575031,3.217950743575031,4
P035,Sports,2025-04-23,55.0,51.03283018873961,3.9671698112603906,3.9671698112603906,4
P035,Sports,2025-04-24,48.0,48.42234681610811,-0.4223468161081101,0.4223468161081101,4
P035,Sports,2025-04-25,67.0,50.33856373693636,16.661436263063642,16.661436263063642,4
P035,Sports,2025-04-26,73.0,68.37110926885666,4.628890731143343,4.628890731143343,4
P035,Sports,2025-04-27,52.0,83.0623941837965,-31.0623941837965,31.0623941837965,4
P035,Sports,2025-04-28,49.0,49.52349857504669,-0.5234985750466876,0.5234985750466876,4
P035,Sports,2025-04-29,55.0,48.14109485140107,6.858905148598929,6.858905148598929,4
P035,Sports,2025-04-30,47.0,53.972791013136344,-6.972791013136344,6.972791013136344,4
P035,Sports,2025-05-01,37.0,50.91585160942722,-13.915851609427222,13.915851609427222,4
P036,Electronics,2024-09-04,55.0,60.19816696755603,-5.198166967556027,5.198166967556027,1
P036,Electronics,2024-09-05,91.0,61.62840817721993,29.37159182278007,29.37159182278007,1
P036,Electronics,2024-09-06,52.0,65.88242174734435,-13.882421747344353,13.882421747344353,1
P036,Electronics,2024-09-07,85.0,88.04678572204651,-3.0467857220465078,3.0467857220465078,1
P036,Electronics,2024-09-08,69.0,88.22531240986993,-19.22531240986993,19.22531240986993,1
P036,Electronics,2024-09-09,189.0,66.23588751748673,122.76411248251327,122.76411248251327,1
P036,Electronics,2024-09-10,59.0,69.42013177879979,-10.420131778799785,10.420131778799785,1
P036,Electronics,2024-09-11,42.0,66.90955316573165,-24.90955316573165,24.90955316573165,1
P036,Electronics,2024-09-12,37.0,68.22405157873807,-31.22405157873807,31.22405157873807,1
P036,Electronics,2024-09-13,47.0,64.54500132773734,-17.54500132773734,17.54500132773734,1
P036,Electronics,2024-09-14,105.0,86.78526848853744,18.21473151146256,18.21473151146256,1
P036,Electronics,2024-09-15,75.0,85.51862962164265,-10.518629621642646,10.518629621642646,1
P036,Electronics,2024-09-16,51.0,63.53136176832968,-12.531361768329681,12.531361768329681,1
P036,Electronics,2024-09-17,34.0,66.92267769204305,-32.92267769204305,32.92267769204305,1
P036,Electronics,2024-09-18,66.0,67.66992235148706,-1.6699223514870596,1.6699223514870596,1
P036,Electronics,2024-09-19,70.0,61.01422571987945,8.985774280120552,8.985774280120552,1
P036,Electronics,2024-09-20,88.0,59.34178720780835,28.658212792191648,28.658212792191648,1
P036,Electronics,2024-09-21,94.0,82.81862951468638,11.181370485313622,11.181370485313622,1
P036,Electronics,2024-09-22,82.0,81.21315456352495,0.7868454364750477,0.7868454364750477,1
P036,Electronics,2024-09-23,29.0,62.73821567716044,-33.73821567716044,33.73821567716044,1
P036,Electronics,2024-09-24,42.0,59.588717814426715,-17.588717814426715,17.588717814426715,1
P036,Electronics,2024-09-25,57.0,61.707761036807646,-4.707761036807646,4.707761036807646,1
P036,Electronics,2024-09-26,32.0,61.58591104893948,-29.58591104893948,29.58591104893948,1
P036,Electronics,2024-09-27,46.0,60.30141506218417,-14.30141506218417,14.30141506218417,1
P036,Electronics,2024-09-28,74.0,76.64967588388151,-2.649675883881514,2.649675883881514,1
P036,Electronics,2024-09-29,93.0,75.28190844209894,17.71809155790106,17.71809155790106,1
P036,Electronics,2024-09-30,64.0,98.84959999899195,-34.84959999899195,34.84959999899195,1
P036,Electronics,2024-10-01,63.0,59.061933706857914,3.938066293142086,3.938066293142086,1
P036,Electronics,2024-10-02,75.0,58.59534909609333,16.40465090390667,16.40465090390667,1
P036,Electronics,2024-10-03,45.0,59.74432426518002,-14.744324265180019,14.744324265180019,1
P036,Electronics,2024-10-04,28.0,58.172800869552,-30.172800869552,30.172800869552,1
P036,Electronics,2024-10-05,100.0,73.66836416886663,26.33163583113337,26.33163583113337,1
P036,Electronics,2024-10-06,81.0,76.73399642965686,4.266003570343145,4.266003570343145,1
P036,Electronics,2024-10-07,54.0,59.88132300286035,-5.8813230028603485,5.8813230028603485,1
P036,Electronics,2024-10-08,55.0,55.05091300845116,-0.05091300845116109,0.05091300845116109,1
P036,Electronics,2024-10-09,49.0,55.605391175996665,-6.605391175996665,6.605391175996665,1
P036,Electronics,2024-10-10,40.0,53.29977198021937,-13.299771980219369,13.299771980219369,1
P036,Electronics,2024-10-11,93.0,83.94071276254135,9.059287237458648,9.059287237458648,1
P036,Electronics,2024-10-12,63.0,78.48037217823124,-15.480372178231235,15.480372178231235,1
P036,Electronics,2024-10-13,73.0,74.77159327362013,-1.7715932736201268,1.7715932736201268,1
P036,Electronics,2024-10-14,45.0,55.965337004661684,-10.965337004661684,10.965337004661684,1
P036,Electronics,2024-10-15,50.0,54.64299064569547,-4.64299064569547,4.64299064569547,1
P036,Electronics,2024-10-16,59.0,55.67347530477324,3.326524695226759,3.326524695226759,1
P036,Electronics,2024-10-17,59.0,54.68472867832563,4.315271321674373,4.315271321674373,1
P036,Electronics,2024-10-18,60.0,57.464169692459876,2.535830307540124,2.535830307540124,1
P036,Electronics,2024-10-19,92.0,71.72797333377274,20.272026666227262,20.272026666227262,1
P036,Electronics,2024-10-20,48.0,72.24886052175177,-24.248860521751766,24.248860521751766,1
P036,Electronics,2024-10-21,86.0,52.47239767886088,33.52760232113912,33.52760232113912,1
P036,Electronics,2024-10-22,56.0,54.61196297325911,1.3880370267408892,1.3880370267408892,1
P036,Electronics,2024-10-23,63.0,56.48318520751041,6.5168147924895905,6.5168147924895905,1
P036,Electronics,2024-10-24,51.0,55.91453482168537,-4.914534821685372,4.914534821685372,1
P036,Electronics,2024-10-25,74.0,57.53461266975934,16.46538733024066,16.46538733024066,1
P036,Electronics,2024-10-26,109.0,77.04729219072568,31.952707809274315,31.952707809274315,1
P036,Electronics,2024-10-27,98.0,74.78438034327203,23.215619656727966,23.215619656727966,1
P036,Electronics,2024-10-28,48.0,62.99710690079042,-14.99710690079042,14.99710690079042,1
P036,Electronics,2024-10-29,55.0,61.07187782741616,-6.071877827416159,6.071877827416159,1
P036,Electronics,2024-10-30,52.0,61.88639504765017,-9.886395047650169,9.886395047650169,1
P036,Electronics,2024-10-31,0.0,56.26794836003733,-56.26794836003733,56.26794836003733,1
P036,Electronics,2024-11-01,69.0,58.557313037545214,10.442686962454786,10.442686962454786,1
P036,Electronics,2024-11-02,107.0,80.05578089240659,26.944219107593412,26.944219107593412,1
P036,Electronics,2024-11-03,71.0,79.12212844658683,-8.122128446586828,8.122128446586828,2
P036,Electronics,2024-11-04,74.0,57.866819121711536,16.133180878288464,16.133180878288464,2
P036,Electronics,2024-11-05,46.0,58.14685329141102,-12.14685329141102,12.14685329141102,2
P036,Electronics,2024-11-06,74.0,56.45066449419335,17.549335505806653,17.549335505806653,2
P036,Electronics,2024-11-07,57.0,59.776617136492845,-2.7766171364928454,2.7766171364928454,2
P036,Electronics,2024-11-08,77.0,65.82493405769927,11.175065942300733,11.175065942300733,2
P036,Electronics,2024-11-09,91.0,123.34995859731625,-32.349958597316245,32.349958597316245,2
P036,Electronics,2024-11-10,64.0,79.7279941738651,-15.727994173865099,15.727994173865099,2
P036,Electronics,2024-11-11,61.0,62.26190541310097,-1.261905413100969,1.261905413100969,2
P036,Electronics,2024-11-12,72.0,60.515235633302886,11.484764366697114,11.484764366697114,2
P036,Electronics,2024-11-13,60.0,64.6258427649217,-4.6258427649217,4.6258427649217,2
P036,Electronics,2024-11-14,54.0,62.20453968768311,-8.20453968768311,8.20453968768311,2
P036,Electronics,2024-11-15,73.0,64.17485512179512,8.825144878204881,8.825144878204881,2
P036,Electronics,2024-11-16,170.0,82.21835654579534,87.78164345420466,87.78164345420466,2
P036,Electronics,2024-11-17,99.0,81.13320773770502,17.86679226229498,17.86679226229498,2
P036,Electronics,2024-11-18,63.0,68.37797227214632,-5.377972272146323,5.377972272146323,2
P036,Electronics,2024-11-19,64.0,65.26618355950455,-1.2661835595045545,1.2661835595045545,2
P036,Electronics,2024-11-20,60.0,65.90321933539158,-5.903219335391583,5.903219335391583,2
P036,Electronics,2024-11-21,60.0,62.85291411507297,-2.85291411507297,2.85291411507297,2
P036,Electronics,2024-11-22,67.0,67.92178266053199,-0.9217826605319885,0.9217826605319885,2
P036,Electronics,2024-11-23,84.0,87.90129691545047,-3.901296915450473,3.901296915450473,2
P036,Electronics,2024-11-24,79.0,90.47218908743449,-11.472189087434487,11.472189087434487,2
P036,Electronics,2024-11-25,36.0,64.55352515179123,-28.553525151791234,28.553525151791234,2
P036,Electronics,2024-11-26,128.0,119.32885118359731,8.671148816402692,8.671148816402692,2
P036,Electronics,2024-11-27,97.0,79.23461713306781,17.765382866932185,17.765382866932185,2
P036,Electronics,2024-11-28,88.0,71.07220791663968,16.927792083360316,16.927792083360316,2
P036,Electronics,2024-11-29,194.0,148.23142025599614,45.76857974400386,45.76857974400386,2
P036,Electronics,2024-11-30,61.0,99.43179123912209,-38.43179123912209,38.43179123912209,2
P036,Electronics,2024-12-01,106.0,91.47956559637473,14.520434403625273,14.520434403625273,2
P036,Electronics,2024-12-02,57.0,71.22590050830469,-14.22590050830469,14.22590050830469,2
P036,Electronics,2024-12-03,55.0,73.10811479733161,-18.10811479733161,18.10811479733161,2
P036,Electronics,2024-12-04,48.0,75.0032029540167,-27.0032029540167,27.0032029540167,2
P036,Electronics,2024-12-05,56.0,71.69309418930595,-15.693094189305953,15.693094189305953,2
P036,Electronics,2024-12-06,61.0,71.72540029513478,-10.725400295134776,10.725400295134776,2
P036,Electronics,2024-12-07,97.0,90.37163972674693,6.628360273253065,6.628360273253065,2
P036,Electronics,2024-12-08,109.0,94.14453999198419,14.855460008015811,14.855460008015811,2
P036,Electronics,2024-12-09,71.0,72.04223526321218,-1.0422352632121772,1.0422352632121772,2
P036,Electronics,2024-12-10,64.0,72.06471556388496,-8.06471556388496,8.06471556388496,2
P036,Electronics,2024-12-11,34.0,71.27634689128243,-37.27634689128243,37.27634689128243,2
P036,Electronics,2024-12-12,34.0,70.38630315635442,-36.386303156354415,36.386303156354415,2
P036,Electronics,2024-12-13,80.0,71.30620275230696,8.693797247693041,8.693797247693041,2
P036,Electronics,2024-12-14,80.0,92.53824659295591,-12.538246592955915,12.538246592955915,2
P036,Electronics,2024-12-15,83.0,93.77512808393054,-10.77512808393054,10.77512808393054,2
P036,Electronics,2024-12-16,78.0,70.47514281691313,7.524857183086866,7.524857183086866,2
P036,Electronics,2024-12-17,58.0,69.41762081642156,-11.417620816421561,11.417620816421561,2
P036,Electronics,2024-12-18,65.0,66.80456872693759,-1.804568726937589,1.804568726937589,2
P036,Electronics,2024-12-19,66.0,67.80917421870177,-1.80917421870177,1.80917421870177,2
P036,Electronics,2024-12-20,26.0,71.7757896386512,-45.775789638651204,45.775789638651204,2
P036,Electronics,2024-12-21,105.0,86.86734396882986,18.132656031170143,18.132656031170143,2
P036,Electronics,2024-12-22,81.0,89.88964148638757,-8.889641486387575,8.889641486387575,2
P036,Electronics,2024-12-23,47.0,69.93670357157096,-22.93670357157096,22.93670357157096,2
P036,Electronics,2024-12-24,124.0,111.0445756435749,12.955424356425098,12.955424356425098,2
P036,Electronics,2024-12-25,212.0,144.6687691919417,67.33123080805831,67.33123080805831,2
P036,Electronics,2024-12-26,57.0,70.5432658640905,-13.5432658640905,13.5432658640905,2
P036,Electronics,2024-12-27,70.0,70.27848070089405,-0.2784807008940504,0.2784807008940504,2
P036,Electronics,2024-12-28,114.0,91.38540303666319,22.61459696333681,22.61459696333681,2
P036,Electronics,2024-12-29,149.0,91.1766129566583,57.8233870433417,57.8233870433417,2
P036,Electronics,2024-12-30,51.0,70.36229660201793,-19.362296602017935,19.362296602017935,2
P036,Electronics,2024-12-31,42.0,68.60548270909106,-26.605482709091063,26.605482709091063,2
P036,Electronics,2025-01-01,177.0,160.14849318306307,16.851506816936933,16.851506816936933,2
P036,Electronics,2025-01-02,78.0,72.89685512983684,5.103144870163163,5.103144870163163,3
P036,Electronics,2025-01-03,42.0,73.66978770609784,-31.669787706097836,31.669787706097836,3
P036,Electronics,2025-01-04,221.0,165.61455100226044,55.38544899773956,55.38544899773956,3
P036,Electronics,2025-01-05,94.0,101.79707212030256,-7.797072120302559,7.797072120302559,3
P036,Electronics,2025-01-06,65.0,75.5275606636464,-10.527560663646398,10.527560663646398,3
P036,Electronics,2025-01-07,70.0,73.85976536565424,-3.8597653656542406,3.8597653656542406,3
P036,Electronics,2025-01-08,51.0,71.8630260339192,-20.863026033919198,20.863026033919198,3
P036,Electronics,2025-01-09,47.0,72.5465322551562,-25.546532255156194,25.546532255156194,3
P036,Electronics,2025-01-10,46.0,77.05969522006856,-31.059695220068562,31.059695220068562,3
P036,Electronics,2025-01-11,112.0,105.78100115577324,6.2189988442267605,6.2189988442267605,3
P036,Electronics,2025-01-12,140.0,101.75220424001665,38.24779575998335,38.24779575998335,3
P036,Electronics,2025-01-13,49.0,81.1005247310882,-32.1005247310882,32.1005247310882,3
P036,Electronics,2025-01-14,100.0,79.74068068841119,20.25931931158881,20.25931931158881,3
P036,Electronics,2025-01-15,79.0,78.20936056189416,0.7906394381058419,0.7906394381058419,3
P036,Electronics,2025-01-16,60.0,79.24114546891278,-19.241145468912777,19.241145468912777,3
P036,Electronics,2025-01-17,85.0,94.59043674050842,-9.590436740508423,9.590436740508423,3
P036,Electronics,2025-01-18,111.0,108.26758724027904,2.732412759720958,2.732412759720958,3
P036,Electronics,2025-01-19,111.0,107.85925319289184,3.140746807108158,3.140746807108158,3
P036,Electronics,2025-01-20,77.0,83.13709748519985,-6.137097485199845,6.137097485199845,3
P036,Electronics,2025-01-21,43.0,86.62534725948952,-43.625347259489516,43.625347259489516,3
P036,Electronics,2025-01-22,66.0,93.4748701208844,-27.474870120884404,27.474870120884404,3
P036,Electronics,2025-01-23,25.0,74.99520916185598,-49.99520916185598,49.99520916185598,3
P036,Electronics,2025-01-24,97.0,75.34695441022755,21.653045589772447,21.653045589772447,3
P036,Electronics,2025-01-25,132.0,97.4484675306206,34.551532469379396,34.551532469379396,3
P036,Electronics,2025-01-26,120.0,109.04868341227753,10.951316587722474,10.951316587722474,3
P036,Electronics,2025-01-27,61.0,75.16290289141723,-14.162902891417232,14.162902891417232,3
P036,Electronics,2025-01-28,84.0,73.00126508142924,10.998734918570761,10.998734918570761,3
P036,Electronics,2025-01-29,92.0,82.94342781180939,9.056572188190614,9.056572188190614,3
P036,Electronics,2025-01-30,98.0,113.60459333121574,-15.604593331215739,15.604593331215739,3
P036,Electronics,2025-01-31,71.0,75.56041257930985,-4.560412579309855,4.560412579309855,3
P036,Electronics,2025-02-01,123.0,107.53069330646571,15.469306693534293,15.469306693534293,3
P036,Electronics,2025-02-02,90.0,104.04074665549838,-14.040746655498381,14.040746655498381,3
P036,Electronics,2025-02-03,56.0,75.7747418660742,-19.774741866074194,19.774741866074194,3
P036,Electronics,2025-02-04,111.0,74.91023508821098,36.08976491178902,36.08976491178902,3
P036,Electronics,2025-02-05,81.0,75.23808529852526,5.761914701474737,5.761914701474737,3
P036,Electronics,2025-02-06,121.0,138.6570959913891,-17.6570959913891,17.6570959913891,3
P036,Electronics,2025-02-07,135.0,81.54956653139006,53.450433468609944,53.450433468609944,3
P036,Electronics,2025-02-08,112.0,111.04140485312654,0.9585951468734635,0.9585951468734635,3
P036,Electronics,2025-02-09,114.0,112.1422068218761,1.8577931781238988,1.8577931781238988,3
P036,Electronics,2025-02-10,42.0,83.46209105808565,-41.46209105808565,41.46209105808565,3
P036,Electronics,2025-02-11,56.0,84.67462927095903,-28.67462927095903,28.67462927095903,3
P036,Electronics,2025-02-12,81.0,81.70092398261414,-0.7009239826141425,0.7009239826141425,3
P036,Electronics,2025-02-13,39.0,83.38118323290928,-44.38118323290928,44.38118323290928,3
P036,Electronics,2025-02-14,64.0,82.49874699577401,-18.498746995774013,18.498746995774013,3
P036,Electronics,2025-02-15,124.0,103.97544001366838,20.024559986331624,20.024559986331624,3
P036,Electronics,2025-02-16,88.0,104.65805769620185,-16.65805769620185,16.65805769620185,3
P036,Electronics,2025-02-17,63.0,73.74906341734682,-10.749063417346818,10.749063417346818,3
P036,Electronics,2025-02-18,91.0,75.34020964068661,15.65979035931339,15.65979035931339,3
P036,Electronics,2025-02-19,88.0,80.797140207094,7.202859792905997,7.202859792905997,3
P036,Electronics,2025-02-20,71.0,78.7808433365403,-7.7808433365403005,7.7808433365403005,3
P036,Electronics,2025-02-21,100.0,84.97887358996746,15.021126410032537,15.021126410032537,3
P036,Electronics,2025-02-22,146.0,131.12137725122378,14.878622748776223,14.878622748776223,3
P036,Electronics,2025-02-23,125.0,107.83429930162407,17.16570069837593,17.16570069837593,3
P036,Electronics,2025-02-24,105.0,86.25372083561854,18.746279164381463,18.746279164381463,3
P036,Electronics,2025-02-25,83.0,86.81767696994477,-3.8176769699447703,3.8176769699447703,3
P036,Electronics,2025-02-26,66.0,86.79812227153852,-20.798122271538517,20.798122271538517,3
P036,Electronics,2025-02-27,103.0,87.11643589390084,15.883564106099158,15.883564106099158,3
P036,Electronics,2025-02-28,81.0,88.36594794814206,-7.365947948142065,7.365947948142065,3
P036,Electronics,2025-03-01,53.0,110.8917573682318,-57.891757368231794,57.891757368231794,3
P036,Electronics,2025-03-02,101.0,106.3354900907971,-5.335490090797094,5.335490090797094,3
P036,Electronics,2025-03-03,97.0,80.72322235148052,16.276777648519484,16.276777648519484,4
P036,Electronics,2025-03-04,98.0,86.6848352039369,11.315164796063101,11.315164796063101,4
P036,Electronics,2025-03-05,120.0,86.09722987720536,33.902770122794635,33.902770122794635,4
P036,Electronics,2025-03-06,84.0,89.30742472642503,-5.307424726425026,5.307424726425026,4
P036,Electronics,2025-03-07,87.0,91.69553963260134,-4.6955396326013386,4.6955396326013386,4
P036,Electronics,2025-03-08,138.0,107.73512210576584,30.26487789423416,30.26487789423416,4
P036,Electronics,2025-03-09,140.0,156.87868471314044,-16.878684713140444,16.878684713140444,4
P036,Electronics,2025-03-10,107.0,84.86953612996395,22.130463870036053,22.130463870036053,4
P036,Electronics,2025-03-11,23.0,89.18805778521013,-66.18805778521013,66.18805778521013,4
P036,Electronics,2025-03-12,56.0,85.99667616371345,-29.996676163713445,29.996676163713445,4
P036,Electronics,2025-03-13,112.0,83.55819611500948,28.44180388499052,28.44180388499052,4
P036,Electronics,2025-03-14,79.0,85.96572862360618,-6.965728623606182,6.965728623606182,4
P036,Electronics,2025-03-15,101.0,111.09007752617485,-10.090077526174852,10.090077526174852,4
P036,Electronics,2025-03-16,181.0,110.2301880643044,70.7698119356956,70.7698119356956,4
P036,Electronics,2025-03-17,128.0,132.47705267042937,-4.477052670429373,4.477052670429373,4
P036,Electronics,2025-03-18,84.0,91.84182736544128,-7.841827365441276,7.841827365441276,4
P036,Electronics,2025-03-19,91.0,94.64069972619028,-3.6406997261902774,3.6406997261902774,4
P036,Electronics,2025-03-20,91.0,145.83446158754703,-54.834461587547025,54.834461587547025,4
P036,Electronics,2025-03-21,72.0,93.2927630108085,-21.2927630108085,21.2927630108085,4
P036,Electronics,2025-03-22,72.0,121.48702358288485,-49.487023582884845,49.487023582884845,4
P036,Electronics,2025-03-23,146.0,113.46970686780664,32.530293132193364,32.530293132193364,4
P036,Electronics,2025-03-24,74.0,88.71186557470983,-14.711865574709833,14.711865574709833,4
P036,Electronics,2025-03-25,77.0,84.4357995312752,-7.435799531275194,7.435799531275194,4
P036,Electronics,2025-03-26,91.0,83.83454135265923,7.16545864734077,7.16545864734077,4
P036,Electronics,2025-03-27,72.0,89.43164372962173,-17.431643729621726,17.431643729621726,4
P036,Electronics,2025-03-28,65.0,87.89382272241762,-22.893822722417625,22.893822722417625,4
P036,Electronics,2025-03-29,114.0,105.45473887150423,8.545261128495767,8.545261128495767,4
P036,Electronics,2025-03-30,174.0,163.96070950543591,10.039290494564085,10.039290494564085,4
P036,Electronics,2025-03-31,123.0,94.48408760209664,28.515912397903364,28.515912397903364,4
P036,Electronics,2025-04-01,52.0,92.663837428654,-40.663837428654006,40.663837428654006,4
P036,Electronics,2025-04-02,70.0,88.99950451562447,-18.999504515624466,18.999504515624466,4
P036,Electronics,2025-04-03,132.0,117.02844855957062,14.97155144042938,14.97155144042938,4
P036,Electronics,2025-04-04,95.0,90.18071525344607,4.819284746553933,4.819284746553933,4
P036,Electronics,2025-04-05,118.0,119.7957262377926,-1.795726237792607,1.795726237792607,4
P036,Electronics,2025-04-06,110.0,125.99194010215744,-15.991940102157443,15.991940102157443,4
P036,Electronics,2025-04-07,87.0,89.8519478124208,-2.8519478124208035,2.8519478124208035,4
P036,Electronics,2025-04-08,79.0,83.18307288997346,-4.1830728899734595,4.1830728899734595,4
P036,Electronics,2025-04-09,49.0,89.03210551260838,-40.03210551260838,40.03210551260838,4
P036,Electronics,2025-04-10,77.0,87.15904426786065,-10.15904426786065,10.15904426786065,4
P036,Electronics,2025-04-11,85.0,86.50571841473203,-1.50571841473203,1.50571841473203,4
P036,Electronics,2025-04-12,108.0,113.07195631604215,-5.071956316042147,5.071956316042147,4
P036,Electronics,2025-04-13,111.0,118.42529910771884,-7.425299107718843,7.425299107718843,4
P036,Electronics,2025-04-14,71.0,85.10461812729417,-14.104618127294174,14.104618127294174,4
P036,Electronics,2025-04-15,100.0,87.20525680187139,12.794743198128614,12.794743198128614,4
P036,Electronics,2025-04-16,83.0,81.97718008616334,1.0228199138366563,1.0228199138366563,4
P036,Electronics,2025-04-17,83.0,85.62111114897414,-2.621111148974137,2.621111148974137,4
P036,Electronics,2025-04-18,96.0,124.00027808133775,-28.000278081337754,28.000278081337754,4
P036,Electronics,2025-04-19,145.0,108.88876197016714,36.11123802983286,36.11123802983286,4
P036,Electronics,2025-04-20,82.0,111.0449475641668,-29.044947564166804,29.044947564166804,4
P036,Electronics,2025-04-21,59.0,83.12756528412807,-24.127565284128067,24.127565284128067,4
P036,Electronics,2025-04-22,98.0,81.92649757585491,16.07350242414509,16.07350242414509,4
P036,Electronics,2025-04-23,70.0,80.76967118646628,-10.769671186466283,10.769671186466283,4
P036,Electronics,2025-04-24,78.0,82.09430338985096,-4.094303389850964,4.094303389850964,4
P036,Electronics,2025-04-25,109.0,82.74437425729582,26.255625742704183,26.255625742704183,4
P036,Electronics,2025-04-26,136.0,107.72411290561767,28.275887094382327,28.275887094382327,4
P036,Electronics,2025-04-27,116.0,107.92347807525114,8.07652192474886,8.07652192474886,4
P036,Electronics,2025-04-28,52.0,85.21953272781553,-33.21953272781553,33.21953272781553,4
P036,Electronics,2025-04-29,64.0,80.71495903356578,-16.714959033565776,16.714959033565776,4
P036,Electronics,2025-04-30,100.0,79.7319029270575,20.268097072942496,20.268097072942496,4
P036,Electronics,2025-05-01,53.0,82.38414048982798,-29.384140489827985,29.384140489827985,4
P037,Home & Kitchen,2024-09-04,13.0,24.86434721099856,-11.86434721099856,11.86434721099856,1
P037,Home & Kitchen,2024-09-05,21.0,24.60647635135002,-3.6064763513500218,3.6064763513500218,1
P037,Home & Kitchen,2024-09-06,22.0,25.32180147982179,-3.32180147982179,3.32180147982179,1
P037,Home & Kitchen,2024-09-07,24.0,30.052712632430495,-6.052712632430495,6.052712632430495,1
P037,Home & Kitchen,2024-09-08,16.0,32.11976994797443,-16.119769947974433,16.119769947974433,1
P037,Home & Kitchen,2024-09-09,23.0,23.49982087350201,-0.49982087350201,0.49982087350201,1
P037,Home & Kitchen,2024-09-10,24.0,25.539649054547304,-1.5396490545473043,1.5396490545473043,1
P037,Home & Kitchen,2024-09-11,18.0,22.386828110964036,-4.386828110964036,4.386828110964036,1
P037,Home & Kitchen,2024-09-12,22.0,21.642482204847678,0.3575177951523223,0.3575177951523223,1
P037,Home & Kitchen,2024-09-13,16.0,22.7641819821276,-6.7641819821275995,6.7641819821275995,1
P037,Home & Kitchen,2024-09-14,39.0,26.451707543247785,12.548292456752215,12.548292456752215,1
P037,Home & Kitchen,2024-09-15,45.0,26.69164761238917,18.30835238761083,18.30835238761083,1
P037,Home & Kitchen,2024-09-16,23.0,24.146496883051803,-1.1464968830518032,1.1464968830518032,1
P037,Home & Kitchen,2024-09-17,25.0,23.423918702919202,1.5760812970807976,1.5760812970807976,1
P037,Home & Kitchen,2024-09-18,31.0,24.186885087810595,6.8131149121894055,6.8131149121894055,1
P037,Home & Kitchen,2024-09-19,23.0,24.19400453957314,-1.1940045395731396,1.1940045395731396,1
P037,Home & Kitchen,2024-09-20,29.0,24.23514537637468,4.764854623625322,4.764854623625322,1
P037,Home & Kitchen,2024-09-21,17.0,30.61432682091016,-13.614326820910161,13.614326820910161,1
P037,Home & Kitchen,2024-09-22,6.0,32.26726711354317,-26.26726711354317,26.26726711354317,1
P037,Home & Kitchen,2024-09-23,25.0,22.92918045914566,2.070819540854341,2.070819540854341,1
P037,Home & Kitchen,2024-09-24,0.0,25.868913310880274,-25.868913310880274,25.868913310880274,1
P037,Home & Kitchen,2024-09-25,18.0,22.250478182861727,-4.250478182861727,4.250478182861727,1
P037,Home & Kitchen,2024-09-26,16.0,20.990972508968277,-4.990972508968277,4.990972508968277,1
P037,Home & Kitchen,2024-09-27,22.0,21.895833496780988,0.10416650321901244,0.10416650321901244,1
P037,Home & Kitchen,2024-09-28,81.0,26.648104745512214,54.351895254487786,54.351895254487786,1
P037,Home & Kitchen,2024-09-29,39.0,29.483585160378933,9.516414839621067,9.516414839621067,1
P037,Home & Kitchen,2024-09-30,10.0,24.05001093264553,-14.050010932645531,14.050010932645531,1
P037,Home & Kitchen,2024-10-01,19.0,23.4329097587287,-4.432909758728702,4.432909758728702,1
P037,Home & Kitchen,2024-10-02,20.0,23.982918195652335,-3.982918195652335,3.982918195652335,1
P037,Home & Kitchen,2024-10-03,16.0,23.83994480289317,-7.8399448028931715,7.8399448028931715,1
P037,Home & Kitchen,2024-10-04,24.0,24.360380712335523,-0.36038071233552316,0.36038071233552316,1
P037,Home & Kitchen,2024-10-05,26.0,32.46623633041569,-6.46623633041569,6.46623633041569,1
P037,Home & Kitchen,2024-10-06,39.0,28.353243247068697,10.646756752931303,10.646756752931303,1
P037,Home & Kitchen,2024-10-07,33.0,22.982751766219206,10.017248233780794,10.017248233780794,1
P037,Home & Kitchen,2024-10-08,3.0,23.826390440844808,-20.826390440844808,20.826390440844808,1
P037,Home & Kitchen,2024-10-09,25.0,22.36534918039463,2.634650819605369,2.634650819605369,1
P037,Home & Kitchen,2024-10-10,16.0,23.455414709866293,-7.455414709866293,7.455414709866293,1
P037,Home & Kitchen,2024-10-11,32.0,22.964427452411964,9.035572547588036,9.035572547588036,1
P037,Home & Kitchen,2024-10-12,29.0,31.53076023846821,-2.5307602384682113,2.5307602384682113,1
P037,Home & Kitchen,2024-10-13,18.0,31.14537207751974,-13.145372077519738,13.145372077519738,1
P037,Home & Kitchen,2024-10-14,17.0,22.27049634025864,-5.270496340258639,5.270496340258639,1
P037,Home & Kitchen,2024-10-15,14.0,22.14835556838491,-8.148355568384911,8.148355568384911,1
P037,Home & Kitchen,2024-10-16,23.0,21.958799468035895,1.0412005319641047,1.0412005319641047,1
P037,Home & Kitchen,2024-10-17,11.0,22.056463157032418,-11.056463157032418,11.056463157032418,1
P037,Home & Kitchen,2024-10-18,19.0,22.34677950269218,-3.346779502692179,3.346779502692179,1
P037,Home & Kitchen,2024-10-19,14.0,25.683660365559142,-11.683660365559142,11.683660365559142,1
P037,Home & Kitchen,2024-10-20,35.0,25.011411447804765,9.988588552195235,9.988588552195235,1
P037,Home & Kitchen,2024-10-21,20.0,21.71534183787329,-1.7153418378732894,1.7153418378732894,1
P037,Home & Kitchen,2024-10-22,24.0,20.078415509111366,3.921584490888634,3.921584490888634,1
P037,Home & Kitchen,2024-10-23,21.0,21.20977008478301,-0.20977008478300974,0.20977008478300974,1
P037,Home & Kitchen,2024-10-24,11.0,21.20977008478301,-10.20977008478301,10.20977008478301,1
P037,Home & Kitchen,2024-10-25,18.0,21.848042784984408,-3.8480427849844077,3.8480427849844077,1
P037,Home & Kitchen,2024-10-26,28.0,27.973440496270516,0.02655950372948368,0.02655950372948368,1
P037,Home & Kitchen,2024-10-27,22.0,27.144164941216655,-5.144164941216655,5.144164941216655,1
P037,Home & Kitchen,2024-10-28,13.0,19.840840548781532,-6.840840548781532,6.840840548781532,1
P037,Home & Kitchen,2024-10-29,36.0,19.70046624633153,16.29953375366847,16.29953375366847,1
P037,Home & Kitchen,2024-10-30,14.0,20.839494177342065,-6.839494177342065,6.839494177342065,1
P037,Home & Kitchen,2024-10-31,17.0,20.199554079826523,-3.199554079826523,3.199554079826523,1
P037,Home & Kitchen,2024-11-01,22.0,20.977016624883866,1.0229833751161337,1.0229833751161337,1
P037,Home & Kitchen,2024-11-02,26.0,26.140044408997316,-0.14004440899731563,0.14004440899731563,1
P037,Home & Kitchen,2024-11-03,32.0,26.30665337652361,5.6933466234763905,5.6933466234763905,2
P037,Home & Kitchen,2024-11-04,17.0,21.566057273629948,-4.566057273629948,4.566057273629948,2
P037,Home & Kitchen,2024-11-05,20.0,22.164479086685713,-2.164479086685713,2.164479086685713,2
P037,Home & Kitchen,2024-11-06,26.0,21.024143533520338,4.975856466479662,4.975856466479662,2
P037,Home & Kitchen,2024-11-07,23.0,20.085192538335647,2.9148074616643527,2.9148074616643527,2
P037,Home & Kitchen,2024-11-08,30.0,21.492521040674756,8.507478959325244,8.507478959325244,2
P037,Home & Kitchen,2024-11-09,30.0,27.492273135064135,2.507726864935865,2.507726864935865,2
P037,Home & Kitchen,2024-11-10,26.0,26.27872900107722,-0.2787290010772203,0.2787290010772203,2
P037,Home & Kitchen,2024-11-11,30.0,20.73839668453882,9.26160331546118,9.26160331546118,2
P037,Home & Kitchen,2024-11-12,18.0,23.009178786861952,-5.009178786861952,5.009178786861952,2
P037,Home & Kitchen,2024-11-13,21.0,23.410269806975343,-2.410269806975343,2.410269806975343,2
P037,Home & Kitchen,2024-11-14,21.0,21.63082044817261,-0.6308204481726101,0.6308204481726101,2
P037,Home & Kitchen,2024-11-15,27.0,21.987056935114314,5.012943064885686,5.012943064885686,2
P037,Home & Kitchen,2024-11-16,38.0,26.771140694470084,11.228859305529916,11.228859305529916,2
P037,Home & Kitchen,2024-11-17,29.0,29.620184321022066,-0.6201843210220659,0.6201843210220659,2
P037,Home & Kitchen,2024-11-18,22.0,24.54078476222424,-2.5407847622242414,2.5407847622242414,2
P037,Home & Kitchen,2024-11-19,22.0,23.763088528826056,-1.7630885288260565,1.7630885288260565,2
P037,Home & Kitchen,2024-11-20,24.0,23.74291557617231,0.25708442382768837,0.25708442382768837,2
P037,Home & Kitchen,2024-11-21,26.0,23.773680146184702,2.2263198538152977,2.2263198538152977,2
P037,Home & Kitchen,2024-11-22,28.0,24.585534933810195,3.4144650661898055,3.4144650661898055,2
P037,Home & Kitchen,2024-11-23,16.0,31.88383209134543,-15.883832091345429,15.883832091345429,2
P037,Home & Kitchen,2024-11-24,25.0,27.86511664833496,-2.8651166483349613,2.8651166483349613,2
P037,Home & Kitchen,2024-11-25,31.0,22.471274627295937,8.528725372704063,8.528725372704063,2
P037,Home & Kitchen,2024-11-26,15.0,24.227943305948454,-9.227943305948454,9.227943305948454,2
P037,Home & Kitchen,2024-11-27,0.0,22.11599513410513,-22.11599513410513,22.11599513410513,2
P037,Home & Kitchen,2024-11-28,27.0,22.155563059135925,4.844436940864075,4.844436940864075,2
P037,Home & Kitchen,2024-11-29,94.0,38.43869113792986,55.56130886207014,55.56130886207014,2
P037,Home & Kitchen,2024-11-30,37.0,32.95627566777656,4.043724332223441,4.043724332223441,2
P037,Home & Kitchen,2024-12-01,40.0,32.765312511218646,7.234687488781354,7.234687488781354,2
P037,Home & Kitchen,2024-12-02,34.0,26.592228928098315,7.407771071901685,7.407771071901685,2
P037,Home & Kitchen,2024-12-03,27.0,25.77345750678235,1.22654249321765,1.22654249321765,2
P037,Home & Kitchen,2024-12-04,27.0,26.836852498249904,0.16314750175009607,0.16314750175009607,2
P037,Home & Kitchen,2024-12-05,6.0,27.44131473153421,-21.44131473153421,21.44131473153421,2
P037,Home & Kitchen,2024-12-06,21.0,31.85925544324871,-10.85925544324871,10.85925544324871,2
P037,Home & Kitchen,2024-12-07,44.0,33.53730696600397,10.462693033996032,10.462693033996032,2
P037,Home & Kitchen,2024-12-08,21.0,35.05546166153214,-14.055461661532142,14.055461661532142,2
P037,Home & Kitchen,2024-12-09,19.0,27.357961136694072,-8.357961136694072,8.357961136694072,2
P037,Home & Kitchen,2024-12-10,28.0,24.54925121079448,3.4507487892055195,3.4507487892055195,2
P037,Home & Kitchen,2024-12-11,30.0,25.68319646586082,4.316803534139179,4.316803534139179,2
P037,Home & Kitchen,2024-12-12,29.0,25.78743949741647,3.2125605025835284,3.2125605025835284,2
P037,Home & Kitchen,2024-12-13,30.0,29.172967634160415,0.8270323658395853,0.8270323658395853,2
P037,Home & Kitchen,2024-12-14,44.0,34.61085843423305,9.389141565766948,9.389141565766948,2
P037,Home & Kitchen,2024-12-15,41.0,33.03179251842504,7.968207481574957,7.968207481574957,2
P037,Home & Kitchen,2024-12-16,35.0,26.792832106424818,8.207167893575182,8.207167893575182,2
P037,Home & Kitchen,2024-12-17,24.0,27.32663801046081,-3.3266380104608118,3.3266380104608118,2
P037,Home & Kitchen,2024-12-18,21.0,28.336672830105627,-7.336672830105627,7.336672830105627,2
P037,Home & Kitchen,2024-12-19,38.0,27.03288737278665,10.96711262721335,10.96711262721335,2
P037,Home & Kitchen,2024-12-20,27.0,28.76334305275569,-1.7633430527556904,1.7633430527556904,2
P037,Home & Kitchen,2024-12-21,38.0,36.71291428121987,1.2870857187801334,1.2870857187801334,2
P037,Home & Kitchen,2024-12-22,30.0,36.166271899305485,-6.166271899305485,6.166271899305485,2
P037,Home & Kitchen,2024-12-23,15.0,29.286130494457062,-14.286130494457062,14.286130494457062,2
P037,Home & Kitchen,2024-12-24,34.0,27.03557499006532,6.964425009934679,6.964425009934679,2
P037,Home & Kitchen,2024-12-25,54.0,51.00083484697494,2.9991651530250607,2.9991651530250607,2
P037,Home & Kitchen,2024-12-26,32.0,31.71940942104947,0.2805905789505303,0.2805905789505303,2
P037,Home & Kitchen,2024-12-27,16.0,32.11567282764373,-16.115672827643728,16.115672827643728,2
P037,Home & Kitchen,2024-12-28,36.0,37.08947827114607,-1.0894782711460707,1.0894782711460707,2
P037,Home & Kitchen,2024-12-29,45.0,36.44386512158999,8.556134878410013,8.556134878410013,2
P037,Home & Kitchen,2024-12-30,18.0,29.266020910571225,-11.266020910571225,11.266020910571225,2
P037,Home & Kitchen,2024-12-31,19.0,29.1938217550243,-10.193821755024299,10.193821755024299,2
P037,Home & Kitchen,2025-01-01,48.0,56.80477350218732,-8.804773502187317,8.804773502187317,2
P037,Home & Kitchen,2025-01-02,18.0,28.100192348703434,-10.100192348703434,10.100192348703434,3
P037,Home & Kitchen,2025-01-03,7.0,26.57762509872324,-19.57762509872324,19.57762509872324,3
P037,Home & Kitchen,2025-01-04,30.0,35.195394337720394,-5.195394337720394,5.195394337720394,3
P037,Home & Kitchen,2025-01-05,27.0,33.728215767413715,-6.728215767413715,6.728215767413715,3
P037,Home & Kitchen,2025-01-06,32.0,25.522208717080847,6.477791282919153,6.477791282919153,3
P037,Home & Kitchen,2025-01-07,35.0,27.705387993721857,7.294612006278143,7.294612006278143,3
P037,Home & Kitchen,2025-01-08,22.0,31.01606374631196,-9.01606374631196,9.01606374631196,3
P037,Home & Kitchen,2025-01-09,48.0,26.864894390503977,21.135105609496023,21.135105609496023,3
P037,Home & Kitchen,2025-01-10,30.0,28.500190263981878,1.499809736018122,1.499809736018122,3
P037,Home & Kitchen,2025-01-11,37.0,48.13646958322938,-11.136469583229378,11.136469583229378,3
P037,Home & Kitchen,2025-01-12,43.0,36.25669482367454,6.743305176325457,6.743305176325457,3
P037,Home & Kitchen,2025-01-13,32.0,29.066427636931735,2.933572363068265,2.933572363068265,3
P037,Home & Kitchen,2025-01-14,33.0,28.956169108328286,4.043830891671714,4.043830891671714,3
P037,Home & Kitchen,2025-01-15,42.0,28.95386052916889,13.046139470831111,13.046139470831111,3
P037,Home & Kitchen,2025-01-16,20.0,30.81006704836815,-10.81006704836815,10.81006704836815,3
P037,Home & Kitchen,2025-01-17,34.0,29.607408179215305,4.392591820784695,4.392591820784695,3
P037,Home & Kitchen,2025-01-18,38.0,37.45916933916774,0.5408306608322633,0.5408306608322633,3
P037,Home & Kitchen,2025-01-19,17.0,37.49261500893339,-20.49261500893339,20.49261500893339,3
P037,Home & Kitchen,2025-01-20,25.0,44.306966499240545,-19.306966499240545,19.306966499240545,3
P037,Home & Kitchen,2025-01-21,170.0,29.364600877957784,140.6353991220422,140.6353991220422,3
P037,Home & Kitchen,2025-01-22,36.0,33.510399671771225,2.489600328228775,2.489600328228775,3
P037,Home & Kitchen,2025-01-23,43.0,34.962842546382674,8.037157453617326,8.037157453617326,3
P037,Home & Kitchen,2025-01-24,31.0,33.975944474532156,-2.975944474532156,2.975944474532156,3
P037,Home & Kitchen,2025-01-25,17.0,43.71137117026864,-26.71137117026864,26.71137117026864,3
P037,Home & Kitchen,2025-01-26,35.0,43.43375878684107,-8.433758786841068,8.433758786841068,3
P037,Home & Kitchen,2025-01-27,28.0,32.09089805986045,-4.09089805986045,4.09089805986045,3
P037,Home & Kitchen,2025-01-28,38.0,61.64159869019491,-23.64159869019491,23.64159869019491,3
P037,Home & Kitchen,2025-01-29,20.0,34.05190377179017,-14.051903771790172,14.051903771790172,3
P037,Home & Kitchen,2025-01-30,42.0,32.15714162708826,9.842858372911742,9.842858372911742,3
P037,Home & Kitchen,2025-01-31,22.0,32.005010566320905,-10.005010566320905,10.005010566320905,3
P037,Home & Kitchen,2025-02-01,39.0,40.59303247661339,-1.5930324766133879,1.5930324766133879,3
P037,Home & Kitchen,2025-02-02,30.0,42.712990630790735,-12.712990630790735,12.712990630790735,3
P037,Home & Kitchen,2025-02-03,36.0,32.450996709471035,3.5490032905289652,3.5490032905289652,3
P037,Home & Kitchen,2025-02-04,18.0,36.733197413077086,-18.733197413077086,18.733197413077086,3
P037,Home & Kitchen,2025-02-05,18.0,30.13045594612226,-12.130455946122261,12.130455946122261,3
P037,Home & Kitchen,2025-02-06,39.0,31.8824837204382,7.117516279561801,7.117516279561801,3
P037,Home & Kitchen,2025-02-07,34.0,31.19094734825538,2.8090526517446186,2.8090526517446186,3
P037,Home & Kitchen,2025-02-08,60.0,40.93820383850046,19.061796161499537,19.061796161499537,3
P037,Home & Kitchen,2025-02-09,42.0,41.29723905412287,0.7027609458771309,0.7027609458771309,3
P037,Home & Kitchen,2025-02-10,33.0,32.67294299342868,0.327057006571323,0.327057006571323,3
P037,Home & Kitchen,2025-02-11,22.0,31.7144700014657,-9.714470001465699,9.714470001465699,3
P037,Home & Kitchen,2025-02-12,42.0,30.797840456992027,11.202159543007973,11.202159543007973,3
P037,Home & Kitchen,2025-02-13,40.0,31.50001211050382,8.499987889496179,8.499987889496179,3
P037,Home & Kitchen,2025-02-14,40.0,32.4487809526345,7.5512190473655,7.5512190473655,3
P037,Home & Kitchen,2025-02-15,44.0,44.557840925830256,-0.5578409258302557,0.5578409258302557,3
P037,Home & Kitchen,2025-02-16,34.0,40.41544273962549,-6.41544273962549,6.41544273962549,3
P037,Home & Kitchen,2025-02-17,32.0,31.511434101470154,0.48856589852984555,0.48856589852984555,3
P037,Home & Kitchen,2025-02-18,34.0,36.2241166973512,-2.2241166973511994,2.2241166973511994,3
P037,Home & Kitchen,2025-02-19,30.0,31.35867692171178,-1.3586769217117798,1.3586769217117798,3
P037,Home & Kitchen,2025-02-20,29.0,32.00429585209509,-3.0042958520950904,3.0042958520950904,3
P037,Home & Kitchen,2025-02-21,39.0,31.706530962508143,7.293469037491857,7.293469037491857,3
P037,Home & Kitchen,2025-02-22,54.0,40.4630156619416,13.536984338058403,13.536984338058403,3
P037,Home & Kitchen,2025-02-23,30.0,42.02657327667697,-12.02657327667697,12.02657327667697,3
P037,Home & Kitchen,2025-02-24,34.0,31.982773064499273,2.0172269355007266,2.0172269355007266,3
P037,Home & Kitchen,2025-02-25,69.0,49.50991825061046,19.49008174938954,19.49008174938954,3
P037,Home & Kitchen,2025-02-26,25.0,33.67523150477964,-8.675231504779639,8.675231504779639,3
P037,Home & Kitchen,2025-02-27,29.0,33.83760506680051,-4.8376050668005135,4.8376050668005135,3
P037,Home & Kitchen,2025-02-28,35.0,51.90327827247235,-16.90327827247235,16.90327827247235,3
P037,Home & Kitchen,2025-03-01,41.0,43.00978828262124,-2.009788282621237,2.009788282621237,3
P037,Home & Kitchen,2025-03-02,46.0,41.75194815589452,4.248051844105483,4.248051844105483,3
P037,Home & Kitchen,2025-03-03,33.0,35.2137268051952,-2.2137268051952006,2.2137268051952006,4
P037,Home & Kitchen,2025-03-04,41.0,35.10278148849425,5.8972185115057485,5.8972185115057485,4
P037,Home & Kitchen,2025-03-05,33.0,33.37840421081697,-0.3784042108169672,0.3784042108169672,4
P037,Home & Kitchen,2025-03-06,36.0,34.341453047531296,1.6585469524687042,1.6585469524687042,4
P037,Home & Kitchen,2025-03-07,28.0,35.212403566180456,-7.2124035661804555,7.2124035661804555,4
P037,Home & Kitchen,2025-03-08,28.0,47.0263623465181,-19.0263623465181,19.0263623465181,4
P037,Home & Kitchen,2025-03-09,66.0,44.36134338292439,21.63865661707561,21.63865661707561,4
P037,Home & Kitchen,2025-03-10,39.0,34.714287965629204,4.285712034370796,4.285712034370796,4
P037,Home & Kitchen,2025-03-11,39.0,51.28907856659958,-12.289078566599578,12.289078566599578,4
P037,Home & Kitchen,2025-03-12,33.0,34.597530188837794,-1.5975301888377942,1.5975301888377942,4
P037,Home & Kitchen,2025-03-13,39.0,34.861443802490086,4.138556197509914,4.138556197509914,4
P037,Home & Kitchen,2025-03-14,29.0,34.344256040850865,-5.3442560408508655,5.3442560408508655,4
P037,Home & Kitchen,2025-03-15,43.0,43.932406046473545,-0.9324060464735453,0.9324060464735453,4
P037,Home & Kitchen,2025-03-16,49.0,48.79877315341337,0.20122684658662848,0.20122684658662848,4
P037,Home & Kitchen,2025-03-17,37.0,34.713577693125444,2.286422306874556,2.286422306874556,4
P037,Home & Kitchen,2025-03-18,18.0,34.46708371111706,-16.467083711117063,16.467083711117063,4
P037,Home & Kitchen,2025-03-19,33.0,33.63867395140774,-0.6386739514077391,0.6386739514077391,4
P037,Home & Kitchen,2025-03-20,16.0,34.472644857730685,-18.472644857730685,18.472644857730685,4
P037,Home & Kitchen,2025-03-21,56.0,49.32243130770935,6.677568692290649,6.677568692290649,4
P037,Home & Kitchen,2025-03-22,46.0,44.962016886806886,1.037983113193114,1.037983113193114,4
P037,Home & Kitchen,2025-03-23,44.0,45.972311559075195,-1.9723115590751945,1.9723115590751945,4
P037,Home & Kitchen,2025-03-24,39.0,34.4797460277454,4.520253972254601,4.520253972254601,4
P037,Home & Kitchen,2025-03-25,15.0,35.45527881883964,-20.455278818839638,20.455278818839638,4
P037,Home & Kitchen,2025-03-26,29.0,31.24619360492573,-2.246193604925729,2.246193604925729,4
P037,Home & Kitchen,2025-03-27,27.0,32.04160037143273,-5.041600371432729,5.041600371432729,4
P037,Home & Kitchen,2025-03-28,28.0,34.98676625021376,-6.986766250213762,6.986766250213762,4
P037,Home & Kitchen,2025-03-29,32.0,42.906814031338676,-10.906814031338676,10.906814031338676,4
P037,Home & Kitchen,2025-03-30,35.0,43.43327204223471,-8.433272042234712,8.433272042234712,4
P037,Home & Kitchen,2025-03-31,20.0,32.463099915892606,-12.463099915892606,12.463099915892606,4
P037,Home & Kitchen,2025-04-01,32.0,29.99589857444901,2.0041014255509886,2.0041014255509886,4
P037,Home & Kitchen,2025-04-02,35.0,31.33236434267302,3.6676356573269793,3.6676356573269793,4
P037,Home & Kitchen,2025-04-03,41.0,30.912936919627725,10.087063080372275,10.087063080372275,4
P037,Home & Kitchen,2025-04-04,30.0,32.21816794983212,-2.2181679498321216,2.2181679498321216,4
P037,Home & Kitchen,2025-04-05,69.0,54.738527277489716,14.261472722510284,14.261472722510284,4
P037,Home & Kitchen,2025-04-06,40.0,43.892734277496636,-3.8927342774966363,3.8927342774966363,4
P037,Home & Kitchen,2025-04-07,44.0,31.72703951406744,12.272960485932561,12.272960485932561,4
P037,Home & Kitchen,2025-04-08,36.0,32.64288932022425,3.357110679775751,3.357110679775751,4
P037,Home & Kitchen,2025-04-09,29.0,32.463099915892606,-3.463099915892606,3.463099915892606,4
P037,Home & Kitchen,2025-04-10,43.0,32.570105513108174,10.429894486891826,10.429894486891826,4
P037,Home & Kitchen,2025-04-11,26.0,32.21351204741446,-6.213512047414461,6.213512047414461,4
P037,Home & Kitchen,2025-04-12,48.0,43.84970353265494,4.150296467345058,4.150296467345058,4
P037,Home & Kitchen,2025-04-13,32.0,41.906534084671144,-9.906534084671144,9.906534084671144,4
P037,Home & Kitchen,2025-04-14,42.0,32.985686702946836,9.014313297053164,9.014313297053164,4
P037,Home & Kitchen,2025-04-15,49.0,31.63060251858262,17.36939748141738,17.36939748141738,4
P037,Home & Kitchen,2025-04-16,15.0,32.56450865569426,-17.56450865569426,17.56450865569426,4
P037,Home & Kitchen,2025-04-17,31.0,31.59746421700314,-0.5974642170031395,0.5974642170031395,4
P037,Home & Kitchen,2025-04-18,52.0,32.94356373918107,19.056436260818927,19.056436260818927,4
P037,Home & Kitchen,2025-04-19,54.0,68.40792847540042,-14.407928475400425,14.407928475400425,4
P037,Home & Kitchen,2025-04-20,38.0,41.886776424050964,-3.8867764240509644,3.8867764240509644,4
P037,Home & Kitchen,2025-04-21,33.0,33.20192736328569,-0.20192736328569083,0.20192736328569083,4
P037,Home & Kitchen,2025-04-22,28.0,32.79292593072074,-4.792925930720742,4.792925930720742,4
P037,Home & Kitchen,2025-04-23,47.0,32.05970165642703,14.94029834357297,14.94029834357297,4
P037,Home & Kitchen,2025-04-24,44.0,34.130615908481,9.869384091519002,9.869384091519002,4
P037,Home & Kitchen,2025-04-25,18.0,35.16138711656399,-17.161387116563994,17.161387116563994,4
P037,Home & Kitchen,2025-04-26,38.0,45.581965576350896,-7.581965576350896,7.581965576350896,4
P037,Home & Kitchen,2025-04-27,63.0,43.72393493412923,19.276065065870768,19.276065065870768,4
P037,Home & Kitchen,2025-04-28,26.0,34.17348526527835,-8.173485265278352,8.173485265278352,4
P037,Home & Kitchen,2025-04-29,34.0,34.5247064880483,-0.5247064880483023,0.5247064880483023,4
P037,Home & Kitchen,2025-04-30,20.0,35.538455134331535,-15.538455134331535,15.538455134331535,4
P037,Home & Kitchen,2025-05-01,39.0,34.288630368980556,4.711369631019444,4.711369631019444,4
P038,Apparel,2024-09-04,36.0,35.15598479509482,0.8440152049051832,0.8440152049051832,1
P038,Apparel,2024-09-05,33.0,36.80903430556488,-3.8090343055648788,3.8090343055648788,1
P038,Apparel,2024-09-06,34.0,36.395860036293364,-2.3958600362933637,2.3958600362933637,1
P038,Apparel,2024-09-07,41.0,47.48491628955924,-6.484916289559237,6.484916289559237,1
P038,Apparel,2024-09-08,41.0,48.3761546245551,-7.376154624555099,7.376154624555099,1
P038,Apparel,2024-09-09,34.0,34.76379933245264,-0.763799332452642,0.763799332452642,1
P038,Apparel,2024-09-10,37.0,34.72109365001721,2.2789063499827904,2.2789063499827904,1
P038,Apparel,2024-09-11,37.0,34.03243400943527,2.9675659905647294,2.9675659905647294,1
P038,Apparel,2024-09-12,31.0,36.05829585234973,-5.05829585234973,5.05829585234973,1
P038,Apparel,2024-09-13,30.0,35.87409437496943,-5.874094374969431,5.874094374969431,1
P038,Apparel,2024-09-14,65.0,61.572168396988154,3.427831603011846,3.427831603011846,1
P038,Apparel,2024-09-15,32.0,46.08838580356653,-14.088385803566531,14.088385803566531,1
P038,Apparel,2024-09-16,39.0,34.595648604389176,4.404351395610824,4.404351395610824,1
P038,Apparel,2024-09-17,31.0,37.04501130872975,-6.045011308729748,6.045011308729748,1
P038,Apparel,2024-09-18,41.0,34.676729236902624,6.323270763097376,6.323270763097376,1
P038,Apparel,2024-09-19,38.0,36.47255597405093,1.5274440259490731,1.5274440259490731,1
P038,Apparel,2024-09-20,40.0,36.3673803797429,3.6326196202571026,3.6326196202571026,1
P038,Apparel,2024-09-21,56.0,47.88344534348081,8.116554656519192,8.116554656519192,1
P038,Apparel,2024-09-22,38.0,45.72849775269348,-7.728497752693478,7.728497752693478,1
P038,Apparel,2024-09-23,25.0,37.04501130872975,-12.045011308729748,12.045011308729748,1
P038,Apparel,2024-09-24,36.0,33.75112369614432,2.248876303855681,2.248876303855681,1
P038,Apparel,2024-09-25,33.0,34.55516995350141,-1.5551699535014123,1.5551699535014123,1
P038,Apparel,2024-09-26,33.0,35.28906886862886,-2.28906886862886,2.28906886862886,1
P038,Apparel,2024-09-27,35.0,34.85183923473261,0.14816076526739153,0.14816076526739153,1
P038,Apparel,2024-09-28,39.0,46.12989625529705,-7.129896255297048,7.129896255297048,1
P038,Apparel,2024-09-29,39.0,42.646115492384375,-3.646115492384375,3.646115492384375,1
P038,Apparel,2024-09-30,30.0,33.536592730394446,-3.536592730394446,3.536592730394446,1
P038,Apparel,2024-10-01,36.0,35.07117178339478,0.9288282166052184,0.9288282166052184,1
P038,Apparel,2024-10-02,37.0,34.96282327087396,2.0371767291260383,2.0371767291260383,1
P038,Apparel,2024-10-03,30.0,33.98716180985915,-3.9871618098591526,3.9871618098591526,1
P038,Apparel,2024-10-04,35.0,34.38251214281284,0.6174878571871574,0.6174878571871574,1
P038,Apparel,2024-10-05,46.0,44.22820566821914,1.7717943317808604,1.7717943317808604,1
P038,Apparel,2024-10-06,43.0,43.19575036482457,-0.1957503648245691,0.1957503648245691,1
P038,Apparel,2024-10-07,36.0,32.859936037021114,3.1400639629788856,3.1400639629788856,1
P038,Apparel,2024-10-08,37.0,41.85221020723201,-4.852210207232012,4.852210207232012,1
P038,Apparel,2024-10-09,40.0,35.334412257514764,4.665587742485236,4.665587742485236,1
P038,Apparel,2024-10-10,34.0,34.073297282254,-0.07329728225400345,0.07329728225400345,1
P038,Apparel,2024-10-11,43.0,34.645752616932825,8.354247383067175,8.354247383067175,1
P038,Apparel,2024-10-12,46.0,45.28958357141724,0.7104164285827608,0.7104164285827608,1
P038,Apparel,2024-10-13,44.0,43.369465129373374,0.6305348706266258,0.6305348706266258,1
P038,Apparel,2024-10-14,34.0,35.88027288063328,-1.880272880633278,1.880272880633278,1
P038,Apparel,2024-10-15,32.0,35.08643764574331,-3.0864376457433096,3.0864376457433096,1
P038,Apparel,2024-10-16,30.0,35.648681957955006,-5.648681957955006,5.648681957955006,1
P038,Apparel,2024-10-17,25.0,34.990091150881334,-9.990091150881334,9.990091150881334,1
P038,Apparel,2024-10-18,29.0,35.51185681220527,-6.5118568122052665,6.5118568122052665,1
P038,Apparel,2024-10-19,51.0,44.06185793897748,6.938142061022518,6.938142061022518,1
P038,Apparel,2024-10-20,56.0,43.534267861280725,12.465732138719275,12.465732138719275,1
P038,Apparel,2024-10-21,38.0,33.92918885260547,4.070811147394529,4.070811147394529,1
P038,Apparel,2024-10-22,35.0,35.116506479251576,-0.11650647925157642,0.11650647925157642,1
P038,Apparel,2024-10-23,30.0,34.27198157100672,-4.2719815710067195,4.2719815710067195,1
P038,Apparel,2024-10-24,33.0,33.618167771506954,-0.618167771506954,0.618167771506954,1
P038,Apparel,2024-10-25,41.0,35.12443170986881,5.875568290131191,5.875568290131191,1
P038,Apparel,2024-10-26,42.0,45.8763250995084,-3.8763250995083993,3.8763250995083993,1
P038,Apparel,2024-10-27,42.0,46.91485453681393,-4.914854536813927,4.914854536813927,1
P038,Apparel,2024-10-28,43.0,34.750928211240854,8.249071788759146,8.249071788759146,1
P038,Apparel,2024-10-29,28.0,35.88027288063328,-7.880272880633278,7.880272880633278,1
P038,Apparel,2024-10-30,35.0,34.53036600015767,0.4696339998423298,0.4696339998423298,1
P038,Apparel,2024-10-31,43.0,34.04423607497703,8.955763925022971,8.955763925022971,1
P038,Apparel,2024-11-01,30.0,35.53080114832781,-5.530801148327811,5.530801148327811,1
P038,Apparel,2024-11-02,44.0,45.55328757803666,-1.5532875780366595,1.5532875780366595,1
P038,Apparel,2024-11-03,46.0,44.90282940430944,1.0971705956905566,1.0971705956905566,2
P038,Apparel,2024-11-04,37.0,35.95536327456918,1.04463672543082,1.04463672543082,2
P038,Apparel,2024-11-05,36.0,34.29866478558265,1.7013352144173481,1.7013352144173481,2
P038,Apparel,2024-11-06,36.0,35.37812927836165,0.6218707216383521,0.6218707216383521,2
P038,Apparel,2024-11-07,34.0,35.33055066713207,-1.3305506671320728,1.3305506671320728,2
P038,Apparel,2024-11-08,40.0,34.79450335687585,5.20549664312415,5.20549664312415,2
P038,Apparel,2024-11-09,59.0,44.72217865832562,14.277821341674382,14.277821341674382,2
P038,Apparel,2024-11-10,0.0,45.41995006883423,-45.41995006883423,45.41995006883423,2
P038,Apparel,2024-11-11,30.0,34.832571816113386,-4.832571816113386,4.832571816113386,2
P038,Apparel,2024-11-12,37.0,34.38016618790602,2.6198338120939795,2.6198338120939795,2
P038,Apparel,2024-11-13,44.0,34.7705845880431,9.2294154119569,9.2294154119569,2
P038,Apparel,2024-11-14,32.0,34.55474394233779,-2.5547439423377867,2.5547439423377867,2
P038,Apparel,2024-11-15,36.0,34.7705845880431,1.2294154119569,1.2294154119569,2
P038,Apparel,2024-11-16,31.0,46.114736173202175,-15.114736173202175,15.114736173202175,2
P038,Apparel,2024-11-17,48.0,41.7363879279587,6.2636120720412976,6.2636120720412976,2
P038,Apparel,2024-11-18,36.0,34.548672733481716,1.451327266518284,1.451327266518284,2
P038,Apparel,2024-11-19,33.0,34.66182112180549,-1.6618211218054881,1.6618211218054881,2
P038,Apparel,2024-11-20,34.0,34.9199269488332,-0.9199269488332007,0.9199269488332007,2
P038,Apparel,2024-11-21,35.0,33.83391714323677,1.1660828567632322,1.1660828567632322,2
P038,Apparel,2024-11-22,39.0,34.7527951611575,4.247204838842499,4.247204838842499,2
P038,Apparel,2024-11-23,41.0,43.37918572467265,-2.379185724672652,2.379185724672652,2
P038,Apparel,2024-11-24,49.0,43.68540981843982,5.3145901815601775,5.3145901815601775,2
P038,Apparel,2024-11-25,42.0,35.72771684002458,6.272283159975423,6.272283159975423,2
P038,Apparel,2024-11-26,43.0,48.222695727270256,-5.222695727270256,5.222695727270256,2
P038,Apparel,2024-11-27,39.0,35.419605617180814,3.580394382819186,3.580394382819186,2
P038,Apparel,2024-11-28,36.0,35.596083913667655,0.40391608633234455,0.40391608633234455,2
P038,Apparel,2024-11-29,74.0,77.57661034963482,-3.5766103496348194,3.5766103496348194,2
P038,Apparel,2024-11-30,40.0,46.36233250096006,-6.362332500960058,6.362332500960058,2
P038,Apparel,2024-12-01,46.0,47.70325527407398,-1.7032552740739817,1.7032552740739817,2
P038,Apparel,2024-12-02,38.0,37.04032544567343,0.9596745543265683,0.9596745543265683,2
P038,Apparel,2024-12-03,28.0,36.996283905769296,-8.996283905769296,8.996283905769296,2
P038,Apparel,2024-12-04,36.0,36.4630914494659,-0.46309144946589953,0.46309144946589953,2
P038,Apparel,2024-12-05,46.0,36.18143651556643,9.818563484433568,9.818563484433568,2
P038,Apparel,2024-12-06,27.0,39.82364581526546,-12.823645815265458,12.823645815265458,2
P038,Apparel,2024-12-07,41.0,46.29548597124428,-5.2954859712442826,5.2954859712442826,2
P038,Apparel,2024-12-08,48.0,44.631270272720855,3.3687297272791454,3.3687297272791454,2
P038,Apparel,2024-12-09,34.0,38.594054990170854,-4.594054990170854,4.594054990170854,2
P038,Apparel,2024-12-10,51.0,37.25634488313598,13.74365511686402,13.74365511686402,2
P038,Apparel,2024-12-11,43.0,38.88453347074141,4.11546652925859,4.11546652925859,2
P038,Apparel,2024-12-12,30.0,39.14084980228492,-9.140849802284919,9.140849802284919,2
P038,Apparel,2024-12-13,29.0,38.13816797109118,-9.138167971091178,9.138167971091178,2
P038,Apparel,2024-12-14,49.0,46.70988496490194,2.2901150350980615,2.2901150350980615,2
P038,Apparel,2024-12-15,50.0,48.775562218707535,1.2244377812924654,1.2244377812924654,2
P038,Apparel,2024-12-16,45.0,38.08489316945029,6.9151068305497105,6.9151068305497105,2
P038,Apparel,2024-12-17,31.0,38.841733668651415,-7.841733668651415,7.841733668651415,2
P038,Apparel,2024-12-18,42.0,37.86851835977716,4.131481640222837,4.131481640222837,2
P038,Apparel,2024-12-19,40.0,37.792802824830474,2.207197175169526,2.207197175169526,2
P038,Apparel,2024-12-20,40.0,37.391493088077006,2.608506911922994,2.608506911922994,2
P038,Apparel,2024-12-21,41.0,48.703056330512986,-7.703056330512986,7.703056330512986,2
P038,Apparel,2024-12-22,52.0,49.115133753413716,2.8848662465862844,2.8848662465862844,2
P038,Apparel,2024-12-23,32.0,39.52301074884178,-7.523010748841777,7.523010748841777,2
P038,Apparel,2024-12-24,76.0,50.921409884691656,25.078590115308344,25.078590115308344,2
P038,Apparel,2024-12-25,71.0,73.0730946654362,-2.0730946654362015,2.0730946654362015,2
P038,Apparel,2024-12-26,40.0,40.70285156016126,-0.7028515601612568,0.7028515601612568,2
P038,Apparel,2024-12-27,51.0,61.34326944973329,-10.343269449733292,10.343269449733292,2
P038,Apparel,2024-12-28,49.0,49.65865485752847,-0.6586548575284681,0.6586548575284681,2
P038,Apparel,2024-12-29,50.0,52.04862583424072,-2.048625834240717,2.048625834240717,2
P038,Apparel,2024-12-30,40.0,40.33858782968884,-0.3385878296888407,0.3385878296888407,2
P038,Apparel,2024-12-31,60.0,61.03597585689123,-1.035975856891227,1.035975856891227,2
P038,Apparel,2025-01-01,85.0,76.99986315935429,8.000136840645709,8.000136840645709,2
P038,Apparel,2025-01-02,38.0,43.24066522402453,-5.240665224024532,5.240665224024532,3
P038,Apparel,2025-01-03,37.0,43.09226482646765,-6.092264826467648,6.092264826467648,3
P038,Apparel,2025-01-04,53.0,54.68047090422781,-1.6804709042278105,1.6804709042278105,3
P038,Apparel,2025-01-05,56.0,56.064185068069676,-0.06418506806967628,0.06418506806967628,3
P038,Apparel,2025-01-06,36.0,42.22982196620525,-6.22982196620525,6.22982196620525,3
P038,Apparel,2025-01-07,31.0,45.98657600152123,-14.986576001521229,14.986576001521229,3
P038,Apparel,2025-01-08,36.0,45.9556396756101,-9.9556396756101,9.9556396756101,3
P038,Apparel,2025-01-09,47.0,40.53106459487159,6.468935405128413,6.468935405128413,3
P038,Apparel,2025-01-10,39.0,41.77755413594431,-2.777554135944307,2.777554135944307,3
P038,Apparel,2025-01-11,52.0,54.35270493411101,-2.35270493411101,2.35270493411101,3
P038,Apparel,2025-01-12,47.0,56.04919522249892,-9.049195222498923,9.049195222498923,3
P038,Apparel,2025-01-13,42.0,40.86880299577781,1.1311970042221873,1.1311970042221873,3
P038,Apparel,2025-01-14,33.0,41.18635710857835,-8.186357108578349,8.186357108578349,3
P038,Apparel,2025-01-15,34.0,43.3128674218644,-9.312867421864397,9.312867421864397,3
P038,Apparel,2025-01-16,38.0,40.51275431634721,-2.5127543163472126,2.5127543163472126,3
P038,Apparel,2025-01-17,39.0,40.06354695602952,-1.0635469560295192,1.0635469560295192,3
P038,Apparel,2025-01-18,52.0,53.21888524015992,-1.2188852401599206,1.2188852401599206,3
P038,Apparel,2025-01-19,62.0,53.63551233350429,8.364487666495712,8.364487666495712,3
P038,Apparel,2025-01-20,39.0,40.84983114487328,-1.8498311448732778,1.8498311448732778,3
P038,Apparel,2025-01-21,36.0,41.591624635381,-5.591624635381002,5.591624635381002,3
P038,Apparel,2025-01-22,37.0,41.677802217126406,-4.6778022171264055,4.6778022171264055,3
P038,Apparel,2025-01-23,51.0,39.82353415944711,11.176465840552893,11.176465840552893,3
P038,Apparel,2025-01-24,43.0,39.14434279641361,3.8556572035863894,3.8556572035863894,3
P038,Apparel,2025-01-25,48.0,51.427406124723504,-3.427406124723504,3.427406124723504,3
P038,Apparel,2025-01-26,61.0,53.07045149917489,7.929548500825113,7.929548500825113,3
P038,Apparel,2025-01-27,41.0,41.20678117885788,-0.20678117885788083,0.20678117885788083,3
P038,Apparel,2025-01-28,45.0,41.93442138765188,3.0655786123481192,3.0655786123481192,3
P038,Apparel,2025-01-29,47.0,40.45565822467519,6.54434177532481,6.54434177532481,3
P038,Apparel,2025-01-30,36.0,40.175974550160966,-4.175974550160966,4.175974550160966,3
P038,Apparel,2025-01-31,30.0,39.085757426379374,-9.085757426379374,9.085757426379374,3
P038,Apparel,2025-02-01,37.0,52.042774577715015,-15.042774577715015,15.042774577715015,3
P038,Apparel,2025-02-02,52.0,53.45289991131347,-1.452899911313473,1.452899911313473,3
P038,Apparel,2025-02-03,40.0,38.28311050602139,1.7168894939786128,1.7168894939786128,3
P038,Apparel,2025-02-04,42.0,38.67245000464723,3.3275499953527685,3.3275499953527685,3
P038,Apparel,2025-02-05,46.0,38.94845066096984,7.05154933903016,7.05154933903016,3
P038,Apparel,2025-02-06,53.0,40.33224696745209,12.667753032547907,12.667753032547907,3
P038,Apparel,2025-02-07,44.0,38.96698430821586,5.0330156917841435,5.0330156917841435,3
P038,Apparel,2025-02-08,48.0,55.80745054664627,-7.8074505466462725,7.8074505466462725,3
P038,Apparel,2025-02-09,61.0,52.580309314564104,8.419690685435896,8.419690685435896,3
P038,Apparel,2025-02-10,42.0,40.06634886453475,1.9336511354652473,1.9336511354652473,3
P038,Apparel,2025-02-11,47.0,39.68823357562826,7.31176642437174,7.31176642437174,3
P038,Apparel,2025-02-12,49.0,41.309549015346086,7.690450984653914,7.690450984653914,3
P038,Apparel,2025-02-13,38.0,40.34039513995418,-2.3403951399541825,2.3403951399541825,3
P038,Apparel,2025-02-14,37.0,39.81819017072297,-2.8181901707229713,2.8181901707229713,3
P038,Apparel,2025-02-15,62.0,50.58330898503857,11.41669101496143,11.41669101496143,3
P038,Apparel,2025-02-16,59.0,57.694310568485534,1.305689431514466,1.305689431514466,3
P038,Apparel,2025-02-17,38.0,41.804584386496494,-3.8045843864964937,3.8045843864964937,3
P038,Apparel,2025-02-18,40.0,40.21373055896822,-0.2137305589682228,0.2137305589682228,3
P038,Apparel,2025-02-19,37.0,42.82656742870822,-5.826567428708223,5.826567428708223,3
P038,Apparel,2025-02-20,47.0,42.70904642201136,4.290953577988638,4.290953577988638,3
P038,Apparel,2025-02-21,40.0,39.410926153083615,0.589073846916385,0.589073846916385,3
P038,Apparel,2025-02-22,67.0,53.36446450603471,13.635535493965293,13.635535493965293,3
P038,Apparel,2025-02-23,64.0,58.12743170109642,5.87256829890358,5.87256829890358,3
P038,Apparel,2025-02-24,45.0,41.923034871971076,3.076965128028924,3.076965128028924,3
P038,Apparel,2025-02-25,27.0,42.56635657776986,-15.56635657776986,15.56635657776986,3
P038,Apparel,2025-02-26,42.0,42.129360354330686,-0.12936035433068582,0.12936035433068582,3
P038,Apparel,2025-02-27,34.0,40.21373055896822,-6.213730558968223,6.213730558968223,3
P038,Apparel,2025-02-28,48.0,38.93644611897526,9.063553881024738,9.063553881024738,3
P038,Apparel,2025-03-01,61.0,57.491635452579644,3.5083645474203564,3.5083645474203564,3
P038,Apparel,2025-03-02,43.0,56.64260769201695,-13.642607692016952,13.642607692016952,3
P038,Apparel,2025-03-03,44.0,41.711509701652005,2.2884902983479947,2.2884902983479947,4
P038,Apparel,2025-03-04,42.0,40.45596087376237,1.544039126237628,1.544039126237628,4
P038,Apparel,2025-03-05,43.0,41.10886383551929,1.891136164480713,1.891136164480713,4
P038,Apparel,2025-03-06,49.0,42.10537181586502,6.89462818413498,6.89462818413498,4
P038,Apparel,2025-03-07,38.0,42.16016915772182,-4.160169157721818,4.160169157721818,4
P038,Apparel,2025-03-08,60.0,57.419263608839415,2.5807363911605847,2.5807363911605847,4
P038,Apparel,2025-03-09,56.0,55.29754294791786,0.7024570520821385,0.7024570520821385,4
P038,Apparel,2025-03-10,40.0,41.99514514825238,-1.9951451482523765,1.9951451482523765,4
P038,Apparel,2025-03-11,35.0,40.8264454238484,-5.826445423848398,5.826445423848398,4
P038,Apparel,2025-03-12,39.0,41.010633508876964,-2.010633508876964,2.010633508876964,4
P038,Apparel,2025-03-13,45.0,41.52361880378742,3.4763811962125786,3.4763811962125786,4
P038,Apparel,2025-03-14,46.0,42.04767016530475,3.9523298346952487,3.9523298346952487,4
P038,Apparel,2025-03-15,52.0,57.81419477759578,-5.81419477759578,5.81419477759578,4
P038,Apparel,2025-03-16,77.0,56.490240992649724,20.509759007350276,20.509759007350276,4
P038,Apparel,2025-03-17,50.0,40.88211255639899,9.117887443601013,9.117887443601013,4
P038,Apparel,2025-03-18,35.0,40.84277018553005,-5.84277018553005,5.84277018553005,4
P038,Apparel,2025-03-19,44.0,40.55158362154377,3.44841637845623,3.44841637845623,4
P038,Apparel,2025-03-20,33.0,42.205205199196996,-9.205205199196996,9.205205199196996,4
P038,Apparel,2025-03-21,45.0,41.37184027869218,3.628159721307817,3.628159721307817,4
P038,Apparel,2025-03-22,65.0,55.58394205887589,9.416057941124109,9.416057941124109,4
P038,Apparel,2025-03-23,52.0,57.742382686081996,-5.742382686081996,5.742382686081996,4
P038,Apparel,2025-03-24,43.0,41.34030201481722,1.659697985182781,1.659697985182781,4
P038,Apparel,2025-03-25,42.0,40.44567518300467,1.554324816995333,1.554324816995333,4
P038,Apparel,2025-03-26,41.0,40.793936571648146,0.20606342835185387,0.20606342835185387,4
P038,Apparel,2025-03-27,37.0,40.53289142757132,-3.5328914275713217,3.5328914275713217,4
P038,Apparel,2025-03-28,42.0,42.28943285943783,-0.2894328594378308,0.2894328594378308,4
P038,Apparel,2025-03-29,66.0,56.7728380631154,9.227161936884599,9.227161936884599,4
P038,Apparel,2025-03-30,60.0,53.75961473457908,6.240385265420919,6.240385265420919,4
P038,Apparel,2025-03-31,46.0,41.53997464885748,4.460025351142519,4.460025351142519,4
P038,Apparel,2025-04-01,39.0,40.590179583799916,-1.590179583799916,1.590179583799916,4
P038,Apparel,2025-04-02,49.0,40.76035103478776,8.23964896521224,8.23964896521224,4
P038,Apparel,2025-04-03,45.0,40.66352007321876,4.336479926781237,4.336479926781237,4
P038,Apparel,2025-04-04,42.0,41.1038825208517,0.8961174791483018,0.8961174791483018,4
P038,Apparel,2025-04-05,64.0,57.63030783484871,6.369692165151292,6.369692165151292,4
P038,Apparel,2025-04-06,51.0,56.59838330708165,-5.598383307081647,5.598383307081647,4
P038,Apparel,2025-04-07,47.0,41.62939338550522,5.370606614494783,5.370606614494783,4
P038,Apparel,2025-04-08,40.0,40.670452802811305,-0.6704528028113046,0.6704528028113046,4
P038,Apparel,2025-04-09,37.0,41.27415530379659,-4.27415530379659,4.27415530379659,4
P038,Apparel,2025-04-10,44.0,41.17571808469352,2.8242819153064787,2.8242819153064787,4
P038,Apparel,2025-04-11,57.0,40.79576711443179,16.20423288556821,16.20423288556821,4
P038,Apparel,2025-04-12,47.0,57.11511527251501,-10.115115272515013,10.115115272515013,4
P038,Apparel,2025-04-13,58.0,55.49771230244464,2.50228769755536,2.50228769755536,4
P038,Apparel,2025-04-14,47.0,42.721518983781436,4.278481016218564,4.278481016218564,4
P038,Apparel,2025-04-15,36.0,40.380894404381515,-4.380894404381515,4.380894404381515,4
P038,Apparel,2025-04-16,40.0,41.14650850266837,-1.1465085026683681,1.1465085026683681,4
P038,Apparel,2025-04-17,43.0,41.223999492417924,1.7760005075820757,1.7760005075820757,4
P038,Apparel,2025-04-18,41.0,42.88506866251201,-1.8850686625120119,1.8850686625120119,4
P038,Apparel,2025-04-19,57.0,54.900283119309854,2.0997168806901456,2.0997168806901456,4
P038,Apparel,2025-04-20,71.0,55.28674138618872,15.713258613811277,15.713258613811277,4
P038,Apparel,2025-04-21,44.0,42.335272060243035,1.6647279397569648,1.6647279397569648,4
P038,Apparel,2025-04-22,48.0,40.4504011980174,7.549598801982597,7.549598801982597,4
P038,Apparel,2025-04-23,33.0,40.56124049101593,-7.56124049101593,7.56124049101593,4
P038,Apparel,2025-04-24,41.0,40.45733274325661,0.5426672567433926,0.5426672567433926,4
P038,Apparel,2025-04-25,43.0,41.32685577365612,1.6731442263438794,1.6731442263438794,4
P038,Apparel,2025-04-26,62.0,56.199249947568525,5.800750052431475,5.800750052431475,4
P038,Apparel,2025-04-27,43.0,57.1556825918456,-14.155682591845597,14.155682591845597,4
P038,Apparel,2025-04-28,42.0,41.749564246205026,0.2504357537949744,0.2504357537949744,4
P038,Apparel,2025-04-29,31.0,41.12718313961586,-10.127183139615859,10.127183139615859,4
P038,Apparel,2025-04-30,37.0,39.89937475252912,-2.89937475252912,2.89937475252912,4
P038,Apparel,2025-05-01,46.0,40.45733274325661,5.542667256743393,5.542667256743393,4
P039,Beauty,2024-09-04,17.0,26.49722886850769,-9.49722886850769,9.49722886850769,1
P039,Beauty,2024-09-05,17.0,24.67119410479976,-7.67119410479976,7.67119410479976,1
P039,Beauty,2024-09-06,20.0,22.891092288992102,-2.891092288992102,2.891092288992102,1
P039,Beauty,2024-09-07,34.0,30.990539832295045,3.0094601677049546,3.0094601677049546,1
P039,Beauty,2024-09-08,38.0,27.88964936716691,10.11035063283309,10.11035063283309,1
P039,Beauty,2024-09-09,17.0,22.246348936307882,-5.246348936307882,5.246348936307882,1
P039,Beauty,2024-09-10,10.0,21.734429739729435,-11.734429739729435,11.734429739729435,1
P039,Beauty,2024-09-11,14.0,21.774142153364,-7.774142153364,7.774142153364,1
P039,Beauty,2024-09-12,19.0,22.022598935369295,-3.0225989353692952,3.0225989353692952,1
P039,Beauty,2024-09-13,3.0,20.94363914931739,-17.94363914931739,17.94363914931739,1
P039,Beauty,2024-09-14,24.0,31.309903278282132,-7.309903278282132,7.309903278282132,1
P039,Beauty,2024-09-15,18.0,26.170502908916568,-8.170502908916568,8.170502908916568,1
P039,Beauty,2024-09-16,14.0,19.908224196863603,-5.908224196863603,5.908224196863603,1
P039,Beauty,2024-09-17,22.0,19.530761680180415,2.469238319819585,2.469238319819585,1
P039,Beauty,2024-09-18,27.0,19.908224196863603,7.091775803136397,7.091775803136397,1
P039,Beauty,2024-09-19,19.0,19.644286420951556,-0.6442864209515555,0.6442864209515555,1
P039,Beauty,2024-09-20,8.0,19.530761680180415,-11.530761680180415,11.530761680180415,1
P039,Beauty,2024-09-21,15.0,24.1299221316929,-9.1299221316929,9.1299221316929,1
P039,Beauty,2024-09-22,33.0,23.85794300425584,9.14205699574416,9.14205699574416,1
P039,Beauty,2024-09-23,23.0,17.821927006534143,5.178072993465857,5.178072993465857,1
P039,Beauty,2024-09-24,26.0,21.771802560130002,4.228197439869998,4.228197439869998,1
P039,Beauty,2024-09-25,15.0,20.31205919453108,-5.312059194531081,5.312059194531081,1
P039,Beauty,2024-09-26,15.0,21.170298276593524,-6.170298276593524,6.170298276593524,1
P039,Beauty,2024-09-27,19.0,20.180203324300663,-1.1802033243006633,1.1802033243006633,1
P039,Beauty,2024-09-28,39.0,24.65985020545341,14.34014979454659,14.34014979454659,1
P039,Beauty,2024-09-29,22.0,26.77506353868305,-4.77506353868305,4.77506353868305,1
P039,Beauty,2024-09-30,16.0,20.645811564902786,-4.645811564902786,4.645811564902786,1
P039,Beauty,2024-10-01,18.0,20.717859104444226,-2.7178591044442264,2.7178591044442264,1
P039,Beauty,2024-10-02,11.0,21.119990017643033,-10.119990017643033,10.119990017643033,1
P039,Beauty,2024-10-03,21.0,19.70046624633153,1.2995337536684701,1.2995337536684701,1
P039,Beauty,2024-10-04,18.0,19.840840548781532,-1.8408405487815322,1.8408405487815322,1
P039,Beauty,2024-10-05,17.0,26.887645858557207,-9.887645858557207,9.887645858557207,1
P039,Beauty,2024-10-06,17.0,26.59260613919369,-9.592606139193691,9.592606139193691,1
P039,Beauty,2024-10-07,17.0,19.70046624633153,-2.70046624633153,2.70046624633153,1
P039,Beauty,2024-10-08,18.0,20.22090215577388,-2.2209021557738815,2.2209021557738815,1
P039,Beauty,2024-10-09,21.0,19.70046624633153,1.2995337536684701,1.2995337536684701,1
P039,Beauty,2024-10-10,17.0,19.70046624633153,-2.70046624633153,2.70046624633153,1
P039,Beauty,2024-10-11,13.0,19.70046624633153,-6.70046624633153,6.70046624633153,1
P039,Beauty,2024-10-12,30.0,24.027647570406955,5.972352429593045,5.972352429593045,1
P039,Beauty,2024-10-13,31.0,23.243273885052556,7.756726114947444,7.756726114947444,1
P039,Beauty,2024-10-14,19.0,19.954365289552673,-0.9543652895526726,0.9543652895526726,1
P039,Beauty,2024-10-15,18.0,20.21830306546472,-2.2183030654647204,2.2183030654647204,1
P039,Beauty,2024-10-16,14.0,20.822136645836913,-6.822136645836913,6.822136645836913,1
P039,Beauty,2024-10-17,21.0,19.70046624633153,1.2995337536684701,1.2995337536684701,1
P039,Beauty,2024-10-18,17.0,25.832602015653077,-8.832602015653077,8.832602015653077,1
P039,Beauty,2024-10-19,20.0,23.79752191786094,-3.7975219178609407,3.7975219178609407,1
P039,Beauty,2024-10-20,46.0,35.53056577599967,10.46943422400033,10.46943422400033,1
P039,Beauty,2024-10-21,22.0,21.32213228833328,0.6778677116667211,0.6778677116667211,1
P039,Beauty,2024-10-22,17.0,21.58085020525606,-4.580850205256059,4.580850205256059,1
P039,Beauty,2024-10-23,17.0,20.599554108200678,-3.599554108200678,3.599554108200678,1
P039,Beauty,2024-10-24,19.0,20.599554108200678,-1.5995541082006781,1.5995541082006781,1
P039,Beauty,2024-10-25,9.0,20.599554108200678,-11.599554108200678,11.599554108200678,1
P039,Beauty,2024-10-26,26.0,26.59260613919369,-0.5926061391936912,0.5926061391936912,1
P039,Beauty,2024-10-27,29.0,27.559810350685172,1.4401896493148278,1.4401896493148278,1
P039,Beauty,2024-10-28,16.0,20.572704546521816,-4.572704546521816,4.572704546521816,1
P039,Beauty,2024-10-29,15.0,27.928985623296892,-12.928985623296892,12.928985623296892,1
P039,Beauty,2024-10-30,15.0,20.199554079826523,-5.199554079826523,5.199554079826523,1
P039,Beauty,2024-10-31,20.0,20.57701659650971,-0.5770165965097114,0.5770165965097114,1
P039,Beauty,2024-11-01,23.0,20.199554079826523,2.800445920173477,2.800445920173477,1
P039,Beauty,2024-11-02,34.0,24.58958459638083,9.410415403619169,9.410415403619169,1
P039,Beauty,2024-11-03,31.0,26.08650093288819,4.913499067111811,4.913499067111811,2
P039,Beauty,2024-11-04,24.0,20.129284444409745,3.8707155555902553,3.8707155555902553,2
P039,Beauty,2024-11-05,28.0,20.084480242463158,7.915519757536842,7.915519757536842,2
P039,Beauty,2024-11-06,42.0,28.085452423039094,13.914547576960906,13.914547576960906,2
P039,Beauty,2024-11-07,21.0,22.590382609716237,-1.5903826097162366,1.5903826097162366,2
P039,Beauty,2024-11-08,14.0,22.510886736821448,-8.510886736821448,8.510886736821448,2
P039,Beauty,2024-11-09,24.0,29.919539560386003,-5.919539560386003,5.919539560386003,2
P039,Beauty,2024-11-10,27.0,29.76329563140123,-2.763295631401231,2.763295631401231,2
P039,Beauty,2024-11-11,22.0,21.731052404410985,0.26894759558901526,0.26894759558901526,2
P039,Beauty,2024-11-12,22.0,21.735786073771887,0.2642139262281127,0.2642139262281127,2
P039,Beauty,2024-11-13,50.0,36.88777379433939,13.112226205660612,13.112226205660612,2
P039,Beauty,2024-11-14,26.0,25.20220887270281,0.7977911272971916,0.7977911272971916,2
P039,Beauty,2024-11-15,21.0,24.51534216029488,-3.5153421602948782,3.5153421602948782,2
P039,Beauty,2024-11-16,19.0,30.965332755056153,-11.965332755056153,11.965332755056153,2
P039,Beauty,2024-11-17,49.0,30.83804435001694,18.16195564998306,18.16195564998306,2
P039,Beauty,2024-11-18,37.0,26.267488448340387,10.732511551659613,10.732511551659613,2
P039,Beauty,2024-11-19,29.0,25.39053403150882,3.609465968491179,3.609465968491179,2
P039,Beauty,2024-11-20,23.0,28.62479332627807,-5.62479332627807,5.62479332627807,2
P039,Beauty,2024-11-21,16.0,24.85267405643752,-8.852674056437522,8.852674056437522,2
P039,Beauty,2024-11-22,24.0,23.813248071215497,0.18675192878450275,0.18675192878450275,2
P039,Beauty,2024-11-23,21.0,31.56992819801731,-10.569928198017308,10.569928198017308,2
P039,Beauty,2024-11-24,51.0,55.14402479490244,-4.1440247949024425,4.1440247949024425,2
P039,Beauty,2024-11-25,24.0,27.938668973240926,-3.938668973240926,3.938668973240926,2
P039,Beauty,2024-11-26,20.0,25.924797807547108,-5.924797807547108,5.924797807547108,2
P039,Beauty,2024-11-27,32.0,25.950532877780283,6.049467122219717,6.049467122219717,2
P039,Beauty,2024-11-28,21.0,25.409669669850416,-4.409669669850416,4.409669669850416,2
P039,Beauty,2024-11-29,45.0,49.36976886946072,-4.369768869460721,4.369768869460721,2
P039,Beauty,2024-11-30,56.0,33.33025950917198,22.66974049082802,22.66974049082802,2
P039,Beauty,2024-12-01,43.0,36.75382827008356,6.2461717299164405,6.2461717299164405,2
P039,Beauty,2024-12-02,35.0,28.974498121530655,6.0255018784693455,6.0255018784693455,2
P039,Beauty,2024-12-03,24.0,28.762386059004786,-4.762386059004786,4.762386059004786,2
P039,Beauty,2024-12-04,20.0,29.602228574167572,-9.602228574167572,9.602228574167572,2
P039,Beauty,2024-12-05,29.0,26.470779526284616,2.529220473715384,2.529220473715384,2
P039,Beauty,2024-12-06,24.0,29.59822190786627,-5.598221907866272,5.598221907866272,2
P039,Beauty,2024-12-07,46.0,38.39109181439655,7.608908185603447,7.608908185603447,2
P039,Beauty,2024-12-08,42.0,37.83825096945121,4.1617490305487905,4.1617490305487905,2
P039,Beauty,2024-12-09,41.0,29.48319378269616,11.516806217303841,11.516806217303841,2
P039,Beauty,2024-12-10,31.0,28.356295568059394,2.6437044319406056,2.6437044319406056,2
P039,Beauty,2024-12-11,36.0,29.679895896067478,6.320104103932522,6.320104103932522,2
P039,Beauty,2024-12-12,39.0,29.029162945320454,9.970837054679546,9.970837054679546,2
P039,Beauty,2024-12-13,36.0,29.87872099961247,6.121279000387531,6.121279000387531,2
P039,Beauty,2024-12-14,42.0,39.23874650873659,2.7612534912634104,2.7612534912634104,2
P039,Beauty,2024-12-15,60.0,41.0952049008558,18.904795099144202,18.904795099144202,2
P039,Beauty,2024-12-16,44.0,33.845577276269246,10.154422723730754,10.154422723730754,2
P039,Beauty,2024-12-17,26.0,31.34839412419939,-5.348394124199391,5.348394124199391,2
P039,Beauty,2024-12-18,50.0,31.46034413311605,18.53965586688395,18.53965586688395,2
P039,Beauty,2024-12-19,25.0,33.47213550110768,-8.47213550110768,8.47213550110768,2
P039,Beauty,2024-12-20,42.0,42.48446840619979,-0.48446840619978815,0.48446840619978815,2
P039,Beauty,2024-12-21,44.0,43.813916495096386,0.18608350490361403,0.18608350490361403,2
P039,Beauty,2024-12-22,53.0,46.896956031567434,6.103043968432566,6.103043968432566,2
P039,Beauty,2024-12-23,32.0,36.39360141690431,-4.3936014169043105,4.3936014169043105,2
P039,Beauty,2024-12-24,40.0,33.10752760992443,6.892472390075568,6.892472390075568,2
P039,Beauty,2024-12-25,49.0,84.3214118508159,-35.321411850815906,35.321411850815906,2
P039,Beauty,2024-12-26,23.0,51.79336602743366,-28.793366027433663,28.793366027433663,2
P039,Beauty,2024-12-27,36.0,35.77637110480662,0.2236288951933787,0.2236288951933787,2
P039,Beauty,2024-12-28,27.0,45.468963729209065,-18.468963729209065,18.468963729209065,2
P039,Beauty,2024-12-29,52.0,46.19714610288266,5.802853897117338,5.802853897117338,2
P039,Beauty,2024-12-30,0.0,35.48464273124365,-35.48464273124365,35.48464273124365,2
P039,Beauty,2024-12-31,29.0,32.43320900143624,-3.4332090014362393,3.4332090014362393,2
P039,Beauty,2025-01-01,63.0,79.88944409160965,-16.889444091609647,16.889444091609647,2
P039,Beauty,2025-01-02,38.0,33.826560612787446,4.173439387212554,4.173439387212554,3
P039,Beauty,2025-01-03,40.0,34.05055216623567,5.9494478337643315,5.9494478337643315,3
P039,Beauty,2025-01-04,22.0,42.65451697152019,-20.654516971520188,20.654516971520188,3
P039,Beauty,2025-01-05,40.0,44.26531708686706,-4.265317086867057,4.265317086867057,3
P039,Beauty,2025-01-06,46.0,34.3985875854777,11.6014124145223,11.6014124145223,3
P039,Beauty,2025-01-07,39.0,33.286903478207016,5.713096521792984,5.713096521792984,3
P039,Beauty,2025-01-08,50.0,37.34676861547106,12.653231384528937,12.653231384528937,3
P039,Beauty,2025-01-09,71.0,34.11619763931471,36.88380236068529,36.88380236068529,3
P039,Beauty,2025-01-10,47.0,37.57213723466269,9.42786276533731,9.42786276533731,3
P039,Beauty,2025-01-11,60.0,45.288547357661095,14.711452642338905,14.711452642338905,3
P039,Beauty,2025-01-12,61.0,49.84518707004645,11.15481292995355,11.15481292995355,3
P039,Beauty,2025-01-13,31.0,39.69505261898995,-8.695052618989948,8.695052618989948,3
P039,Beauty,2025-01-14,47.0,37.64040713575069,9.359592864249308,9.359592864249308,3
P039,Beauty,2025-01-15,51.0,54.51074887955847,-3.51074887955847,3.51074887955847,3
P039,Beauty,2025-01-16,45.0,39.96217881991689,5.037821180083107,5.037821180083107,3
P039,Beauty,2025-01-17,38.0,39.247562885934954,-1.2475628859349541,1.2475628859349541,3
P039,Beauty,2025-01-18,74.0,50.90965139656242,23.090348603437583,23.090348603437583,3
P039,Beauty,2025-01-19,50.0,53.43182713873682,-3.4318271387368213,3.4318271387368213,3
P039,Beauty,2025-01-20,33.0,40.15784231289176,-7.157842312891759,7.157842312891759,3
P039,Beauty,2025-01-21,31.0,40.3304860163276,-9.330486016327598,9.330486016327598,3
P039,Beauty,2025-01-22,44.0,41.11376233781902,2.8862376621809815,2.8862376621809815,3
P039,Beauty,2025-01-23,32.0,40.151264160745484,-8.151264160745484,8.151264160745484,3
P039,Beauty,2025-01-24,52.0,39.59081777854972,12.40918222145028,12.40918222145028,3
P039,Beauty,2025-01-25,57.0,55.12277450007388,1.8772254999261193,1.8772254999261193,3
P039,Beauty,2025-01-26,68.0,52.70038910914928,15.299610890850722,15.299610890850722,3
P039,Beauty,2025-01-27,45.0,39.268442273403416,5.731557726596584,5.731557726596584,3
P039,Beauty,2025-01-28,60.0,41.63274966254903,18.36725033745097,18.36725033745097,3
P039,Beauty,2025-01-29,45.0,44.10949469798058,0.8905053020194202,0.8905053020194202,3
P039,Beauty,2025-01-30,36.0,41.53219058714947,-5.532190587149472,5.532190587149472,3
P039,Beauty,2025-01-31,42.0,41.95679783602347,0.04320216397653098,0.04320216397653098,3
P039,Beauty,2025-02-01,76.0,57.54898416781999,18.451015832180012,18.451015832180012,3
P039,Beauty,2025-02-02,43.0,60.45121390730186,-17.451213907301863,17.451213907301863,3
P039,Beauty,2025-02-03,55.0,43.89326250372928,11.106737496270718,11.106737496270718,3
P039,Beauty,2025-02-04,53.0,45.784737037186986,7.215262962813014,7.215262962813014,3
P039,Beauty,2025-02-05,46.0,45.36834731496856,0.6316526850314403,0.6316526850314403,3
P039,Beauty,2025-02-06,40.0,45.73517239104782,-5.7351723910478185,5.7351723910478185,3
P039,Beauty,2025-02-07,50.0,45.71797036200949,4.282029637990512,4.282029637990512,3
P039,Beauty,2025-02-08,82.0,61.75941477456211,20.24058522543789,20.24058522543789,3
P039,Beauty,2025-02-09,52.0,59.43073761744515,-7.430737617445153,7.430737617445153,3
P039,Beauty,2025-02-10,56.0,45.841292310524906,10.158707689475094,10.158707689475094,3
P039,Beauty,2025-02-11,63.0,46.64667506803244,16.353324931967563,16.353324931967563,3
P039,Beauty,2025-02-12,55.0,46.297048965590555,8.702951034409445,8.702951034409445,3
P039,Beauty,2025-02-13,54.0,44.9799650876284,9.0200349123716,9.0200349123716,3
P039,Beauty,2025-02-14,62.0,46.637949383188605,15.362050616811395,15.362050616811395,3
P039,Beauty,2025-02-15,68.0,64.53417394864049,3.465826051359514,3.465826051359514,3
P039,Beauty,2025-02-16,56.0,59.14651494124457,-3.1465149412445683,3.1465149412445683,3
P039,Beauty,2025-02-17,71.0,50.67210707258876,20.32789292741124,20.32789292741124,3
P039,Beauty,2025-02-18,69.0,53.320842117368755,15.679157882631245,15.679157882631245,3
P039,Beauty,2025-02-19,51.0,52.99706154438018,-1.9970615443801805,1.9970615443801805,3
P039,Beauty,2025-02-20,53.0,51.18328449523735,1.816715504762648,1.816715504762648,3
P039,Beauty,2025-02-21,87.0,57.89215554401828,29.10784445598172,29.10784445598172,3
P039,Beauty,2025-02-22,46.0,71.01173173029724,-25.011731730297242,25.011731730297242,3
P039,Beauty,2025-02-23,68.0,67.69737189367022,0.3026281063297773,0.3026281063297773,3
P039,Beauty,2025-02-24,45.0,55.57852558538159,-10.578525585381591,10.578525585381591,3
P039,Beauty,2025-02-25,58.0,55.097131318485424,2.902868681514576,2.902868681514576,3
P039,Beauty,2025-02-26,47.0,52.64922227451849,-5.649222274518493,5.649222274518493,3
P039,Beauty,2025-02-27,75.0,52.7999556759761,22.2000443240239,22.2000443240239,3
P039,Beauty,2025-02-28,49.0,55.771552893452004,-6.771552893452004,6.771552893452004,3
P039,Beauty,2025-03-01,59.0,66.25903787219478,-7.2590378721947815,7.2590378721947815,3
P039,Beauty,2025-03-02,55.0,66.69864885440289,-11.69864885440289,11.69864885440289,3
P039,Beauty,2025-03-03,54.0,54.246170119619364,-0.2461701196193644,0.2461701196193644,4
P039,Beauty,2025-03-04,31.0,55.05950471992487,-24.059504719924867,24.059504719924867,4
P039,Beauty,2025-03-05,62.0,50.9423289350739,11.057671064926097,11.057671064926097,4
P039,Beauty,2025-03-06,76.0,55.15783222931255,20.842167770687453,20.842167770687453,4
P039,Beauty,2025-03-07,37.0,54.81522786043928,-17.81522786043928,17.81522786043928,4
P039,Beauty,2025-03-08,79.0,65.63741041056574,13.362589589434265,13.362589589434265,4
P039,Beauty,2025-03-09,69.0,66.32450845217063,2.675491547829367,2.675491547829367,4
P039,Beauty,2025-03-10,44.0,53.39743747522609,-9.397437475226091,9.397437475226091,4
P039,Beauty,2025-03-11,39.0,52.867679335823006,-13.867679335823006,13.867679335823006,4
P039,Beauty,2025-03-12,60.0,53.31012499784213,6.689875002157869,6.689875002157869,4
P039,Beauty,2025-03-13,49.0,56.01454527511576,-7.014545275115758,7.014545275115758,4
P039,Beauty,2025-03-14,38.0,50.817881995404,-12.817881995404,12.817881995404,4
P039,Beauty,2025-03-15,92.0,66.52070953545426,25.47929046454574,25.47929046454574,4
P039,Beauty,2025-03-16,75.0,65.4842557398229,9.515744260177101,9.515744260177101,4
P039,Beauty,2025-03-17,65.0,53.12085301277731,11.87914698722269,11.87914698722269,4
P039,Beauty,2025-03-18,80.0,53.34595771410797,26.654042285892032,26.654042285892032,4
P039,Beauty,2025-03-19,62.0,54.45881264781546,7.5411873521845365,7.5411873521845365,4
P039,Beauty,2025-03-20,56.0,53.9370097327088,2.062990267291198,2.062990267291198,4
P039,Beauty,2025-03-21,50.0,54.88648226929314,-4.88648226929314,4.88648226929314,4
P039,Beauty,2025-03-22,87.0,69.79152081803676,17.20847918196324,17.20847918196324,4
P039,Beauty,2025-03-23,93.0,70.52755948082397,22.472440519176033,22.472440519176033,4
P039,Beauty,2025-03-24,75.0,55.06928238415635,19.930717615843648,19.930717615843648,4
P039,Beauty,2025-03-25,29.0,57.25584118515535,-28.255841185155347,28.255841185155347,4
P039,Beauty,2025-03-26,64.0,55.59421328097639,8.40578671902361,8.40578671902361,4
P039,Beauty,2025-03-27,65.0,57.916861913836165,7.083138086163835,7.083138086163835,4
P039,Beauty,2025-03-28,89.0,53.87384253396031,35.12615746603969,35.12615746603969,4
P039,Beauty,2025-03-29,86.0,74.82217750413425,11.177822495865755,11.177822495865755,4
P039,Beauty,2025-03-30,56.0,75.53648642020167,-19.53648642020167,19.53648642020167,4
P039,Beauty,2025-03-31,54.0,59.02865855118357,-5.028658551183568,5.028658551183568,4
P039,Beauty,2025-04-01,60.0,56.328728212250645,3.6712717877493546,3.6712717877493546,4
P039,Beauty,2025-04-02,47.0,60.73543790478776,-13.735437904787759,13.735437904787759,4
P039,Beauty,2025-04-03,33.0,58.61070459874318,-25.610704598743183,25.610704598743183,4
P039,Beauty,2025-04-04,65.0,57.42594238112973,7.57405761887027,7.57405761887027,4
P039,Beauty,2025-04-05,33.0,75.34512640338559,-42.34512640338559,42.34512640338559,4
P039,Beauty,2025-04-06,62.0,69.34205317481843,-7.342053174818432,7.342053174818432,4
P039,Beauty,2025-04-07,96.0,75.50640160404055,20.493598395959452,20.493598395959452,4
P039,Beauty,2025-04-08,57.0,55.54952723927394,1.4504727607260577,1.4504727607260577,4
P039,Beauty,2025-04-09,53.0,66.82285294715088,-13.822852947150878,13.822852947150878,4
P039,Beauty,2025-04-10,62.0,54.68418548527581,7.315814514724188,7.315814514724188,4
P039,Beauty,2025-04-11,51.0,58.08944395228188,-7.089443952281883,7.089443952281883,4
P039,Beauty,2025-04-12,96.0,69.7091889258081,26.290811074191893,26.290811074191893,4
P039,Beauty,2025-04-13,0.0,70.93170589437,-70.93170589437,70.93170589437,4
P039,Beauty,2025-04-14,72.0,53.87147537861915,18.128524621380848,18.128524621380848,4
P039,Beauty,2025-04-15,48.0,54.56003186710225,-6.5600318671022535,6.5600318671022535,4
P039,Beauty,2025-04-16,44.0,52.5829924119851,-8.582992411985103,8.582992411985103,4
P039,Beauty,2025-04-17,41.0,51.518790278541054,-10.518790278541054,10.518790278541054,4
P039,Beauty,2025-04-18,62.0,48.76578517961997,13.234214820380032,13.234214820380032,4
P039,Beauty,2025-04-19,146.0,117.56310068843128,28.436899311568723,28.436899311568723,4
P039,Beauty,2025-04-20,99.0,69.35321569192404,29.646784308075965,29.646784308075965,4
P039,Beauty,2025-04-21,58.0,56.84690412430366,1.1530958756963372,1.1530958756963372,4
P039,Beauty,2025-04-22,79.0,50.58275134663186,28.41724865336814,28.41724865336814,4
P039,Beauty,2025-04-23,67.0,53.349609631317755,13.650390368682245,13.650390368682245,4
P039,Beauty,2025-04-24,44.0,53.65991083082368,-9.659910830823677,9.659910830823677,4
P039,Beauty,2025-04-25,46.0,55.22985669087077,-9.229856690870768,9.229856690870768,4
P039,Beauty,2025-04-26,104.0,73.75146282911919,30.24853717088081,30.24853717088081,4
P039,Beauty,2025-04-27,66.0,71.82642319653236,-5.82642319653236,5.82642319653236,4
P039,Beauty,2025-04-28,47.0,54.3995127038795,-7.399512703879502,7.399512703879502,4
P039,Beauty,2025-04-29,68.0,56.24924285923176,11.750757140768243,11.750757140768243,4
P039,Beauty,2025-04-30,68.0,53.00880304922936,14.991196950770643,14.991196950770643,4
P039,Beauty,2025-05-01,57.0,51.21135062361031,5.788649376389692,5.788649376389692,4
P040,Sports,2024-09-04,32.0,53.06153914606945,-21.06153914606945,21.06153914606945,1
P040,Sports,2024-09-05,53.0,53.135834779442185,-0.13583477944218458,0.13583477944218458,1
P040,Sports,2024-09-06,60.0,51.312845253311664,8.687154746688336,8.687154746688336,1
P040,Sports,2024-09-07,75.0,68.57651586965088,6.423484130349124,6.423484130349124,1
P040,Sports,2024-09-08,80.0,64.13641785591768,15.863582144082315,15.863582144082315,1
P040,Sports,2024-09-09,56.0,58.576143099663135,-2.5761430996631347,2.5761430996631347,1
P040,Sports,2024-09-10,47.0,54.6600621499197,-7.660062149919703,7.660062149919703,1
P040,Sports,2024-09-11,57.0,52.88269292964111,4.1173070703588905,4.1173070703588905,1
P040,Sports,2024-09-12,36.0,53.06347294347981,-17.06347294347981,17.06347294347981,1
P040,Sports,2024-09-13,44.0,51.36196946476206,-7.361969464762062,7.361969464762062,1
P040,Sports,2024-09-14,65.0,66.85641413189306,-1.856414131893061,1.856414131893061,1
P040,Sports,2024-09-15,49.0,67.77587445554784,-18.775874455547836,18.775874455547836,1
P040,Sports,2024-09-16,52.0,51.14860150268576,0.8513984973142428,0.8513984973142428,1
P040,Sports,2024-09-17,87.0,49.28822801095197,37.71177198904803,37.71177198904803,1
P040,Sports,2024-09-18,39.0,50.400148846449646,-11.400148846449646,11.400148846449646,1
P040,Sports,2024-09-19,63.0,50.81456500935408,12.185434990645923,12.185434990645923,1
P040,Sports,2024-09-20,45.0,51.33087640888755,-6.330876408887548,6.330876408887548,1
P040,Sports,2024-09-21,70.0,62.728775786214754,7.271224213785246,7.271224213785246,1
P040,Sports,2024-09-22,80.0,61.16614265262244,18.83385734737756,18.83385734737756,1
P040,Sports,2024-09-23,62.0,49.321538475982045,12.678461524017955,12.678461524017955,1
P040,Sports,2024-09-24,64.0,52.441657623526616,11.558342376473384,11.558342376473384,1
P040,Sports,2024-09-25,50.0,53.21087229819715,-3.2108722981971525,3.2108722981971525,1
P040,Sports,2024-09-26,57.0,50.3377023147341,6.662297685265898,6.662297685265898,1
P040,Sports,2024-09-27,85.0,84.47742658165257,0.5225734183474344,0.5225734183474344,1
P040,Sports,2024-09-28,53.0,68.8099486143604,-15.809948614360394,15.809948614360394,1
P040,Sports,2024-09-29,61.0,66.43943349800426,-5.439433498004263,5.439433498004263,1
P040,Sports,2024-09-30,53.0,53.37891131916331,-0.3789113191633078,0.3789113191633078,1
P040,Sports,2024-10-01,62.0,54.77904594024126,7.220954059758739,7.220954059758739,1
P040,Sports,2024-10-02,54.0,51.759644752387224,2.2403552476127757,2.2403552476127757,1
P040,Sports,2024-10-03,52.0,53.69140981769089,-1.6914098176908894,1.6914098176908894,1
P040,Sports,2024-10-04,46.0,54.999292332209436,-8.999292332209436,8.999292332209436,1
P040,Sports,2024-10-05,88.0,65.91137900090891,22.08862099909109,22.08862099909109,1
P040,Sports,2024-10-06,62.0,66.21236941570415,-4.212369415704146,4.212369415704146,1
P040,Sports,2024-10-07,39.0,54.02902142583688,-15.02902142583688,15.02902142583688,1
P040,Sports,2024-10-08,56.0,53.540330250423324,2.459669749576676,2.459669749576676,1
P040,Sports,2024-10-09,0.0,52.986727101824094,-52.986727101824094,52.986727101824094,1
P040,Sports,2024-10-10,64.0,50.42217433511928,13.57782566488072,13.57782566488072,1
P040,Sports,2024-10-11,74.0,51.00245107426699,22.997548925733007,22.997548925733007,1
P040,Sports,2024-10-12,46.0,65.76852876510769,-19.76852876510769,19.76852876510769,1
P040,Sports,2024-10-13,62.0,62.2359621621661,-0.23596216216610344,0.23596216216610344,1
P040,Sports,2024-10-14,58.0,49.96687379128028,8.033126208719722,8.033126208719722,1
P040,Sports,2024-10-15,27.0,51.61097259572274,-24.610972595722743,24.610972595722743,1
P040,Sports,2024-10-16,70.0,49.054006614355735,20.945993385644265,20.945993385644265,1
P040,Sports,2024-10-17,80.0,51.53325957375873,28.466740426241273,28.466740426241273,1
P040,Sports,2024-10-18,40.0,51.88128056065332,-11.881280560653323,11.881280560653323,1
P040,Sports,2024-10-19,78.0,62.783990951884746,15.216009048115254,15.216009048115254,1
P040,Sports,2024-10-20,56.0,62.65755587425794,-6.6575558742579375,6.6575558742579375,1
P040,Sports,2024-10-21,49.0,51.59003388453575,-2.5900338845357496,2.5900338845357496,1
P040,Sports,2024-10-22,49.0,50.01591413804681,-1.01591413804681,1.01591413804681,1
P040,Sports,2024-10-23,51.0,51.15373979254871,-0.15373979254871273,0.15373979254871273,1
P040,Sports,2024-10-24,49.0,55.988256777603404,-6.988256777603404,6.988256777603404,1
P040,Sports,2024-10-25,49.0,51.46113211354072,-2.461132113540721,2.461132113540721,1
P040,Sports,2024-10-26,75.0,63.879652871895516,11.120347128104484,11.120347128104484,1
P040,Sports,2024-10-27,50.0,64.4582899285372,-14.458289928537198,14.458289928537198,1
P040,Sports,2024-10-28,54.0,50.742683224800935,3.2573167751990653,3.2573167751990653,1
P040,Sports,2024-10-29,67.0,50.709141896579226,16.290858103420774,16.290858103420774,1
P040,Sports,2024-10-30,46.0,53.32364220724683,-7.323642207246827,7.323642207246827,1
P040,Sports,2024-10-31,39.0,51.67653849030046,-12.676538490300459,12.676538490300459,1
P040,Sports,2024-11-01,60.0,48.18547071379864,11.814529286201363,11.814529286201363,1
P040,Sports,2024-11-02,62.0,66.8034112198773,-4.8034112198773045,4.8034112198773045,1
P040,Sports,2024-11-03,44.0,62.15410346060346,-18.15410346060346,18.15410346060346,2
P040,Sports,2024-11-04,45.0,49.18140577853726,-4.181405778537261,4.181405778537261,2
P040,Sports,2024-11-05,84.0,52.04899620053809,31.95100379946191,31.95100379946191,2
P040,Sports,2024-11-06,63.0,52.16049735736129,10.839502642638713,10.839502642638713,2
P040,Sports,2024-11-07,73.0,53.95851073233754,19.041489267662463,19.041489267662463,2
P040,Sports,2024-11-08,57.0,56.696403593186155,0.3035964068138455,0.3035964068138455,2
P040,Sports,2024-11-09,67.0,67.53924486551819,-0.5392448655181852,0.5392448655181852,2
P040,Sports,2024-11-10,61.0,65.83887092441515,-4.838870924415147,4.838870924415147,2
P040,Sports,2024-11-11,49.0,55.65755814975721,-6.657558149757207,6.657558149757207,2
P040,Sports,2024-11-12,46.0,58.27991013831942,-12.279910138319423,12.279910138319423,2
P040,Sports,2024-11-13,49.0,55.22644035931744,-6.2264403593174436,6.2264403593174436,2
P040,Sports,2024-11-14,76.0,57.29083223065245,18.70916776934755,18.70916776934755,2
P040,Sports,2024-11-15,60.0,56.41062320307409,3.5893767969259116,3.5893767969259116,2
P040,Sports,2024-11-16,39.0,69.2176547572972,-30.217654757297197,30.217654757297197,2
P040,Sports,2024-11-17,80.0,65.95486809256745,14.045131907432548,14.045131907432548,2
P040,Sports,2024-11-18,53.0,54.45206294275566,-1.45206294275566,1.45206294275566,2
P040,Sports,2024-11-19,42.0,54.835569257102705,-12.835569257102705,12.835569257102705,2
P040,Sports,2024-11-20,43.0,54.13766667595521,-11.13766667595521,11.13766667595521,2
P040,Sports,2024-11-21,55.0,56.16398137043942,-1.1639813704394228,1.1639813704394228,2
P040,Sports,2024-11-22,47.0,53.83712425929926,-6.837124259299259,6.837124259299259,2
P040,Sports,2024-11-23,27.0,63.657345847032865,-36.657345847032865,36.657345847032865,2
P040,Sports,2024-11-24,46.0,65.45358710374435,-19.453587103744354,19.453587103744354,2
P040,Sports,2024-11-25,73.0,50.60178357983435,22.398216420165653,22.398216420165653,2
P040,Sports,2024-11-26,53.0,51.629594656925384,1.3704053430746157,1.3704053430746157,2
P040,Sports,2024-11-27,52.0,49.78858136548905,2.2114186345109488,2.2114186345109488,2
P040,Sports,2024-11-28,34.0,51.32402947716123,-17.324029477161233,17.324029477161233,2
P040,Sports,2024-11-29,72.0,110.32699482050862,-38.32699482050862,38.32699482050862,2
P040,Sports,2024-11-30,82.0,62.30911584129801,19.69088415870199,19.69088415870199,2
P040,Sports,2024-12-01,85.0,63.631589881448605,21.368410118551395,21.368410118551395,2
P040,Sports,2024-12-02,70.0,56.31792093797683,13.68207906202317,13.68207906202317,2
P040,Sports,2024-12-03,69.0,53.97811979881651,15.021880201183492,15.021880201183492,2
P040,Sports,2024-12-04,55.0,55.27382187518183,-0.2738218751818309,0.2738218751818309,2
P040,Sports,2024-12-05,63.0,55.71605632635592,7.283943673644082,7.283943673644082,2
P040,Sports,2024-12-06,44.0,57.95918669737471,-13.959186697374712,13.959186697374712,2
P040,Sports,2024-12-07,48.0,68.98904593894095,-20.989045938940947,20.989045938940947,2
P040,Sports,2024-12-08,62.0,68.27175012103653,-6.271750121036533,6.271750121036533,2
P040,Sports,2024-12-09,69.0,56.6469753773285,12.353024622671498,12.353024622671498,2
P040,Sports,2024-12-10,52.0,57.22785894372451,-5.227858943724513,5.227858943724513,2
P040,Sports,2024-12-11,36.0,54.35057998737391,-18.350579987373912,18.350579987373912,2
P040,Sports,2024-12-12,84.0,55.715374429425665,28.284625570574335,28.284625570574335,2
P040,Sports,2024-12-13,63.0,56.692995209486895,6.307004790513105,6.307004790513105,2
P040,Sports,2024-12-14,48.0,68.02441239508383,-20.02441239508383,20.02441239508383,2
P040,Sports,2024-12-15,65.0,68.63394987819156,-3.633949878191558,3.633949878191558,2
P040,Sports,2024-12-16,56.0,57.4044244391932,-1.4044244391931997,1.4044244391931997,2
P040,Sports,2024-12-17,43.0,54.598626680451304,-11.598626680451304,11.598626680451304,2
P040,Sports,2024-12-18,65.0,53.095572329072304,11.904427670927696,11.904427670927696,2
P040,Sports,2024-12-19,75.0,58.03832096911403,16.961679030885968,16.961679030885968,2
P040,Sports,2024-12-20,72.0,55.47454692496801,16.52545307503199,16.52545307503199,2
P040,Sports,2024-12-21,66.0,64.86689482208705,1.1331051779129524,1.1331051779129524,2
P040,Sports,2024-12-22,120.0,68.22824976489206,51.771750235107945,51.771750235107945,2
P040,Sports,2024-12-23,28.0,60.491200476499365,-32.491200476499365,32.491200476499365,2
P040,Sports,2024-12-24,63.0,53.95437842803005,9.045621571969953,9.045621571969953,2
P040,Sports,2024-12-25,108.0,118.88759562094714,-10.887595620947138,10.887595620947138,2
P040,Sports,2024-12-26,70.0,61.394970964232336,8.605029035767664,8.605029035767664,2
P040,Sports,2024-12-27,37.0,65.40431787862138,-28.404317878621384,28.404317878621384,2
P040,Sports,2024-12-28,0.0,73.66862115236707,-73.66862115236707,73.66862115236707,2
P040,Sports,2024-12-29,60.0,72.46841938862839,-12.46841938862839,12.46841938862839,2
P040,Sports,2024-12-30,64.0,53.79283112933344,10.207168870666557,10.207168870666557,2
P040,Sports,2024-12-31,53.0,54.792134300735455,-1.792134300735455,1.792134300735455,2
P040,Sports,2025-01-01,87.0,113.56594717631323,-26.56594717631323,26.56594717631323,2
P040,Sports,2025-01-02,72.0,56.58150724688529,15.418492753114712,15.418492753114712,3
P040,Sports,2025-01-03,44.0,54.700789123267164,-10.700789123267164,10.700789123267164,3
P040,Sports,2025-01-04,67.0,67.933878699999,-0.9338786999989992,0.9338786999989992,3
P040,Sports,2025-01-05,85.0,71.79569330868783,13.20430669131217,13.20430669131217,3
P040,Sports,2025-01-06,78.0,72.36851729866935,5.631482701330654,5.631482701330654,3
P040,Sports,2025-01-07,33.0,58.5482063446294,-25.5482063446294,25.5482063446294,3
P040,Sports,2025-01-08,78.0,59.18679429229581,18.813205707704192,18.813205707704192,3
P040,Sports,2025-01-09,72.0,59.83799665796029,12.16200334203971,12.16200334203971,3
P040,Sports,2025-01-10,55.0,58.79806799234328,-3.7980679923432774,3.7980679923432774,3
P040,Sports,2025-01-11,55.0,69.04314177315885,-14.043141773158851,14.043141773158851,3
P040,Sports,2025-01-12,77.0,72.19942792371945,4.800572076280545,4.800572076280545,3
P040,Sports,2025-01-13,53.0,59.56375573514451,-6.563755735144511,6.563755735144511,3
P040,Sports,2025-01-14,79.0,55.17164596070711,23.82835403929289,23.82835403929289,3
P040,Sports,2025-01-15,63.0,62.31707170058988,0.682928299410122,0.682928299410122,3
P040,Sports,2025-01-16,72.0,61.326448138434536,10.673551861565464,10.673551861565464,3
P040,Sports,2025-01-17,55.0,60.89691471342431,-5.896914713424309,5.896914713424309,3
P040,Sports,2025-01-18,70.0,70.30006618845464,-0.30006618845463606,0.30006618845463606,3
P040,Sports,2025-01-19,84.0,72.90258229249767,11.09741770750233,11.09741770750233,3
P040,Sports,2025-01-20,55.0,57.54554900228891,-2.545549002288908,2.545549002288908,3
P040,Sports,2025-01-21,27.0,59.96697398259862,-32.96697398259862,32.96697398259862,3
P040,Sports,2025-01-22,59.0,57.498268356201976,1.5017316437980242,1.5017316437980242,3
P040,Sports,2025-01-23,52.0,57.24584090723761,-5.245840907237607,5.245840907237607,3
P040,Sports,2025-01-24,60.0,54.2415799432802,5.7584200567198,5.7584200567198,3
P040,Sports,2025-01-25,64.0,97.79748141380223,-33.79748141380223,33.79748141380223,3
P040,Sports,2025-01-26,64.0,71.16633813108014,-7.166338131080138,7.166338131080138,3
P040,Sports,2025-01-27,81.0,56.9283352549044,24.071664745095603,24.071664745095603,3
P040,Sports,2025-01-28,66.0,57.84328461997885,8.156715380021147,8.156715380021147,3
P040,Sports,2025-01-29,47.0,61.26457532961723,-14.26457532961723,14.26457532961723,3
P040,Sports,2025-01-30,71.0,57.61777728780783,13.382222712192167,13.382222712192167,3
P040,Sports,2025-01-31,47.0,58.73585753338089,-11.735857533380887,11.735857533380887,3
P040,Sports,2025-02-01,39.0,71.0996642849803,-32.09966428498031,32.09966428498031,3
P040,Sports,2025-02-02,51.0,71.1594173087781,-20.159417308778103,20.159417308778103,3
P040,Sports,2025-02-03,74.0,54.67586103788849,19.324138962111512,19.324138962111512,3
P040,Sports,2025-02-04,62.0,54.853504615590246,7.146495384409754,7.146495384409754,3
P040,Sports,2025-02-05,65.0,55.75062005907448,9.249379940925522,9.249379940925522,3
P040,Sports,2025-02-06,79.0,56.94112292845324,22.05887707154676,22.05887707154676,3
P040,Sports,2025-02-07,66.0,55.41354382223759,10.586456177762408,10.586456177762408,3
P040,Sports,2025-02-08,196.0,69.89152627786973,126.10847372213027,126.10847372213027,3
P040,Sports,2025-02-09,74.0,71.0715891445828,2.928410855417198,2.928410855417198,3
P040,Sports,2025-02-10,56.0,61.91609920291396,-5.916099202913962,5.916099202913962,3
P040,Sports,2025-02-11,69.0,59.225789149190355,9.774210850809645,9.774210850809645,3
P040,Sports,2025-02-12,66.0,60.20771784140102,5.792282158598979,5.792282158598979,3
P040,Sports,2025-02-13,151.0,94.8579870817981,56.1420129182019,56.1420129182019,3
P040,Sports,2025-02-14,83.0,64.18198193714566,18.818018062854335,18.818018062854335,3
P040,Sports,2025-02-15,49.0,79.26062815020563,-30.260628150205633,30.260628150205633,3
P040,Sports,2025-02-16,59.0,79.86722481121255,-20.86722481121255,20.86722481121255,3
P040,Sports,2025-02-17,93.0,64.78484228288951,28.215157717110486,28.215157717110486,3
P040,Sports,2025-02-18,69.0,65.34480285298439,3.6551971470156133,3.6551971470156133,3
P040,Sports,2025-02-19,86.0,65.86847722377038,20.131522776229616,20.131522776229616,3
P040,Sports,2025-02-20,67.0,68.62928573643704,-1.6292857364370406,1.6292857364370406,3
P040,Sports,2025-02-21,64.0,67.21136423704978,-3.2113642370497786,3.2113642370497786,3
P040,Sports,2025-02-22,55.0,79.62984235731963,-24.62984235731963,24.62984235731963,3
P040,Sports,2025-02-23,62.0,77.6746917046208,-15.674691704620798,15.674691704620798,3
P040,Sports,2025-02-24,55.0,65.61874512661262,-10.618745126612623,10.618745126612623,3
P040,Sports,2025-02-25,118.0,70.27215555630771,47.72784444369229,47.72784444369229,3
P040,Sports,2025-02-26,52.0,67.90589425508132,-15.905894255081321,15.905894255081321,3
P040,Sports,2025-02-27,76.0,66.75453932321108,9.245460676788923,9.245460676788923,3
P040,Sports,2025-02-28,59.0,66.55493114348522,-7.55493114348522,7.55493114348522,3
P040,Sports,2025-03-01,77.0,75.44990398436515,1.5500960156348498,1.5500960156348498,3
P040,Sports,2025-03-02,111.0,117.7486449729922,-6.748644972992196,6.748644972992196,3
P040,Sports,2025-03-03,23.0,69.74531661196015,-46.74531661196015,46.74531661196015,4
P040,Sports,2025-03-04,53.0,68.01816906814095,-15.01816906814095,15.01816906814095,4
P040,Sports,2025-03-05,70.0,65.92266691617947,4.077333083820534,4.077333083820534,4
P040,Sports,2025-03-06,59.0,98.68424423199733,-39.684244231997326,39.684244231997326,4
P040,Sports,2025-03-07,56.0,67.55049350705283,-11.550493507052835,11.550493507052835,4
P040,Sports,2025-03-08,86.0,85.00461684786023,0.995383152139766,0.995383152139766,4
P040,Sports,2025-03-09,99.0,79.38263905724543,19.617360942754573,19.617360942754573,4
P040,Sports,2025-03-10,83.0,105.52619580242498,-22.52619580242498,22.52619580242498,4
P040,Sports,2025-03-11,56.0,65.2429798085425,-9.2429798085425,9.2429798085425,4
P040,Sports,2025-03-12,72.0,64.79578370506957,7.204216294930433,7.204216294930433,4
P040,Sports,2025-03-13,75.0,65.97704276200625,9.02295723799375,9.02295723799375,4
P040,Sports,2025-03-14,64.0,65.19329936902663,-1.193299369026633,1.193299369026633,4
P040,Sports,2025-03-15,105.0,87.78984624235106,17.21015375764894,17.21015375764894,4
P040,Sports,2025-03-16,79.0,81.17345994944455,-2.173459949444549,2.173459949444549,4
P040,Sports,2025-03-17,51.0,65.52512317537925,-14.52512317537925,14.52512317537925,4
P040,Sports,2025-03-18,57.0,64.61764921172137,-7.617649211721371,7.617649211721371,4
P040,Sports,2025-03-19,67.0,66.09746376625323,0.9025362337467726,0.9025362337467726,4
P040,Sports,2025-03-20,80.0,65.4194259063067,14.5805740936933,14.5805740936933,4
P040,Sports,2025-03-21,61.0,64.37741123815286,-3.3774112381528596,3.3774112381528596,4
P040,Sports,2025-03-22,88.0,79.53726135525018,8.46273864474982,8.46273864474982,4
P040,Sports,2025-03-23,98.0,79.63433461582322,18.36566538417678,18.36566538417678,4
P040,Sports,2025-03-24,53.0,64.80082631092253,-11.800826310922531,11.800826310922531,4
P040,Sports,2025-03-25,142.0,66.14385584105773,75.85614415894227,75.85614415894227,4
P040,Sports,2025-03-26,54.0,67.77763811706137,-13.777638117061372,13.777638117061372,4
P040,Sports,2025-03-27,27.0,69.78436334160263,-42.78436334160263,42.78436334160263,4
P040,Sports,2025-03-28,78.0,63.1965922340953,14.803407765904701,14.803407765904701,4
P040,Sports,2025-03-29,109.0,80.98932188715128,28.010678112848723,28.010678112848723,4
P040,Sports,2025-03-30,44.0,81.658784310962,-37.658784310962005,37.658784310962005,4
P040,Sports,2025-03-31,64.0,59.04325000517559,4.956749994824413,4.956749994824413,4
P040,Sports,2025-04-01,95.0,103.24459922795252,-8.24459922795252,8.24459922795252,4
P040,Sports,2025-04-02,39.0,67.0150488928609,-28.015048892860904,28.015048892860904,4
P040,Sports,2025-04-03,112.0,63.12300815365713,48.87699184634287,48.87699184634287,4
P040,Sports,2025-04-04,43.0,68.12715875024642,-25.127158750246423,25.127158750246423,4
P040,Sports,2025-04-05,86.0,82.72803678701636,3.2719632129836356,3.2719632129836356,4
P040,Sports,2025-04-06,74.0,78.67915194124029,-4.679151941240292,4.679151941240292,4
P040,Sports,2025-04-07,57.0,65.49002300313018,-8.490023003130176,8.490023003130176,4
P040,Sports,2025-04-08,48.0,64.42319202429454,-16.423192024294536,16.423192024294536,4
P040,Sports,2025-04-09,80.0,62.68278659651755,17.317213403482448,17.317213403482448,4
P040,Sports,2025-04-10,64.0,64.76180331285737,-0.7618033128573671,0.7618033128573671,4
P040,Sports,2025-04-11,72.0,63.251542486277216,8.748457513722784,8.748457513722784,4
P040,Sports,2025-04-12,76.0,80.88545071225394,-4.885450712253942,4.885450712253942,4
P040,Sports,2025-04-13,89.0,77.8278700789126,11.172129921087404,11.172129921087404,4
P040,Sports,2025-04-14,33.0,61.64926810399021,-28.64926810399021,28.64926810399021,4
P040,Sports,2025-04-15,33.0,60.59773699477782,-27.59773699477782,27.59773699477782,4
P040,Sports,2025-04-16,77.0,61.033006151285534,15.966993848714466,15.966993848714466,4
P040,Sports,2025-04-17,38.0,63.11561446954222,-25.115614469542223,25.115614469542223,4
P040,Sports,2025-04-18,83.0,60.37806907788717,22.62193092211283,22.62193092211283,4
P040,Sports,2025-04-19,64.0,75.95498432611116,-11.954984326111159,11.954984326111159,4
P040,Sports,2025-04-20,55.0,77.28784639119134,-22.287846391191337,22.287846391191337,4
P040,Sports,2025-04-21,83.0,55.20467954492772,27.79532045507228,27.79532045507228,4
P040,Sports,2025-04-22,82.0,59.36104532166495,22.638954678335047,22.638954678335047,4
P040,Sports,2025-04-23,72.0,61.86036599383335,10.139634006166652,10.139634006166652,4
P040,Sports,2025-04-24,56.0,58.82197494412351,-2.821974944123511,2.821974944123511,4
P040,Sports,2025-04-25,66.0,63.28172084281819,2.7182791571818115,2.7182791571818115,4
P040,Sports,2025-04-26,67.0,74.76850827005701,-7.768508270057012,7.768508270057012,4
P040,Sports,2025-04-27,46.0,70.99709967779357,-24.99709967779357,24.99709967779357,4
P040,Sports,2025-04-28,66.0,60.191908265509774,5.808091734490226,5.808091734490226,4
P040,Sports,2025-04-29,73.0,61.376651418489516,11.623348581510484,11.623348581510484,4
P040,Sports,2025-04-30,63.0,60.18527960589473,2.8147203941052723,2.8147203941052723,4
P040,Sports,2025-05-01,91.0,59.8638047940788,31.136195205921197,31.136195205921197,4
